t,x,y,z,vx,vy,vz,ax,ay,az,jx,jy,jz,tx,ty,tz,nx,ny,nz,bx,by,bz,kappa,ftx,fty,ftz,fnx,fny,fnz,fx,fy,fz
0.0,0.0011756802305295572,0.0,0.0,0.09873888887329876,-3.0685754516512237e-168,0.0,4.0961885862621575e-14,-9.690778350744471e-165,0.0,-2.6735477629111996e-12,-6.171231892553209e-162,0.0,1.0,-3.1077678578992355e-167,0.0,0.0,0.0,0.0,-0.0,0.0,0.0,0.0,4.0961885862621575e-14,-1.2730003228279243e-180,0.0,0.0,0.0,0.0,4.0961885862621575e-14,-9.690778350744471e-165,9.81
0.002032785480779562,0.0013763952102195055,-6.237755624793194e-171,0.0,0.09873888887329885,-2.2767848980497498e-167,0.0,3.552713678800501e-14,-2.2235568940450413e-164,0.0,-4.655022885035047e-12,3.583218806860046e-161,0.0,1.0,-2.305864410699726e-166,0.0,1.0,-7.923367784820658e-150,0.0,0.0,0.0,-7.923367784820658e-150,0.0,3.552713678800501e-14,-8.192076033352172e-180,0.0,3.552713678800501e-14,-2.8149457111299577e-163,0.0,3.552713678800501e-14,-2.2235568940450413e-164,9.81
0.006412079922392201,0.0018088018774333513,-2.917967474176542e-169,0.0,0.09873888887329886,-2.384971941587837e-166,0.0,-3.552713678800501e-15,5.3096343962201294e-163,0.0,-5.300969450500815e-12,1.4305991073461116e-159,0.0,1.0,-2.415433238921919e-165,0.0,0.0,0.987662190908847,0.0,-0.0,0.0,0.987662190908847,0.0,-3.552713678800501e-15,8.5813427081473e-180,-0.0,0.0,5.1794241258597256e-163,0.0,-3.552713678800501e-15,5.3096343962201294e-163,9.81
0.012465217143426044,0.002406481920835841,-3.18533222985035e-168,0.0,0.09873888887329879,7.830093075550489e-165,0.0,-5.329070518200751e-15,2.0103143397208503e-161,0.0,3.652619435940155e-13,1.833234810149834e-158,0.0,1.0,7.930100454743847e-164,0.0,-1.0,1.432700905415605e-146,0.0,0.0,-0.0,1.432700905415605e-146,2.309019609960822e-159,-5.329070518200751e-15,-4.226006453974581e-178,-0.0,-5.329070518200751e-15,7.634964156449825e-161,0.0,-5.329070518200751e-15,2.0103143397208503e-161,9.81
0.019520331353573003,0.003103096058819973,1.2037407600633607e-166,0.0,0.09873888887329882,3.040063192332462e-163,0.0,2.6645352591003757e-15,2.7359787394335385e-160,0.0,2.413607787104819e-13,-1.0135795015119976e-157,0.0,1.0,3.0788914347957206e-162,0.0,0.0,0.9999998612370186,0.0,0.0,0.0,0.9999998612370186,2.809043593038697e-158,2.6645352591003757e-15,8.203814786955343e-177,0.0,0.0,2.735977980128457e-160,0.0,2.6645352591003757e-15,2.7359787394335385e-160,9.81
0.027038504833933226,0.0038454321546274434,4.701219861607965e-165,0.0,0.09873888887329882,4.2165953755552524e-162,0.0,-2.6645352591003757e-15,-1.5883334967517799e-159,0.0,-1.3028701638414464e-13,-1.0201615511661877e-155,0.0,1.0,4.2704505019961924e-161,0.0,0.0,-1.0000000000927238,0.0,0.0,0.0,-1.0000000000927238,1.629127472655717e-157,-2.6645352591003757e-15,-1.1378765934811754e-175,-0.0,0.0,-1.5883334970463327e-159,0.0,-2.6645352591003757e-15,-1.5883334967517799e-159,9.81
0.03473228486794572,0.004605107446421407,6.554475148436304e-164,0.0,0.09873888887329876,-2.4606919556816346e-161,0.0,8.881784197001252e-16,-1.5844969225507648e-157,0.0,8.02536235709409e-13,-2.0082708762718837e-154,0.0,1.0,-2.4921203628685573e-160,0.0,0.0,-0.9999999999999698,0.0,0.0,0.0,-0.9999999999999698,1.6252303651125197e-155,8.881784197001252e-16,-2.2134475255950978e-175,0.0,0.0,-1.584496922550669e-157,0.0,8.881784197001252e-16,-1.5844969225507648e-157,9.81
0.04248352616015207,0.005370456399002696,-3.7910384444235464e-163,0.0,0.09873888887329885,-2.460887570340663e-159,0.0,9.769962616701378e-15,-3.124180925899145e-156,0.0,4.592316317907315e-13,-8.880312547465597e-154,0.0,1.0,-2.4923184759537443e-158,0.0,0.0,-0.9999999999999993,0.0,0.0,0.0,-0.9999999999999993,3.2044957883233224e-154,9.769962616701378e-15,-2.4349858338982234e-172,0.0,0.0,-3.1241809258991407e-156,0.0,9.769962616701378e-15,-3.124180925899145e-156,9.81
0.050249846994763175,0.006137294288845747,-3.8193989565145556e-161,0.0,0.0987388888732989,-4.85891041460732e-158,0.0,7.993605777301127e-15,-1.395378761583014e-155,0.0,-1.0287743666586053e-12,6.76169265028101e-152,0.0,1.0,-4.920969306067685e-157,0.0,1.0,-9.944516514742108e-141,0.0,0.0,0.0,-9.944516514742108e-141,1.4312504527502605e-153,7.993605777301127e-15,-3.933628867490416e-171,0.0,7.993605777301127e-15,-7.949254466470899e-155,0.0,7.993605777301127e-15,-1.395378761583014e-155,9.81
0.05801906910882609,0.006904418647798181,-7.554909535080204e-160,0.0,0.09873888887329896,-2.1928706631981905e-157,0.0,-6.217248937900877e-15,1.0477420020859017e-153,0.0,-1.4289878918833706e-12,1.9522163486592222e-150,0.0,1.0,-2.2208784079108553e-156,0.0,1.0,7.46699600838977e-139,0.0,-0.0,0.0,7.46699600838977e-139,1.0746768233373864e-151,-6.217248937900877e-15,1.3807753922790755e-170,-0.0,-6.217248937900877e-15,-4.6424173002471384e-153,-0.0,-6.217248937900877e-15,1.0477420020859017e-153,9.81
0.06578862815781987,0.007671576275331312,-3.445733282456401e-159,0.0,0.09873888887329879,1.6232765444626517e-155,0.0,-1.4210854715202004e-14,3.032233231637527e-152,0.0,1.5432547188768026e-12,2.1222208336239117e-149,-1.309635e-318,1.0,1.6440093290351195e-154,0.0,0.0,1.0,0.0,0.0,0.0,1.0,3.110184349302354e-150,-1.4210854715202004e-14,-2.336277772535481e-168,-0.0,0.0,3.032233231637527e-152,0.0,-1.4210854715202004e-14,3.032233231637527e-152,9.81
0.07355818720681367,0.008438733902864443,2.5148736834747613e-157,0.0,0.09873888887329874,4.7096301580426226e-154,0.0,1.7763568394002505e-14,3.30822143639003e-151,-2.035e-320,1.4289395545155625e-12,-3.113211356393825e-148,2.369424e-317,1.0,4.769782414795043e-153,0.0,0.0,1.0,-6.149287393765079e-170,-2.9e-322,6.149287393765079e-170,1.0,3.3932675191776937e-149,1.7763568394002505e-14,8.472835614972217e-167,0.0,0.0,3.30822143639003e-151,-2.0346e-320,1.7763568394002505e-14,3.30822143639003e-151,9.81
0.08132774625580748,0.009205891530397576,7.31490418908438e-156,0.0,0.09873888887329907,5.156917124880514e-153,-3.16e-322,7.993605777301127e-15,-4.807333560783609e-150,3.6819e-319,-2.1148305406830464e-12,-1.656217677693737e-146,1.293027596e-315,1.0,5.222782212485526e-152,-3.2e-321,0.0,-1.0,7.658893015523033e-170,8e-322,-7.658893015523033e-170,-1.0,4.930918059542057e-148,7.993605777301127e-15,4.1748862067309864e-166,-0.0,0.0,-4.807333560783609e-150,3.6819e-319,7.993605777301127e-15,-4.807333560783609e-150,9.81
0.08909730530480123,0.009973049157930704,8.038543159339973e-155,-5e-324,0.09873888887329885,-7.423076092163066e-152,5.72e-321,-1.509903313490213e-14,-2.5703079875293587e-148,2.007216e-317,-5.14418239625618e-13,-2.7456969097331405e-145,2.14499868e-314,1.0,-7.51788497608912e-151,5.7944e-320,0.0,-1.0,7.80924156477817e-170,-7.66e-322,-7.80924156477817e-170,-1.0,2.636384164744307e-146,-1.509903313490213e-14,1.1351279435835252e-164,-0.0,0.0,-2.5703079875293587e-148,2.007216e-317,-1.509903313490213e-14,-2.5703079875293587e-148,9.81
0.09686686435379502,0.010740206785463835,-1.1461656562756197e-153,9e-323,0.09873888887329885,-3.988875019517079e-150,3.11587e-319,0.0,-4.271378187723074e-147,3.33682066e-316,5.144182396256035e-13,-7.528663638230418e-146,5.88068302e-315,1.0,-4.039821659969842e-149,3.15567e-318,0.0,-1.0,7.812047218230993e-170,-2.57e-322,-7.812047218230993e-170,-1.0,4.381184616934442e-145,1.7255606120686403e-295,-0.0,0.0,0.0,-4.271378187723074e-147,3.3368208e-316,0.0,-4.271378187723074e-147,9.81
0.10463642340278881,0.011507364412996966,-6.1903214574795e-152,4.837e-321,0.09873888887329885,-6.644768086111864e-149,5.190846e-318,-7.105427357601002e-15,-1.426918732697809e-147,1.11452786e-316,-5.144182396256035e-13,1.2059182185349068e-142,-9.42070723969e-312,1.0,-6.729636278000243e-148,5.257145e-317,0.0,-1.0,7.810730713568573e-170,8.073e-321,-7.810730713568573e-170,-1.0,1.4636012374834366e-145,-7.105427357601002e-15,4.781694171640711e-162,-0.0,0.0,-1.426918732697809e-147,1.1145278e-316,-7.105427357601002e-15,-1.426918732697809e-147,9.81
0.1124059824517826,0.012274522040530098,-1.0336845258945871e-150,8.075e-320,0.09873888887329874,-2.6161933723139102e-149,2.043465e-318,-7.993605777301127e-15,1.869619183245148e-144,-1.460558003e-313,9.71678897070576e-13,2.864884847334495e-141,-2.2380657003486e-310,1.0,-2.649607872001676e-148,2.069565e-317,0.0,1.0,-7.812061494869697e-170,3.25e-321,7.812061494869697e-170,1.0,1.9176824072151796e-142,-7.993605777301127e-15,2.1179920793215144e-162,-0.0,0.0,1.869619183245148e-144,-1.46055800313e-313,-7.993605777301127e-15,1.869619183245148e-144,9.81
0.12017554150077643,0.013041679668063232,-4.684365923703703e-151,3.659e-320,0.09873888887329874,2.8985785605848554e-146,-2.264387483e-315,7.993605777301127e-15,4.451635706113348e-143,-3.47764527009e-312,2.4006184515861477e-12,2.297357083786134e-140,-1.79470954100391e-309,1.0,2.9355997354844628e-145,-2.293308654e-314,0.0,1.0,-7.812061677288145e-170,3.46e-322,7.812061677288145e-170,1.0,4.5660761044005224e-141,7.993605777301127e-15,2.346602700541226e-159,-0.0,0.0,4.451635706113348e-143,-3.477645270096e-312,7.993605777301127e-15,4.451635706113348e-143,9.81
0.1279451005497702,0.01380883729559636,4.4937986116633214e-148,-3.5105834e-317,0.09873888887329885,6.9171876773141e-145,-5.403749709e-314,2.930988785010413e-14,3.5885864956525464e-142,-2.8034259309543e-311,4.947735597546186e-27,-6.878932129577812e-139,5.373864261485475e-308,1.0,7.005535261988003e-144,-5.4727673874e-313,0.0,1.0,-7.81206175286512e-170,-2.045e-321,7.81206175286512e-170,1.0,3.6808400615241713e-140,2.930988785010413e-14,2.0533145285881824e-157,-0.0,0.0,3.5885864956525464e-142,-2.8034259309533e-311,2.930988785010413e-14,3.5885864956525464e-142,9.81
0.135714659598764,0.014575994923129491,1.0748231185780458e-146,-8.3965846e-316,0.09873888887329918,5.605332721684683e-144,-4.37892053684e-313,7.993605777301127e-15,-1.0644737517893958e-140,8.31573468747686e-310,-4.7440793209916925e-12,-2.5908145248306756e-137,2.0239603068808797e-306,1.0,5.676925055210408e-143,-4.434848909894e-312,1.0,-7.58623901668821e-126,5.926416770025449e-295,0.0,-5.926416770025449e-295,-7.58623901668821e-126,1.0918387043962961e-138,7.993605777301127e-15,4.537910091863544e-157,-0.0,7.993605777301127e-15,-6.06414040317861e-140,4.73734393315697e-309,7.993605777301127e-15,-1.0644737517893958e-140,9.81
0.14348421864775776,0.015343152550662624,8.755130700193837e-146,-6.83956217e-315,0.09873888887329896,-1.6471811464490105e-142,1.2867880840934e-311,-4.440892098500626e-14,-4.022308700636871e-139,3.142252397495147e-308,-1.5432547188768317e-12,-3.580052463144139e-136,2.796759093527746e-305,1.0,-1.6682192449650326e-141,1.303223176579e-310,-1.0,-2.8665991200479317e-124,2.2394049358274965e-293,0.0,-2.2394049358274965e-293,-2.8665991200479317e-124,4.1257121774987863e-137,-4.440892098500626e-14,7.408381663531893e-155,-5e-324,-4.440892098500626e-14,-1.2730257381789708e-137,9.94495568485963e-307,-4.440892098500626e-14,-4.022308700636871e-139,9.81
0.15125377769675155,0.016110310178195756,-2.5488260051591998e-144,1.991158616e-313,0.09873888887329851,-6.244707659854256e-141,4.87840418929934e-310,-1.5987211554602254e-14,-5.573730539696712e-138,4.3542327192823165e-307,4.686921738811042e-12,1.9165428420410582e-135,-1.4972151041903861e-304,1.0,-6.32446620689387e-140,4.94071205881129e-309,-1.0,-3.9722587821141194e-123,3.1031530920543885e-292,0.0,-3.1031530920543885e-292,-3.9722587821141194e-123,5.717017184206376e-136,-1.5987211554602254e-14,1.0111057921954517e-153,-8e-323,-1.5987211554602254e-14,-6.350534149928513e-137,4.961076496899163e-306,-1.5987211554602254e-14,-5.573730539696712e-138,9.81
0.15902333674574537,0.016877467805728887,-9.69496985068815e-143,7.573770320553e-312,0.09873888887329874,-8.677557521735258e-140,6.77896152594592e-309,2.842170943040401e-14,2.937915469226527e-137,-2.295117708235583e-306,1.1431516436120514e-13,2.0401087945522086e-133,-1.5937455893980145e-302,1.0,-8.788388871653456e-139,6.865543660962856e-308,0.0,1.0,-7.812061756970242e-170,-1.73e-321,7.812061756970242e-170,1.0,3.013441913578347e-135,2.842170943040401e-14,-2.4978103487153066e-152,1.95e-321,0.0,2.937915469226527e-137,-2.2951177082355837e-306,2.842170943040401e-14,2.937915469226527e-137,9.81
0.16679289579473913,0.017644625433262017,-1.350964737328397e-141,1.05538199594987e-310,0.09873888887329896,4.502814467222973e-139,-3.517626469812505e-308,-1.4210854715202004e-14,3.164575418589266e-135,-2.4721858604609573e-304,-1.82904262977993e-12,4.0725494240220333e-132,-3.181500760877406e-301,1.0,4.560325236190325e-138,-3.5625542376988856e-307,0.0,1.0,-7.812061756970328e-170,-2.61e-321,7.812061756970328e-170,1.0,3.245928722233531e-133,-1.4210854715202004e-14,-6.480611938556997e-152,5.064e-321,0.0,3.164575418589266e-135,-2.4721858604609573e-304,-1.4210854715202004e-14,3.164575418589266e-135,9.81
0.1745624548437329,0.018411783060795148,6.900026879443573e-141,-5.3903436106968e-310,0.09873888887329851,4.908793558422956e-137,-3.8347798430618264e-306,0.0,6.3313205614461715e-134,-4.946066722919354e-303,1.8290426297799237e-12,1.937942023021113e-131,-1.5139322765269e-300,1.0,4.971489566509004e-136,-3.8837583517701985e-305,0.0,1.0,-7.812061756970326e-170,1.012e-320,7.812061756970326e-170,1.0,6.494082946908392e-132,3.147609411345357e-269,0.0,-0.0,0.0,6.3313205614461715e-134,-4.946066722919353e-303,0.0,6.3313205614461715e-134,9.81
0.1823320138927267,0.01917894068832828,7.61432263492427e-139,-5.948355866152544e-308,0.09873888887329896,9.842816606520196e-136,-7.689269119266887e-305,1.4210854715202004e-14,3.04303675046371e-133,-2.377239102335289e-302,-5.715758218063608e-14,-1.3338381858400126e-129,1.0420026281587445e-298,1.0,9.968530858343392e-135,-7.7874778691643e-304,0.0,1.0,-7.812061756970353e-170,-2.590327e-318,7.812061756970353e-170,1.0,3.121265599524127e-131,1.4210854715202004e-14,1.4166134375192587e-148,-1.106667e-317,0.0,3.04303675046371e-133,-2.3772391023352883e-302,1.4210854715202004e-14,3.04303675046371e-133,9.81
0.19010157294172048,0.01994609831586141,1.530176899343441e-137,-1.195383643676033e-306,0.09873888887329874,4.7776986797814045e-135,-3.732367714264806e-304,-8.881784197001252e-16,-2.066335588775885e-131,1.6142341230142857e-300,-1.829042629779927e-12,-3.9295462232726503e-128,3.0697857773075454e-297,1.0,4.8387203201285e-134,-3.78003819655512e-303,-1.0,-1.472625852802093e-116,1.1504244107001046e-285,0.0,-1.1504244107001046e-285,-1.472625852802093e-116,2.1194558985644265e-129,-8.881784197001252e-16,-4.297646967302615e-149,3.35735e-318,-8.881784197001252e-16,-1.3079545027513123e-131,1.0217821350800667e-300,-8.881784197001252e-16,-2.066335588775885e-131,9.81
0.19787113199071427,0.02071325594339454,7.500265628521506e-137,-5.859253828369207e-306,0.09873888887329896,-3.201060457799804e-133,2.500688198412778e-302,-1.4210854715202004e-14,-6.103125246743025e-130,4.767799133808127e-299,-9.145213148899619e-13,-4.373522833420784e-127,3.4166230470202983e-296,1.0,-3.241944986749225e-132,2.53262744491853e-301,0.0,-1.0,7.812061756970326e-170,8.289046e-317,-7.812061756970326e-170,-1.0,6.260021302517421e-128,-1.4210854715202004e-14,4.607080920137072e-146,-3.599080065e-315,0.0,-6.103125246743025e-130,4.767799133808127e-299,-1.4210854715202004e-14,-6.103125246743025e-130,9.81
0.20564069103970806,0.02148041357092767,-4.9588638802615e-135,3.8738950877012344e-304,0.09873888887329851,-9.478940698915163e-132,7.405007013058471e-301,-1.509903313490213e-14,-6.81673213716484e-129,5.325273243625601e-298,3.658085259559807e-12,5.972577513997651e-126,-4.665814438764193e-295,1.0,-9.600007461172178e-131,7.499585115405296e-300,0.0,-1.0,7.81206175697032e-170,5.304989477e-315,-7.81206175697032e-170,-1.0,6.991973237806332e-127,-1.509903313490213e-14,1.449508307515464e-144,-1.13236484157e-313,0.0,-6.81673213716484e-129,5.325273243625601e-298,-1.509903313490213e-14,-6.81673213716484e-129,9.81
0.2134102500887019,0.022247571198460804,-1.4721937630797996e-133,1.1500868595405933e-302,0.09873888887329874,-1.0624611176753271e-130,8.300011865659367e-300,4.263256414560601e-14,9.219827481472135e-128,-7.202586167387247e-297,2.8007215268504417e-12,3.313103084541966e-124,-2.5882165903650715e-293,1.0,-1.0760310651648836e-129,8.406021133486626e-299,0.0,1.0,-7.81206175697032e-170,0.0,7.81206175697032e-170,1.0,9.456846141303115e-126,4.263256414560601e-14,-4.587396340830667e-143,3.583702351825e-312,0.0,9.219827481472135e-128,-7.202586167387245e-297,4.263256414560601e-14,9.219827481472135e-128,9.81
0.22117980913769564,0.02301472882599393,-1.6559297420879208e-132,1.2936225410394773e-301,0.09873888887329918,1.4232009400777308e-129,-1.1118133636465451e-298,2.842170943040401e-14,5.141453278013218e-126,-4.016535052841678e-295,-3.658085259559834e-12,5.5832494378367044e-123,-4.3616689412950165e-292,1.0,1.4413783224803847e-128,-1.1260136470375047e-297,0.0,1.0,-7.812061756970326e-170,-8.48798316386e-313,7.812061756970326e-170,1.0,5.273627157403774e-124,2.842170943040401e-14,4.096643586082066e-142,-3.200323269077e-311,0.0,5.141453278013218e-126,-4.016535052841678e-295,2.842170943040401e-14,5.141453278013218e-126,9.81
0.22894936818668946,0.02378188645352707,2.1968068108727055e-131,-1.7161590474670596e-300,0.09873888887329918,7.978740357056593e-128,-6.233041241215756e-297,-1.4210854715202004e-14,8.68509706598827e-125,-6.784851464478212e-294,-3.6009276773792113e-12,4.012295350333811e-123,-3.134429906401166e-292,1.0,8.080646286484789e-127,-6.312650782625209e-296,0.0,1.0,-7.812061756970323e-170,1.086461844974e-311,7.812061756970323e-170,1.0,8.908369146861638e-123,-1.4210854715202004e-14,-1.1483289038217193e-140,8.9708163139693e-310,0.0,8.68509706598827e-125,-6.784851464478212e-294,-1.4210854715202004e-14,8.68509706598827e-125,9.81
0.23671892723568322,0.024549044081060196,1.2381699570727235e-129,-9.67266017027741e-299,0.09873888887329896,1.3510106909488408e-126,-1.0554178952019492e-295,-2.7533531010703882e-14,6.748898457085748e-125,-5.2722811538274116e-294,-8.573637327093407e-13,-2.392537697714647e-120,1.8690652250426412e-289,1.0,1.368266046301623e-125,-1.0688978853673895e-294,1.0,4.809771655594611e-110,-3.757423321042945e-279,0.0,3.757423321042944e-279,4.80977165559461e-110,6.922395723802332e-123,-2.7533531010703882e-14,-3.767319561673894e-139,2.9430533074038823e-308,-2.7533531010703882e-14,-1.3242999703371877e-123,1.034551315302779e-292,-2.7533531010703882e-14,6.748898457085748e-125,9.81
0.24448848628467695,0.025316201708593323,2.1015482746406385e-128,-1.6417424906747098e-297,0.09873888887329874,1.1285067051303815e-126,-8.815964073633411e-296,-2.7533531010703882e-14,-3.7091074868014993e-122,2.8975776750134294e-291,1.7147274654186354e-12,-5.783253618152093e-119,4.517913442122619e-288,1.0,1.1429201989283836e-125,-8.92856317731711e-295,0.0,-1.0,7.81206175697032e-170,2.2598406375463764e-308,-7.81206175697032e-170,-1.0,3.8044593453321924e-120,-2.7533531010703882e-14,-3.14686287399545e-139,2.4583487112368944e-308,0.0,-3.7091074868014993e-122,2.897577675013429e-291,-2.7533531010703882e-14,-3.7091074868014993e-122,9.81
0.25225804533367086,0.02608335933612646,1.877416892246416e-128,-1.4666496705807948e-297,0.09873888887329851,-5.750115820644497e-124,4.492025990060689e-293,-8.881784197001252e-16,-8.985991206462436e-121,7.019911825247676e-290,4.458291410088569e-12,-4.801835134416951e-118,3.751223261685509e-287,1.0,-5.8235573503597256e-123,4.549398966626863e-292,0.0,-1.0,7.812061756970319e-170,1.7800590868057611e-307,-7.812061756970319e-170,-1.0,9.216998521652347e-119,-8.881784197001252e-16,5.1723579644755496e-138,-4.04067798476403e-307,0.0,-8.985991206462436e-121,7.019911825247678e-290,-8.881784197001252e-16,-8.985991206462436e-121,9.81
0.2600276043826646,0.026850516963659588,-8.914157398663596e-126,6.963794810971391e-295,0.09873888887329874,-1.3962309351764416e-122,1.0907442292590782e-291,4.1744385725905886e-14,-7.498719398945026e-120,5.858045904274989e-289,9.7167889707062e-13,1.3431048517191452e-116,-1.049241804771643e-285,1.0,-1.4140638517495152e-121,1.1046754138166533e-290,0.0,-1.0,7.812061756970319e-170,-1.424047269444609e-306,-7.812061756970319e-170,-1.0,7.691492683039344e-118,4.1744385725905886e-14,-5.902922686849196e-135,4.6113996576287075e-304,0.0,-7.498719398945026e-120,5.85804590427499e-289,4.1744385725905886e-14,-7.498719398945026e-120,9.81
0.2677971634316584,0.027617674591192718,-2.1694319976878185e-124,1.694773674348473e-293,0.09873888887329918,-1.1709849790594188e-121,9.147806972896775e-291,1.4210854715202004e-14,2.0780804996779355e-118,-1.623409319943978e-287,-4.515448992269187e-12,5.198526511819729e-115,-4.0611210155583216e-284,1.0,-1.1859410131321366e-120,9.264644434712199e-290,0.0,1.0,-7.81206175697032e-170,2.2784756311113742e-305,7.81206175697032e-170,1.0,2.1315027416932198e-116,1.4210854715202004e-14,-1.6853235438420265e-134,1.3165851604969986e-303,0.0,2.0780804996779355e-118,-1.6234093199439773e-287,1.4210854715202004e-14,2.0780804996779355e-118,9.81
0.27556672248065217,0.028384832218725852,-1.8285215454560455e-123,1.4284523237053438e-292,0.09873888887329896,3.215191520810284e-120,-2.5117274721057266e-289,-2.842170943040401e-14,8.070553020869675e-117,-6.3047658611937255e-286,-9.145213148899619e-13,7.3164316263936e-114,-5.715641570603759e-283,1.0,3.2562565342779933e-119,-2.543807714231783e-288,0.0,1.0,-7.812061756970319e-170,7.291122019556398e-304,7.812061756970319e-170,1.0,8.278026714379133e-115,-2.842170943040401e-14,-9.254837704810351e-133,7.229936370071593e-302,0.0,8.070553020869675e-117,-6.304765861193726e-286,-2.842170943040401e-14,8.070553020869675e-117,9.81
0.28333628152964596,0.029151989846258983,4.974429754975051e-122,-3.886055245157584e-291,0.09873888887329874,1.2529217800945833e-118,-9.78790232275207e-288,0.0,1.138987031483493e-115,-8.897837030337342e-285,1.8290426297799237e-12,-3.460762338989275e-113,2.7035689118381264e-282,1.0,1.2689243259586671e-117,-9.912915199311043e-287,0.0,1.0,-7.812061756970319e-170,0.0,7.812061756970319e-170,1.0,1.1682675337824333e-113,1.4452883512008545e-232,0.0,-0.0,0.0,1.138987031483493e-115,-8.897837030337344e-285,0.0,1.138987031483493e-115,9.81
0.29110584057863975,0.029919147473792113,1.945101429297599e-120,-1.5195252489244083e-289,0.09873888887329896,1.7731005909506396e-117,-1.3851571317826962e-286,0.0,-5.29701393925351e-115,4.138060002098104e-284,-2.8007215268505083e-12,-4.065352054446307e-111,3.175878131316072e-280,1.0,1.7957469556152992e-116,-1.4028486117158155e-285,0.0,-1.0,7.812061756970317e-170,-1.8665272370064378e-301,-7.812061756970317e-170,-1.0,5.433186893412428e-113,-9.512096655266295e-231,-0.0,0.0,0.0,-5.29701393925351e-115,4.1380600020981036e-284,0.0,-5.29701393925351e-115,9.81
0.29887539962763354,0.030686305101325247,2.7602163779943307e-119,-2.1562980807492636e-288,0.09873888887329874,-8.10580033886521e-117,6.332301283688596e-286,-4.3520742565306136e-14,-6.305808698078924e-113,4.9261366977033176e-282,9.14521314889912e-13,-8.24715156286819e-110,6.44272573282206e-279,1.0,-8.209329101592924e-116,6.413178592493758e-285,0.0,-1.0,7.812061756970322e-170,-2.9864435792103004e-300,-7.812061756970322e-170,-1.0,6.4679152374662015e-111,-4.3520742565306136e-14,3.572760984643015e-129,-2.791062945492532e-298,0.0,-6.305808698078924e-113,4.9261366977033176e-282,-4.3520742565306136e-14,-6.305808698078924e-113,9.81
0.3066449586766274,0.03145346272885838,-1.2401188731503837e-118,9.687885223035239e-288,0.09873888887329829,-9.78093960036717e-115,7.640930419926495e-284,1.4210854715202004e-14,-1.2820643224680549e-111,1.0015565663528755e-280,5.544285471520366e-12,-4.201567287326487e-109,3.282290312466073e-278,1.0,-9.905863547763909e-114,7.738521779125278e-283,0.0,-1.0,7.812061756970319e-170,1.9113238906945923e-298,-7.812061756970319e-170,-1.0,1.3150229833691668e-109,1.4210854715202004e-14,-1.407707877058884e-127,1.0997100871357586e-296,0.0,-1.2820643224680549e-111,1.0015565663528754e-280,1.4210854715202004e-14,-1.2820643224680549e-111,9.81
0.3144145177256211,0.032220620356391505,-1.5171115392158734e-116,1.1851769036566706e-285,0.09873888887329896,-1.9930254716386146e-113,1.5569638067655756e-282,4.263256414560601e-14,-6.591923114421492e-111,5.149651046706074e-280,-2.6864063624892818e-12,2.628919462050699e-107,-2.0537281191641252e-276,1.0,-2.0184807570561694e-112,1.5768496329379e-281,0.0,-1.0,7.812061756970306e-170,3.0581182251113476e-296,-7.812061756970306e-170,-1.0,6.761384938455446e-109,4.263256414560601e-14,-8.605301035186852e-126,6.722514312420032e-295,0.0,-6.591923114421492e-111,5.149651046706073e-280,4.263256414560601e-14,-6.591923114421492e-111,9.81
0.32218407677461486,0.03298777798392463,-3.098225936482111e-115,2.4203532352845455e-284,0.09873888887329896,-1.0341076572788565e-112,8.07851288201831e-282,-2.7533531010703882e-14,4.072288355865669e-109,-3.1812968128213734e-278,-2.800721526850631e-12,7.907358815702057e-106,-6.177277540278817e-275,1.0,-1.0473154691925043e-111,8.181693124362175e-281,0.0,1.0,-7.812061756970322e-170,1.7125462060623547e-295,7.812061756970322e-170,1.0,4.176976684415421e-107,-2.7533531010703882e-14,2.88362929490017e-125,-2.252709013596887e-294,0.0,4.072288355865669e-109,-3.181296812821374e-278,-2.7533531010703882e-14,4.072288355865669e-109,9.81
0.32995363582360876,0.03375493561145777,-1.622083216641128e-114,1.2671814263345535e-283,0.09873888887329851,6.308046714369406e-111,-4.927885049850753e-280,-8.881784197001252e-16,1.2280746324921616e-107,-9.593794871197397e-277,3.5437700951985914e-12,9.004768128116522e-105,-7.034580472404427e-274,1.0,6.388614239384318e-110,-4.9908248979530264e-279,0.0,1.0,-7.81206175697032e-170,7.82878265628505e-295,7.81206175697032e-170,1.0,1.2596453537611549e-105,-8.881784197001252e-16,-5.674229299210081e-125,4.432742970863958e-294,0.0,1.2280746324921616e-107,-9.593794871197397e-277,-8.881784197001252e-16,1.2280746324921616e-107,9.81
0.3377231948726025,0.0345220932389909,9.771166026855872e-113,-7.63329524394084e-282,0.09873888887329896,1.9072855670865294e-109,-1.489983263825813e-278,2.7533531010703882e-14,1.403333842233818e-106,-1.0962930641177024e-275,-1.7718850475992682e-12,-1.1428873444380326e-103,8.928306516009719e-273,1.0,1.9316457667798396e-108,-1.5090136022674397e-277,0.0,1.0,-7.812061756970316e-170,1.0020841800044864e-292,7.812061756970316e-170,1.0,1.4394100385889083e-104,2.7533531010703882e-14,5.318502862132759e-122,-4.1548472813604525e-291,0.0,1.403333842233818e-106,-1.0962930641177024e-275,2.7533531010703882e-14,1.403333842233818e-106,9.81
0.3454927539215963,0.035289250866524034,2.9621314841378477e-111,-2.314035408635102e-280,0.09873888887329896,2.1869650772517716e-108,-1.7084706243828198e-277,-2.842170943040401e-14,-1.7636653954668865e-105,1.3777862988018798e-274,-3.600927677379225e-12,-6.625500077312139e-102,5.175881577477407e-271,1.0,2.2148973947418728e-107,-1.7302915233076171e-276,0.0,-1.0,7.812061756970317e-170,2.004168360008973e-292,-7.812061756970317e-170,-1.0,1.8090048130713685e-103,-2.842170943040401e-14,-6.295117017151235e-121,4.9177842905340217e-290,0.0,-1.7636653954668865e-105,1.3777862988018795e-274,-2.842170943040401e-14,-1.7636653954668865e-105,9.81
0.3532623129705901,0.03605640849405716,3.408122027185837e-110,-2.662445975166662e-279,0.09873888887329851,-2.7215076308785262e-107,2.126058568448903e-276,-2.842170943040401e-14,-1.0281409477535578e-103,8.03190057872079e-273,3.6580852595598474e-12,-1.1348724463380786e-100,8.865693637077055e-270,1.0,-2.7562672235159117e-106,2.1532129768819413e-275,0.0,-1.0,7.812061756970322e-170,-1.2826677504057426e-290,-7.812061756970322e-170,-1.0,1.0545718750180484e-101,-2.842170943040401e-14,7.833782613931566e-120,-6.119799357071376e-289,0.0,-1.0281409477535578e-103,8.031900578720791e-273,-2.842170943040401e-14,-1.0281409477535578e-103,9.81
0.36103187201958387,0.036823566121590295,-4.199361533238202e-109,3.2805671637502403e-278,0.09873888887329851,-1.5954533957746894e-105,1.2463780458159885e-274,2.842170943040401e-14,-1.7652553623754143e-102,1.3790283907699756e-271,5.487127889339771e-12,-1.3057269287054735e-100,1.0200419404786235e-269,1.0,-1.615830818009276e-104,1.2622970139104336e-273,0.0,-1.0,7.812061756970319e-170,4.1045368012983762e-289,-7.812061756970319e-170,-1.0,1.8106356540447036e-100,2.842170943040401e-14,-4.592467399815166e-118,3.587663894422899e-287,0.0,-1.7652553623754143e-102,1.3790283907699756e-271,2.842170943040401e-14,-1.7652553623754143e-102,9.81
0.36880143106857766,0.03759072374912342,-2.4757857516506357e-107,1.934099118892195e-276,0.09873888887329896,-2.7457726625366207e-104,2.1450145610336902e-273,5.684341886080802e-14,-2.1317985896630518e-102,1.6653742235869826e-271,-3.6580852595598474e-12,4.744503614305817e-98,-3.706435524112592e-267,1.0,-2.780842172591163e-103,2.1724110788669676e-272,0.0,-1.0,7.812061756970244e-170,2.0686865478543816e-286,-7.812061756970244e-170,-1.0,2.1866017891553032e-100,5.684341886080802e-14,-1.5807257640239885e-116,1.2348727289389488e-285,0.0,-2.1317985896630518e-102,1.6653742235869829e-271,5.684341886080802e-14,-2.1317985896630518e-102,9.81
0.37657099011757145,0.03835788137665656,-4.2708879288714727e-106,3.3364440257443004e-275,0.0987388888732994,-3.472172344167222e-104,2.7124824783478482e-273,-2.842170943040401e-14,7.354887644278945e-100,-5.745683649268506e-269,-7.316170519119695e-12,1.1671172953725023e-96,-9.11759238907816e-266,1.0,-3.5165195636571047e-103,2.7471268000883364e-272,0.0,1.0,-7.812061756970319e-170,2.561230964010187e-286,7.812061756970319e-170,1.0,7.543963374400428e-98,-2.842170943040401e-14,9.994549724459332e-117,-7.8078039680586255e-286,0.0,7.354887644278945e-100,-5.745683649268507e-269,-2.842170943040401e-14,7.354887644278945e-100,9.81
0.38434054916656524,0.03912503900418969,-5.643028186423147e-106,4.4083684688661446e-275,0.09873888887329851,1.1401389043562652e-101,-8.906835532355619e-271,-5.684341886080802e-14,1.8133841688407505e-98,-1.4166269116096238e-267,3.6580852595598474e-12,1.0018080710838369e-95,-7.826186519938246e-265,1.0,1.1547009667277992e-100,-9.020595262910896e-270,0.0,1.0,-7.812061756970322e-170,-5.043654821435445e-285,7.812061756970322e-170,1.0,1.8600017315143632e-96,-5.684341886080802e-14,-6.563715071068823e-114,5.1276147490346465e-283,0.0,1.8133841688407505e-98,-1.416626911609624e-267,-5.684341886080802e-14,1.8133841688407505e-98,9.81
0.39211010821555903,0.03989219663172282,1.7674044203613454e-103,-1.380707248140516e-272,0.09873888887329851,2.81749185842933e-100,-2.2010420397811007e-269,2.842170943040401e-14,1.5640762804531666e-97,-1.2218660495512567e-266,3.6580852595598474e-12,-2.6192876095799045e-94,2.0462036565305387e-263,1.0,2.8534773791557734e-99,-2.229154150808272e-268,0.0,1.0,-7.812061756970322e-170,0.0,7.812061756970322e-170,1.0,1.6042847620773036e-95,2.842170943040401e-14,8.110070493659616e-113,-6.33563715498517e-282,0.0,1.5640762804531666e-97,-1.221866049551257e-266,2.842170943040401e-14,1.5640762804531666e-97,9.81
0.3998796672645528,0.04065935425925595,4.377569570006544e-102,-3.4197843826325133e-271,0.09873888887329896,2.4418379926658525e-99,-1.9075789199222078e-268,0.0,-4.0520081080973645e-96,3.165453758020109e-265,-3.7152428417404706e-12,-1.0428051148164056e-92,8.146457957430291e-262,1.0,2.473025593592816e-98,-1.9319428663715263e-267,0.0,-1.0,7.812061756970325e-170,1.0759796952395615e-282,-7.812061756970325e-170,-1.0,4.156175082298921e-94,-1.0020719756770388e-193,-2.4781496424714346e-291,0.0,0.0,-4.0520081080973645e-96,3.1654537580201097e-265,0.0,-4.0520081080973645e-96,9.81
0.4076492263135466,0.04142651188678908,3.8120749386223744e-101,-2.9780164842716833e-270,0.09873888887329851,-6.268288333988522e-98,4.896825557561496e-267,-2.930988785010413e-14,-1.6188631069513092e-94,1.2646658567584483e-263,-1.8290426297799088e-12,-1.4944079262639387e-91,1.1674407010079847e-260,1.0,-6.34834805770599e-97,4.95936870815418e-266,0.0,-1.0,7.812061756970325e-170,0.0,-7.812061756970325e-170,-1.0,1.6604800205899377e-92,-2.930988785010413e-14,1.8606936960478897e-110,-1.4535854064331484e-279,0.0,-1.6188631069513092e-94,1.2646658567584483e-263,-2.930988785010413e-14,-1.6188631069513092e-94,9.81
0.4154187853625403,0.042193669514322206,-9.696591573708264e-100,7.575037220592702e-269,0.09873888887329851,-2.5131286623464316e-96,1.9632716313462547e-265,-2.842170943040401e-14,-2.326230133386458e-93,1.8172653462940332e-262,3.715242841740367e-12,6.169484952911228e-91,-4.819639746084166e-260,1.0,-2.545226800730229e-95,1.988346895280055e-264,0.0,-1.0,7.812061756970328e-170,-8.814425663402488e-280,-7.812061756970328e-170,-1.0,2.3860316806260124e-91,-2.842170943040401e-14,7.233969656483137e-109,-5.651221770449566e-278,0.0,-2.326230133386458e-93,1.8172653462940335e-262,-2.842170943040401e-14,-2.326230133386458e-93,9.81
0.4231883444115342,0.04296082714185534,-3.901368233025359e-98,3.04777295730763e-267,0.09873888887329807,-3.621024764913035e-95,2.828766908701959e-264,2.842170943040401e-14,9.424949218009758e-93,-7.36282853474014e-262,5.487127889339706e-12,8.098063032013055e-89,-6.326256851792434e-258,1.0,-3.6672731547136824e-94,2.8648964364302684e-263,0.0,1.0,-7.812061756970323e-170,-1.4103081061443981e-278,7.812061756970323e-170,1.0,9.667241043655966e-91,2.842170943040401e-14,-1.0423017200519332e-107,8.142525406442099e-277,0.0,9.424949218009758e-93,-7.362828534740139e-262,2.842170943040401e-14,9.424949218009758e-93,9.81
0.430957903460528,0.043727984769388474,-5.636449737345815e-97,4.403229343820469e-266,0.09873888887329896,1.4394227030384088e-94,-1.1244859050521205e-263,5.684341886080802e-14,1.2560413480605874e-90,-9.812272580357567e-260,-1.8290426297799237e-12,1.6695641282261903e-87,-1.3042738076925315e-256,1.0,1.4578072727610554e-93,-1.1388480444569847e-262,0.0,1.0,-7.812061756970322e-170,2.8206162122887962e-278,7.812061756970322e-170,1.0,1.28833102350276e-88,5.684341886080802e-14,8.286674942388887e-107,-6.473601640988049e-276,0.0,1.2560413480605874e-90,-9.812272580357564e-260,5.684341886080802e-14,1.2560413480605874e-90,9.81
0.43872746250952177,0.04449514239692161,2.19772225521358e-96,-1.7168741982396585e-265,0.09873888887329896,1.9481564595819862e-92,-1.5219118574495135e-261,0.0,2.5952979109888458e-89,-2.027462755838093e-258,-3.658085259559821e-12,9.055929531515522e-87,-7.074548076697052e-256,1.0,1.973038669780705e-91,-1.5413499937217443e-260,0.0,1.0,-7.812061756970322e-170,1.8051943758648296e-276,7.812061756970322e-170,1.0,2.6620165165116437e-87,5.120623137982075e-180,1.0103187464612452e-270,-0.0,0.0,2.5952979109888458e-89,-2.027462755838093e-258,0.0,2.5952979109888458e-89,9.81
0.44649702155851545,0.04526230002445473,3.021626880142776e-94,-2.3605135794196928e-263,0.09873888887329896,4.0343034965345716e-91,-3.1516228061289378e-260,0.0,1.4197719982533133e-88,-1.1091346531172036e-257,-3.658085259559821e-12,-5.177759636646099e-85,4.044897804422755e-254,1.0,4.085830357794851e-90,-3.1918759083597524e-259,0.0,1.0,-7.812061756970317e-170,1.7329866008302364e-274,7.812061756970317e-170,1.0,1.4562707784059495e-86,5.800947531610446e-178,2.3701687528629068e-267,-0.0,0.0,1.4197719982533133e-88,-1.1091346531172038e-257,0.0,1.4197719982533133e-88,9.81
0.45426658060750924,0.04602945765198786,6.271149569832744e-93,-4.899060772673126e-262,0.09873888887329896,2.22568203990323e-90,-1.7387165547103704e-259,-5.684341886080802e-14,-8.019828868573874e-87,6.265139840163253e-256,-1.0454365442350657e-25,-1.5907547993308158e-83,1.2427074732569267e-252,1.0,2.2541088575132838e-89,-1.7609237601827577e-258,0.0,-1.0,7.812061756970323e-170,1.3863892806641891e-273,-7.812061756970323e-170,-1.0,8.225998571241594e-85,-5.684341886080802e-14,-1.28131253945485e-102,1.0009692688201754e-271,0.0,-8.019828868573874e-87,6.265139840163253e-256,-5.684341886080802e-14,-8.019828868573874e-87,9.81
0.46203613965650314,0.046796615279520996,3.488729875464104e-92,-2.725417324051294e-261,0.09873888887329807,-1.242176375647688e-88,9.703958559609306e-258,0.0,-2.470472897176005e-85,1.929948684166035e-254,7.31617051911959e-12,-1.8523986687156954e-82,1.447105279853662e-251,1.0,-1.2580416792431715e-87,9.827899291090306e-257,0.0,-1.0,7.812061756970325e-170,-2.957630465416937e-272,-7.812061756970325e-170,-1.0,2.5339825644029045e-83,3.1079578720880445e-172,-3.909940540418677e-259,0.0,0.0,-2.470472897176005e-85,1.929948684166035e-254,0.0,-2.470472897176005e-85,9.81
0.46980569870549704,0.04756377290705414,-1.9239613904021556e-90,1.5030105199848128e-259,0.09873888887329896,-3.8366713286696988e-87,2.997231336076508e-256,5.684341886080802e-14,-2.8864839966414315e-84,2.2549391242269376e-253,-1.8290426297802565e-12,2.1808338961916345e-81,-1.7036809078743247e-250,1.0,-3.8856739957777815e-86,3.035512522246968e-255,-1.0,-2.0571251737825601e-69,1.6070388899407665e-238,0.0,-1.6070388899407665e-238,-2.0571251737825601e-69,2.960688266719393e-82,5.684341886080802e-14,-2.20874994498546e-99,1.725489097593122e-268,5.684341886080802e-14,1.1693402790243454e-82,-9.134958474651094e-252,5.684341886080802e-14,-2.8864839966414315e-84,9.81
0.47757525775449067,0.04833093053458726,-5.958360158060454e-89,4.654707752503973e-258,0.09873888887329896,-4.497763334932566e-86,3.5136804940729997e-255,-2.842170943040401e-14,3.364118817529708e-83,-2.628070396032804e-252,-5.544285471520607e-12,1.3245452372094448e-79,-1.0347429192981082e-248,1.0,-4.555209589915544e-85,3.558557863236368e-254,1.0,2.39752360144323e-68,-1.8729602438268407e-237,0.0,1.8729602438268407e-237,2.39752360144323e-68,3.45060188190865e-81,-2.842170943040401e-14,1.2946684335916939e-98,-1.0114029758018343e-267,-2.842170943040401e-14,-6.814171915275523e-82,5.323273182474511e-251,-2.842170943040401e-14,3.364118817529708e-83,9.81
0.48534481680348457,0.0490980881621204,-7.008367177735767e-88,5.474979720799561e-257,0.09873888887329851,5.189177246839146e-85,-4.053817312017263e-254,-2.930988785010413e-14,2.0553400027158756e-81,-1.6056443032787962e-250,1.7718850475993349e-12,2.3058810046437093e-78,-1.8013684812501423e-247,1.0,5.255454366615251e-84,-4.1055934072937675e-253,0.0,1.0,-7.81206175697032e-170,0.0,7.81206175697032e-170,1.0,2.1081776435415603e-79,-2.930988785010413e-14,-1.5403677808683305e-97,1.2033448232590722e-266,0.0,2.0553400027158756e-81,-1.6056443032787965e-250,-2.930988785010413e-14,2.0553400027158756e-81,9.81
0.4931143758524783,0.049865245789653526,8.003940205421579e-87,-6.25272751838511e-256,0.09873888887329851,3.1893193400370234e-83,-2.491515964706905e-252,-8.881784197001252e-16,3.586499843923959e-80,-2.8017958272098383e-249,5.544285471520399e-12,3.621774231301504e-78,-2.8293523964730974e-247,1.0,3.230053909285479e-82,-2.5233380617681567e-251,0.0,1.0,-7.812061756970322e-170,-7.753250807262575e-267,7.812061756970322e-170,1.0,3.678699767208779e-78,-8.881784197001252e-16,-2.8688641766953885e-97,2.2411744120704184e-266,0.0,3.586499843923959e-80,-2.801795827209839e-249,-8.881784197001252e-16,3.586499843923959e-80,9.81
0.5008839349014721,0.05063240341718665,4.9489126205253927e-85,-3.866121102139419e-254,0.09873888887329851,5.578293640561697e-82,-4.357797441858278e-251,5.684341886080802e-14,5.8334517507157855e-80,-4.557128533289822e-249,3.772400423921092e-12,-9.403893554150319e-76,7.346379720099737e-245,1.0,5.6495406260037515e-81,-4.4134560268854073e-250,0.0,1.0,-7.8120617569703e-170,1.1784941227039114e-264,7.8120617569703e-170,1.0,5.983415176704153e-78,5.684341886080802e-14,3.2113920417508277e-94,-2.5087592956000477e-263,0.0,5.8334517507157855e-80,-4.557128533289823e-249,5.684341886080802e-14,5.8334517507157855e-80,9.81
0.5086534939504659,0.05139956104471979,8.67618030679955e-84,-6.77788563713278e-253,0.0987388888732994,9.383601501332202e-82,-7.330527443120638e-251,5.773159728050814e-14,-1.4576956253445356e-77,1.1387608248056977e-246,-5.4871278893396516e-12,-2.354696241949661e-74,1.8395032461016672e-243,1.0,9.503450573940659e-81,-7.424154278793927e-250,0.0,-1.0,7.812061756970317e-170,1.7367281808268167e-264,-7.812061756970317e-170,-1.0,1.4951693269137632e-75,5.773159728050814e-14,5.486493813099561e-94,-4.2860828497169234e-263,0.0,-1.4576956253445356e-77,1.1387608248056978e-246,5.773159728050814e-14,-1.4576956253445356e-77,9.81
0.5164230529994598,0.05216671867225293,1.5076180453418081e-83,-1.1777605276133055e-252,0.0987388888732994,-2.2595521536743463e-79,1.7651760967599277e-248,-2.842170943040401e-14,-3.658406953679334e-76,2.8579701054272607e-245,-7.37332810130021e-12,-2.0865166445122192e-73,1.6299996883875932e-242,1.0,-2.288411566565001e-78,1.7877212483370978e-247,0.0,-1.0,7.812061756970319e-170,-3.1757315306547506e-263,-7.812061756970319e-170,-1.0,3.752455428558007e-74,-2.842170943040401e-14,6.504056860208609e-92,-5.081009386279612e-261,0.0,-3.658406953679334e-76,2.857970105427261e-245,-2.842170943040401e-14,-3.658406953679334e-76,9.81
0.5241926120484535,0.052933876299786055,-3.5024685961438845e-81,2.7361500974925154e-250,0.09873888887329896,-5.683903410221932e-78,4.440300446130793e-247,-5.684341886080802e-14,-3.2568398115025875e-75,2.5442633740017767e-244,1.829042629779858e-12,5.10163537218856e-72,-3.9854290589081293e-241,1.0,-5.756499262935272e-77,4.4970127746004466e-246,0.0,-1.0,7.812061756970313e-170,3.0487022694285606e-261,-7.812061756970313e-170,-1.0,3.340565001475789e-73,-5.684341886080802e-14,3.272190987749623e-90,-2.556255807690176e-259,0.0,-3.2568398115025875e-75,2.5442633740017767e-244,-5.684341886080802e-14,-3.2568398115025875e-75,9.81
0.5319621710974473,0.053701033927319175,-8.830777016854005e-80,6.898657541769762e-249,0.09873888887329851,-5.083437367253396e-77,3.971212665067411e-246,0.0,7.890907384594156e-74,-6.164425580698271e-243,3.658085259559821e-12,2.0912415084975182e-70,-1.633690781312238e-239,1.0,-5.148363957970451e-76,4.0219337187025276e-245,0.0,1.0,-7.81206175697032e-170,3.2519490873904646e-260,7.81206175697032e-170,1.0,8.093762838983695e-72,-4.062526317452743e-149,2.0915364071080123e-224,-0.0,0.0,7.890907384594156e-74,-6.16442558069827e-243,0.0,7.890907384594156e-74,9.81
0.5397317301464409,0.0544681915548523,-7.934238045308653e-79,6.198275760445462e-248,0.09873888887329896,1.2204935140846596e-75,-9.534570706011088e-245,0.0,3.246348037384094e-72,-2.5360671352663928e-241,1.8862002119604923e-12,3.050754859325608e-69,-2.3832685366428923e-238,1.0,1.2360818802111378e-74,-9.656347984881399e-244,0.0,1.0,-7.812061756970319e-170,2.6015592699123717e-259,7.812061756970319e-170,1.0,3.329803510136899e-70,4.012751985869468e-146,4.96009001951451e-220,-0.0,0.0,3.246348037384094e-72,-2.5360671352663935e-241,0.0,3.246348037384094e-72,9.81
0.5475012891954348,0.05523534918238544,1.887708508302144e-77,-1.474689544601467e-246,0.09873888887329851,5.039455116641048e-74,-3.936853459267992e-243,2.930988785010413e-14,4.748494912091723e-71,-3.7095535505919846e-240,3.715242841740468e-12,-1.0820905501167545e-68,8.453358204146072e-238,1.0,5.103819958018429e-73,-3.987135670849762e-242,0.0,1.0,-7.812061756970312e-170,2.497496899115877e-257,7.812061756970312e-170,1.0,4.870566816640925e-69,2.930988785010413e-14,1.4959239057664335e-86,-1.1686249935575624e-255,0.0,4.748494912091723e-71,-3.7095535505919846e-240,2.930988785010413e-14,4.748494912091723e-71,9.81
0.5552708482444285,0.05600250680991856,7.822934582653781e-76,-6.1113248080430144e-245,0.0987388888732994,7.390947257809306e-73,-5.773853642051668e-242,5.773159728050814e-14,-1.6490098047241453e-70,1.288216643235459e-239,-5.601443053700924e-12,-1.6124970135306515e-66,1.2596926252631662e-235,1.0,7.485345786393529e-72,-5.8475983555583755e-241,0.0,-1.0,7.81206175697032e-170,6.659991730975672e-256,-7.81206175697032e-170,-1.0,1.6914017144154183e-68,5.773159728050814e-14,4.3214096844541973e-85,-3.3759119332125777e-254,0.0,-1.6490098047241453e-70,1.2882166432354592e-239,5.773159728050814e-14,-1.6490098047241453e-70,9.81
0.5630404072934223,0.0567696644374517,1.1503757314592709e-74,-8.98680625787972e-244,0.0987388888732994,-2.512021258868421e-72,1.962406520910243e-241,-5.773159728050814e-14,-2.500929657678433e-68,1.9537416935622568e-237,-7.430485683480993e-12,-3.378825781672163e-65,2.6395595672466445e-234,1.0,-2.544105253292669e-71,1.987470735495495e-240,0.0,-1.0,7.81206175697032e-170,0.0,-7.81206175697032e-170,-1.0,2.565222291893701e-66,-5.773159728050814e-14,1.4687525992231754e-84,-1.1473986010842123e-253,0.0,-2.500929657678433e-68,1.9537416935622563e-237,-5.773159728050814e-14,-2.500929657678433e-68,9.81
0.5708099663424162,0.05753682206498484,-3.825230154794758e-74,2.9882934203881786e-243,0.09873888887329851,-3.878833183284755e-70,3.030168437280629e-239,-5.773159728050814e-14,-5.252046295197723e-67,4.102931000855177e-236,7.37332810130037e-12,-1.9420104745221058e-64,1.5171105759649932e-233,1.0,-3.9283743493022936e-69,3.0688703021247617e-238,0.0,-1.0,7.812061756970314e-170,2.3869410363816807e-253,-7.812061756970314e-170,-1.0,5.387063243916104e-65,-5.773159728050814e-14,2.2679132590099822e-82,-1.7717078438837807e-251,0.0,-5.252046295197723e-67,4.102931000855175e-236,-5.773159728050814e-14,-5.252046295197723e-67,9.81
0.57857952539141,0.058303979692517965,-6.015860934430857e-72,4.699627714111904e-241,0.09873888887329851,-8.163728784976376e-69,6.377555343539171e-238,5.684341886080802e-14,-3.042722307689567e-66,2.3769934576982155e-235,5.601443053701016e-12,1.0190229300495976e-62,-7.960670061316306e-232,1.0,-8.267997420400439e-68,6.45901064546395e-237,0.0,-1.0,7.812061756970322e-170,-4.364692180812216e-252,-7.812061756970322e-170,-1.0,3.1209430732142736e-64,5.684341886080802e-14,-4.699812405079023e-81,3.6715224754652523e-250,0.0,-3.042722307689567e-66,2.376993457698215e-235,5.684341886080802e-14,-3.042722307689567e-66,9.81
0.5863490844404038,0.05907113732005109,-1.268953980112365e-70,9.91314685939108e-240,0.0987388888732994,-4.766910459689796e-68,3.7239398901044477e-237,2.930988785010413e-14,1.5782197191646056e-64,-1.2329149912182256e-233,-9.202370731080093e-12,3.199320750615044e-61,-2.499329128416138e-230,1.0,-4.8277943109190144e-67,3.7715027306849323e-236,0.0,1.0,-7.812061756970323e-170,4.364692180812216e-252,7.812061756970323e-170,1.0,1.618791793154789e-62,2.930988785010413e-14,-1.4150210981640706e-80,1.1054232206273685e-249,0.0,1.5782197191646056e-64,-1.2329149912182258e-233,2.930988785010413e-14,1.5782197191646056e-64,9.81
0.5941186434893977,0.05983829494758424,-7.467517068909633e-70,5.833670451355206e-239,0.09873888887329896,2.4442505312822367e-66,-1.9094636099884355e-235,-8.615330671091215e-14,4.968419575407355e-63,-3.881360055762254e-232,-5.6014430537008446e-12,3.807465479861596e-60,-2.9744155466211462e-229,1.0,2.4754689455931407e-65,-1.9338516280435824e-234,0.0,1.0,-7.812061756970326e-170,-8.380208987159455e-250,7.812061756970326e-170,1.0,5.096145191923209e-61,-8.615330671091215e-14,-2.1326983532302414e-78,1.6660771244423556e-247,0.0,4.968419575407355e-63,-3.881360055762254e-232,-8.615330671091215e-14,4.968419575407355e-63,9.81
0.6018882025383915,0.060605452575117374,3.785460226865204e-68,-2.957224907082586e-237,0.09873888887329807,7.715718943801083e-65,-6.027567288839991e-234,-5.773159728050814e-14,5.932247771749647e-62,-4.6343085950557876e-231,5.544285471520459e-12,-4.148489249914005e-59,3.2408254218455694e-228,1.0,7.814265515689474e-64,-6.104552479392974e-233,0.0,1.0,-7.812061756970332e-170,-5.363333751782051e-248,7.812061756970332e-170,1.0,6.084750995857879e-60,-5.773159728050814e-14,-4.51130029794747e-77,3.5242556531804266e-246,0.0,5.932247771749647e-62,-4.634308595055789e-231,-5.773159728050814e-14,5.932247771749647e-62,9.81
0.6096577615873852,0.06137261020265049,1.198207927079135e-66,-9.360474324033597e-236,0.09873888887329807,9.242632376486791e-64,-7.220401492208826e-233,0.0,-6.396702242510337e-61,4.997143295944131e-230,9.25952831326081e-12,-2.647143414917917e-57,2.067964783689609e-226,1.0,9.360680965680052e-63,-7.312621779118924e-232,0.0,-1.0,7.81206175697032e-170,-8.581334002851282e-247,-7.81206175697032e-170,-1.0,6.561145427147488e-59,-5.987748892458942e-123,-5.604940708491223e-185,0.0,0.0,-6.396702242510337e-61,4.99714329594413e-230,0.0,-6.396702242510337e-61,9.81
0.6174273206363791,0.06213976783018363,1.4400090205720182e-65,-1.1249439399302966e-234,0.09873888887329807,-9.862753968965335e-63,7.704844309936133e-232,8.615330671091215e-14,-4.1074951669003285e-59,3.20880059102825e-228,9.202370731080148e-12,-4.683392212379185e-56,3.6586949195220095e-225,1.0,-9.988722864424005e-62,7.803251989014181e-231,0.0,-1.0,7.812061756970323e-170,-2.2883557340936752e-246,-7.812061756970323e-170,-1.0,4.2130885743342367e-57,8.615330671091215e-14,-8.605615045890222e-75,6.72275961952074e-244,0.0,-4.1074951669003285e-59,3.2088005910282494e-228,8.615330671091215e-14,-4.1074951669003285e-59,9.81
0.6251968796853729,0.06290692545771676,-1.5206029076806744e-64,1.187904382263007e-233,0.0987388888732994,-6.373442616161213e-61,4.97897273219579e-230,1.4299672557172016e-13,-7.283975170978019e-58,5.690286387191879e-227,-5.5442854715206164e-12,-9.271500775958608e-56,7.242953664158657e-225,1.0,-6.454845389580534e-60,5.04256508150983e-229,0.0,-1.0,7.812061756970329e-170,-2.9290953396399042e-244,-7.812061756970329e-170,-1.0,7.471227919116276e-56,1.4299672557172016e-13,-9.230217547817307e-73,7.210702951381999e-242,0.0,-7.283975170978019e-58,5.690286387191879e-227,1.4299672557172016e-13,-7.283975170978019e-58,9.81
0.6329664387343665,0.0636740830852499,-9.889367660121674e-63,7.725635089825563e-232,0.09873888887330029,-1.1328517794432413e-59,8.849908062504332e-229,0.0,-1.4817844067010354e-57,1.1575791295664063e-226,-1.651854125020017e-11,1.8629579477621738e-53,-1.4553542538556793e-222,1.0,-1.1473207693241245e-58,8.962940705014771e-228,0.0,-1.0,7.812061756970287e-170,4.920880170595039e-242,-7.812061756970287e-170,-1.0,1.5198773704728689e-55,1.7000820254687234e-115,-1.9505394173748916e-173,0.0,0.0,-1.4817844067010354e-57,1.1575791295664063e-226,0.0,-1.4817844067010354e-57,9.81
0.6407359977833602,0.06444124071278301,-1.7618723617360464e-61,1.3763855697781161e-230,0.0987388888732994,-2.366296715309964e-59,1.8485656075317377e-228,-1.1368683772161603e-13,2.8875883810150804e-55,-2.255801876119976e-224,-3.65808525956003e-12,4.749350554197185e-52,-3.710221983488964e-221,1.0,-2.3965194892423478e-58,1.872175825174411e-227,0.0,1.0,-7.812061756970322e-170,8.435794578162924e-242,7.812061756970322e-170,1.0,2.961821042047696e-53,-1.1368683772161603e-13,2.7245272227018493e-71,-2.1284174922293585e-240,0.0,2.8875883810150804e-55,-2.2558018761199755e-224,-1.1368683772161603e-13,2.8875883810150804e-55,9.81
0.648505556832354,0.06520839834031615,-3.7759100880093584e-61,2.9497642796296226e-230,0.09873888887329851,4.4757291693026095e-57,-3.496467267806547e-226,-5.684341886080802e-14,7.378590130634626e-54,-5.764200177988942e-223,1.1031413360860164e-11,4.3388400195752235e-51,-3.3895286186535983e-220,1.0,4.532893999896893e-56,-3.541124786499476e-225,0.0,1.0,-7.812061756970325e-170,-5.998787255582524e-241,7.812061756970325e-170,1.0,7.568275192282458e-52,-5.684341886080802e-14,-2.5766519228778255e-69,2.0128963947737908e-238,0.0,7.378590130634626e-54,-5.764200177988944e-223,-5.684341886080802e-14,7.378590130634626e-54,9.81
0.6562751158813478,0.06597555596784928,6.937269690022749e-59,-5.419437924321609e-228,0.09873888887329851,1.1463312046942395e-55,-8.955210165013588e-225,5.773159728050814e-14,6.771050631055564e-53,-5.2895865689378965e-222,7.37332810130037e-12,-9.923249351749293e-50,7.752103676568121e-219,1.0,1.160972356256924e-54,-9.069587745214442e-224,0.0,1.0,-7.812061756970326e-170,-3.8392238435728152e-239,7.812061756970326e-170,1.0,6.945117374651991e-51,5.773159728050814e-14,6.702478852522736e-68,-5.23601787206952e-237,0.0,6.771050631055564e-53,-5.289586568937897e-222,5.773159728050814e-14,6.771050631055564e-53,9.81
0.6640446749303417,0.0667427135953824,1.7809200059064514e-57,-1.3912657070365149e-226,0.0987388888732994,1.0566372832035793e-54,-8.254515711103706e-224,5.773159728050814e-14,-1.5346068457955094e-51,1.1988443452023955e-220,-3.7152428417405756e-12,-4.1925909736333404e-48,3.2752779607739997e-217,1.0,1.0701328476153343e-53,-8.359943893733506e-223,0.0,-1.0,7.812061756970323e-170,-3.0713790748582522e-238,-7.812061756970323e-170,-1.0,1.5740577421044306e-49,5.773159728050814e-14,6.178047859517187e-67,-4.826329141606659e-236,0.0,-1.5346068457955094e-51,1.1988443452023953e-220,5.773159728050814e-14,-1.5346068457955094e-51,9.81
0.6718142339793354,0.06750987122291553,1.6488584227337023e-56,-1.2880983826896368e-225,0.0987388888732994,-2.3731803890326476e-53,1.8539431759553902e-222,0.0,-6.508145576953288e-50,5.084203517051235e-219,-3.7152428417405756e-12,-6.224745476163639e-47,4.862809608121201e-216,1.0,-2.403491082503354e-52,1.8776220768843658e-221,0.0,-1.0,7.812061756970322e-170,4.914206519773204e-237,-7.812061756970322e-170,-1.0,6.675453690443848e-48,1.5642269857840875e-101,-3.759605611343155e-153,2.9e-322,0.0,-6.508145576953288e-50,5.084203517051233e-219,0.0,-6.508145576953288e-50,9.81
0.6795837930283293,0.06827702885044867,-3.6699038332416914e-55,2.8669515387426213e-224,0.0987388888732994,-1.0102517899085507e-51,7.892149372855407e-221,0.0,-9.688051576860268e-49,7.568365722314617e-218,-7.373328101300528e-12,1.8579392484268566e-46,-1.4514336149409627e-215,1.0,-1.0231549103260562e-50,7.992949346414584e-220,0.0,-1.0,7.812061756970326e-170,-3.1450921726548502e-235,-7.812061756970326e-170,-1.0,9.937107104822589e-47,9.912377542356675e-99,-1.0141897755467958e-148,7.92291e-318,0.0,-9.688051576860268e-49,7.568365722314617e-218,0.0,-9.688051576860268e-49,9.81
0.687353352077323,0.0690441864779818,-1.5681933287864544e-53,1.2250823131348648e-222,0.0987388888732994,-1.5078109563112602e-50,1.1779112308540053e-219,-1.1457501614131615e-13,2.821992284249454e-48,-2.204557800225048e-217,-3.715242841740654e-12,3.2095776263627e-44,-2.507341863093563e-213,1.0,-1.527068993298138e-49,1.192955728279956e-218,0.0,1.0,-7.812061756970323e-170,-5.0321474762477604e-234,7.812061756970323e-170,1.0,2.894538634016818e-46,-1.1457501614131615e-13,1.7496395455603757e-62,-1.3668292182355151e-231,0.0,2.821992284249454e-48,-2.2045578002250487e-217,-1.1457501614131615e-13,2.821992284249454e-48,9.81
0.6951229111263167,0.06981134410551493,-2.3466751557892805e-52,1.8332371240573824e-221,0.09873888887329763,4.284101958665417e-50,-3.3467669074251756e-219,-5.773159728050814e-14,4.97771252649404e-46,-3.8886197665416205e-215,1.1031413360860295e-11,6.835872817324891e-43,-5.340226061173676e-212,1.0,4.3388192915182626e-49,-3.389512425767489e-218,0.0,1.0,-7.81206175697032e-170,1.5096442428743281e-233,7.81206175697032e-170,1.0,5.105677041494504e-44,-5.773159728050814e-14,-2.50486968010832e-62,1.9568196634168693e-231,0.0,4.97771252649404e-46,-3.8886197665416205e-215,-5.773159728050814e-14,4.97771252649404e-46,9.81
0.7028924701753104,0.07057850173304805,6.500297295073333e-52,-5.078072390778001e-221,0.09873888887329851,7.719848171139027e-48,-6.030793066737246e-217,5.684341886080802e-14,1.0625165493407493e-44,-8.30044490125294e-214,7.430485683481148e-12,4.1461602150022836e-42,-3.2390059653891213e-211,1.0,7.818447482273287e-47,-6.107819457514804e-216,0.0,1.0,-7.812061756970322e-170,-1.2882297539194267e-231,7.812061756970322e-170,1.0,1.0898311871774225e-42,5.684341886080802e-14,4.444272850760903e-60,-3.471893397497072e-229,0.0,1.0625165493407493e-44,-8.300444901252938e-214,5.684341886080802e-14,1.0625165493407493e-44,9.81
0.7106620292243043,0.0713456593605812,1.1972496491428722e-49,-9.352988197615167e-219,0.09873888887329851,1.6514854243231247e-46,-1.2901506125548588e-215,5.773159728050814e-14,6.492544448674873e-44,-5.0720158192922984e-213,-3.658085259559875e-12,-2.003962070104187e-40,1.5655075450280003e-209,1.0,1.672578497862485e-45,-1.3066286518682387e-214,0.0,1.0,-7.812061756970329e-170,-1.2367005637626496e-229,7.812061756970329e-170,1.0,6.659451496253644e-42,5.773159728050814e-14,9.656062825863423e-59,-7.543375912483043e-228,0.0,6.492544448674873e-44,-5.0720158192922984e-213,5.773159728050814e-14,6.492544448674873e-44,9.81
0.7184315882732981,0.07211281698811432,2.566912734295709e-48,-2.005288080507163e-217,0.0987388888732994,1.0166039976150614e-45,-7.941773211751777e-215,0.0,-3.1033551616302316e-42,2.424360217646799e-211,-1.1088570943040789e-11,-6.432725034378595e-39,5.025284523417463e-208,1.0,1.0295882495898408e-44,-8.043206990046817e-214,0.0,-1.0,7.812061756970325e-170,-3.2978681700337323e-229,-7.812061756970325e-170,-1.0,3.1831346458848865e-40,-3.1951780087184677e-86,-3.2897177331244003e-130,2.569947809416825e-299,0.0,-3.1033551616302316e-42,2.4243602176467993e-211,0.0,-3.1033551616302316e-42,9.81
0.7262011473222919,0.07287997461564746,1.591685454274101e-47,-1.243434506646065e-216,0.09873888887329851,-4.805825381413919e-44,3.7543404672821e-213,-1.1457501614131615e-13,-9.989394855660345e-41,7.803776952718026e-210,-2.107208034473804e-25,-7.819776578810538e-38,6.1088577559378014e-207,1.0,-4.8672062611325735e-43,3.802291589588029e-212,0.0,-1.0,7.812061756970322e-170,1.0553178144107943e-227,-7.812061756970322e-170,-1.0,1.0246197164160099e-38,-1.1457501614131615e-13,5.576602359323796e-56,-4.356476202510391e-225,0.0,-9.989394855660345e-41,7.803776952718026e-210,-1.1457501614131615e-13,-9.989394855660345e-41,9.81
0.7339707063712858,0.07364713224318059,-7.442159688666914e-46,5.813861109310098e-215,0.09873888887329763,-1.5512472598977736e-42,1.21184393946524e-211,0.0,-1.2182276727417957e-39,9.516869813509138e-209,1.4746656202600736e-11,7.864180703768628e-37,-6.143546532581487e-206,1.0,-1.5710600732892023e-41,1.2273218316445568e-210,0.0,-1.0,7.812061756970323e-170,-1.688508503057271e-226,-7.812061756970323e-170,-1.0,1.249545253351929e-37,1.91390885682066e-80,-3.0068657888655195e-121,2.3489821237538724e-290,0.0,-1.2182276727417957e-39,9.51686981350914e-209,0.0,-1.2182276727417957e-39,9.81
0.7417402654202794,0.0744142898707137,-2.4089097516187255e-44,1.8818551746613525e-213,0.09873888887329851,-1.897824193078465e-41,1.4825919800201336e-210,1.1457501614131615e-13,1.2120349321420272e-38,-9.46849174149885e-208,6.321624103421594e-25,5.288697188898078e-35,-4.1315629053587124e-204,1.0,-1.9220635503745114e-40,1.5015279156347322e-209,0.0,1.0,-7.812061756970323e-170,2.7016136048916335e-225,7.812061756970323e-170,1.0,1.243193312910214e-36,1.1457501614131615e-13,-2.2022046230879506e-53,1.7203758517048625e-222,0.0,1.2120349321420272e-38,-9.468491741498851e-208,1.1457501614131615e-13,1.2120349321420272e-38,9.81
0.7495098244692733,0.07518144749824685,-2.956493586235177e-43,2.3096310479755866e-212,0.0987388888732994,1.8678829223452367e-40,-1.459201674415119e-209,0.0,8.205986743551079e-37,-6.410567521750083e-206,-7.373328101300211e-12,9.508712257520972e-34,-7.428264738501451e-203,1.0,1.8917398642616715e-39,-1.4778388647734832e-208,0.0,1.0,-7.81206175697032e-170,4.322581767826614e-224,7.81206175697032e-170,1.0,8.416942098676186e-35,1.5523592248378393e-75,2.9366598292800876e-114,-2.2941367945549967e-283,0.0,8.205986743551079e-37,-6.410567521750079e-206,0.0,8.205986743551079e-37,9.81
0.7572793835182672,0.07594860512577999,2.878436234837534e-42,-2.2486521630051943e-211,0.09873888887329851,1.2732401469925473e-38,-9.94663065975975e-208,0.0,1.478782062226168e-35,-1.155233679521075e-204,3.65808525956003e-12,2.2613002261457006e-33,-1.7665417017701126e-202,1.0,1.2895022027504946e-37,-1.0073670843636129e-206,0.0,1.0,-7.812061756970319e-170,4.149678497113549e-222,7.812061756970319e-170,1.0,1.5167978432454273e-33,1.9068927266285625e-72,2.458942371396428e-109,-1.920940966217995e-278,0.0,1.478782062226168e-35,-1.1552336795210749e-204,0.0,1.478782062226168e-35,9.81
0.7650489425672607,0.0767157627533131,1.9755464075352946e-40,-1.543309053942658e-209,0.0987388888732994,2.2997647935340456e-37,-1.796590459359406e-206,5.684341886080802e-14,3.595920994343861e-35,-2.809155688100031e-204,3.136309632705287e-25,-3.688670917906866e-31,2.881612501182882e-200,1.0,2.3291378096071925e-36,-1.8195368409145965e-205,0.0,1.0,-7.812061756970306e-170,3.0984266111781166e-220,7.812061756970306e-170,1.0,3.688363111796668e-33,5.684341886080802e-14,1.3239615609604655e-49,-1.034286947807798e-218,0.0,3.595920994343861e-35,-2.809155688100031e-204,5.684341886080802e-14,3.595920994343861e-35,9.81
0.7728185016162546,0.07748292038084624,3.576510108666904e-39,-2.7939917843334484e-208,0.0987388888732994,5.715068114913486e-37,-4.464646505899602e-206,0.0,-5.717081481174649e-33,4.466219360056769e-202,-1.1031413360860138e-11,-9.576642071729917e-30,7.481331928875423e-199,1.0,5.7880620089284124e-36,-4.521669786692238e-205,0.0,-1.0,7.812061756970314e-170,4.426323730254452e-220,-7.812061756970314e-170,-1.0,5.864053319154789e-31,-3.309082212313516e-68,-1.9153173037512646e-103,1.4962577061098736e-272,0.0,-5.717081481174649e-33,4.466219360056768e-202,0.0,-5.717081481174649e-33,9.81
0.7805880606652484,0.07825007800837938,9.078266478321955e-39,-7.091997837488444e-208,0.0987388888732994,-8.860842783243657e-35,6.922145104150419e-204,-1.1457501614131615e-13,-1.4877661292482328e-31,1.1622520881615872e-200,-3.6580852595598474e-12,-9.009241689614075e-29,7.03807524627368e-198,1.0,-8.974015086005057e-34,7.010556005985479e-203,0.0,-1.0,7.812061756970314e-170,1.1331388749451398e-218,-7.812061756970314e-170,-1.0,1.5260128681166967e-29,-1.1457501614131615e-13,1.028197923331444e-46,-8.032345675453872e-216,0.0,-1.4877661292482328e-31,1.1622520881615873e-200,-1.1457501614131615e-13,-1.4877661292482328e-31,9.81
0.7883576197142422,0.07901723563591251,-1.3733203144565746e-36,1.0728463108636655e-205,0.09873888887329763,-2.3112858516459228e-33,1.8055907811069675e-202,-5.684341886080802e-14,-1.4056737873634373e-30,1.098121043703754e-199,1.4746656202600636e-11,1.9274282409332584e-27,-1.505718845029927e-196,1.0,-2.340806016778029e-32,1.8286521164157652e-201,0.0,-1.0,7.812061756970323e-170,-2.1756266398946684e-216,-7.812061756970323e-170,-1.0,1.4418101378439915e-28,-5.684341886080802e-14,1.330594168836131e-45,-1.039468382041244e-214,0.0,-1.4056737873634373e-30,1.0981210437037543e-199,-5.684341886080802e-14,-1.4056737873634373e-30,9.81
0.796127178763236,0.07978439326344564,-3.590626554045547e-35,2.805019638642132e-204,0.09873888887329851,-2.193153941691837e-32,1.713305403503952e-201,1.1457501614131615e-13,2.9801758448333534e-29,-2.3281317746469337e-198,3.658085259560084e-12,8.403052986727714e-26,-6.564516887941076e-195,1.0,-2.2211653044891827e-31,1.7351880531109288e-200,0.0,1.0,-7.812061756970316e-170,-1.7405013119157347e-215,7.812061756970316e-170,1.0,3.0567886975383165e-27,1.1457501614131615e-13,-2.544900506143795e-44,1.9880919919340362e-213,0.0,2.9801758448333534e-29,-2.3281317746469344e-198,1.1457501614131615e-13,2.9801758448333534e-29,9.81
0.8038967378122299,0.08055155089097878,-3.4217010138462706e-34,2.673053963405503e-203,0.0987388888732994,4.607817582047183e-31,-3.599655551580623e-200,0.0,1.3043546536567557e-27,-1.0189699107358201e-196,-1.1088570943040627e-11,1.2694609362406866e-24,-9.917107231973602e-194,1.0,4.666669469979434e-30,-3.645631009884727e-199,0.0,1.0,-7.812061756970314e-170,4.641336831775293e-215,7.812061756970314e-170,1.0,1.3378863431135403e-25,6.08699204024558e-57,2.8405979918221874e-86,-2.219092693884079e-255,0.0,1.3043546536567557e-27,-1.0189699107358201e-196,0.0,1.3043546536567557e-27,9.81
0.8116662968612238,0.08131870851851192,7.124235892601122e-33,-5.565497076422451e-202,0.09873888887329851,2.0246589465415386e-29,-1.5816760727184958e-198,-5.773159728050814e-14,1.9756105167474525e-26,-1.5433591364551141e-195,3.658085259560164e-12,-3.0984889217701737e-24,2.4205586810156964e-193,1.0,2.0505182604794912e-28,-1.6018775284661128e-197,0.0,1.0,-7.812061756970319e-170,-8.911366717008562e-213,7.812061756970319e-170,1.0,2.026398512289511e-24,-5.773159728050814e-14,-1.1837969443033008e-41,9.247894836610134e-211,0.0,1.9756105167474525e-26,-1.5433591364551143e-195,-5.773159728050814e-14,1.9756105167474525e-26,9.81
0.8194358559102175,0.08208586614604503,3.142719746831677e-31,-2.4551120747099174e-200,0.09873888887329851,3.0745323311184644e-28,-2.4018436444499357e-197,5.684341886080802e-14,-4.684343062703375e-26,3.659437729667423e-195,3.715242841740522e-12,-6.385931715508327e-22,4.988729293734642e-191,1.0,3.1138008197192662e-27,-2.4325204302551707e-196,0.0,-1.0,7.812061756970316e-170,-4.7527289157379e-212,-7.812061756970316e-170,-1.0,4.8047657839681726e-24,5.684341886080802e-14,1.769990842444296e-40,-1.382727777044676e-209,0.0,-4.684343062703375e-26,3.659437729667424e-195,5.684341886080802e-14,-4.684343062703375e-26,9.81
0.8272054149592112,0.08285302377357816,4.784676334825621e-30,-3.7378187014772136e-199,0.0987388888732994,-7.0765901116294005e-28,5.528275898081433e-197,0.0,-9.903418604129216e-24,7.736611774058616e-193,-1.103141336086032e-11,-1.3825772828786853e-20,1.0800779117632508e-189,1.0,-7.166973613314606e-27,5.59888404777904e-196,0.0,-1.0,7.812061756970314e-170,9.5054578314758e-212,-7.812061756970314e-170,-1.0,1.0158010678656818e-21,7.097753981740306e-50,-5.086941550093145e-76,3.973950154342596e-245,0.0,-9.903418604129216e-24,7.736611774058618e-193,0.0,-9.903418604129216e-24,9.81
0.8349749740082049,0.08362018140111128,-1.0682124972882714e-29,8.34494199838346e-199,0.09873888887329851,-1.5358293803025715e-25,1.1997993967093135e-194,-1.1457501614131615e-13,-2.148871602130907e-22,1.678711766364639e-191,-3.658085259560164e-12,-8.817495585183966e-20,6.888282005327009e-189,1.0,-1.5554452737191967e-24,1.2151234537881959e-193,0.0,-1.0,7.812061756970317e-170,-4.866794409715609e-209,-7.812061756970317e-170,-1.0,2.2041137059890904e-20,-1.1457501614131615e-13,1.7821516734331088e-37,-1.3922278933147436e-206,0.0,-2.148871602130907e-22,1.6787117663646396e-191,-1.1457501614131615e-13,-2.148871602130907e-22,9.81
0.8427445330571988,0.08438733902864443,-2.381758735553316e-27,1.8606446332346028e-196,0.09873888887329763,-3.3398646193036446e-24,2.609122866592022e-193,-5.684341886080802e-14,-1.3800644708707342e-21,1.0781148875042712e-190,2.2005669139539758e-11,3.9377071321216144e-18,-3.0761611296996516e-187,1.0,-3.382521980361132e-23,2.6424470604890698e-192,0.0,-1.0,7.812061756970297e-170,6.22949684443598e-207,-7.812061756970297e-170,-1.0,1.415542470000736e-19,-5.684341886080802e-14,1.9227411373555766e-36,-1.5020572507689109e-205,0.0,-1.3800644708707342e-21,1.078114887504271e-190,-5.684341886080802e-14,-1.3800644708707342e-21,9.81
0.8505140921061926,0.08515449665617755,-5.190923287562224e-26,4.055181329813147e-195,0.09873888887329763,-2.1598567733727275e-23,1.6872934499798347e-192,2.2737367544323206e-13,6.097360900111219e-20,-4.7632959906204945e-189,1.114572852522084e-11,1.293048167710174e-16,-1.0101372140889188e-185,1.0,-2.187442858653463e-22,1.70884387016445e-191,-0.9999999990558588,4.345437079854956e-05,-3.3946822828855646e-174,1.4258186747213699e-210,3.3946822828855646e-174,4.345437079854956e-05,6.254108768979231e-18,2.2737367544323206e-13,-4.973669225940882e-35,3.885461115179282e-204,2.2737367501123678e-13,-9.880379993095659e-18,7.718613868839719e-187,2.2737367544323206e-13,6.097360900111219e-20,9.81
0.8582836511551861,0.08592165428371067,-3.380044534973139e-25,2.6405116648520113e-194,0.09873888887330118,9.441362465094556e-22,-7.375650664726015e-191,1.163513729807164e-13,2.0079027539725315e-18,-1.5685860316024188e-187,-2.9321839658658115e-11,1.6048168130431647e-15,-1.2536928052117495e-184,1.0,9.561949271284016e-21,-7.469853822428801e-190,0.9999989761465036,0.0014309807632662823,-1.1178910095672714e-172,-1.9467177638862437e-208,1.1178910095672714e-172,0.0014309807632662823,2.0595209020097823e-16,1.163513729807164e-13,1.112545926085856e-33,-8.691277482048436e-203,1.1635113760058558e-13,1.6649641015851788e-16,-1.3006802384722011e-185,1.163513729807164e-13,2.0079027539725315e-18,9.81
0.8660532102041802,0.08668881191124383,1.4619135402226717e-23,-1.1420558859570615e-192,0.0987388888732994,3.1179439455522255e-20,-2.4357570657425674e-189,-2.282618538629322e-13,2.4998411592516585e-17,-1.9528913518690233e-186,-1.1145728525219352e-11,-1.4850209776039058e-14,1.1601075587438139e-183,1.0,3.157766895223153e-19,-2.4668669999599677e-188,0.0,1.0,-7.81206175697032e-170,-1.913701430610733e-203,7.81206175697032e-170,1.0,2.5641058109001378e-15,-2.282618538629322e-13,-7.207977255706324e-32,5.630916346441521e-201,0.0,2.4998411592516585e-17,-1.9528913518690233e-186,-2.282618538629322e-13,2.4998411592516585e-17,9.81
0.8738227692531739,0.08745596953877695,4.841629874748974e-22,-3.7823111585931445e-191,0.09873888887329763,3.893974062447132e-19,-3.04199658558776e-188,-5.684341886080802e-14,-2.2875126073577554e-16,1.7870189758526966e-185,1.834758387998012e-11,-1.0562783556691927e-12,8.251711747038785e-182,1.0,3.943708610539364e-18,-3.080849521702912e-187,0.0,-1.0,7.812061756970312e-170,-3.572242670473368e-202,-7.812061756970312e-170,-1.0,2.3463188240285567e-14,-5.684341886080802e-14,-2.2417388041386423e-31,1.7512601980927867e-200,0.0,-2.2875126073577554e-16,1.7870189758526963e-185,-5.684341886080802e-14,-2.2875126073577554e-16,9.81
0.8815923283021676,0.08822312716631006,6.065511418088786e-21,-4.738414978571822e-190,0.09873888887329851,-3.523413416181193e-18,2.752512320254522e-187,5.684341886080802e-14,-1.638863570149896e-14,1.2802903421259836e-183,7.259012936939335e-12,-1.929851695417469e-11,1.5076120626395113e-180,1.0,-3.568415096003792e-17,2.787667910448677e-186,0.0,-1.0,7.812061756970312e-170,0.0,-7.812061756970312e-170,-1.0,1.6809946455765678e-12,5.684341886080802e-14,-2.02840913971374e-30,1.5846057467846759e-199,0.0,-1.638863570149896e-14,1.2802903421259836e-183,5.684341886080802e-14,-1.638863570149896e-14,9.81
0.8893618873511616,0.08899028479384322,-5.426657419460174e-20,4.239338289474402e-189,0.09873888887329851,-2.542755482242556e-16,1.9864162860153674e-185,5.595524044110789e-14,-3.001106853276855e-13,2.344483207706561e-182,-3.65808525956005e-12,-5.3393120699194925e-11,4.171103562994799e-180,1.0,-2.575232019782411e-15,2.011787157706759e-184,-0.004675437219176979,-0.9999890700836731,7.81197637178896e-170,1.8289882472823645e-199,-7.81197637178896e-170,-0.9999890700836731,3.078257789756176e-11,5.595524044110866e-14,-1.440977268585667e-28,1.1257003412581628e-197,-1.401910166248689e-15,-2.998425126398448e-13,2.342388226107617e-182,5.595524044110789e-14,-3.001106853276855e-13,9.81
0.8971314464001552,0.08975744242137633,-3.945152261868936e-18,3.081977311037124e-187,0.0987388888732994,-4.666978795190837e-15,3.6458726566501685e-184,0.0,-8.460706438663792e-13,6.609556120643778e-182,-3.6009276773794044e-12,7.299631471013636e-09,-5.702517185468257e-178,1.0,-4.7265863009451624e-14,3.692438408263344e-183,0.0,-1.0,7.812061756970297e-170,3.76249010869515e-198,-7.812061756970297e-170,-1.0,8.678209998827383e-11,3.9990259149306814e-26,-1.8901741106636055e-39,1.4766156883930508e-208,0.0,-8.460706438663792e-13,6.609556120643776e-182,0.0,-8.460706438663792e-13,9.81
0.9049010054491491,0.09052460004890947,-7.257500123347106e-17,5.66960391648072e-186,0.09873888887329851,-1.3401467202504406e-14,1.0469308941997638e-183,0.0,1.131297248145441e-10,-8.837763968002753e-180,3.658085259559795e-12,1.9305099676971317e-07,-1.5081263090096755e-176,1.0,-1.3572633189847958e-13,1.06030248683797e-182,0.0,1.0,-7.812061756970314e-170,2.5083267391301e-197,7.812061756970314e-170,1.0,1.1603800653852204e-08,-1.5354682577762473e-23,2.0840347437451914e-36,-1.62806081218092e-205,0.0,1.131297248145441e-10,-8.837763968002755e-180,0.0,1.131297248145441e-10,9.81
0.912670564498143,0.09129175767644261,-2.121921338078951e-16,1.6576580536505816e-185,0.0987388888732994,1.7532691754908709e-12,-1.3696647075527105e-181,5.684341886080802e-14,2.998996167094968e-09,-2.3428343266263148e-178,-1.1088570943041655e-11,1.61868211798487e-05,-1.4659955674577925e-175,1.0,1.775662249694389e-11,-1.3871583154133407e-180,0.0,1.0,-7.812061756970312e-170,2.1404388173910186e-196,7.812061756970312e-170,1.0,3.0760928431218377e-07,5.684347211285083e-14,1.0093480757234496e-24,-7.885089501830736e-194,0.0,2.998996167094968e-09,-2.3428343266263146e-178,5.684341886080802e-14,2.998996167094968e-09,9.81
0.9204401235471366,0.09205891530397572,2.717168177427911e-14,-2.1226685606141308e-183,0.0987388888732994,4.6588354148696123e-11,-3.6395109976521814e-180,-1.723066134218243e-13,2.516420556694778e-07,-2.286865589353204e-177,-1.1924370318274499e-09,0.0006160517383245764,2.7496424614033204e-174,1.0,4.71833891188281e-10,-3.685995496994461e-179,-1.672809420650138e-08,0.9999999999999999,-9.087771848267345e-171,3.257203621654531e-179,9.087771848267345e-171,0.9999999999999999,2.5811114231038488e-05,-1.7218788017151116e-13,-8.124407751678556e-23,6.34683750949212e-192,-4.2094920135567365e-15,2.5164205566948053e-07,-2.28686558935323e-177,-1.723066134218243e-13,2.516420556694778e-07,9.81
0.9282096139069276,0.09282606614921331,7.237206288404013e-13,-5.653750247294604e-182,0.09873888887329674,3.911997828273693e-09,-3.567243162079951e-179,-1.8472334772923205e-11,9.575777160922285e-06,4.249213259892838e-176,-6.20361695446184e-08,0.005173396163514585,1.2384058851249897e-172,0.9999999999999993,3.961962579195748e-08,-3.612804643424223e-178,-7.537639523072795e-07,0.9999999999997159,4.437460467681065e-171,5.370909875384481e-178,-4.43746046768079e-171,0.9999999999997451,0.0009821946395009717,-1.8092946065140263e-11,-7.168357525749273e-19,6.5366279557362816e-189,-7.217875639239006e-12,9.575777160930767e-06,4.249213259896558e-176,-1.8472334772923205e-11,9.575777160922285e-06,9.81
0.9359763684395028,0.09359294686191141,6.078401708602432e-11,-5.561814641097623e-181,0.09873888887301252,1.487685429730563e-07,6.562736505526268e-178,-9.636549336278222e-10,8.060505508006252e-05,1.921084881557169e-174,-1.4421397882157944e-06,0.026138100177985447,2.3449364302058076e-171,0.9999999999988649,1.5066864198180084e-06,6.646556975093283e-177,-6.3634197007575065e-06,0.9999999999797534,2.3833305238852206e-170,2.9262760367797303e-176,-2.383330523886745e-170,0.999999999988206,0.008267720905307611,-8.422083917679597e-10,-1.2689439465349901e-15,-5.597786060793783e-186,-5.129237955057502e-10,8.06050550829307e-05,1.9210848816248784e-174,-9.636549336278222e-10,8.060505508006252e-05,9.81
0.9437240315212183,0.09435794250596029,2.303402496436943e-09,1.009768501762574e-179,0.09873888885838156,1.2520898001277418e-06,2.9698975815008173e-176,-2.2342074856851468e-08,0.00041444514188727547,3.6342612939935395e-173,-1.91331809460959e-05,0.09802733347849507,3.830752165219916e-170,0.9999999999195984,1.2680817198813219e-05,3.0078296561769846e-175,-3.371720906698517e-05,0.9999999994315749,8.768980317301868e-170,8.111953987902355e-175,-8.768980317610984e-170,0.9999999997787351,0.04250994882098219,-1.7086571770472595e-08,-2.1667169319318607e-13,-5.139349729775608e-183,-1.3973933513266057e-08,0.0004144451421694258,3.634261296350875e-173,-2.2342074856851468e-08,0.00041444514188727547,9.81
0.9513869147899751,0.09511456708526003,1.9193841376419366e-08,4.5234495376395923e-178,0.09873888853215806,6.4897202954769875e-06,5.552194000599299e-175,-2.9305527426970457e-07,0.0015819954875280105,5.865502547029267e-172,-0.00015652006308041443,0.2860974478716672,4.043108239737688e-169,0.9999999978400411,6.572608197170292e-05,5.623107643953785e-174,-0.0001324398143671125,0.9999999912298478,3.70766069652419e-169,1.8745893491662732e-173,-3.707660695963029e-169,0.9999999977746391,0.16226646475152431,-1.8907690813618874e-07,-1.2427284389957706e-11,-1.0631998097322184e-180,-2.0951919200058288e-07,0.001581995498591514,5.865502583647296e-172,-2.9305527426970457e-07,0.0015819954875280105,9.81
0.9587897257841085,0.09584551241260293,9.788427518475138e-08,8.120479440169046e-177,0.09873888457137703,2.462653663698917e-05,8.601638313082041e-174,-2.318457744010516e-06,0.004656321702066498,5.957547980383776e-171,-0.000832135836669994,0.6508680556009674,-3.852577564678395e-168,0.9999999688971469,0.00024941071572700846,8.711500117594036e-173,-0.0004002009017764185,0.9999999199196159,1.2794535774302545e-168,2.3199443828662363e-172,-1.2794535724991e-168,0.9999999886311586,0.47760246280099045,-1.1571211075424887e-06,-2.8859841259123484e-10,-1.0080260977951807e-178,-1.8634643662271545e-06,0.004656321884155273,5.957548169431993e-171,-2.318457744010516e-06,0.004656321702066498,9.81
0.965655889689912,0.09652346975464197,3.5611117556601045e-07,1.1536291057386946e-175,0.09873885729489729,7.064844778797564e-05,8.052520817002749e-173,-1.1589035064929476e-05,0.010625537321199068,-4.96502222756475e-170,-0.0029849344716860395,1.143413465863321,-2.1659644540902314e-167,0.9999997440242095,0.0007155078723737104,8.15536960459488e-172,-0.0009575290370409068,0.9999995415689665,-4.672723427764119e-168,-4.158906984582332e-171,4.672721450759725e-168,0.9999999707128575,1.0898700365316927,-3.98637547648259e-06,-2.8522837657763852e-09,-3.2510373715277154e-177,-1.0174266480557404e-05,0.01062553867588169,-4.965022626461065e-170,-1.1589035064929476e-05,0.010625537321199068,9.81
0.9718583155616523,0.09713589006386439,9.794201761016419e-07,9.784744451660261e-175,0.09873874274098782,0.0001585315639390465,-5.642996292748823e-172,-3.926213757665664e-05,0.01925291640429006,-2.5997187336253196e-169,-0.007540972476964201,1.5528894128235107,3.1052834153754986e-166,0.9999987110814715,0.0016055638871221706,-5.715070764258235e-171,-0.0018946255276411853,0.9999982051954444,-1.3502960824754549e-167,-1.5964805762628115e-170,1.3502954248457115e-167,0.9999999582215561,1.974790738905282,-8.350288907593935e-06,-1.340693959752252e-08,4.7722553519383394e-176,-3.6477142367504135e-05,0.01925292168082255,-2.5997191381698964e-169,-3.926213757665664e-05,0.01925291640429006,9.81
0.977535977337276,0.09769649476605258,2.1811451528026553e-06,-5.881500790033422e-174,0.0987384117568535,0.00029426493892323796,-2.8511545860154385e-171,-9.808133802380326e-05,0.028911248119215822,3.293248852730386e-168,-0.014174923234648657,1.6531275411491295,-1.3796536864778182e-165,0.9999955590909719,0.0029802346106604155,-2.8875711828526527e-170,-0.0032550465476173045,0.9999947023219539,1.1390828268406604e-166,3.68348965350246e-169,-1.13907682835959e-166,0.9999999622388328,2.9654675185815846,-1.191854724180681e-05,-3.552022474091062e-08,3.441580639437464e-175,-9.410799903069423e-05,0.02891126105268772,3.2932495433181875e-168,-9.808133802380326e-05,0.028911248119215822,9.81
0.982977329440805,0.09823376394837935,4.213127152770246e-06,-2.9963238299675834e-173,0.09873767058531158,0.00047768004496397327,3.434291686551666e-170,-0.00019510770854225257,0.03765627035444398,-1.4672257250413763e-167,-0.020990566744774137,1.401809048919275,3.2332266377794605e-165,0.9999882977108524,0.004837813695445099,3.4781573001664667e-169,-0.005057263032343415,0.9999872119635439,-3.8963137455943454e-166,-2.2327752821551426e-168,3.89625055984795e-166,0.9999999759204049,3.8624884012602263,-1.2931253568280754e-05,-6.255972770392452e-08,-4.497746033806538e-174,-0.00019044021873274164,0.037656293959469504,-1.4672261205653428e-167,-0.00019510770854225257,0.03765627035444398,9.81
0.9884622440317247,0.09877532884343534,7.409523571298768e-06,3.727496025273626e-172,0.09873627480607361,0.0007060527934635149,-1.6504550935048184e-169,-0.00032770622136624183,0.0442098264561615,3.919197646361256e-167,-0.02582703485265528,0.956781027089344,-5.397151573300073e-167,0.9999744333265461,0.007150712779361133,-1.6715365250511454e-168,-0.007300878195927494,0.9999733482336257,8.864751717081619e-166,8.010421314570102e-168,-8.864403038023525e-166,0.9999999887245851,4.53476768661563,-1.1565776288893585e-05,-8.27056588207952e-08,1.933311179081212e-173,-0.0003227794232805504,0.044209862427072893,3.919198992199281e-167,-0.00032770622136624183,0.0442098264561615,9.81
0.9942150458088568,0.09934333371349112,1.2215217684644816e-05,-2.0155826465283526e-171,0.09873394772274935,0.0009759099164035106,5.162342425432444e-169,-0.0004862512633740934,0.04827764747701488,-2.06984212328388e-167,-0.027885280438821165,0.5244528924509457,-5.3744289119754925e-164,0.9999511544907865,0.00988375599370315,5.228283064993398e-168,-0.009969760157378169,0.9999503007061923,-4.28715767531182e-166,-9.465345259948608e-168,4.2864270196301624e-166,0.9999999963012774,4.952137414992732,-9.062581882644448e-06,-8.957672342168185e-08,-4.738405788058173e-173,-0.00048134097670260353,0.04827769643382842,-2.069843837903652e-167,-0.0004862512633740934,0.04827764747701488,9.81
1.0004089466927364,0.099954872679195,1.919717030810934e-05,7.393221945609101e-171,0.09873039083298529,0.0012840653692101785,-5.397638597120847e-169,-0.0006611416850050844,0.05030799849966766,-6.425695346386172e-166,-0.027958033419920973,0.22554978336204412,3.558512089342891e-163,0.9999154356203788,0.013004676393824981,-5.466586431620093e-168,-0.01304289794294184,0.999914937788835,-1.2771612101961297e-164,-1.6062456098177483e-166,1.2770603378636055e-164,0.9999999992694325,5.1605901380095185,-6.845956486415931e-06,-8.903697806886001e-08,3.742717784617843e-173,-0.0006562187471100624,0.05030806271450645,-6.425697209921137e-166,-0.0006611416850050844,0.05030799849966766,9.81
1.0071733988254346,0.10062271452183272,2.904179762548031e-05,-1.1467546820172877e-170,0.09872527670450282,0.0016284830683074322,-8.373910542511233e-168,-0.0008482096414539342,0.05107835118528971,5.13515611848482e-165,-0.02747226789852815,0.07794053897187281,-1.5675469987805867e-162,0.9998639836343839,0.016492853930737572,-8.480879297704078e-167,-0.0165052476212336,0.9998637791224173,1.0052106421911536e-163,1.7426764693769953e-165,-1.0050599191916386e-163,0.9999999999231776,5.239886379059137,-5.665715204500312e-06,-9.34565248978423e-08,4.805678329354071e-172,-0.0008431770638948001,0.05107843426054509,5.135158086257152e-165,-0.0008482096414539342,0.05107835118528971,9.81
1.014632922968666,0.1013591344738383,4.2613724013368606e-05,-1.1988093640854186e-169,0.09871819119255587,0.0020108401590692437,8.17006297408294e-167,-0.0010516401380877838,0.05136409136515277,-2.647876056449508e-164,-0.027634768810339244,0.042665508640357785,5.88171770019305e-162,0.9997926062784706,0.020365275124660666,8.274430938857775e-166,-0.020374213196947922,0.9997924241744409,-5.15403336305327e-163,-1.1323602080728452e-164,5.1527958638731877e-163,0.9999999999600387,5.269580922856327,-5.377066945040611e-06,-1.0952816315283923e-07,-4.450139840098114e-171,-0.0010467222642546537,0.05136419158376568,-2.647877206186936e-164,-0.0010516401380877838,0.05136409136515277,9.81
1.022760349788434,0.10216142466005075,6.065182710832316e-05,1.39630128950477e-168,0.09870874279769826,0.0024292413018308714,-4.749031093876499e-166,-0.001279458766846986,0.05174946135252609,1.1093643809541352e-163,-0.029088547558153606,0.07043271678797414,-1.991214766177538e-161,0.9996973066679833,0.024602744578199377,-4.809699180913435e-165,-0.024626695195131304,0.9996967169515794,2.143067685771586e-162,5.7533587367515036e-164,-2.1423005464773339e-162,0.99999999971301,5.309630890688759,-5.890919812016347e-06,-1.4497667893970543e-07,2.834213116880169e-170,-0.0012748076604257007,0.05174957592865524,1.1093648908167394e-163,-0.001279458766846986,0.05174946135252609,9.81
1.0314512880668398,0.10301924810785579,8.371427256387001e-05,-8.878292682064774e-168,0.09869653644047549,0.0028814955373054033,2.1566919192947468e-165,-0.0015420953332352383,0.052575494171927806,-4.043037947709748e-163,-0.03191598792590322,0.1229791019144355,6.250107416436737e-161,0.9995740834129788,0.029183073332038817,2.1842441753094198e-164,-0.02923318789388285,0.999572619035536,-7.686664602021707e-162,-2.4615360346885798e-163,7.682752199865008e-162,0.9999999987431929,5.3950595618145885,-7.120993125075151e-06,-2.0790101305593144e-07,-1.5560615280015834e-169,-0.0015376102795786443,0.05257562534040296,-4.043039900624404e-163,-0.0015420953332352383,0.052575494171927806,9.81
1.040584606857264,0.1039206110486641,0.00011221909117723565,4.286705570548955e-167,0.09868113124987943,0.0033668485847362876,-8.322855956049411e-165,-0.0018498766487224927,0.053966816226882125,1.3354653598584883e-162,-0.035916553866891354,0.17794814977325846,-1.9004360991811734e-160,0.9994184728750215,0.0340986227897816,-8.429185888121689e-164,-0.034177982218598774,0.99941576209877,2.4731533784861366e-161,9.275538539252208e-163,-2.471427080146913e-161,0.9999999968473664,5.538705744616955,-8.601780508199868e-06,-2.934795351799364e-07,7.254819561605752e-169,-0.0018455601767682843,0.053966963841425845,1.3354660193749384e-162,-0.0018498766487224927,0.053966816226882125,9.81
1.0500170366394277,0.10485133207277503,0.00014637183509043044,-1.7190354709281466e-166,0.09866209288288541,0.0038839320325506415,2.846023062733816e-164,-0.0022102615133201553,0.05589480816528006,-4.163974397980328e-162,-0.04079315942772058,0.22434392057573893,6.021702971557321e-160,0.9992260583949049,0.03933553386675117,2.8823840281314507e-163,-0.03944054095800875,0.9992219191595728,-7.443848201002176e-161,-3.2160915601291997e-162,7.436950269324226e-161,0.999999994478189,5.737696856082256,-9.891119337919211e-06,-3.893738122900644e-07,-2.8532086568836264e-168,-0.002206244361021772,0.05589496672731391,-4.163976385427414e-162,-0.0022102615133201553,0.05589480816528006,9.81
1.0596070648760314,0.10579740327447605,0.00018618466315749717,6.005329104834072e-166,0.09863902566200977,0.004430446912180814,-9.009474360867535e-164,-0.002626684769995613,0.05824072770493316,1.316691856410459e-161,-0.04619348433739831,0.2575773024732544,-2.1934617274660847e-159,0.9989928108930844,0.04487052243883568,-9.124583354333238e-163,-0.04499340018057308,0.9989872841734228,2.2584802807466167e-160,1.1045453285926836e-161,-2.2557950179793226e-160,0.9999999924352581,5.979917661750409,-1.073649778363147e-05,-4.82237969544812e-07,9.806483879776796e-168,-0.0026231120754659915,0.058240888615564604,1.3166924199665622e-161,-0.002626684769995613,0.05824072770493316,9.81
1.0692332711101131,0.10674680180954574,0.0002315285646333602,-1.9155554199023912e-165,0.09861160184619866,0.005003190337672769,2.8332950252138723e-163,-0.0030981272129464443,0.06084541325921117,-4.6604065568023575e-161,-0.051737039418371544,0.2763755756015178,9.491158700752478e-159,0.9987153922054554,0.050671149305136484,2.869495373124108e-162,-0.05080260437244502,0.9987087139847017,-7.649514206739328e-160,-4.1626757682022944e-161,7.638229802782976e-160,0.9999999913374833,6.249101149742596,-1.1026132315548759e-05,-5.594254390988944e-07,-3.1680132207687573e-167,-0.0030951099272457337,0.06084556674337485,-4.660408192129597e-161,-0.0030981272129464443,0.06084541325921117,9.81
1.0788041455967425,0.10769045979339595,0.00028219901095326934,5.979526136215785e-165,0.09857957816815333,0.005598352580139852,-9.753336342160646e-163,-0.003619580101941189,0.06354569272934829,1.936369958264889e-160,-0.05705980159806004,0.2813807100730492,-4.525149881933397e-158,0.9983913274706135,0.05669882918955348,-9.877955047958346e-162,-0.05683020904675673,0.9983838577119032,3.0422783412799715e-159,1.8235561088639663e-160,-3.0368229454352775e-159,0.9999999913417679,6.5285568298124135,-1.0773645876691985e-05,-6.118373532539282e-07,1.065930630048643e-166,-0.0036171686618367348,0.06354582999383245,1.936370472895625e-160,-0.003619580101941189,0.06354569272934829,9.81
1.088259608291797,0.10862241406349787,0.00033797493392249896,-2.0059549423589497e-164,0.09854279727393678,0.006211919865676478,3.8929332531954605e-162,-0.0041831751075953605,0.06619923060273553,-8.91433173585345e-160,-0.06186595380129248,0.27456142715090515,2.1681162566116898e-157,0.9980190207094461,0.06291291045690364,3.942674188800362e-161,-0.06303752532875156,0.9980111574528748,-1.3439112106865996e-158,-8.848419849057923e-160,1.3410004139858467e-158,0.9999999922046515,6.803715691879265,-1.0082045146705957e-05,-6.355498145579264e-07,-3.9829119831785284e-166,-0.004181358971706226,0.06619934531559345,-8.914333436591902e-160,-0.0041831751075953605,0.06619923060273553,9.81
1.0975666514045317,0.1095393754093117,0.000398657977980065,7.706316365765906e-164,0.09850117769039812,0.006840030519977003,-1.7286686226044186e-161,-0.004779674614163731,0.06869894195326404,4.163916605167666e-159,-0.06597337921084201,0.25881328984757035,-9.926267947171776e-157,0.997597651272427,0.06927428221019066,-1.750756486545658e-160,-0.06938789208323565,0.9975897555770334,6.046491549895635e-158,4.3633172936388325e-159,-6.030750955592938e-158,0.9999999935152275,7.063608416209649,-9.100361634862355e-06,-6.319391583411912e-07,1.5970884796916603e-165,-0.004778398038860343,0.06869903074614599,4.1639171470071897e-159,-0.004779674614163731,0.06869894195326404,9.81
1.1067122320661118,0.11044002634425172,0.00046408903295648373,-3.301697676560963e-163,0.09845469828252984,0.00747920783827279,7.86666597526372e-161,-0.005399954521069894,0.07097814230866539,-1.8716355397568277e-158,-0.06933431033554033,0.23749387133626332,4.261950822984583e-156,0.9971270134647457,0.07574773276393645,7.967182152475626e-160,-0.07584841401654772,0.9971193600021887,-2.6293200825656926e-157,-2.0710926653393477e-158,2.6211617832411617e-157,0.9999999949023549,7.301396451548643,-7.984164274397174e-06,-6.065248796128301e-07,-6.379457205594972e-165,-0.005399137210113194,0.070978204479497,-1.8716356932633023e-158,-0.005399954521069894,0.07097814230866539,9.81
1.1156960101283337,0.1113243038627428,0.0005341470370758051,1.4637255338761421e-162,0.09840338190440079,0.008126469453328476,-3.4723391639986224e-160,-0.006036176428072082,0.07300831246214534,7.92609338487012e-158,-0.07202369473607162,0.21390222808155634,-1.7049762089103182e-155,0.9966073483420252,0.08230305723773058,-3.516707108845889e-159,-0.08239072317643889,0.9966001047232853,1.0819510275391637e-156,9.255262802093414e-158,-1.077990600549838e-156,0.9999999961311066,7.51414756833586,-6.8670877569877056e-06,-5.671063108857526e-07,2.4231746206008673e-164,-0.00603573154708361,0.07300834924125682,7.926093736709832e-158,-0.006036176428072082,0.07300831246214534,9.81
1.1245244386134678,0.11219281605190724,0.0006087382983688478,-6.346715015775128e-162,0.0983472804761476,0.008779351135204838,1.4514632113431394e-159,-0.006682484377286357,0.07479193363282022,-3.137994993331618e-157,-0.0742014024871821,0.19082017768147264,6.318706430356296e-155,0.9960391908411711,0.08891529850630478,1.470009374496716e-158,-0.0889911011764754,0.9960324211145932,-4.1789857173405454e-156,-3.862175324743299e-157,4.1611253749069254e-156,0.9999999971040632,7.702106298154483,-5.845980246532389e-06,-5.218640827208933e-07,-8.627818909683426e-164,-0.00668233043024997,0.07479194738730853,-3.137995041907261e-157,-0.006682484377286357,0.07479193363282022,9.81
1.1332066889642787,0.11304644005268556,0.000687783650237028,2.620249638865234e-161,0.09828646212235537,0.009435883512873701,-5.692023113647125e-159,-0.0073352052135060575,0.07635295389089214,1.1544805614576701e-156,-0.07606296671509744,0.17022430679086042,-2.143265519579266e-154,0.9954232387118643,0.09556451136474718,-5.76475331420102e-158,-0.09563027368436519,0.9954169230805018,1.5051016602538937e-155,1.495726377227732e-156,-1.497661884303375e-155,0.9999999978177152,7.867720655257661,-4.978112021111707e-06,-4.779181601507895e-07,2.882953366580431e-163,-0.007335271382256815,0.0763529475340224,1.1544805541691778e-156,-0.0073352052135060575,0.07635295389089214,9.81
1.1417522382187004,0.11388608415834474,0.0007712078522779531,-1.0184688950633213e-160,0.09822100062408357,0.010094545104571966,2.080429433135796e-158,-0.007992642084946766,0.07772711977278601,-3.9021665080252593e-156,-0.07779491739555072,0.15321244832630754,6.47031237523721e-154,0.9947602455548014,0.10223528678372917,2.10701222815496e-157,-0.10229304476896868,0.9947543078528958,-4.994007285647912e-155,-5.315233619548059e-156,4.96568458681175e-155,0.9999999983143794,8.014653450727607,-4.2856481827685636e-06,-4.404523330897168e-07,-9.077476876478161e-163,-0.007992869483347818,0.07772709638884624,-3.9021664203293717e-156,-0.007992642084946766,0.07772711977278601,9.81
1.1501696769101684,0.11471257038299403,0.0008589328066498595,3.700044215915268e-160,0.09815096754497699,0.010754202272478794,-7.010361950287811e-158,-0.008654620336868923,0.07895382556043407,1.181504629263154e-155,-0.07954462783824523,0.14010848052036806,-1.620441616353778e-153,0.9940509411646877,0.10891614375104605,-7.099937034645508e-157,-0.10896783264844795,0.9940452763571184,1.4875398406347695e-154,1.6907476198970702e-155,-1.4779167138523564e-154,0.9999999986480839,8.146947494379152,-3.76474611952799e-06,-4.124955900753686e-07,2.6889427184442835e-162,-0.008654961081767783,0.0789537882077762,1.1815045885889108e-155,-0.008654620336868923,0.07895382556043407,9.81
1.158466285396567,0.11552659279597341,0.0009508743471155297,-1.243293034057586e-159,0.09807642717586784,0.011414042496098682,2.128556117041868e-157,-0.009321938583704892,0.08007024919932793,-3.0149523616603958e-155,-0.08140955683860152,0.13068217576826946,2.6098073232602846e-153,0.9932959806003765,0.11559885346808758,2.1557537284150394e-156,-0.1156461229660831,0.9932904782806052,-3.7401221953704904e-154,-4.537667341349011e-155,3.712555298008155e-154,0.9999999988676594,8.268423761958179,-3.392227205444943e-06,-3.947842167001129e-07,-7.362162526167473e-162,-0.009322356809177021,0.08007020050646775,-3.0149522284799793e-155,-0.009321938583704892,0.08007024919932793,9.81
1.166648028963122,0.11632871709654123,0.001046941624666448,3.784591002553418e-159,0.09799743435628727,0.012073505076661335,-5.5225899185014976e-157,-0.009995892804943729,0.08110813802485362,5.3071031072584345e-155,-0.08343821114506556,0.12437447036436389,2.6701923661619935e-153,0.9924959218649677,0.1222777374725583,-5.593154563942585e-156,-0.12232190007875167,0.9924904799347568,6.494111314549606e-154,8.495967650132337e-155,-6.438537342890673e-154,0.9999999990100248,8.382350609734903,-3.1394988447353684e-06,-3.867933429999333e-07,1.7692467953851354e-161,-0.009996362359826762,0.08110808015342146,5.307102805261728e-155,-0.009995892804943729,0.08110813802485362,9.81
1.1747197429143181,0.11711939886640242,0.001147038015132771,-9.96437604964346e-159,0.09791403392014875,0.012732219478586881,1.043402685228192e-156,-0.010677865156086597,0.08209230639559939,1.4889965546576734e-155,-0.08563488800040342,0.1204882380252208,-4.435481030267382e-152,0.9916512210701178,0.12894904323082187,1.0567346737222493e-155,-0.12899104611154572,0.9916457583346228,1.7986563958468027e-154,1.2714437565726462e-155,-1.7972707423296367e-154,0.9999999991029582,8.491287862010221,-2.9686607747816766e-06,-3.860288359972685e-07,-3.1634981216940763e-161,-0.010678373661694121,0.08209224025033561,1.4889967686004386e-155,-0.010677865156086597,0.08209230639559939,9.81
1.1826853382725093,0.11789900382645704,0.0012510623072429425,1.993883129657255e-158,0.09782626296183317,0.013389942621065146,-2.7492300124980163e-157,-0.011369004424356177,0.08304074873985745,-6.499062535059352e-154,-0.08803602907956132,0.11865343257546357,2.3295933894376793e-151,0.9907622540927409,0.13561030884512867,-2.7843579441081687e-156,-0.1356508126527902,0.9907567093018536,-7.754019867984718e-153,-1.0487664077744485e-153,7.682767903102271e-153,0.9999999991643485,8.597095815220937,-2.773011701212693e-06,-3.7955520780004265e-07,7.793047350644966e-162,-0.01136962626125699,0.08304066360020597,-6.499062275948272e-154,-0.011369004424356177,0.08304074873985745,9.81
1.1905479571896587,0.11866782317977735,0.001358909218699234,-1.3491502087920978e-158,0.09773415455025791,0.014046510018898506,-9.144333257730568e-156,-0.012071058320949568,0.08397046304772426,3.637474373941503e-153,-0.09063229202956169,0.11826388792160447,-9.171748573476327e-151,0.9898293440423325,0.14225986669727292,-9.261173263180439e-155,-0.14229960405778833,0.98982363211079,4.287772513307553e-152,6.191448743283319e-153,-4.242845192961497e-152,0.999999999194158,8.701539771134613,-2.6337973526495068e-06,-3.7853359526137156e-07,2.4642685903187216e-160,-0.01207179559462238,0.08397035705535522,3.6374741644304714e-153,-0.012071058320949568,0.08397046304772426,9.81
1.1982979793087722,0.11942490270336707,0.0014702916220289584,-1.2173448458344949e-157,0.09763788153094843,0.014700839232599017,5.545017773551097e-155,-0.012783713773492522,0.08488715611623454,-1.4642449255524055e-152,-0.09324892688756126,0.11798714059844517,2.9530169589715865e-150,0.9888542531740339,0.1488867555547631,5.6158678612497255e-154,-0.14892555045253303,0.9888484112453284,-1.7056973702868937e-151,-2.5950898943266746e-152,1.6858497530234545e-151,0.9999999992304139,8.80520755819382,-2.6268654756305724e-06,-3.9551377434043636e-07,-1.491840617873532e-159,-0.01278441723652159,0.08488705017115983,-1.4642448387616092e-152,-0.012783713773492522,0.08488715611623454,9.81
1.205945868482006,0.12017125266698443,0.0015852046851415524,8.262393274087776e-157,0.09753738539975565,0.015353502017600107,-2.2994493568134417e-154,-0.013506634518481775,0.08578727853481416,4.8029915656452185e-152,-0.09587184922545133,0.11774076246609688,-7.451128847969888e-150,0.9878364010209596,0.15549676786981134,-2.3288298816447885e-153,-0.15553453300525352,0.9878304556161638,5.530594393796507e-151,8.829944434646325e-152,-5.4597003267937345e-151,0.9999999992692233,8.907745961030505,-2.6678459469405273e-06,-4.1994951947010323e-07,6.289461852629393e-159,-0.013507246355447733,0.08578718220069505,4.80299130525208e-152,-0.013506634518481775,0.08578727853481416,9.81
1.2134982329450474,0.12090750550247722,0.001703606466317485,-3.5497662061129763e-156,0.09743264679717889,0.016004742505943303,7.693134585009285e-154,-0.014240734590325488,0.08667683698259498,-1.2493103353547258e-151,-0.09865011234348553,0.11836423140456631,1.0916296259865027e-149,0.986775588317694,0.16209237582400038,7.79143095838544e-153,-0.16212974186540352,0.9867694496703157,-1.4222744701794613e-150,-2.3822819398416054e-151,1.4022025043705293e-150,0.999999999283048,9.009790403285596,-2.7183871784786833e-06,-4.465349988241189e-07,-2.1463974453792307e-158,-0.014241298401872651,0.08667674434634583,-1.2493102688096741e-151,-0.014240734590325488,0.08667683698259498,9.81
1.220957218371895,0.12163385819584549,0.0018253967272945902,1.212434280163369e-155,0.09732368187169982,0.016654555412855127,-2.0575834282154782e-153,-0.014987236977401786,0.08756397799812121,2.0562154482775417e-151,-0.10155507922403062,0.1195070120969568,1.8233463216841387e-149,0.985671974767183,0.16867352536353108,-2.0838734025814953e-152,-0.16871054339383193,0.9856656393259116,2.3145853219207644e-150,4.109492900993563e-151,-2.2779061708836412e-150,0.9999999992947638,9.112198084570373,-2.7348494251577956e-06,-4.680022418094526e-07,5.781923523287503e-158,-0.014987790717191085,0.08756388321776465,2.0562153202867974e-151,-0.014987236977401786,0.08756397799812121,9.81
1.2283248888899512,0.12235050039080468,0.0019504785543490956,-3.330194766322582e-155,0.09721050492802696,0.017302942555255107,3.7118790076290685e-153,-0.01574618923837967,0.08844862266716258,1.501445478718114e-151,-0.10449378707828783,0.12059715016328543,-1.9983426636017077e-148,0.9845257031630826,0.17524023456740126,3.759305944093162e-152,-0.17527687079316334,0.9845191814103759,1.6712567782762543e-150,2.558603417399925e-151,-1.6519844486208453e-150,0.9999999993076268,9.214974109534044,-2.727774857198615e-06,-4.855291276670339e-07,-1.0415716117790381e-157,-0.01574675284387317,0.08844852232680442,1.5014455305525916e-151,-0.01574618923837967,0.08844862266716258,9.81
1.2356032742452712,0.12305761897438684,0.0020787587610470847,6.473558859831614e-155,0.09709313061895486,0.0179499000312576,2.53780347728707e-154,-0.01651739567176147,0.08933015723862647,-2.687030486393586e-150,-0.10747576304747875,0.12164891413828904,8.663969964931813e-148,0.9833369209605652,0.18179246374862437,2.5702290588942034e-153,-0.1818287258377726,0.9833302163872581,-2.9578388608174954e-149,-5.379655522691017e-150,2.9085054239462927e-149,0.9999999993200547,9.318065243328086,-2.5720462343569256e-06,-4.7550194836818147e-07,-6.722770020580455e-159,-0.016518117838833845,0.08933002370187916,-2.6870303702648416e-150,-0.01651739567176147,0.08933015723862647,9.81
1.2427943695646728,0.12375539799568265,0.0022101478731891278,-2.733648014522184e-155,0.0969715746375801,0.018595426723308883,-3.478421660125054e-152,-0.01730104441067315,0.09020872693581983,1.2468465822388327e-149,-0.11054421550948601,0.12271664226687751,-2.7012210082302594e-147,0.9821057665343867,0.18833019763145953,-3.522865317609305e-151,-0.1883660203219068,0.9820988964397053,1.3574395421185581e-148,2.5910665938067577e-149,-1.3324856139164253e-148,0.9999999993347682,9.421501484525587,-2.3846617012598427e-06,-4.572866027120655e-07,8.55390762162413e-157,-0.017301950169283608,0.09020855321182375,1.2468464999904768e-149,-0.01730104441067315,0.09020872693581983,9.81
1.2498820714319852,0.12444226918829997,0.0023442125003237005,-4.2742856263017996e-154,0.09684617409352825,0.019237881564843684,1.7472838687047916e-151,-0.018095511919809404,0.09108229201790152,-4.026997797638153e-149,-0.11366100269687007,0.12375610515388491,5.806476039666139e-147,0.9808356712619446,0.19483681885139312,1.769608724647344e-150,-0.19487219797180066,0.9808286427596001,-4.336519523743382e-148,-8.622704981292328e-149,4.249964562594148e-148,0.999999999349459,9.525057911631336,-2.4908814576929866e-06,-4.947978887517569e-07,-4.49401024936686e-156,-0.018096306435628956,0.09108213416255623,-4.026997539028315e-149,-0.018095511919809404,0.09108229201790152,9.81
1.2568826973685931,0.12511980973894296,0.0024811215881364746,2.3942816844323494e-153,0.09671670885435013,0.01987854798135527,-5.900345450979712e-151,-0.018902066133865247,0.09195215605752027,9.197913078924652e-149,-0.11678256366920126,0.12472376352422465,-3.153206824625824e-147,0.9795244311306409,0.20132533079122017,-5.975733241759514e-150,-0.20136032749943814,0.9795172374743177,9.798058545505473e-148,2.0311307149541484e-148,-9.585404966944864e-148,0.9999999993617408,9.628902142261312,-2.6812930929916104e-06,-5.510962276578012e-07,1.635762392184088e-155,-0.018902670159067585,0.09195203188746187,9.197912577165442e-149,-0.018902066133865247,0.09195215605752027,9.81
1.2638013755649284,0.1257885092508513,0.002620855613460527,-8.478486891196625e-153,0.096583137075962,0.020517720458348182,1.4222276591212336e-150,-0.019720787994987,0.0928182836658602,-8.056861643978346e-149,-0.11992852923287467,0.12564181509285,-3.9743615121797244e-146,0.9781716080211975,0.20779871332908825,1.4403991818993047e-149,-0.20783335742808376,0.97816424773152,-8.490723007478201e-148,-1.9052560144072196e-148,8.275447877686451e-148,0.9999999993728061,9.733044055337933,-2.733975286308776e-06,-5.807943535774531e-07,-4.0258945704818895e-155,-0.019721341412146008,0.09281816607973244,-8.05686100338261e-149,-0.019720787994987,0.0928182836658602,9.81
1.270639987591221,0.12644854284445198,0.002763338704692444,2.1483660101519072e-152,0.0964454702922577,0.02115540684535619,-1.6393092082812086e-150,-0.020551704019201367,0.09368057454059198,-4.524284018436613e-148,-0.12311489800207309,0.126524639652823,2.1067223406648445e-145,0.9767773127760007,0.21425704479921928,-1.6602542746918557e-149,-0.2142913373030567,0.9767697900513035,-4.7172964676788585e-147,-9.944971384134426e-148,4.6113059483549437e-147,0.9999999993837162,9.837486197696332,-2.652115169943309e-06,-5.81744018157333e-07,4.507870412509526e-155,-0.02055234085121535,0.09368043482744225,-4.524283908073177e-148,-0.020551704019201367,0.09368057454059198,9.81
1.2774003794759663,0.12710008250627478,0.002908498249882048,-2.983497685819975e-152,0.09630371984119535,0.021791615661310687,-4.729609968928708e-150,-0.02139477734511086,0.09453882536297531,2.7431367542395286e-147,-0.12637296642729323,0.12739515200868645,-6.557083994795256e-145,0.9753416476394643,0.22070040865375679,-4.7900388348381205e-149,-0.22073431393840318,0.9753339749286613,2.8300330543334012e-146,6.292613392118664e-147,-2.7591917761517386e-146,0.9999999993957807,9.94221934037001,-2.3993359716077396e-06,-5.42921991194648e-07,1.1783473524011239e-154,-0.02139566443703011,0.09453862459930744,2.743136601458245e-147,-0.02139477734511086,0.09453882536297531,9.81
1.2840762291784948,0.12774251503833745,0.0030560824234017857,-4.254532566436253e-152,0.09615807664125064,0.022425580998106626,3.468040923809227e-149,-0.022249401926308643,0.09539221225646077,-9.073083445203803e-147,-0.12972123054681917,0.12826971667121878,1.269901656445283e-144,0.9738665364012906,0.22712104543118333,3.512350829528923e-148,-0.22715451425362435,0.9738587303373113,-9.262728759214056e-146,-2.1379659745316264e-146,9.012683110894718e-146,0.9999999994094517,10.04715905159793,-2.3071066664834137e-06,-5.380536843880725e-07,-8.320819856670442e-154,-0.02225037318286461,0.09539198570890894,-9.073082798347989e-147,-0.022249401926308643,0.09539221225646077,9.81
1.2906608470375924,0.12837519701725583,0.0032058142385927306,4.234137637525886e-151,0.09600876083073473,0.023056483396788896,-1.2232895173276488e-148,-0.02311463274266945,0.09623966244952653,1.903174578709972e-146,-0.13308352878518703,0.1290842001181174,1.2704891847864498e-145,0.9723542410908939,0.23351066320952424,-1.2389189694392904e-147,-0.23354372698881384,0.9723463002367903,1.9228537687992223e-145,4.610534415695143e-146,-1.866801599553933e-145,0.9999999994218646,10.152187729911534,-2.551236749168233e-06,-6.126789601230278e-07,3.250642071071801e-153,-0.02311535405243392,0.09623948920119857,1.9031744603005268e-146,-0.02311463274266945,0.09623966244952653,9.81
1.2971722514583188,0.1289998589879011,0.0033579845066568884,-1.6164510776809853e-150,0.09585543069972147,0.023685875864380868,2.776771907688853e-148,-0.023992021906996897,0.09708264609108341,-6.806235229107368e-147,-0.1364201133250902,0.12980387543380534,-1.1587986491180642e-143,0.9708013132325646,0.2398849937489381,2.812249441532649e-147,-0.2399177164400667,0.9707932268707811,-6.8060106488378585e-146,-1.905671092962779e-146,6.539813229359376e-146,0.9999999994319182,10.257500259683894,-2.7341878529195635e-06,-6.756177881775353e-07,-7.920486053747612e-153,-0.023992560104941243,0.09708251308312844,-6.806234320253064e-147,-0.023992021906996897,0.09708264609108341,9.81
1.3036121719805216,0.12961666295129878,0.0035125327739173678,3.9356778177563933e-150,0.09569809550053598,0.024313772202072037,-2.0077645048607028e-148,-0.024881216004237316,0.0979207461020013,-1.2996461584337921e-145,-0.1397885386644211,0.13047884467497806,4.788182685231066e-143,0.9692078248991782,0.2462441718177386,-2.0334167137682677e-147,-0.24627655944614904,0.9691995956805634,-1.2863655793848826e-144,-3.147892400936416e-145,1.2472563680929804e-144,0.9999999994416608,10.363058189309207,-2.574425962880359e-06,-6.540778694203212e-07,5.401195333750474e-153,-0.024881913786322207,0.0979205687934553,-1.299646118003601e-145,-0.024881216004237316,0.0979207461020013,9.81
1.3099823020497698,0.130225767552544,0.0036694013875394815,-4.0408482999301875e-150,0.0955367635326212,0.024940187254099244,-1.3794477970179442e-147,-0.02578248232276259,0.0987540398412281,5.972603047891169e-145,-0.14326920432979495,0.13116792910678665,-1.138003305565548e-142,0.9675738367893865,0.2525883416958627,-1.3970722350831756e-146,-0.25262033985586585,0.9675654829990096,5.851810785851328e-144,1.4916167710353774e-144,-5.658529725603384e-144,0.999999999453166,10.468887501856255,-2.2604302521490533e-06,-5.900927734921502e-07,3.263817421002577e-152,-0.025783487763880442,0.09875377733199087,5.972602676396798e-145,-0.02578248232276259,0.0987540398412281,9.81
1.3162691885320208,0.13082588692798564,0.003828149113049823,-1.3502965162074906e-149,0.09537184164359758,0.025563634625757947,7.229366633894349e-147,-0.026694281289012523,0.09958088199253323,-1.5326325074142631e-144,-0.1468312651948831,0.13184643805139373,8.644087597701496e-143,0.9659034740641746,0.25890245033749365,7.321731683715419e-146,-0.2589340260460233,0.9658950099030419,-1.4865964487069233e-143,-3.9195548733038834e-144,1.4340128288749886e-143,0.9999999994656663,10.57479674397539,-2.2840526925770363e-06,-6.12221463828026e-07,-1.7313552974555e-151,-0.026695252594517355,0.09958062160807911,-1.5326323971531692e-144,-0.026694281289012523,0.09958088199253323,9.81
1.3224774526020435,0.13141746618177227,0.003988773937295757,8.492632140413928e-149,0.09520328659938926,0.02618440058598559,-2.0076456637834266e-146,-0.027616879912371495,0.10040142969708787,1.6109058416879458e-144,-0.1503640097607235,0.1324316905398124,6.119758215980891e-142,0.9641963379901639,0.26518940741733565,-2.0332959776351145e-145,-0.26522061427157356,0.9641877544158135,1.5470081796821787e-143,4.298549732670752e-144,-1.4862269016085433e-143,0.9999999994762272,10.68081980040615,-2.602204894187019e-06,-7.15701923641807e-07,5.487526280551846e-151,-0.027617527298233177,0.10040125161965936,1.6109057265516567e-144,-0.027616879912371495,0.10040142969708787,9.81
1.3286205888053084,0.1320017919337655,0.004151522743420873,-2.568196453733773e-148,0.09503079498622036,0.026803679596121066,2.634768128826958e-146,-0.02855125984880047,0.10121656493346354,6.012439282679639e-144,-0.1538589624059612,0.1329187843323556,-3.0267071361509103e-141,0.9624493530729021,0.2714613098943422,2.6684306718199156e-145,-0.27149219667037433,0.962440640843421,5.717073445229102e-143,1.5262821849457258e-143,-5.509638219878567e-143,0.999999999485052,10.787081734542573,-2.6566210869387384e-06,-7.493067950544874e-07,-7.365591933910235e-151,-0.028551851487480465,0.10121639803975804,6.012439177004598e-144,-0.02855125984880047,0.10121656493346354,9.81
1.334700172349448,0.1325790120433059,0.004316348489646987,3.9660067662934686e-148,0.09485437229910865,0.027421490666534543,5.360721950848082e-146,-0.02949723265708215,0.1020260298691884,-3.4910367247557946e-143,-0.15744290927077564,0.13339691642257634,7.286982048031368e-141,0.960662543617288,0.2777183416534858,5.429211811857767e-145,-0.27774888076837423,0.9606537145256431,-3.2870888534422935e-142,-9.181004577396595e-143,3.1562751815397105e-142,0.999999999494705,10.893563210788887,-2.292845247808547e-06,-6.628396038964771e-07,-1.2958080425714325e-150,-0.029498183209671517,0.10202575504079418,-3.491036541967968e-143,-0.02949723265708215,0.1020260298691884,9.81
1.340710002826309,0.1331485381470317,0.004482989479501122,3.987323909251155e-148,0.094674257078875,0.028037058279900717,-3.9023400339254125e-145,-0.03045439650430204,0.10282922051521703,9.21633805514128e-143,-0.1611695001075275,0.13390077572658576,-4.918959634228786e-141,0.9588383059098652,0.28395264238936035,-3.952196956872862e-144,-0.2839827702150866,0.9588293832694977,8.593786133345583e-142,2.478123106399702e-142,-8.228827779046287e-142,0.9999999995063504,11.000204575059833,-2.1219777837130084e-06,-6.284075167450275e-07,8.746494677623712e-150,-0.030455505565858167,0.1028288920372015,9.216337357990772e-143,-0.03045439650430204,0.10282922051521703,9.81
1.3466379626199316,0.133709228347764,0.004650998761368905,-4.1984111100112787e-147,0.09449089286006185,0.028648978888199728,1.1268358128735119e-144,-0.03142093084781017,0.10362446783648283,-8.939330809552548e-143,-0.16487600457719243,0.1343228908720544,-4.002616988553917e-140,0.9569811762308762,0.29015001006336105,1.141232375928322e-143,-0.29017975766305,0.956972156461521,-8.255490774187936e-142,-2.504543491990197e-142,7.867233018017107e-142,0.9999999995168621,11.106800304775579,-2.4871705740170405e-06,-7.540927502070717e-07,-2.966034916908009e-149,-0.03142166485817797,0.10362424526475053,-8.939330104738879e-143,-0.03142093084781017,0.10362446783648283,9.81
1.3525067656999425,0.1342632357657046,0.0048209185325573545,1.3467798217570228e-146,0.09430364935559332,0.029259444666478118,-1.4041345842434546e-144,-0.032399184283690374,0.10441377568276344,-3.789093761705731e-142,-0.16849345057748888,0.13461392974810238,1.7822310774928535e-139,0.9550847913872256,0.29633265304522216,-1.422073902373543e-143,-0.2963620908162103,0.9550756572790683,-3.4659003746719153e-141,-1.01347757154687e-141,3.314443224262459e-141,0.999999999524993,11.213627603096665,-2.633168925252339e-06,-8.16989172660695e-07,3.920657980223416e-149,-0.032399769407265,0.10441359411762288,-3.789093693415839e-142,-0.032399184283690374,0.10441377568276344,9.81
1.3583178683943435,0.13481069700213333,0.004992711134153767,-2.009165856428114e-146,0.09411253020223143,0.029868476591815685,-3.3048014138132457e-144,-0.03338871103818519,0.10519673186555689,1.9661049257641423e-141,-0.17220353543006883,0.13489286965539193,-3.569054358554458e-139,0.9531491407418707,0.30250076942552323,-3.347023633441669e-143,-0.30252987134260734,0.95313990418271,1.7814037930391144e-140,5.420661998371534e-141,-1.6969309200203354e-140,0.9999999995338823,11.32064359794065,-2.219794889462693e-06,-7.04495900302301e-07,7.794903902071253e-149,-0.03338970317793374,0.10519641695700134,1.966104822166838e-141,-0.03338871103818519,0.10519673186555689,9.81
1.3640629215358242,0.1353508275712084,0.005166043155555836,-2.5047466166443123e-146,0.0939178698937102,0.03047506302434222,2.101527484928792e-143,-0.03438894279682536,0.10597259790782321,-4.403480891901028e-141,-0.17607997694993394,0.1352042284271704,-6.502882779795445e-140,0.9511775938216136,0.3086441073659526,2.1283764833325147e-142,-0.3086728122044017,0.9511682790157723,-3.952404301138454e-140,-1.2401307394417201e-140,3.7528686934216715e-140,0.9999999995446334,11.427769561943771,-2.0678382521668047e-06,-6.709852036704826e-07,-4.627041612244536e-148,-0.03439007304686936,0.10597223111945643,-4.4034805545784256e-141,-0.03438894279682536,0.10597259790782321,9.81
1.3697321661312065,0.13588271840771915,0.005340516728245619,2.164877675922608e-145,0.0937200807561176,0.031078020866368183,-5.22666113850809e-143,-0.0353982425749475,0.10673996986599033,1.066650958385388e-141,-0.17989758398924405,0.1354121712055889,2.8670132297191694e-138,0.9491743762460366,0.3147507005201851,-5.293436354267103e-142,-0.3147790454588313,0.9491649764609033,9.485010498094075e-141,3.487848137975942e-141,-8.836302638936225e-141,0.9999999995541042,11.534828297126237,-2.491134212684114e-06,-8.260718558724352e-07,1.3892769057813794e-147,-0.035398939021249846,0.10673973889802617,1.0666507605311975e-141,-0.0353982425749475,0.10673996986599033,9.81
1.375347837796502,0.136408461533259,0.005516723752900765,-6.0475478244055704e-145,0.0935184580925359,0.03167957369322738,3.156014761210157e-143,-0.036418872887518106,0.10750070703744763,2.774768041194326e-140,-0.18362186160373506,0.13549304934015183,-9.032022930640147e-138,0.9471323674363918,0.32084307465540746,3.1963355613620333e-142,-0.32087112117792393,0.94712286615519,2.4446833413571652e-139,7.81332397301817e-140,-2.316464332507156e-139,0.999999999561559,11.6420843195463,-2.496568744484533e-06,-8.457178949940199e-07,-8.425296963485723e-148,-0.03641955966824151,0.10750047436636702,2.7747679658320995e-140,-0.036418872887518106,0.10750070703744763,9.81
1.3809112740110971,0.13692818197136922,0.005694634712842561,5.5081338575179e-145,0.09331300383097307,0.03227974331815442,2.5659457277568757e-142,-0.03745077619581494,0.10825465855387328,-9.847006179802901e-140,-0.1875053626111387,0.13559350319350116,1.0087876007862035e-137,0.9450515220259423,0.32692142896489645,2.5987277398605122e-141,-0.3269491249644185,0.945041940701576,-8.596274214558546e-139,-2.834865317063901e-139,8.115425512615234e-139,0.999999999570565,11.74953161542265,-2.0274930926019685e-06,-7.013701619451998e-07,-5.575254279073771e-147,-0.03745192127538564,0.10825426239921863,-9.847005560278262e-140,-0.03745077619581494,0.10825465855387328,9.81
1.3864035530061716,0.1374401182577949,0.005873556820588926,2.2251689137107834e-144,0.09310448670392013,0.03287635303734915,-1.0374530814308079e-141,-0.03849159230959209,0.108999779663149,1.3464185369132205e-139,-0.19150466429362067,0.1356904628733222,3.3436054345852293e-137,0.9429396374776122,0.33296372185808676,-1.0507072936402416e-140,-0.332991037127872,0.9429299916709111,1.1647569237456547e-138,3.977292345867365e-139,-1.0947967103119955e-138,0.9999999995804174,11.856904204393915,-2.145923158120499e-06,-7.577521753784853e-07,2.391178633512734e-146,-0.038492603942271754,0.10899942241009931,1.3464184304018786e-139,-0.03849159230959209,0.108999779663149,9.81
1.3918344155752391,0.13794518836930658,0.006053711209384684,-1.06174756752919e-143,0.0928926189790591,0.033470317806719496,1.682081528415993e-141,-0.0395423645425943,0.10973682182495414,2.678569255622502e-139,-0.19536081734287158,0.13563967100203378,-1.6983924334679561e-136,0.940793853928698,0.33897923890702764,1.7035712644698928e-140,-0.33900623759978643,0.9407841255401992,2.2963671952836474e-138,7.623938760849192e-139,-2.166183356534848e-138,0.9999999995882145,11.964321353445678,-2.5487885313010953e-06,-9.183588868777696e-07,-4.61529684000683e-146,-0.03954296499339565,0.10973660545590466,2.6785692280471665e-139,-0.0395423645425943,0.10973682182495414,9.81
1.3972169012765225,0.13844460883989662,0.006235454321146999,2.002429991425064e-143,0.09267695245014451,0.034062940022747124,1.8814105908876993e-141,-0.040603915858914874,0.11046650579047812,-1.683166914458716e-138,-0.19921003008535898,0.13551323869597276,3.024217344928471e-136,0.9386096086444,0.34498116261675255,1.9054468362697864e-140,-0.3450078637276146,0.9385997943565233,-1.4301393042679696e-137,-4.951595718989579e-138,1.3416850985435057e-137,0.9999999995953653,12.07189162158358,-2.2169733284989176e-06,-8.148372116715079e-07,-4.5006196143504215e-146,-0.040604841413091876,0.11046616557788563,-1.683166842083271e-138,-0.040603915858914874,0.11046650579047812,9.81
1.4025471920437516,0.13893802719519352,0.006418588987794363,9.933603724642821e-144,0.09245769395657888,0.03465368291995552,-1.6170608621745422e-140,-0.04167625067093894,0.1111885503775123,3.4385612756902814e-138,-0.20329704391790893,0.13543888991955555,2.6080887494980736e-136,0.9363889393373096,0.3509640356030061,-1.6377197405405885e-139,-0.35099036519213933,0.9363790704315688,2.895810925959699e-137,1.031660753800842e-137,-2.7058570829826476e-137,0.9999999996046787,12.179598372762188,-1.870725292109627e-06,-7.011587497905073e-07,3.27184956091506e-145,-0.04167750639259719,0.11118807968544184,3.438561007575517e-138,-0.04167625067093894,0.1111885503775123,9.81
1.4078034520630633,0.13942343324156228,0.006602273724542825,-1.4906739808609732e-142,0.09223582437092581,0.03523999017445123,3.728037555103808e-140,-0.04275581870220968,0.11190033967474822,1.1808321100399586e-138,-0.20732578687128544,0.13527137291330327,-2.7648535900976626e-135,0.9341418364163597,0.35690198858604205,3.7756651189552015e-139,-0.3569279694575922,0.9341319096459986,9.857483874123268e-138,3.1654586703540956e-138,-9.343052137044217e-138,0.9999999996132268,12.287074338891747,-2.377621329196954e-06,-9.084035715072702e-07,-9.609998791159617e-145,-0.04275655334926871,0.11190005896912159,1.1808321880574394e-138,-0.04275581870220968,0.11190033967474822,9.81
1.4130150077461407,0.13990354480871495,0.006787448527893779,3.941655933702573e-142,0.09201018247132353,0.035825003378922804,-3.0096716544010656e-141,-0.04384632620043938,0.11260455918346945,-2.529550641085705e-137,-0.21119868221562488,0.13495200281333553,6.219223707708766e-135,0.9318565742484571,0.3628268526858644,-3.048121677572976e-140,-0.36285255720809273,0.9318465655501166,-2.0933069928132602e-136,-7.59223949736084e-137,1.950772485047843e-136,0.9999999996195518,12.394722386460842,-2.3571497526447974e-06,-9.177777457342349e-07,7.710284454576065e-146,-0.0438470751918179,0.11260426753305502,-2.5295505651019324e-137,-0.04384632620043938,0.11260455918346945,9.81
1.4181829966242558,0.14037846694330486,0.00697409548327475,-1.7100075466044944e-142,0.09178076718605688,0.03640874371710645,-2.2375139048731156e-139,-0.04494779557423989,0.11330109514641329,6.475308755269834e-137,-0.21529943996567358,0.13466989485135095,7.353590251121042e-136,0.9295330505575585,0.3687388071808543,-2.2660990852750544e-138,-0.3687641680330475,0.9295229896968091,5.312371304863157e-136,1.9799413702239795e-136,-4.929668143265269e-136,0.9999999996278031,12.502542342482503,-1.813388277967703e-06,-7.193575636417341e-07,4.420840674235564e-144,-0.044949073451262284,0.11330058818180645,6.475308304934682e-137,-0.04494779557423989,0.11330109514641329,9.81
1.4232798800367457,0.14084567906373716,0.007161138283875531,-1.886457926600153e-141,0.09154887764322694,0.03698797550200539,6.4649474864003274e-139,-0.04605604149490716,0.11398694385350572,-1.539011720145746e-137,-0.21945093342309185,0.1343481680204004,-4.26004398875918e-134,0.9271844596447637,0.3746050957918854,6.547539408587528e-138,-0.3746301039071765,0.9271743553649971,-1.2518419960005212e-136,-5.296534971319208e-137,1.1361593909326109e-136,0.9999999996362489,12.610101069203862,-2.184377572451615e-06,-8.825417221589262e-07,-1.542551548409408e-143,-0.04605693161584852,0.11398658419504575,-1.5390114302701357e-137,-0.04605604149490716,0.11398694385350572,9.81
1.4283301112204707,0.14130743479589872,0.00734938972932381,6.297751019013526e-141,0.09131348323876587,0.037565350475654236,-3.6262930583679915e-139,-0.047174402201678234,0.11466436129755841,-3.6502223929184455e-136,-0.2234018230076984,0.1338634135974246,1.076741865849605e-133,0.9248004219051998,0.3804525984192569,-3.672620111929859e-138,-0.3804773273392863,0.924790248316208,-2.94398232560281e-135,-1.1166493222106732e-135,2.7239934454834496e-135,0.9999999996424893,12.717751498975588,-2.3608836903342846e-06,-9.712412681461736e-07,9.375675786551159e-144,-0.04717510744792627,0.11466407114505298,-3.650222301190141e-136,-0.047174402201678234,0.11466436129755841,9.81
1.4333401815750288,0.14176432976868014,0.007539033872951481,-5.37595830744126e-141,0.09107433403609022,0.0381415065182128,-3.012522281464471e-138,-0.048303374842499025,0.11533367196097766,1.0536918548421374e-135,-0.22751018599669237,0.13337453738351357,-1.0550558889166489e-134,0.9223783275633154,0.386287743581778,-3.0510080508777656e-137,-0.38631215518294454,0.9223681037188506,8.42681879546079e-135,3.2833183431742556e-135,-7.760928612280084e-135,0.9999999996497733,12.825553399493621,-1.8467878070433913e-06,-7.734261241173425e-07,6.108734669034712e-143,-0.04830458049171799,0.11533316700319961,1.053691791296835e-135,-0.048303374842499025,0.11533367196097766,9.81
1.4382877141877937,0.14221433189276583,0.007729151797083728,-2.361492186538604e-140,0.09083256821757502,0.038713755865280586,9.932906142032629e-138,-0.049439588645917354,0.11599247914885424,-4.3357225005068766e-136,-0.2317272431350874,0.1328651766603759,-6.540610260619071e-133,0.9199297122634723,0.3920833132063199,1.0059800871525002e-136,-0.392107383878086,0.9199194527284892,-3.438610328115502e-135,-1.4407637953959053e-135,3.123834587708816e-135,0.9999999996576723,12.933157450352272,-2.052386890444255e-06,-8.747479739583929e-07,-2.244367493946572e-142,-0.04944057132072669,0.11599206029256462,-4.335721951725356e-136,-0.049439588645917354,0.11599247914885424,9.81
1.4431858126147843,0.14265864575188983,0.00792016700179092,9.10799715518729e-140,0.09058762652015417,0.03928349331628578,-6.981261370224929e-138,-0.0505846716899061,0.1166418423471205,-5.351180866341089e-135,-0.23575676164791037,0.1322121156272864,1.6614448459728885e-132,0.9174489760760418,0.3978534608332851,-7.070448075385986e-137,-0.39787724844743827,0.9174386601663871,-4.2089471610865844e-134,-1.66805749209367e-134,3.864307433722575e-134,0.9999999996638657,13.040739647657976,-2.288660210766807e-06,-9.924817720321265e-07,1.7637878077578713e-142,-0.050585407353479515,0.11664152330257715,-5.3511807348532716e-135,-0.0505846716899061,0.1166418423471205,9.81
1.448046972671146,0.14309840907228655,0.008112508538111353,-8.950965780854152e-140,0.09033894180943491,0.039852069927098666,-4.2150964006903636e-137,-0.0517402544200376,0.11728279803445218,1.5584726815659592e-134,-0.2398974921044612,0.1315285823663217,1.858610703343601e-134,0.9149303141076367,0.40361184364052227,-4.26894470605237e-136,-0.40363532711511907,0.9149199542608473,1.2157656752149226e-133,4.946031683035629e-134,-1.1106177742128083e-133,0.9999999996706002,13.148473270493724,-1.8306717411809658e-06,-8.075815011980566e-07,8.541673958695353e-142,-0.05174143406493249,0.11728227761039671,1.5584725938668905e-134,-0.0517402544200376,0.11728279803445218,9.81
1.4528500526974841,0.14353171749360338,0.008305274057825636,-3.1569956376055083e-139,0.09008766356991416,0.040416905525965774,1.4099839335898863e-136,-0.05290284693155023,0.11791300353640999,-4.6764200306173843e-135,-0.24415273544151006,0.13082042486332135,-1.0146153014888065e-131,0.9123853606925624,0.40933232659283453,1.4279965189914763e-135,-0.40935548113427983,0.912374972292271,-3.6184849237641054e-134,-1.6114496810302875e-134,3.242996852120129e-134,0.9999999996779743,13.256004668781252,-1.988093355956447e-06,-8.91937676706788e-07,-3.111613265671977e-141,-0.05290385126596359,0.11791255292146603,-4.67641932348166e-135,-0.05290284693155023,0.11791300353640999,9.81
1.4576047984729323,0.14395946348616231,0.008498779044212895,1.2400374288644505e-138,0.08983336205211323,0.04097903163691541,-8.2730001906243e-137,-0.054073621628893065,0.11853319420403619,-8.082028916960191e-134,-0.24822756609770824,0.12998099959527032,2.2935774166238753e-131,0.9098098308132891,0.4150253868807238,-8.37868775231166e-136,-0.41504826407666867,0.9097993946397985,-6.203364987100053e-133,-2.5669310286886065e-133,5.6473600091934186e-133,0.9999999996838602,13.363462442809855,-2.2088025596036897e-06,-1.0075832397009799e-06,2.0341467333764227e-141,-0.05407439338069486,0.11853284213274715,-8.0820287091843735e-134,-0.054073621628893065,0.11853319420403619,9.81
1.462325646485862,0.14438295062469406,0.008693555678726391,-1.0719233270297687e-138,0.0895753237464536,0.04154005705228714,-6.225407734501371e-136,-0.055254815765534815,0.11914468143501722,2.1002243215133157e-133,-0.2524209310787482,0.12910879376269335,1.0023365086494264e-131,0.9071964371813506,0.42070729060174816,-6.304936985465782e-135,-0.4207298687264335,0.9071859663605021,1.599150600788327e-132,6.7849406687381676e-133,-1.448091052241363e-132,0.9999999996902951,13.471073077727084,-1.7562265873362846e-06,-8.144402898413318e-07,1.220562329340519e-140,-0.05525602481153457,0.11914412071011225,2.1002242018618203e-133,-0.055254815765534815,0.11914468143501722,9.81
1.4669890808538932,0.14480007850222093,0.008888570572786966,-4.586903896740472e-138,0.08931490322230573,0.0420970841947631,1.8511599331059692e-135,-0.0564421583700625,0.11974483555260385,1.9129121453051553e-134,-0.2566970775636097,0.12819742606231088,-1.5504266592738368e-130,0.9045588951105031,0.4263486897792295,1.8748082608289482e-134,-0.4263709511473441,0.9045484022525876,1.445013159235341e-133,4.464939854674551e-134,-1.3870358848769113e-133,0.9999999996971657,13.578418270697949,-1.992442203144958e-06,-9.391042721081419e-07,-4.1295786508451334e-140,-0.056443112900388864,0.11974438562200626,1.9129127035927526e-134,-0.0564421583700625,0.11974483555260385,9.81
1.471608845487335,0.145212090084795,0.009084327016484798,1.5886318054693517e-137,0.0890514120367012,0.04265164618536155,-4.005122721701131e-136,-0.05763760412008878,0.1203348067845571,-1.2193499675641468e-132,-0.2607794539431918,0.12715507761467926,2.70214004061436e-130,0.9018903007315453,0.4319651437863507,-4.0562875459549954e-135,-0.4319871420313574,0.9018797642255756,-9.13875722777256e-132,-3.943966296267749e-132,8.243908768532611e-132,0.9999999997025295,13.685700474095757,-2.1230480711854378e-06,-1.0168451358120648e-06,9.548493252037537e-141,-0.057638416222595946,0.12033441779940073,-1.2193499333676377e-132,-0.05763760412008878,0.1203348067845571,9.81
1.476197573173709,0.14562011598202584,0.009281310732835862,-7.976073967319198e-138,0.08878418502879981,0.04320516817341491,-9.331932501995465e-135,-0.05884341950935479,0.12091577618550353,2.474090771582385e-132,-0.2650439882153304,0.12609736655513437,3.5972230505154693e-130,0.8991838393180864,0.4375710492127945,-9.451145936271878e-134,-0.4375927460752133,0.8991732806207899,1.8398324912554105e-131,8.13555651471563e-132,-1.6502118902853888e-131,0.9999999997088801,13.793137913747309,-1.62646275188823e-06,-7.9148777116478e-07,1.7095432720036013e-139,-0.05884471070569351,0.1209151478103463,2.474090616581006e-132,-0.05884341950935479,0.12091577618550353,9.81
1.4807260766379824,0.14602157217530437,0.00947820532530373,-6.870067499670769e-137,0.08851499571770916,0.04375402864789324,2.1627399994368182e-134,-0.060053800248271116,0.1214845267182234,2.1135898447877694e-132,-0.26932734008430614,0.12498188091602991,-2.2163103639138854e-129,0.8964574924871307,0.4431297373949147,2.1903683789128317e-133,-0.4431511282930495,0.8964469183909314,1.559645325317905e-131,6.71489733603156e-132,-1.4078623796886906e-131,0.9999999997153091,13.900184425466588,-2.037435147755432e-06,-1.0071287367783306e-06,-4.978187542777615e-139,-0.06005466165765191,0.12148410088761237,2.113589841882713e-132,-0.060053800248271116,0.1214845267182234,9.81
1.485218826947798,0.14641864190534937,0.009676007336960363,1.8463472629793845e-136,0.0882424679370466,0.0443010907455057,1.0071686007850607e-134,-0.061272944009431285,0.12204331301133209,-1.7367622838333178e-131,-0.27339209596033154,0.12372628816955533,2.314624307267337e-129,0.8936973863369084,0.4486702370946602,1.020034873417589e-133,-0.44869138308920653,0.893686769926407,-1.271783669911511e-130,-5.715230723835516e-131,1.136132060927726e-130,0.9999999997200693,14.007247595912649,-2.026664181124856e-06,-1.0174628599772506e-06,-2.3131634634481635e-139,-0.06127380507321425,0.12204288069890148,-1.7367622295069108e-131,-0.061272944009431285,0.12204331301133209,9.81
1.4896816039909697,0.14681183823376456,0.009874928575188645,2.4263801334460844e-137,0.08796630084555801,0.044846974278901275,-1.3302483850322065e-133,-0.06250204911178336,0.12259259964080904,2.2444910558241787e-131,-0.27770851908077354,0.1224718601637882,8.253970430278675e-129,0.8909003720606874,0.45419877483556553,-1.347241807108643e-132,-0.4542196155904776,0.8908897467211299,1.6310978419365601e-130,7.52845080567592e-131,-1.4470262376913428e-130,0.9999999997263825,14.11443362382916,-1.5058421094251877e-06,-7.677083349002504e-07,2.277172070351414e-138,-0.06250341108651086,0.12259190523879193,2.2444908902568944e-131,-0.06250204911178336,0.12259259964080904,9.81
1.4940814181961755,0.14719826871000927,0.010073433534289763,-9.82170214255752e-136,0.08768861531023475,0.04538754466706996,2.0217604597195223e-133,-0.0637338740266209,0.12312880731260822,5.586734966820651e-131,-0.2819949210130517,0.12115663480654248,-2.752941864195023e-128,0.8880879851495763,0.4596735043843247,2.0475875537264028e-132,-0.4596940469836977,0.8880773520182518,4.0294962378953465e-130,1.834068495249418e-130,-3.5879598331715354e-130,0.999999999732469,14.221089527648742,-1.9870276223577793e-06,-1.0284836252162742e-06,-4.5813175006135224e-138,-0.06373473515471724,0.12312836156826096,5.58673485580937e-131,-0.0637338740266209,0.12312880731260822,9.81
1.4984547210322585,0.1475811481305456,0.010273104497446573,1.775198157516497e-135,0.08740718892974897,0.04592718361736581,3.581800232010463e-133,-0.0649759166228101,0.12365555871672385,-2.1721704910633585e-130,-0.2861035960050389,0.1197081380152536,3.364010123320652e-129,0.885237751953223,0.4651388206942141,3.6275560673606265e-132,-0.46515911806968896,0.8852270866148578,-1.5550225477139313e-129,-7.26512564885612e-130,1.3748772735938122e-129,0.9999999997371335,14.327906859351192,-1.8887507880111891e-06,-9.924241393708825e-07,-7.739784442839937e-138,-0.06497686316510289,0.12365506133838465,-2.172170411723933e-130,-0.0649759166228101,0.12365555871672385,9.81
1.5027894649842914,0.14795942550861685,0.010473348837743377,2.1577863311986003e-135,0.08712284996843778,0.046464322969414384,-1.6699439246780037e-132,-0.06622511644912521,0.12417128811102618,8.010875032015381e-131,-0.2903903949120492,0.11823257006692067,1.431975938957171e-127,0.8823579749182074,0.47057879690678783,-1.6912765596392353e-131,-0.4705988078556765,0.8823473023956134,5.692465868658604e-130,2.8279830709065803e-130,-4.9432013828885735e-130,0.9999999997428295,14.43460671498698,-1.6625998847139401e-06,-8.866970954261225e-07,3.186820194305197e-137,-0.06622626994636976,0.12417067289474265,8.010874124311355e-131,-0.06622511644912521,0.12417128811102618,9.81
1.5070745931079463,0.14833215011256082,0.010673594464309741,-1.244603377073679e-134,0.08683639903482288,0.046997498939886695,9.946409434168519e-133,-0.06747882689615636,0.12467478167037971,1.0097669568358007e-129,-0.2945930343212,0.11668519522153176,-2.5909106780690526e-127,0.8794568365591979,0.47597864724091177,1.0073469044459727e-131,-0.47599839376614356,0.8794461490802329,7.122844100643032e-129,3.3814626259729503e-129,-6.269028895140682e-129,0.9999999997479263,14.540962406996854,-1.918721794156349e-06,-1.0384484673372828e-06,-2.1977411278061283e-137,-0.06747970753832495,0.12467430502464287,1.009766929988036e-129,-0.06747882689615636,0.12467478167037971,9.81
1.5113356208443491,0.1487015498579668,0.010874983949145994,1.044652775161854e-134,0.08654619573207611,0.04752980106727778,6.941035184238533e-132,-0.06874265731602236,0.12516853703883246,-2.1112428778498043e-129,-0.29881985665786814,0.11506128995901221,-3.6237227918669415e-127,0.8765176921287595,0.4813696452678266,7.029702564290093e-131,-0.48138912592734606,0.8765069933770671,-1.4784295838139157e-128,-7.17832707772926e-129,1.2924856644065031e-128,0.9999999997530205,14.647480861376847,-1.5961986383152375e-06,-8.766070316695013e-07,-1.2801568937678279e-136,-0.06874384301779204,0.1251678858358839,-2.1112427711527175e-129,-0.06874265731602236,0.12516853703883246,9.81
1.5155468133366825,0.14906540305362093,0.011076250982039322,4.620452690157482e-134,0.08625405914715856,0.04805793006261938,-1.654479579036633e-131,-0.0700102747932192,0.12564968709148072,-2.097001390200458e-129,-0.303084738769428,0.11337927471193332,1.9073609543611544e-126,0.873558946009821,0.48671836604571506,-1.6756144018592834e-130,-0.4867375693393785,0.8735482462884313,-1.4578941717824675e-128,-6.949465689355354e-129,1.2817123409072637e-128,0.9999999997583748,14.75360190974236,-1.8270161279660434e-06,-1.0179534061263045e-06,3.5044853589246725e-136,-0.07001120994004593,0.12564916603143014,-2.0970013691271896e-129,-0.0700102747932192,0.12564968709148072,9.81
1.5197242093490824,0.14942510959055103,0.011278104337421619,-1.2665549074052154e-133,0.08595895135163545,0.048583808505359594,-1.0884126265067419e-131,-0.07128497089933461,0.12611968807876472,1.3760644129350805e-128,-0.30718543369477125,0.11159525676229443,-1.0153524788254247e-126,0.8705701520052539,0.4920443175543734,-1.1023163158729996e-130,-0.49206328568681296,0.8705594309862469,9.498523248070304e-128,4.683290708018235e-128,-8.263706734015456e-128,0.9999999997626349,14.859629745912878,-1.8213203700896955e-06,-1.029406230485208e-06,2.3061566672798187e-136,-0.0712858975243922,0.1261191643256995,1.3760643693420407e-128,-0.07128497089933461,0.12611968807876472,9.81
1.5238752774003146,0.1497813169059321,0.011480865657798435,-4.604424778633045e-134,0.08566039847541873,0.0491083011209994,9.740906593010974e-131,-0.07256855034276555,0.12657915221912663,-1.030077702991139e-128,-0.31146320222828905,0.10977062098234036,-8.415365166568956e-126,0.8675464256556916,0.49735620970490896,9.865338998904678e-130,-0.49737490054604616,0.867535710104668,-7.059885617359637e-128,-3.596863290338571e-128,6.075710812844046e-128,0.9999999997679146,14.965718012670118,-1.4393371792980116e-06,-8.25158473152563e-07,-1.6367480503155906e-135,-0.07256983810697283,0.12657841391914995,-1.0300776250330784e-128,-0.07256855034276555,0.12657915221912663,9.81
1.5279717749094643,0.15013161567206632,0.011683099785120084,6.6827623897462844e-133,0.08536050758270974,0.049627753651303674,-9.189505122627187e-131,-0.073853540502137,0.1270251276951493,-5.536167837246521e-128,-0.3156905739980047,0.10788506865437597,1.731603434502632e-125,0.8645091600890222,0.5026170631028889,-9.30689329312913e-130,-0.5026354874144651,0.8644984481140628,-3.767780953873089e-127,-1.8857052026420196e-127,3.2619591226789455e-127,0.9999999997728991,15.071233947229702,-1.785770491649457e-06,-1.0382292765946245e-06,1.922475339658496e-135,-0.07385446190283212,0.1270245919756364,-5.536167697737221e-128,-0.073853540502137,0.1270251276951493,9.81
1.5320480078444807,0.15047895144048795,0.011886449391998191,-7.863127862837381e-133,0.08505683954929211,0.05014643431190491,-3.546770650466291e-130,-0.07514852303061303,0.1274609075231412,1.3007372345534385e-127,-0.3198329435763103,0.10589812987807257,2.0151217663263634e-125,0.8614336604055686,0.5078701100874746,-3.592077533376497e-129,-0.5078882938974241,0.8614229396306808,8.790855248504363e-127,4.49555560270279e-127,-7.55449487351488e-127,0.9999999997772069,15.176919051823695,-1.6213324663051359e-06,-9.558789445992994e-07,6.760766608082891e-135,-0.07514959226547173,0.12746027711054922,1.300737180848097e-127,-0.07514852303061303,0.1274609075231412,9.81
1.536082070884296,0.15082146466537452,0.012089780412674611,-2.2084417484211252e-132,0.08475108546524268,0.0506614812293833,9.467187013527987e-130,-0.07644730062064475,0.1278840775604415,1.1019683013487335e-127,-0.3240334886842593,0.10385273306808784,-1.1275004521049196e-124,0.8583370031949992,0.513086336737033,9.588121361832941e-129,-0.5131042616568621,0.8583262879986645,7.396172274946138e-127,3.7125775722542936e-127,-6.397605404911604e-127,0.9999999997819409,15.282246901910831,-1.6943869340880083e-06,-1.0128501763179884e-06,-1.8927283220305314e-134,-0.07644827690249431,0.127883493942784,1.101968290553316e-127,-0.07644730062064475,0.1278840775604415,9.81
1.5400816153128138,0.1511598189927882,0.012293426113968562,6.729940866205926e-132,0.08444273691606696,0.05117379038463299,5.452021200459473e-130,-0.07775153784976929,0.12829529155208164,-7.68303943887269e-127,-0.32811850323305336,0.10172803747235548,4.413179927200221e-125,0.8552141083804893,0.5182748583782207,5.521665474269237e-129,-0.5182925556983451,0.8552033832414824,-5.12145899552126e-126,-2.6590455825883686e-126,4.377082150351581e-126,0.999999999785888,15.387372262100772,-1.7002149545332975e-06,-1.0303602994131579e-06,-1.0977389312555599e-134,-0.07775249253147208,0.12829471297109224,-7.683039200957962e-127,-0.07775153784976929,0.12829529155208164,9.81
1.544058774305195,0.1514950462753011,0.012497967106960063,2.2159091873840952e-132,0.08413091377782678,0.051684845638856336,-5.151994615870279e-129,-0.07906451433198391,0.1286955804823009,4.504464032751904e-127,-0.33233252583903194,0.09954400414619613,5.03064042621372e-124,0.8520559886182719,0.5234506588588261,-5.217805998605854e-128,-0.5234680940910907,0.8520452772409698,2.982254847648961e-126,1.6055213344734936e-126,-2.5137345529108966e-126,0.9999999997906395,15.492567327114644,-1.3688518736565926e-06,-8.409381833083878e-07,8.382551866281274e-134,-0.0790657789368165,0.12869480355142743,4.504463694714326e-127,-0.07906451433198391,0.1286955804823009,9.81
1.547984181446357,0.15182468526908152,0.012701842707857796,-3.357096743783988e-131,0.08381799233625031,0.052190795358707964,3.9112628395495144e-129,-0.0803775910491833,0.12908205804449668,3.186973749177204e-126,-0.3364920071610271,0.09730079380809542,-8.33057860673243e-124,0.8488867565621715,0.5285747577527294,3.9612249510912944e-128,-0.5285919413681294,0.8488760566305731,2.0958436217601358e-125,1.104447445643558e-125,-1.7812277659245694e-125,0.9999999997951173,15.597126976735334,-1.6595777925935766e-06,-1.0333662563478965e-06,-7.744214301236091e-134,-0.08037854444415571,0.12908146436901785,3.186973665614881e-126,-0.0803775910491833,0.12908205804449668,9.81
1.5518927547182466,0.15215168008535168,0.012906820263955685,3.241898311374651e-131,0.08350125949886689,0.05269606553513584,1.9785194958704304e-128,-0.08170051944254197,0.1294578717850685,-6.024304990444845e-126,-0.3405753690482545,0.09495971654328272,-1.5471813333952465e-123,0.8456789386098988,0.5336919830685438,2.0037928497466594e-127,-0.5337089349161229,0.8456682403819465,-3.9353267433039333e-125,-2.1171977733899022e-125,3.3173285218841114e-125,0.9999999997990914,15.701860431448017,-1.505519287577042e-06,-9.501047471463278e-07,-3.567250697482665e-133,-0.08170160896061604,0.12945718418028082,-6.024304741388725e-126,-0.08170051944254197,0.1294578717850685,9.81
1.5557592439182963,0.15247392614373417,0.01311153672934442,1.2001723437691141e-130,0.08318282137324928,0.05319732286245893,-4.2083767261364386e-128,-0.08302540943180681,0.1298204755122203,-8.910225447265895e-126,-0.34469475879451394,0.09256031890943817,5.7236504744208525e-123,0.8424538255809239,0.5387685512017811,-4.26213371209301e-127,-0.5387852572714611,0.8424431414326581,-5.782134626420095e-125,-3.0793262423937896e-125,4.894145184137489e-125,0.9999999998033782,15.806124752037828,-1.5874258050415084e-06,-1.0151952251303308e-06,8.031088272936914e-133,-0.08302639640237995,0.1298198442943161,-8.910225271869382e-126,-0.08302540943180681,0.1298204755122203,9.81
1.5595975656475936,0.1527925970055185,0.013316681491152732,-2.8819467394805524e-130,0.08286160185213376,0.05369629770594564,-4.926442920309415e-128,-0.08435621315948616,0.13017110006564803,3.7712177877858023e-125,-0.3487353924948309,0.09008824240480351,1.5049624398021662e-123,0.8392005761410045,0.543822023280233,-4.989372211783971e-127,-0.5438385098385956,0.8391898922273408,2.4312487877272703e-124,1.326353665568147e-124,-2.0375919706541576e-124,0.9999999998070238,15.910253338016526,-1.5707100668151493e-06,-1.0178576502532357e-06,9.338479241963822e-133,-0.08435719975621897,0.13017046069987162,3.771217667249119e-125,-0.08435621315948616,0.13017110006564803,9.81
1.5634102657109956,0.15310791033323087,0.01352235551419896,-2.598215635934835e-130,0.08253744430111709,0.054193255954473996,2.444313346928827e-127,-0.08569348833369972,0.13050980697733738,3.147765829812756e-126,-0.35282124477259735,0.08753988601474205,-2.8438593819182247e-122,0.8359175397083045,0.5488550508176226,2.4755363054211533e-126,-0.548871295763905,0.8359068732140272,2.0161350696902076e-125,8.996341348707698e-126,-1.8211977491417795e-125,0.9999999998111637,16.014290344336974,-1.4404499145016237e-06,-9.457849290970854e-07,-4.265834714670409e-132,-0.0856945841889887,0.130509087419296,3.1477662941998205e-126,-0.08569348833369972,0.13050980697733738,9.81
1.5671807098504689,0.15341850407638993,0.013727615855681727,1.5454459428200907e-129,0.08221183233569462,0.05468595836172674,-1.918506671572158e-128,-0.0870315328142457,0.13083503661642926,-1.7631360519499178e-124,-0.35682264589643076,0.08492837003214859,2.1623712731105744e-122,0.8326197967732671,0.5538449909688119,-1.94301305494564e-127,-0.5538610131255601,0.8326091388758162,-1.122031603110155e-123,-6.212698060486151e-124,9.343333412726732e-124,0.9999999998148499,16.1177915105575,-1.538257941269154e-06,-1.0232238758813902e-06,3.5896999727159656e-133,-0.08703251224666578,0.13083438508690942,-1.7631360020766193e-124,-0.0870315328142457,0.13083503661642926,9.81
1.5709373594029217,0.15372673101611814,0.013933975053782023,-3.905156488512038e-130,0.08188236831884055,0.05517805912329088,-1.0797676533261211e-126,-0.08837927224439923,0.1311491073822344,1.6400523208522887e-124,-0.36087477024249104,0.082240183458687,1.131623158059449e-121,0.8292830280384388,0.5588288283610627,-1.0935601980166617e-125,-0.5588446134531704,0.8292723907223588,1.0370323157833329e-123,5.885921467998405e-124,-8.538819967450327e-124,0.9999999998188392,16.22146799195455,-1.2675455542942055e-06,-8.541607304758102e-07,1.6714888891767609e-131,-0.08838050108953259,0.13114827926653777,1.640052234710314e-124,-0.08837927224439923,0.1311491073822344,9.81
1.5746455144300144,0.15402975594998725,0.014139485545533494,-6.460418870131195e-129,0.0815521636461547,0.05566494592919047,1.1620725509774662e-126,-0.08972518876453073,0.13144907493184554,6.662459326246712e-124,-0.3649013959200271,0.07949742593789111,-2.0719772213741715e-121,0.8259387534763616,0.5637598562383755,1.1769163579373409e-125,-0.5637754045392616,0.825928140479904,4.186214895952025e-123,2.3502994245347442e-123,-3.4641922779048427e-123,0.9999999998228073,16.324419753920917,-1.4858451207802656e-06,-1.0141912195763657e-06,-2.1172458861475703e-131,-0.08972617747114471,0.1314484000444747,6.662459157712034e-124,-0.08972518876453073,0.13144907493184554,9.81
1.5783378577858653,0.1543302629207765,0.014345915705259319,8.121076022116732e-129,0.08121837856627323,0.05615084313705854,3.848838060667402e-126,-0.09107966321120564,0.13173747202500063,-1.3585488569751131e-123,-0.36882077413855185,0.0766621501080813,-3.5374443713208893e-121,0.8225582410653384,0.56868087716706,3.898001315976254e-125,-0.5686962143263926,0.8225476374112504,-8.48260618354079e-123,-4.855958842849525e-123,6.955269836064926e-123,0.999999999826167,16.427467896909715,-1.4365328907809898e-06,-9.931561604083113e-07,-6.807550905398656e-131,-0.09108068303452058,0.131736766935554,-1.3585488097979895e-123,-0.09107966321120564,0.13173747202500063,9.81
1.5819952337009655,0.1546266999352569,0.014552161550754837,2.1834440164122412e-128,0.0808828010493734,0.05663316951135977,-8.677672339207807e-126,-0.09243577957916216,0.13201262076628772,-1.9472235004091188e-123,-0.37276009264723875,0.0737633695343014,1.2425745694170904e-120,0.8191595506949826,0.5735657159429898,-8.788516325151198e-125,-0.5735808274490419,0.8191489695915344,-1.2082743585983773e-122,-6.858256434530491e-123,9.948104051715447e-123,0.9999999998298414,16.530076609779606,-1.4239654282416903e-06,-9.970435547441072e-07,1.527729659250821e-130,-0.09243679094732143,0.1320119125905991,-1.947223459150398e-123,-0.09243577957916216,0.13201262076628772,9.81
1.5856254728917962,0.15491971478331718,0.014758623393081538,-5.444649618722835e-128,0.08054477906793878,0.05711289301162692,-1.0421683785235252e-125,-0.09379608873594769,0.13227511043920437,7.620964526838021e-123,-0.37666112388969175,0.07080132543253725,6.697679542119286e-121,0.8157361291135001,0.5784242108167009,-1.0554804530088696e-124,-0.578439115035456,0.8157255605882401,4.699787290533341e-122,2.727080578375315e-122,-3.827680980244736e-122,0.9999999998330853,16.632453983666824,-1.412842706630825e-06,-1.0018220334058045e-06,1.8280762697682276e-130,-0.09379709269716019,0.1322743985203148,7.62096429319221e-123,-0.09379608873594769,0.13227511043920437,9.81
1.5892330498916472,0.15520967593348908,0.01496552332407726,-5.407432203611119e-128,0.08020395306961348,0.0575905466375346,4.611542431831388e-125,-0.09516189567927036,0.13252513575129043,2.9892599586370525e-123,-0.38054698983744295,0.06775750673641312,-6.0509457803108496e-120,0.8122842853237368,0.5832617249709656,4.670447409529784e-124,-0.5832764074630729,0.8122737423411958,1.8321890319141172e-122,1.0307089172696465e-122,-1.5154999762291054e-122,0.999999999836635,16.73470105902646,-1.35906661180477e-06,-9.758794435322208e-07,-7.814319753769736e-130,-0.09516293209823419,0.13252439152099177,2.989259949558496e-123,-0.09516189567927036,0.13252513575129043,9.81
1.5928033270902842,0.155495419802866,0.015171982199023657,2.731485443825001e-127,0.07986177182942455,0.05806413004145217,1.1976007327065938e-125,-0.09652745460428314,0.1327615788340104,-3.5458059448574543e-122,-0.38434995203343547,0.06465341725003881,1.4033804472220817e-120,0.8088187379699167,0.5880580320927105,1.2128981000928717e-124,-0.5880725109770604,0.8088082107849396,-2.160182654085514e-121,-1.2712937624645362e-121,1.7464829360306693e-121,0.9999999998397702,16.836390979995436,-1.375983333110485e-06,-1.0004195168527564e-06,-2.0634135834662608e-130,-0.09652845524245543,0.1327608512847661,-3.545805844486345e-122,-0.09652745460428314,0.1327615788340104,9.81
1.5963620738741628,0.15577901638741906,0.015379458443018112,3.313734775471449e-128,0.07951582232056609,0.05853700445863286,-2.060697143227383e-124,-0.09790189264748328,0.13298608770640996,1.2713747331163604e-122,-0.3882104156235098,0.06147189693259136,2.5788891590265174e-119,0.8053150084107796,0.5928471449103435,-2.087019021874608e-123,-0.5928614014253628,0.8053045130259452,7.698929480217104e-122,4.732356944921447e-122,-6.076332156904039e-122,0.9999999998432992,16.938216655454678,-1.1605324504245167e-06,-8.543468613204229e-07,3.007584950289741e-129,-0.09790308638651993,0.132985208881336,1.27137465210798e-122,-0.09790189264748328,0.13298608770640996,9.81
1.5998744720995277,0.1560577037550332,0.015585884053201396,-1.1712336357039307e-126,0.07916955697200834,0.05900448387505364,9.506330370844463e-125,-0.09927236289589914,0.13319640422546009,1.4577053697251458e-121,-0.3920113690920992,0.05823976440655798,-2.3909861709242933e-119,0.8018080852293883,0.5975816215888687,9.627756986059363e-124,-0.5975956629516416,0.8017976201145699,8.774945709557086e-121,5.236026773832946e-121,-7.041575923190624e-121,0.9999999998466608,17.039221050506043,-1.330987711340301e-06,-9.919752737714621e-07,-1.5981911971553247e-129,-0.09927336447968274,0.13319565772520847,1.4577053310789862e-121,-0.09927236289589914,0.13319640422546009,9.81
1.6033779430385062,0.156334462749768,0.01579342201068963,6.922794928022629e-127,0.0788193526903207,0.05947149117923667,8.155667420302906e-124,-0.10065216048096204,0.13339471949225157,-1.5393284831678105e-121,-0.39572926061151925,0.0549151439201232,-9.873645355411824e-119,0.798261279156786,0.6023113233195702,8.259841377900351e-123,-0.6023251623682659,0.7982508370042853,-9.21159067677323e-121,-5.614179623339814e-121,7.303505053718923e-121,0.9999999998497211,17.140404131063686,-1.255149479738354e-06,-9.470467425197438e-07,-1.2987396331116187e-128,-0.10065321794541623,0.13339392157583288,-1.5393284258085468e-121,-0.10065216048096204,0.13339471949225157,9.81
1.6068418897642947,0.15660688496339664,0.016000228403722,4.488863944137559e-126,0.07846832579662433,0.05993389303431451,-9.491866905532538e-124,-0.1020294252249645,0.13357915382528418,-5.411306687244335e-121,-0.3994391270532187,0.05153803587340988,1.6574857277658255e-118,0.7947061294128053,0.6069943721927886,-9.613107878646458e-123,-0.6070080026438512,0.7946957183264057,-3.219339846317759e-120,-1.9464816732199066e-120,2.5642643419442186e-120,0.9999999998529099,17.240889351890406,-1.283444456557987e-06,-9.802913722690827e-07,1.552509734165378e-128,-0.10203043289020138,0.13357838414596074,-5.411306551310796e-121,-0.1020294252249645,0.13357915382528418,9.81
1.6102905386895159,0.1568768879520165,0.01620771371605202,-5.806627880903526e-126,0.07811408565947531,0.060394867131876584,-2.9240840198524077e-123,-0.10341326550434715,0.1337510331742262,9.833476301112596e-121,-0.4031017011150624,0.04808556776778161,3.422960375004006e-118,0.7911184533913977,0.6116629731343911,-2.9614336618578e-122,-0.6116764083947875,0.7911080655721144,5.816319796545172e-120,3.581055600010761e-120,-4.5832835308127396e-120,0.9999999998557934,17.341358121341518,-1.2563394646504529e-06,-9.713543261693825e-07,4.702918969197077e-128,-0.10341428062531234,0.13375024829340762,9.833475991414542e-121,-0.10341326550434715,0.1337510331742262,9.81
1.61370849285827,0.15714327428336283,0.01641492188963087,-1.5593405985250983e-125,0.07775827040762096,0.06085230321949808,5.707973843999789e-123,-0.10479725268260331,0.1339094455348473,1.8153770098010536e-120,-0.40673086234787625,0.04456827541613961,-8.974681600825437e-118,0.7875148090057543,0.6162957290105378,5.780882095246266e-122,-0.6163089605756203,0.7875044540281652,1.067606482645814e-119,6.534088451203598e-120,-8.443187247094549e-120,0.99999999985885,17.441341815608133,-1.2356685172677023e-06,-9.670132179816625e-07,-9.070628165266879e-128,-0.10479826693429696,0.13390865177120076,1.8153769668480092e-120,-0.10479725268260331,0.1339094455348473,9.81
1.6171042410191472,0.15740671758822214,0.016622333065444965,3.2706373880594845e-125,0.07740005915994175,0.06130728286211129,9.476790274506204e-123,-0.10618452822568081,0.13405478688206784,-5.08122831433559e-120,-0.41031819582595475,0.04098485922177986,-1.0560599293549797e-117,0.7838869152428568,0.6209036190191182,9.597837489161636e-122,-0.6209166593409864,0.7838765860470827,-2.9712325734203754e-119,-1.8523725778686375e-119,2.3231508792569252e-119,0.9999999998616288,17.54107859115028,-1.22282865342889e-06,-9.685819747597729e-07,-1.4972198750204605e-127,-0.10618553547802356,0.13405398902718746,-5.081228166325065e-120,-0.10618452822568081,0.13405478688206784,9.81
1.6204771259094963,0.1576671750979343,0.01682987801776441,4.876783458854908e-125,0.07703957803535744,0.06175966770465857,-2.840285189222098e-122,-0.10757446463319376,0.13418693977290452,-5.377133554125035e-120,-0.4138679187712846,0.03733033774091865,4.2853400112101114e-117,0.7802360177035436,0.6254852169940676,-2.8765640488891643e-121,-0.6254980577349574,0.7802257236016997,-3.1265362852997815e-119,-1.9331585341852477e-119,2.4574290727032354e-119,0.9999999998645734,17.640526342708196,-1.189665155677699e-06,-9.537088152370834e-07,4.386042094174214e-127,-0.10757548336756255,0.13418612306518807,-5.377133437876548e-120,-0.10757446463319376,0.13418693977290452,9.81
1.6238218383469558,0.15792424863070798,0.01703719694635288,-1.562316854045234e-124,0.07667745640305057,0.062208693159122586,-2.697306534745395e-122,-0.10896462656367234,0.13430566089716223,2.3460589086580522e-119,-0.4173678944881125,0.033616763761298074,2.72084190081146e-117,0.7765685203886293,0.6300328032264789,-2.73175903711704e-121,-0.6300454564837488,0.7765582545850533,1.3565045465431998e-118,8.567637320778864e-119,-1.0516975962399574e-118,0.9999999998672542,17.739517981749795,-1.1856656141175895e-06,-9.619347307278351e-07,4.170852502163923e-127,-0.10896562926540276,0.13430484737458906,2.3460588437601443e-119,-0.10896462656367234,0.13430566089716223,9.81
1.6271505660477157,0.15817888332491187,0.0172450168440835,-1.3232979508995892e-124,0.07631243137559096,0.0626559466967973,1.2742538807280714e-121,-0.11035968885728487,0.13441133914155046,1.296844440795637e-119,-0.4208325399884636,0.02982720573190889,-1.8940441806263657e-116,0.7728716055410508,0.6345624329791344,1.2905297667926553e-120,-0.6345748909843969,0.772861376788969,7.456864978598904e-119,4.6321063219815694e-119,-5.845092986920025e-119,0.9999999998700855,17.838392695993704,-1.1465770496098328e-06,-9.413914510277714e-07,-1.9145376823708333e-126,-0.11036070888790121,0.1344105016229001,1.2968444179109098e-119,-0.11035968885728487,0.13441133914155046,9.81
1.6304460523870354,0.15842977066002106,0.017452228549210663,6.799070668874852e-124,0.07594645655224852,0.0630990593558387,6.114312595059509e-122,-0.11175219662597335,0.13450336971039079,-1.009605338040767e-118,-0.42424027028867783,0.025985508463321594,-4.4839181936523044e-117,0.7691650835747673,0.6390501343473932,6.192409720848209e-121,-0.6390624084472488,0.7691548856437185,-5.77344384364335e-118,-3.6942829861181107e-118,4.436774080239866e-118,0.9999999998726743,17.93662677450409,-1.1469588807217501e-06,-9.52934867258469e-07,-9.233959619416535e-127,-0.1117531960466861,0.13450253932860465,-1.0096053111477392e-118,-0.11175219662597335,0.13450336971039079,9.81
1.6337315238722119,0.15867868743503297,0.017660264660004164,2.737569308463338e-124,0.07557700885907082,0.063541106842254,-5.353747357694125e-121,-0.1131515623794268,0.1345823874901768,-1.7141756261223824e-119,-0.4276143262394996,0.022063312782933053,7.949594991396912e-116,0.7654233795155349,0.6435270391296839,-5.422129636328906e-120,-0.6435391224746344,0.7654132203225769,-9.749128791488409e-119,-5.85881101468559e-119,7.811146361723943e-119,0.9999999998753919,18.03489238322388,-1.1067512038859836e-06,-9.304972180765547e-07,7.840038158268843e-126,-0.11315258022638768,0.1345815317114646,-1.7141756253672974e-119,-0.1131515623794268,0.1345823874901768,9.81
1.636979539130813,0.15892356589007262,0.017867357060488597,-2.787286946655899e-123,0.07520723465663792,0.06397834890008847,-6.309924874127433e-122,-0.1145458833574402,0.13464766810089834,4.144041794868366e-118,-0.43090881074617116,0.018095257449658675,-6.906457196172525e-117,0.7616783778817703,0.6479552829226682,-6.390519960777496e-121,-0.6479671858005861,0.7616682520137417,2.3441957060000204e-117,1.5194207375241457e-117,-1.785109098060028e-117,0.9999999998778941,18.13235711225061,-1.1080512655896478e-06,-9.426126461468303e-07,9.296605937545133e-127,-0.11454687948372289,0.13464682067533953,4.144041687692546e-118,-0.1145458833574402,0.13464766810089834,9.81
1.640222644338897,0.15916686848055073,0.018075553684207244,-1.4445653495157592e-124,0.07483348459697936,0.0644151207875665,2.151933106159034e-120,-0.1159486274363779,0.13469986564446934,-6.060087441935033e-119,-0.4342034102580534,0.014043637421355726,-3.220310244506552e-115,0.7578931029675522,0.652378758448047,2.179419103612483e-119,-0.6523904734155518,0.7578830188074095,-3.4097053713265984e-118,-2.3895938297689203e-118,2.442008958002181e-118,0.9999999998805347,18.229971353247812,-1.0109690160895998e-06,-8.702212870964911e-07,-2.907171444361753e-125,-0.11594969857423666,0.1346989436022578,-6.060087112591032e-119,-0.1159486274363779,0.13469986564446934,9.81
1.6434248897479862,0.15940590920328607,0.0182825173614833,1.097410351304093e-122,0.07445996227722418,0.06484653491064529,-3.933093798986933e-121,-0.11734434078150002,0.13473835084264252,-1.64694196905637e-117,-0.4374290207577758,0.009952654248870374,1.1575361243524782e-115,0.754110137264379,0.6567479736360817,-3.983329851262831e-120,-0.6567595063153473,0.7541000933990271,-9.217620750887685e-117,-6.050649920478509e-117,6.953717339449507e-117,0.9999999998830591,18.326662599116176,-1.0693635892604404e-06,-9.31299468900768e-07,5.6485487947516076e-126,-0.11734533199930466,0.1347374875730027,-1.6469419275329632e-117,-0.11734434078150002,0.13473835084264252,9.81
1.6466236327553494,0.15964348715194682,0.01849063409265152,-2.6349635983149307e-123,0.07408236973482829,0.06527757929875122,-8.38415775152122e-120,-0.11874859450868946,0.1347635869297985,6.76058100262932e-118,-0.44058614210083036,0.005776587754077411,1.2721809189871632e-114,0.7502859527555216,0.6611134464656875,-8.491245365353552e-119,-0.6611248013477052,0.7502759472640431,3.763876054997715e-117,2.5520568423886352e-117,-2.7678456029240145e-117,0.9999999998854785,18.42351921448344,-1.037612530452466e-06,-9.142908694799159e-07,1.1743019521929112e-124,-0.11874959643213114,0.1347627040593843,6.760580780518497e-118,-0.11874859450868946,0.1347635869297985,9.81
1.6497846315042852,0.15987706819524808,0.018697649733216668,-4.203707247547509e-122,0.07370480475433183,0.06570359582506224,3.66804513620213e-120,-0.1201462359677059,0.13477524699928622,6.402829727727953e-117,-0.4436953519393505,0.0015603970803041989,-7.487086707216213e-115,0.74646204420564,0.6654279950230055,3.714895493902078e-119,-0.6654391727543514,0.7464520797506056,3.546227316494454e-116,2.3569859416432385e-116,-2.649596128872662e-116,0.9999999998878839,18.51949886314066,-1.031994675627543e-06,-9.199639194087028e-07,-5.135897263603601e-125,-0.1201472221493408,0.13477436784855557,6.402829569280624e-117,-0.1201462359677059,0.13477524699928622,9.81
1.6529399917652015,0.16010903529902143,0.018905639192085797,2.0351955720186135e-122,0.0733234908773781,0.06612886811642138,3.2029231645045063e-119,-0.12155111625208193,0.13477346693770365,-4.024206777485656e-117,-0.4467567948091151,-0.0027355094446335215,-4.949416424001152e-114,0.7426001727410898,0.6697350098695033,3.243832592770485e-118,-0.6697460146702845,0.7425902476017787,-2.2173179007692657e-116,-1.509103810637972e-116,1.6248552166205115e-116,0.999999999890193,18.615561401968513,-1.0178939370362278e-06,-9.180164925772909e-07,-4.446373230366585e-124,-0.12155209561791187,0.1347725836425572,-4.024206663212438e-117,-0.12155111625208193,0.13477346693770365,9.81
1.6560612286948027,0.16033730322835962,0.019112699567807832,1.5816554771932946e-121,0.07294192519513842,0.06654951487832461,-2.0707024548084509e-119,-0.12295024518941133,0.13475822469589538,-2.4551013645255009e-116,-0.4497542459884585,-0.0070738639530532055,3.816310464406883e-114,0.7387357474123306,0.67399517468239,-2.097150468032099e-118,-0.6740060067674002,0.7387258644730555,-1.3458613549374187e-115,-9.055548397268964e-116,9.956493859656147e-116,0.9999999998924967,18.71082258328157,-9.958754258773965e-07,-9.085999073109587e-07,2.827128134513756e-124,-0.12295122528776332,0.1347573304640724,-2.455101304669983e-116,-0.12295024518941133,0.13475822469589538,9.81
1.6591747618095813,0.16056381438195402,0.019320556877535443,-1.0775346670799132e-121,0.0725569351748021,0.06696905482866233,-1.2092289192715683e-118,-0.12435520757405527,0.13472939673087048,1.960968046400573e-116,-0.45270634226670836,-0.011487822273508641,1.9092444395520058e-113,0.734836645595616,0.6782441332512822,-1.2246737278166116e-117,-0.6782547960251303,0.7348268038585071,1.069537497312457e-115,7.344067636562425e-116,-7.776289385692402e-116,0.9999999998947227,18.80607842544385,-9.851858408311058e-07,-9.093130027073263e-07,1.6419039843948294e-123,-0.12435617737898425,0.1347285015881772,1.9609679947524442e-116,-0.12435520757405527,0.13472939673087048,9.81
1.6622570835916881,0.1607868674939874,0.01952761708664761,-5.888492895354225e-121,0.07217148214070335,0.0673842797781874,9.757461771681013e-119,-0.12575505715621915,0.13468718625244058,9.343810589882248e-116,-0.4555906340219167,-0.01594500229264284,-1.7230548982416e-113,0.7309328516560532,0.6824493874053593,9.882087974576023e-118,-0.6824598815761589,0.7309230534324768,5.070751455105414e-115,3.453308178304859e-115,-3.7131229497081355e-115,0.9999999998969337,18.9005919700373,-9.610217681925894e-07,-8.972762894707915e-07,-1.299285103583034e-123,-0.12575602988211687,0.134686278022227,9.343810364944691e-116,-0.12575505715621915,0.13468718625244058,9.81
1.6653302946765933,0.1610080718385766,0.019735339249647356,4.88255147996027e-121,0.07178285856409516,0.06779812667725915,4.538281403543914e-118,-0.1271595845617064,0.1346312876941056,-8.570423180296483e-116,-0.4584254904180085,-0.020474314717908726,-7.33810926640167e-113,0.7269969506625629,0.6866406874977152,4.596245966826564e-117,-0.6866510158676626,0.7269871954910259,-4.627921066671228e-115,-3.2111330225563937e-115,3.332924333754027e-115,0.9999999998990807,18.995030410144672,-9.525716695360356e-07,-8.996935481847157e-07,-6.022382473857756e-123,-0.12716054469544774,0.13463038083245393,-8.570422966633601e-116,-0.1271595845617064,0.1346312876941056,9.81
1.6683745374049233,0.16122600708260978,0.0199423570656589,2.1814640683617893e-120,0.0713936298716078,0.06820788227375907,-4.150905424688345e-118,-0.12855937303397447,0.13456206735886056,-3.5459722293538466e-115,-0.4611918301625053,-0.025046836159891228,7.177861244241996e-113,0.7230549194208566,0.6907905496612549,-4.203922104491865e-117,-0.6908007135685189,0.7230452089138169,-1.9053777722049895e-114,-1.3131773328375221e-114,1.3805968439375395e-114,0.9999999999012006,19.088766649038707,-9.274159038880464e-07,-8.860324780371495e-07,5.3920997059740084e-123,-0.1285603371551647,0.13456114623304716,-3.5459721449510842e-115,-0.12855937303397447,0.13456206735886056,9.81
1.671408881961915,0.16144204811687,0.020149942767423493,-2.015712197398287e-120,0.071001413069407,0.06861607470211029,-1.7002550014957506e-117,-0.12996295214474962,0.13447908394425845,3.474439492754072e-115,-0.46390526613209815,-0.0296886056302732,2.818954741771238e-112,0.7190826276499225,0.6949245819598578,-1.721971128877842e-116,-0.6949345834782026,0.7190729620045362,1.857829799816395e-114,1.3034338257912597e-114,-1.3239665612862207e-114,0.9999999999032727,19.18237721583432,-9.203776418400375e-07,-8.894569600313953e-07,2.20400780935677e-122,-0.12996390221109533,0.13447816577044977,3.474439410105572e-115,-0.12996295214474962,0.13447908394425845,9.81
1.6744158712550465,0.16165496106146515,0.020356878567900857,-8.073077241762494e-120,0.07060851862130235,0.06902031776671702,1.6419435785935147e-117,-0.1313619065808691,0.1343828360563819,1.345675360784329e-114,-0.46654901404608395,-0.03437279362134049,-2.8044475089889884e-112,0.7151034722216077,0.6990186149285297,1.6629148680226735e-116,-0.6990284561317089,0.7150938522446683,7.160816542586293e-114,4.9936526593666806e-114,-5.13234902167411e-114,0.9999999999053033,19.27530756138721,-8.950115851988223e-07,-8.748800459422022e-07,-2.0812765283545378e-122,-0.131362860947967,0.13438190313022552,1.3456753291033798e-114,-0.1313619065808691,0.1343828360563819,9.81
1.6774127560486927,0.16186597675672906,0.020564327988397645,7.768542836136144e-120,0.07021274687526002,0.06942289337128749,6.374285458235933e-117,-0.13276402715515445,0.1342727617279902,-1.3239555207147568e-114,-0.4691369543866202,-0.039124012377552475,-1.0838241868334056e-111,0.7110951773703104,0.7030957607045337,6.455699072115933e-116,-0.7031054428419253,0.7110856040211052,-7.0114905709649e-114,-4.975654843405973e-114,4.940446759641002e-114,0.9999999999073037,19.36807996114496,-8.887902189199862e-07,-8.787918340119342e-07,-8.06890888053298e-122,-0.13276496660907836,0.13427183281709187,-1.3239554906180787e-114,-0.13276402715515445,0.1342727617279902,9.81
1.6803833071566303,0.16207396155920822,0.020771144683732267,2.9907998860866815e-119,0.069816294660626,0.06982158493821844,-6.1064522564724114e-117,-0.13416138429284885,0.13414949157455602,-5.111854694306503e-114,-0.47165362386724397,-0.04391600412959562,1.0319388607498881e-111,0.707079991449914,0.7071335699082526,-6.184444806594533e-116,-0.7071430958655075,0.7070704646424893,-2.6943574460200165e-113,-1.9008977611500616e-113,1.90949952734159e-113,0.9999999999092481,19.46017689520177,-8.63754919722795e-07,-8.638203701068261e-07,7.554795344295223e-122,-0.13416232784429688,0.13414854792618516,-5.111854575349068e-114,-0.13416138429284885,0.13414949157455602,9.81
1.6833440910970663,0.1622800844783345,0.020978459316399124,-2.8186432428153e-119,0.06941700441684162,0.07021858022370786,-2.3928083299140524e-116,-0.135561538441614,0.13401232836162436,4.7518262498948354e-114,-0.47411211680345744,-0.048773558935334194,4.168761937339607e-111,0.703036062655558,0.7111541988948462,-2.4233695491245687e-115,-0.7111635690320505,0.7030265841926577,2.4928180518882013e-113,1.7898149568447403e-113,-1.7353068667397891e-113,0.9999999999111797,19.552100957717588,-8.578554854735724e-07,-8.677613609679099e-07,2.95703303354533e-121,-0.13556246672736327,0.134011389331691,4.751826147062309e-114,-0.135561538441614,0.13401232836162436,9.81
1.6862790090112643,0.1624832338570823,0.02118512227871179,-1.1094302071584804e-118,0.06901710039927522,0.07061168538925333,2.1354123824595452e-116,-0.1369565455377728,0.13386206324317307,1.942279573919239e-113,-0.47649738653956675,-0.05366930599210562,-3.555951403972839e-111,0.6989859193927401,0.7151354308735415,2.1626860282467063e-115,-0.7151446489332624,0.6989764882327023,1.0141912949149781e-112,7.23772461992044e-113,-7.10452068056683e-113,0.9999999999130404,19.643338023313913,-8.336277647631985e-07,-8.528880685608116e-07,-2.57927244253817e-121,-0.13695747726158156,0.1338611099674802,1.9422795293148365e-113,-0.1369565455377728,0.13386206324317307,9.81
1.6892050040421736,0.1626845912766556,0.02139230475706236,9.608529045245491e-119,0.06861432648562271,0.07100313552547721,8.983606378126342e-116,-0.13835422705345835,0.13369782124731522,-1.5936861936743113e-113,-0.47882257563103536,-0.05862998715566903,-1.6008263692656485e-110,0.6949067094291658,0.7190998993118612,9.098345297229927e-115,-0.7191089647334367,0.6948973282723175,-8.283277187777902e-113,-6.019727950090767e-113,5.690677877173633e-113,0.9999999999149061,19.734403656200048,-8.275367254636501e-07,-8.563474317964358e-07,-1.0834857071091113e-120,-0.13835514368532711,0.13369687267812758,-1.5936861612137215e-113,-0.13835422705345835,0.13369782124731522,9.81
1.6921050836089866,0.16288299648613228,0.021598781749391806,4.114639706791642e-118,0.06821107450199193,0.07139062329547441,-6.946514486418865e-116,-0.13974614248658312,0.13352060946320954,-7.364007933323211e-113,-0.4810722990434684,-0.06362525869281654,1.1260898764846158e-110,0.6908226604043828,0.723024240168897,-7.035235338369179e-115,-0.7230331575587751,0.6908133272242131,-3.810042039037817e-112,-2.7498927159549685e-112,2.637150086081514e-112,0.999999999916686,19.824755431708255,-8.046217433614514e-07,-8.421278831194457e-07,8.194148292129164e-121,-0.1397470614074734,0.13351964768345426,-7.3640077668387e-113,-0.13974614248658312,0.13352060946320954,9.81
1.6949975555996308,0.1630797105216208,0.02180583568122012,-3.0358715463314e-118,0.06780485034971306,0.07177656194072801,-3.3644358828208564e-115,-0.1411408462115329,0.13332930693911393,4.88190226145639e-113,-0.4832604420831821,-0.06868576093737389,6.11656487950937e-110,0.6867085079263976,0.726932889021745,-3.407406303811302e-114,-0.7269416569148343,0.6866992263297779,2.5143928219227234e-112,1.8511934709020077e-112,-1.7018850872406513e-112,0.9999999999184881,19.91495258113861,-7.976976838608219e-07,-8.44423325474589e-07,3.9581279176671675e-120,-0.14114175087227734,0.1333283492628049,4.8819021704301163e-113,-0.1411408462115329,0.13332930693911393,9.81
1.6978635816370702,0.16327346132999035,0.022012096787127428,-1.5212476676117112e-117,0.06739835201899425,0.07215840507721749,2.0422910880692577e-115,-0.1425289401147687,0.1331252167803374,2.775908675830475e-112,-0.4853706507006912,-0.07377614679720779,-3.1265820086529066e-110,0.6825915822222095,0.7308000628621899,2.06837506170869e-114,-0.7308086866775062,0.6825823492273285,1.423321638346764e-111,1.0387517064682258e-111,-9.73058955592629e-112,0.999999999920191,20.00439466074542,-7.767576720653519e-07,-8.316166948997832e-07,-2.3537152225939004e-120,-0.14252984526160922,0.1331242476823604,2.7759086142415513e-112,-0.1425289401147687,0.1331252167803374,9.81
1.7007237512773443,0.16346564906349334,0.02221902659627599,8.585078195469418e-118,0.06698870988681094,0.07253886421785616,1.2520553433829843e-114,-0.14392016132253893,0.13290688031043096,-1.2891536215895624e-112,-0.487418100874784,-0.07893307449266374,-2.315187582452757e-109,0.6784428140430576,0.7346532162002268,1.26804643937417e-113,-0.7346616936565099,0.6784336340967688,-6.580633911050972e-112,-4.920512402796683e-112,4.37142527432202e-112,0.9999999999219308,20.093713276551817,-7.681125990340457e-07,-8.317523299000757e-07,-1.435644134012076e-119,-0.1439210539523397,0.13290591370015653,-1.2891536013524267e-112,-0.14392016132253893,0.13290688031043096,9.81
1.703556498695,0.16365483373276615,0.02242504414998706,5.5836740907518694e-117,0.066579064528689,0.07291503908557351,-5.026429546540588e-115,-0.1453037160281685,0.1326759990375681,-1.0355470604009628e-111,-0.4893850248744833,-0.08411399328432623,6.583861370832569e-110,0.6742940174079374,0.73846298355968,-5.0906263044509436e-114,-0.7384713207491105,0.6742848866992827,-5.2628874437456556e-111,-3.883015031466269e-111,3.5524927991395366e-111,0.9999999999235607,20.182222239049516,-7.500367172993419e-07,-8.214137123229063e-07,5.6624507170707116e-120,-0.14530460644964244,0.13267502385521587,-1.0355470379357293e-111,-0.1453037160281685,0.1326759990375681,9.81
1.7063855423925398,0.16384260734299821,0.022631854925625392,-1.971282823385472e-117,0.06616603572911472,0.0732900488917787,-4.607915480344871e-114,-0.1466909499233342,0.13243066376863588,2.4099250933931867e-112,-0.49128822716030385,-0.08936386117719408,8.635556330017886e-109,0.6701109508026359,0.7422609471165699,-4.6667668536069937e-113,-0.7422691411393362,0.6701018744282635,1.219436015073463e-111,9.364118236577017e-112,-7.82517457260612e-112,0.9999999999252388,20.270652249461452,-7.384696950695209e-07,-8.179797906938354e-07,5.142828797553428e-119,-0.1466918308062684,0.13242968801816576,2.4099250755279294e-112,-0.1466909499233342,0.13243066376863588,9.81
1.709185776314588,0.16402731261159195,0.022837603442828574,-2.0244496710432248e-116,0.06575334029145452,0.07366053530492955,7.569686543452283e-115,-0.1480692603147311,0.13217309660411658,3.802010091712946e-111,-0.4930958747373708,-0.09462795986469885,-2.659815772982057e-110,0.6659312649016964,0.7460131033878873,7.666364799790493e-114,-0.7460211607363211,0.66592223850359,1.915565160842874e-110,1.4285261901012437e-110,-1.2762066575983733e-110,0.9999999999268016,20.35820562406437,-7.244216217282926e-07,-8.115372421605505e-07,-8.339720198967906e-120,-0.14807013511304265,0.13217211658270558,3.802010011403585e-111,-0.1480692603147311,0.13217309660411658,9.81
1.7119848270930094,0.16421077950576363,0.023044300796173076,2.2499711665256723e-117,0.06533695541843443,0.07403012400270015,1.667615925080842e-113,-0.14945193202095197,0.13190082114384616,9.513331536159719e-113,-0.494864028672918,-0.09996972910357371,-3.1545795827576848e-108,0.6617142099259852,0.7497561632837901,1.68891425573454e-112,-0.7497640800057477,0.661705239765513,4.772577795590238e-112,2.4607062044609287e-112,-4.424369788478693e-112,0.999999999928431,20.44573255641112,-6.706634742731809e-07,-7.598961391230823e-07,-1.711755748190938e-118,-0.1494528394210365,0.1318997929881831,9.513329885092444e-113,-0.14945193202095197,0.13190082114384616,9.81
1.7147533029842221,0.16439109057338497,0.023249756905580846,7.207503466143906e-116,0.06492130479622915,0.07439490515283875,1.6267212303616548e-114,-0.15082437515548897,0.13161667640116193,-1.3649887996499286e-110,-0.4965349841317881,-0.10531791964771386,-7.733395285164416e-109,0.6575045934739486,0.7534505355765948,1.6474972039171123e-113,-0.7534583165473105,0.6574956769635011,-6.818899737773394e-110,-5.1387868817578507e-110,4.482216579554531e-110,0.999999999929976,20.532313047225294,-6.99681741350681e-07,-8.017823570912019e-07,-1.7531797099950995e-119,-0.15082523304619377,0.13161569329981399,-1.3649887717494236e-110,-0.15082437515548897,0.13161667640116193,9.81
1.7175217788754358,0.16457024564007258,0.023456221798862534,1.1257048182445612e-116,0.0645018481255839,0.07475887919369661,-5.89026124213438e-113,-0.15220122228637756,0.13131768090093132,-4.186810365470871e-111,-0.49813733661287785,-0.1107389109380783,1.1189929142835476e-107,0.6532564315990879,0.7571367343977085,-5.96548959764908e-112,-0.7571443800967507,0.6532475699823973,-2.082769903288472e-110,-1.5379721872434694e-110,1.4057502040980607e-110,0.9999999999315075,20.618879192100334,-6.449403512124344e-07,-7.474982377180403e-07,5.889547764335082e-118,-0.1522021142923753,0.13131664702440543,-4.186810220060324e-111,-0.15220122228637756,0.13131768090093132,9.81
1.7202609151762704,0.1647463540353998,0.023661489209745926,-2.501819053383041e-115,0.06408307973109117,0.07511816095683255,-2.2464380022108855e-113,-0.15356787532252802,0.1310069292883842,4.752627729916599e-110,-0.49966417881319103,-0.11616990584389697,6.116046439007223e-108,0.6490152379432247,0.7607754076713439,-2.275128630907912e-112,-0.7607829192149345,0.649006432811573,2.354462565195427e-109,1.792693791000402e-109,-1.5263512029773135e-109,0.9999999999330234,20.7045137870378,-6.756934925381404e-07,-7.92047647256545e-07,2.36864948728086e-118,-0.15356871587923443,0.1310059439650461,4.7526276364866664e-110,-0.15356787532252802,0.1310069292883842,9.81
1.7229983789709484,0.1649212037439693,0.023867613326336495,-1.1201542668567714e-115,0.06366082057389733,0.07547635228733895,2.012653594326191e-112,-0.15493768073994474,0.13068147388298357,2.9351010489077175e-110,-0.5011021893861347,-0.12166263019589252,-3.814490153737784e-107,0.6447386966668189,0.7644030435708452,2.038358355342537e-111,-0.7644104257111092,0.64472994428998,1.448072191552207e-109,1.093768883843981e-109,-9.49209601242426e-110,0.9999999999344498,20.790064741559917,-6.460090737498089e-07,-7.659092043050162e-07,-2.04237468591946e-117,-0.1549385310172505,0.13068046576967493,2.9351009695781135e-110,-0.15493768073994474,0.13068147388298357,9.81
1.725710398376604,0.16509328334915324,0.02407278726310813,8.389722852163122e-115,0.06323878417608952,0.07583031588213451,1.4013651478665058e-112,-0.15629858732056512,0.13034407129986292,-1.5874790023077042e-109,-0.5024656910567273,-0.12717069363521816,-3.3954897496897445e-107,0.6404644057030956,0.7679878547395009,1.4192627329807278e-111,-0.7679951055431798,0.6404557110852553,-7.8002602448137e-109,-5.999594881052966e-109,4.984889173699999e-109,0.9999999999359148,20.874777859533623,-6.520855714091358e-07,-7.819229212953954e-07,-1.4450151202383306e-117,-0.1562994108895146,0.13034308372662198,-1.5874789725215704e-109,-0.15629858732056512,0.13034407129986292,9.81
1.7284175866102516,0.1652639098923251,0.024278551847150432,6.494457512362153e-115,0.06281381265507946,0.07618271553996436,-6.577075586071085e-112,-0.15766064027925886,0.1299923361386668,-1.549993969481416e-109,-0.5037536198753365,-0.13273405968418572,1.2319413229546876e-106,0.6361603962958953,0.7715568353560543,-6.661074745260973e-111,-0.7715639610300818,0.6361517539389248,-7.585362709549223e-109,-5.810163903384463e-109,4.87690179950665e-109,0.9999999999372673,20.95929130294483,-6.233790609307839e-07,-7.560551997255601e-07,6.527244612629367e-117,-0.15766147295986732,0.12999132621242737,-1.5499939319687252e-109,-0.15766064027925886,0.1299923361386668,9.81
1.7311034881153107,0.16543205292731947,0.02448364002261961,-2.683181593024548e-114,0.06238853510332376,0.07653138382808233,-7.017138564078725e-112,-0.15901534912388193,0.12962834366738285,5.004836479410108e-109,-0.5049594588227606,-0.13831729172863305,1.6191450803607405e-106,0.63185327999943,0.7750880160046095,-7.106757692868831e-111,-0.7750950124628113,0.6318446974180241,2.439515464986432e-108,1.8953295689329696e-108,-1.5359074357184872e-108,0.9999999999386944,21.04307586986241,-6.281904668600995e-07,-7.705948802418865e-07,7.065560272075982e-117,-0.15901615630447385,0.1296273534847422,5.004836391023429e-109,-0.15901534912388193,0.12962834366738285,9.81
1.7337811280590234,0.16559853690936852,0.02468902822438876,-3.1231190491224855e-114,0.06196093843048445,0.07687798560118075,2.018130095499128e-111,-0.16036900166904466,0.12925051176584113,7.147907567661152e-109,-0.5060857974962971,-0.1439439969639622,-3.678174666035316e-106,0.6275226855941964,0.7785982783596733,2.0439045138525725e-110,-0.7786051539092642,0.6275141546657979,3.470352290357612e-108,2.689184528441708e-108,-2.19363873508902e-108,0.9999999999399749,21.12653345633265,-6.028456248673967e-07,-7.479802346810288e-07,-1.9635288446281824e-116,-0.16036981498345462,0.12924950262399687,7.1479074077246e-109,-0.16036900166904466,0.12925051176584113,9.81
1.7364418709977312,0.16576283137321063,0.024894038315415527,8.016849189553152e-114,0.06153244678900194,0.07722137903238746,3.124251805578724e-111,-0.16171701047625753,0.12886001109209033,-1.4479798144398378e-108,-0.5071309930727637,-0.14959849198728392,-7.016688620614285e-106,0.6231830182395357,0.7820760358033371,3.1641528519370754e-110,-0.7820827842592473,0.6231745490352631,-7.00256896902535e-108,-5.496259575000652e-108,4.339135770825083e-108,0.9999999999413653,21.2093791883288,-6.032665829951355e-07,-7.570815056775381e-07,-3.063029035121569e-116,-0.16171780264309804,0.12885901692432594,-1.4479797910397925e-108,-0.16171701047625753,0.12886001109209033,9.81
1.7390906807952136,0.16592525180373388,0.025099035126350228,1.34905626115713e-113,0.06110230950640627,0.07756217936957999,-5.6256152680556565e-111,-0.16306162846057148,0.12845627818586358,-3.01340447163035e-108,-0.50809338618091,-0.15528299409864843,9.668819641723858e-106,0.6188266947680562,0.7855275436561363,-5.69746206074682e-110,-0.7855341751884338,0.6188182767267197,-1.451672392189263e-107,-1.1368029547757119e-107,9.028091795050753e-108,0.9999999999425797,21.291763330334156,-5.841186866345163e-07,-7.414698186018612e-07,5.377909654205835e-116,-0.16306242092438353,0.12845527222429082,-3.0134044085693617e-108,-0.16306162846057148,0.12845627818586358,9.81
1.7417271857349346,0.16608578161246834,0.025303974667889927,-2.1527437497888828e-113,0.060670631278476606,0.07790031593588154,-1.2809657430629173e-110,-0.16440243258552023,0.12803936187655474,3.624045901909324e-108,-0.508975028298039,-0.1610047543365667,2.8228218606386847e-105,0.6144547552186334,0.7889520605139512,-1.2973253706302016e-109,-0.788958567295265,0.6144464005032522,1.739152166084246e-107,1.38007905402212e-107,-1.0583949588419693e-107,0.9999999999439303,21.37365983908521,-5.764152649885419e-07,-7.401098407361052e-07,1.2170109205552274e-115,-0.1644032120521777,0.12803836102945595,3.624045852394515e-108,-0.16440243258552023,0.12803936187655474,9.81
1.7443478745419891,0.1662442159019619,0.025508566856838475,-5.38671840811991e-113,0.06023803523346416,0.07823531380266413,1.3226469063699511e-110,-0.16573739550641342,0.1276099355912237,1.1817088497408639e-107,-0.5097713975985698,-0.16674140905352886,-1.962797120132454e-105,0.610073531137223,0.7923448028514859,1.3395388237506367e-109,-0.7923511962044395,0.6100652275563605,5.649443480873494e-107,4.4681351205000005e-107,-3.4571897852302675e-107,0.9999999999450879,21.45495365892041,-5.666730009164014e-07,-7.359775244721655e-07,-1.2442442531211222e-115,-0.16573816614633544,0.12760893468601478,1.1817088265312024e-107,-0.16573739550641342,0.1276099355912237,9.81
1.7469610241727576,0.16640106102660426,0.025713443142743726,4.731281638532617e-113,0.059803198582109474,0.07856820900778061,4.9010734201603994e-110,-0.16707048803708524,0.1271667076638323,-6.572292382684822e-108,-0.5104866380747524,-0.17252634073655315,-1.0613650853865633e-104,0.6056696050948083,0.7957162367730716,4.963666280915678e-109,-0.7957225082309927,0.6056613656942117,-3.130233768568927e-107,-2.5208408435311533e-107,1.8563904406328574e-107,0.9999999999463904,21.535890469394303,-5.465849193941483e-07,-7.180919951714323e-07,-4.4794473938130985e-115,-0.16707125821667185,0.12716569579603423,-6.572292335801439e-108,-0.16707048803708524,0.1271667076638323,9.81
1.749554292299199,0.16655558498375334,0.025917619193488596,2.0089552133801344e-112,0.05936822290739485,0.07889740574463833,-2.018885061567877e-110,-0.16839518878166793,0.12671180673245175,-4.3300344201470765e-107,-0.5110953269973351,-0.1783022570205013,1.306576522840514e-105,0.6012642811651873,0.7990502263280517,-2.0446687063417963e-109,-0.799056387033594,0.6012560938076379,-2.0546467151147457e-106,-1.6405365532171196e-106,1.237019485801051e-106,0.9999999999475064,21.6160777471376,-5.49727805377403e-07,-7.305608216979011e-07,1.8694129617726723e-115,-0.16839593738113906,0.1267108118598926,-4.3300343404210774e-107,-0.16839518878166793,0.12671180673245175,9.81
1.7521449323186409,0.16670882158804695,0.026122439183908223,-5.692713338866604e-113,0.05893025687205977,0.07922507258845535,-1.753669796765594e-109,-0.16971995783482008,0.12624242030390675,1.1961091426872595e-109,-0.5116615918577168,-0.18415326606205795,3.719828407995188e-104,0.5968286633735713,0.8023687098682976,-1.776066245688552e-108,-0.8023747514743919,0.596820541030893,5.654759264290635e-109,1.5137130072090166e-108,1.0875784711458182e-108,0.9999999999487632,21.6960381235433,-4.5816893866506337e-07,-6.159563753865998e-07,1.3634371750617926e-114,-0.16972077760254142,0.1262413181955233,1.1961120881820418e-109,-0.16971995783482008,0.12624242030390675,9.81
1.754711471372525,0.1668595094186304,0.026326189234020775,-6.998644714338487e-112,0.058492978495920056,0.07954847196122206,-2.2451577280152598e-110,-0.17103390512490968,0.12576223774867934,1.475573011392246e-106,-0.5121177025578021,-0.1899811118731911,1.4685884109564216e-104,0.5924000150343224,0.8056439797995977,-2.2738309896861143e-109,-0.8056499093581749,0.5923919509506899,6.950611287906813e-106,5.601065139205364e-106,-4.11571031972299e-106,0.9999999999499054,21.77510928670201,-5.321168125928763e-07,-7.236608638349947e-07,2.042443733794603e-115,-0.1710346318164074,0.12576124945209916,1.475572986128884e-106,-0.17103390512490968,0.12576223774867934,9.81
1.7572780104264085,0.16700907061542247,0.026530767703838738,-1.7217283321047325e-112,0.05805232647797709,0.07987061997782696,5.820561724423934e-109,-0.1723486980024198,0.12526723241766113,7.550340113032345e-107,-0.5124947426096043,-0.19586967315907344,-1.1978774621742406e-103,0.5879371997857894,0.8089065762546654,5.894896844033255e-108,-0.8089123934005098,0.5879291962499046,3.5437080183277794e-106,2.8318709007168437e-106,-2.131162320303644e-106,0.9999999999510522,21.85401269925546,-4.2496006828913565e-07,-5.84676380419469e-07,-4.260822016893123e-114,-0.1723495124597641,0.12526611183265887,7.550339866732033e-107,-0.1723486980024198,0.12526723241766113,9.81
1.7598209043995605,0.16715613430367735,0.026734275250300688,2.256392098507312e-111,0.05761240531892753,0.08018852832137036,3.708610161236674e-109,-0.1736524526951957,0.12476159602928583,-4.60173002681901e-106,-0.5128048638937059,-0.20175811693877677,-1.1098561922337405e-103,0.5834817820994911,0.8121262278476185,3.755973134625821e-108,-0.8121319313360297,0.5834738435477724,-2.1521127743680877e-105,-1.7499787414313503e-105,1.2526682511515018e-105,0.9999999999522249,21.93202289013688,-5.124143008888843e-07,-7.132100882030727e-07,-3.2984994681608585e-114,-0.1736531598213052,0.12476061178689116,-4.601729954713261e-106,-0.1736524526951957,0.12476159602928583,9.81
1.7623613974336363,0.16730193782779038,0.02693839626547463,1.715861068661903e-111,0.05716958698674546,0.08050483268627939,-1.7553712614083764e-108,-0.17495548310592213,0.12424163181936443,-4.891578337013975e-106,-0.5129826255949368,-0.20766405543277955,3.4352050328903863e-103,0.5789970329766446,0.81532964854974,-1.7777892157303107e-107,-0.8153352480267277,0.5789891478475174,-2.2795853563733128e-105,-1.848320320820305e-105,1.3343680998686224e-105,0.9999999999532354,22.009780507779205,-4.7455453495006535e-07,-6.682562434031151e-07,1.457102345020428e-113,-0.1749562100962402,0.1242406080681706,-4.891578225119097e-106,-0.17495548310592213,0.12424163181936443,9.81
1.7648840403720947,0.16744559960204639,0.027141876550074735,-6.576413456195561e-111,0.05672660509190308,0.08081758996990107,-2.118183767816738e-108,-0.17624975070224913,0.12371027117184852,1.266491473714508e-105,-0.5130975576691341,-0.21359215252649832,5.507851417926151e-103,0.5745106166217214,0.8184971297377466,-2.1452351336643153e-107,-0.8185026170732005,0.5745027988133058,5.881554404768767e-105,4.826359834583664e-105,-3.3614566420664896e-105,0.9999999999543856,22.086793796007168,-4.889557236275453e-07,-6.966082867385908e-07,1.8257713030614358e-113,-0.17625044334833348,0.12370928434874875,1.2664914562211239e-105,-0.17624975070224913,0.12371027117184852,9.81
1.7673991620324017,0.1675877164498306,0.027345533915412407,-8.972607971288533e-111,0.056281691956954205,0.08112805996232719,4.6037315499175224e-108,-0.17754034725598267,0.12316564922927142,2.287748545409693e-105,-0.5131232272627599,-0.21953220583300848,-8.164069484534964e-103,0.5700046539583994,0.8216414634533517,4.662525801525519e-107,-0.8216468513880939,0.5699968873634585,1.058753124603934e-104,8.672578415412638e-105,-6.073251580615787e-105,0.9999999999553248,22.163384854976933,-4.673590023213292e-07,-6.73681402351183e-07,-3.822904588174569e-113,-0.17754104411768346,0.12316464470760637,2.287748500313502e-105,-0.17754034725598267,0.12316564922927142,9.81
1.7699022856539064,0.16772804028193053,0.027548993346236523,1.6393225769749043e-110,0.05583567952426449,0.08143567200778712,9.371512485683526e-108,-0.17882472919447245,0.12260867636947737,-2.8011747157855452e-105,-0.5130620656890201,-0.22550343466786416,-2.2819266220763586e-102,0.5654875455919258,0.8247568343338658,9.491195664074035e-107,-0.824762111566401,0.565479848734269,-1.2919320052009366e-104,-1.0708968306725558e-104,7.227434801155412e-105,0.9999999999564548,22.239397271014976,-4.599782954234627e-07,-6.708728525552864e-07,-7.720318576638994e-113,-0.17882541342735972,0.1226076784040112,-2.8011746867386898e-105,-0.17882472919447245,0.12260867636947737,9.81
1.7723927023304153,0.16786653983904423,0.027752182335222798,3.784373755336504e-110,0.05538873974952452,0.0817403184922858,-9.264755425789073e-108,-0.1801023446137897,0.12203966459405535,-9.100834601163314e-105,-0.512913202502908,-0.23146374693776295,1.2407990501034308e-102,0.5609610585728988,0.8278421895293648,-9.383075033972517e-107,-0.8278473706189139,0.5609534124678721,-4.1832181247457946e-104,-3.457780983708733e-104,2.3543902214939318e-104,0.9999999999573468,22.31480847333388,-4.592807187966077e-07,-6.777867198562312e-07,7.68228984929686e-113,-0.18010301250782795,0.12203867892517253,-9.100834441025054e-105,-0.1801023446137897,0.12203966459405535,9.81
1.7748770049934126,0.16800358645571864,0.027955626633471252,-2.947798817974934e-110,0.054939728705321045,0.08204278860295755,-3.58828291223864e-107,-0.18137632963779282,0.12145724562500959,3.3254048487082588e-105,-0.5126735637308286,-0.23747350559512626,8.328023297677743e-102,0.5564135825641745,0.830905485081246,-3.6341084994457544e-106,-0.8309105584609812,0.5564060062922221,1.5234091481230934e-104,1.286029415164519e-104,-8.174493505903849e-105,0.9999999999584304,22.389809232436804,-4.238610801393998e-07,-6.329617166735302e-07,2.768367276047206e-112,-0.18137701322803176,0.12145622478350031,3.325404863341886e-105,-0.18137632963779282,0.12145724562500959,9.81
1.7773433749726264,0.16813853650206062,0.028158343932581473,-1.394864990320035e-109,0.05449082768243585,0.08234162410731649,6.696506249473345e-108,-0.1826404286164287,0.1208641194254021,3.200962050425168e-104,-0.5123004180712272,-0.2434277556579545,1.307944130043043e-102,0.5518672320441194,0.8339319865528376,6.782026490403645e-107,-0.8339369650348364,0.5518597089374129,1.4615554582908812e-103,1.2184635740731575e-103,-8.071501435047822e-104,0.9999999999593088,22.464027695510342,-4.484387671533488e-07,-6.776402189242511e-07,-5.510969707139312e-113,-0.1826410705168841,0.12086314942431498,3.200961999698511e-104,-0.1826404286164287,0.1208641194254021,9.81
1.7798095225305588,0.168272363519064,0.028361778072117216,3.529826976259564e-111,0.054038851869144366,0.08263895312507419,1.2199862617468863e-106,-0.1839032605382105,0.12025653525998337,9.78145375051804e-105,-0.5119304549455705,-0.2494914888789488,-2.690954313511437e-101,0.5472897323599425,0.8369432172216837,1.2355665073918827e-105,-0.8369480912044565,0.5472822787458197,4.451542900895708e-104,3.658068271705256e-104,-2.5396942258117932e-104,0.9999999999603442,22.537990732031243,-2.598135710622187e-07,-3.9732009059445584e-07,-5.865575902294312e-112,-0.1839040716896663,0.1202552947819176,9.781453275050976e-105,-0.1839032605382105,0.12025653525998337,9.81
1.7822524961499944,0.16840383023483937,0.02856402172666099,4.564668978474837e-109,0.053588053411324665,0.08293199220221137,5.64203931638227e-107,-0.1851535635368986,0.11963947947979747,-9.926703253574631e-104,-0.5114748375354807,-0.2555229241335084,-2.1326408352704013e-101,0.5427241571696222,0.8399110007759889,5.714092671360847e-106,-0.8399157733706646,0.5427167711091656,-4.503054902312855e-103,-3.7852664834752324e-103,2.439117319981102e-103,0.9999999999613343,22.61101894591956,-4.324292141662549e-07,-6.692203566712417e-07,-4.552848018477761e-112,-0.18515418319508034,0.11963852048846232,-9.926703114222756e-104,-0.1851535635368986,0.11963947947979747,9.81
1.7846954697694302,0.16853419192066554,0.02876697941043171,2.791968911710189e-109,0.05313420132661406,0.08322350530949851,-3.630148573543276e-106,-0.18640229960841914,0.11900806373434492,-9.44182522554091e-104,-0.5108296008820403,-0.26153147239168106,7.43376045583381e-101,0.5381276650847772,0.8428633436509183,-3.676508401403616e-105,-0.8428680240583611,0.5381203341446538,-4.2693594922418263e-103,-3.5787025775842427e-103,2.328448568684874e-103,0.9999999999621756,22.68378630085346,-3.765463097624652e-07,-5.897802738608616e-07,2.5725785184100055e-111,-0.18640295814725766,0.1190070322525473,-9.441825007385104e-104,-0.18640229960841914,0.11900806373434492,9.81
1.7871213426018393,0.16866254026244357,0.02896921924058844,-1.3010975674127372e-108,0.052680510494980126,0.08351143506650871,-4.059211603662001e-106,-0.18764072548743904,0.11836622751317805,2.602054303976974e-103,-0.5101477181474934,-0.2675722279143429,1.1600226814071053e-100,0.5335327953976422,0.8457793779911981,-4.111050735202543e-105,-0.8457839574940977,0.5335255357015466,1.1728629995085835e-102,9.94176688739056e-103,-6.222838139859995e-103,0.9999999999631626,22.755760557014217,-4.089627551445952e-07,-6.483055355762502e-07,3.1511964207459767e-111,-0.18764133250858736,0.11836526521856466,2.602054273172296e-103,-0.18764072548743904,0.11836622751317805,9.81
1.7895415624063018,0.16878948912491365,0.02917168193964196,-1.6907071955313465e-108,0.052224883979171466,0.08379712268297812,8.948265568880143e-106,-0.18887452677018146,0.1177114177273424,4.680803234774059e-103,-0.5093714559668641,-0.27359654999769134,-1.5853224543745398e-100,0.5289183351286519,0.8486727253569158,9.062541390936777e-105,-0.8486772183547865,0.528911125847795,2.1032365563160334e-102,1.7801662213489e-102,-1.120131550167281e-102,0.9999999999639196,22.827299266627488,-3.864061591293919e-07,-6.20005672677757e-07,-6.620723045971262e-111,-0.188875140289873,0.11771043328939093,4.680803149247629e-103,-0.18887452677018146,0.1177114177273424,9.81
1.7919511526112386,0.16891478137814525,0.029373940400789538,2.9983483593091216e-108,0.051768295486347427,0.08407996586281552,1.8562893815065013e-105,-0.19010090169980387,0.1170448726131319,-5.002903657500138e-103,-0.5085040416452813,-0.2796580720512516,-4.789939509620827e-100,0.5242941190246869,0.8515372433171243,1.8799954620651938e-104,-0.851541636167805,0.5242869842678317,-2.241003141218137e-102,-1.9181542086503427e-102,1.158935823538969e-102,0.999999999964899,22.898229951473823,-3.7571603759817896e-07,-6.102227496305787e-07,-1.3472293891521473e-110,-0.1901015066594833,0.11704389004371722,-5.002903621852396e-103,-0.19010090169980387,0.1170448726131319,9.81
1.7943492535108128,0.16903838034893048,0.02957590921086413,7.235815195673037e-108,0.051310951614553346,0.0843598460104209,-1.4897994609607929e-105,-0.19131926748402073,0.11636697770563842,-1.833006930286326e-102,-0.5075354411619273,-0.28566614685804126,1.5364764289259215e-100,0.5196622664502398,0.8543717743627771,-1.5088251924363973e-104,-0.8543760835530466,0.5196551816854689,-8.185649777389624e-102,-6.9857474363255735e-102,4.266664357272993e-102,0.9999999999656186,22.968528289804382,-3.860761931824913e-07,-6.347441857992519e-07,1.1209616785394661e-110,-0.19131984636051438,0.11636602596254236,-1.83300690166607e-102,-0.19131926748402073,0.11636697770563842,9.81
1.7967431269929728,0.1691606640816396,0.029778189443035796,-4.1132209808298915e-108,0.05085150359732893,0.08463759632872225,-6.923735457755791e-105,-0.19253300291576636,0.11567599298168219,2.2999274812695105e-103,-0.5065012016900496,-0.2917548447050322,1.6622660675822668e-99,0.515009091740176,0.8571847148806137,-7.012155899624886e-104,-0.8571889269601545,0.5150020810607457,1.023962480037984e-102,9.138377353100974e-103,-4.672425629076124e-103,0.9999999999665543,23.038400143946753,-2.8526308392958395e-07,-4.747938612848952e-07,3.8840269987528387e-110,-0.19253366372756658,0.11567489310154812,2.29992760756279e-103,-0.19253300291576636,0.11567599298168219,9.81
1.7991197364226403,0.1692809745061716,0.02997966665418864,-2.57186479622673e-107,0.05039249707635207,0.0849116883818386,-4.78629484868819e-106,-0.19373554056947562,0.11497527312090838,6.069265443182016e-102,-0.5053536285025615,-0.2977671650526901,7.27292300877702e-100,0.5103603966104682,0.8599606186166932,-4.847418721025157e-105,-0.8599647445600889,0.51035344430473,2.694053635248758e-101,2.317027420439099e-101,-1.3745214208552096e-101,0.999999999967321,23.10745215021645,-3.7783199993406557e-07,-6.366494002168365e-07,3.5886599392246e-111,-0.1937360922443387,0.11497434352801941,6.069265361067134e-102,-0.19373554056947562,0.11497527312090838,9.81
1.8014963458523072,0.16940019064911188,0.030181793281630277,-6.3882516749533635e-108,0.04993063617217075,0.08518409896527768,2.1924811509079297e-104,-0.19493505931339783,0.11426064047706319,3.686972228909887e-102,-0.5041376449417285,-0.30384442393075517,-4.849738671261707e-99,0.5056827906315073,0.8627194881646821,2.2204803939911423e-103,-0.8627235245717987,0.5056759042612304,1.631736332446058e-101,1.3965022992363205e-101,-8.442975888836097e-102,0.9999999999681426,23.17618868296387,-2.1416463983738005e-07,-3.6537531410301864e-07,-9.404084787050038e-110,-0.19493575718745135,0.11425944984812854,3.686972111413373e-102,-0.19493505931339783,0.11426064047706319,9.81
1.8038541681543618,0.16951737636381814,0.030382959873552755,7.756672911608738e-107,0.04946961276404238,0.0854526610899553,1.7191900150898848e-104,-0.19612236757173562,0.11353686033864463,-1.6747501389060755e-101,-0.5028589294161137,-0.30991277380719495,-5.768323007870734e-99,0.5010136624751553,0.8654393739674844,1.7411449935120073e-103,-0.8654433184187361,0.50100684885974,-7.390270501147507e-101,-6.404554331629539e-101,3.6875578674516824e-101,0.9999999999690081,23.244049906295523,-3.5889447542575104e-07,-6.199459882957844e-07,-1.2472460651063622e-109,-0.19612290255000236,0.11353593621282192,-1.674750119930363e-101,-0.19612236757173562,0.11353686033864463,9.81
1.806209906235169,0.16963336961936287,0.030584579001848133,7.472353614346971e-107,0.049006204021154076,0.08571926333611568,-5.695413112193363e-104,-0.19730531816810348,0.1127998601666782,-2.3514442839745136e-101,-0.501414241698491,-0.3159095028625387,1.0976163931143215e-98,0.49632038851766863,0.8681394311639521,-5.7681465134337605e-103,-0.8681432971772637,0.4963136262145029,-1.0346324164185887e-100,-8.953423877408e-101,5.1851674062262216e-101,0.9999999999696625,23.31152623258537,-3.204886279718606e-07,-5.60583086286212e-07,3.724661337311247e-109,-0.19730587631983496,0.11279888385722613,-2.3514442403014426e-101,-0.19730531816810348,0.1127998601666782,9.81
1.8085536703646432,0.16974768667929144,0.03078579456721693,-1.8875770014716831e-106,0.048542390088940124,0.08598277315781999,-9.350442173504289e-104,-0.19847878265348307,0.11205231593797649,3.450420082080307e-101,-0.49991083027109795,-0.32196216223698215,2.6165781875073665e-98,0.49162299816755806,0.8708081463059135,-9.469851828696647e-103,-0.870811920265869,0.4916163133205303,1.5138438474584288e-100,1.322923088245602e-100,-7.359939911894436e-101,0.9999999999705351,23.378301732904042,-3.2676682151336805e-07,-5.787996313780032e-07,6.294321855974474e-109,-0.1984793160629521,0.11205137109682403,3.4504200560084314e-101,-0.19847878265348307,0.11205231593797649,9.81
1.8108891500663837,0.16986051514575706,0.030986911190824362,-3.6311927467594814e-106,0.04807748309450233,0.08624358969394308,1.0367082335958423e-103,-0.19964453547852834,0.11129337052036803,9.889828812673449e-101,-0.4983197247177671,-0.3279439698984632,-1.3263594868548533e-98,0.4869145516512076,0.8734496089588131,1.0499474853170041e-102,-0.8734533085234385,0.48690791514357107,4.3268308120454815e-100,3.7741564034012106e-100,-2.1159676859660163e-100,0.999999999971135,23.444496710840866,-3.303819517860352e-07,-5.926542667824707e-07,-7.12411856034147e-109,-0.19964505070407462,0.1112924462686891,9.889828665473448e-101,-0.19964453547852834,0.11129337052036803,9.81
1.8132193303226316,0.16997200233520865,0.031188176454368055,2.9304716889032546e-106,0.04761092273329126,0.08650203422884939,3.6776814507869683e-103,-0.20080378182091962,0.11052227244408286,-2.694690059336616e-101,-0.49663843281781794,-0.33400268008317013,-9.324023579889622e-98,0.4821893476573746,0.8760670254071635,3.72464703022152e-102,-0.8760706353033131,0.48218278894963607,-1.1756412703950397e-100,-1.0479001576297332e-100,5.3425115835040364e-101,0.999999999971976,23.51018420264835,-2.5368079716120245e-07,-4.6090064505085026e-07,-1.9595443830544558e-108,-0.20080435556308787,0.1105212300205925,-2.694690110156613e-101,-0.20080378182091962,0.11052227244408286,9.81
1.8155351576279162,0.17008172254799314,0.0313887966107245,1.3430682406421145e-105,0.04714456376882481,0.08675708815533234,-1.751008626422451e-104,-0.20195194582346332,0.10974167982525174,-3.331737850399429e-100,-0.49484518685761003,-0.33995256425072995,-3.3589946492775385e-98,0.47746619341660945,0.8786501204371698,-1.7733697305953757e-103,-0.8786536543283726,0.4774596901680774,-1.4495708706604082e-99,-1.2735809488317685e-99,6.922769034812517e-100,0.9999999999726096,23.5750908651963,-3.278425988267544e-07,-6.033075072442226e-07,1.2176488077592654e-109,-0.20195243022010823,0.1097407884057434,-3.3317378089085197e-100,-0.20195194582346332,0.10974167982525174,9.81
1.8178509849332003,0.17019035967135177,0.03159000532172221,2.1194649711359267e-106,0.0466755510723047,0.08701031978618357,-1.1753777525220286e-102,-0.2030957338121464,0.10894772958249632,-1.8252393113547253e-100,-0.4930060480264373,-0.3459995796126307,2.6958562597039723e-97,0.4727161575526085,0.8812147493027437,-1.1903877770705435e-101,-0.8812182003912694,0.4727097241428114,-7.919559890582139e-100,-6.922562195795205e-100,3.8486030584515323e-100,0.9999999999733508,23.639633378519243,-1.3646930801623453e-07,-2.543995273477858e-07,3.4365526460711585e-108,-0.20309639271962185,0.10894650125731073,-1.8252392483383518e-100,-0.2030957338121464,0.10894772958249632,9.81
1.8201489759328466,0.17029708341666203,0.03179024193376727,-4.055500331528519e-105,0.04620753723917659,0.08725976741645347,-8.709232227134478e-103,-0.20422661793262797,0.10814541303036052,9.033771698869342e-100,-0.4911017969807574,-0.3520223485747387,3.149601594214856e-97,0.46797623549819434,0.883741049747571,-8.820452149694738e-102,-0.8837444171187887,0.467969876393099,3.909151027282637e-99,3.4588049383747773e-99,-1.8215947563978719e-99,0.9999999999741114,23.70328900859223,-3.1027376804244783e-07,-5.859307475027226e-07,5.848063890275161e-108,-0.20422708583346666,0.10814452941631864,9.033771607719526e-100,-0.20422661793262797,0.10814541303036052,9.81
1.8224457500024818,0.1704026730203679,0.03199094315064985,-3.7921405241208304e-105,0.0457371791154344,0.08750722353757467,2.9735523707188834e-102,-0.2053522336684832,0.1073302766092965,1.2650274422435191e-99,-0.48901758033705534,-0.3579297733281912,-5.776450201973231e-97,0.4632125827288179,0.8862472020839886,3.011525634416055e-101,-0.8862504991928045,0.46320627443991375,5.459538771139314e-99,4.824551384896292e-99,-2.5556167156558897e-99,0.9999999999746672,23.766538314207732,-2.692111951902407e-07,-5.150716483164179e-07,-1.7502469613651012e-107,-0.20535272842744176,0.1073293299891875,1.2650274201594075e-99,-0.2053522336684832,0.1073302766092965,9.81
1.8247316196724515,0.17050668574505332,0.032191253682066344,9.509029932545008e-105,0.0452664933269844,0.0877516327669321,4.935141822407232e-102,-0.20646763452111472,0.10650521420718562,-1.7277704626152655e-99,-0.48687563696437053,-0.3639117463848258,-1.4323010754946932e-96,0.4584455991305211,0.8887224722250797,4.998165051629591e-101,-0.8887256847059333,0.4584393715028958,-7.43705172557472e-99,-6.6323885520679275e-99,3.3650636575179502e-99,0.9999999999754483,23.829073253211455,-2.7558724696474587e-07,-5.342413143472729e-07,-3.004567061100409e-107,-0.20646810525375972,0.1065043016498918,-1.7277704525459916e-99,-0.20646763452111472,0.10650521420718562,9.81
1.8270099330121208,0.17060928114051466,0.03239145582533294,1.8746083288734267e-104,0.04479483144371699,0.08799333911154683,-4.87329286943918e-102,-0.20757443945910659,0.10566936163221996,-5.270400387806339e-99,-0.4846513874969034,-0.3697827582427138,5.335918250962482e-97,0.45366874346827757,0.8911703940324288,-4.9355262233975644e-101,-0.8911735403177797,0.45366256296665536,-2.2627213597063136e-98,-2.0142312222389728e-98,1.0309243664546323e-98,0.9999999999759512,23.891005638908002,-2.8512291336210683e-07,-5.600850900726646e-07,3.101892374228752e-107,-0.20757488717756492,0.10566848213526304,-5.270400317179769e-99,-0.20757443945910659,0.10566936163221996,9.81
1.8292840721535095,0.17071061405886398,0.03259183817299243,-1.2601941151452663e-104,0.044321525159531916,0.08823269102320719,-1.905005441985128e-101,-0.2086739965140243,0.104821820038147,6.839610849190808e-100,-0.4823401611022575,-0.3757603614591254,4.918529704512476e-96,0.4488752218071123,0.8935944467417062,-1.9293328405034092e-100,-0.893597510991243,0.44886912162706794,2.928895728947628e-99,2.703846752217404e-99,-1.1423040175665194e-99,0.9999999999766992,23.952419005802543,-1.751453491556108e-07,-3.486690816837846e-07,7.52800906735195e-107,-0.20867453693538981,0.10482074418070027,6.839611261810875e-100,-0.2086739965140243,0.104821820038147,9.81
1.8315445107816697,0.17081026702529165,0.03279155056833667,-6.74940248505745e-104,0.04384859796287799,0.08846867348887333,-1.9608037099306602e-102,-0.20976168024554376,0.10396553101606543,1.6970216066980006e-98,-0.479940438484185,-0.38161804517393705,2.572444859441033e-96,0.4440855473184988,0.8959843897428288,-1.9858436282179088e-101,-0.895987384126238,0.4440795058169441,7.248735342150489e-98,6.495635584401029e-98,-3.217279310948115e-98,0.999999999977267,24.013030869846613,-2.832007127847572e-07,-5.713840933382136e-07,1.2664053905519956e-107,-0.20976209806734197,0.10396468800697566,1.6970215882974418e-98,-0.20976168024554376,0.10396553101606543,9.81
1.8338049494098296,0.17090884818811594,0.03299179418686509,-2.1466494047796194e-104,0.04337321835006236,0.08870270642781897,5.767020943219257e-101,-0.2108437483267558,0.10309657169711883,1.2313668543105688e-98,-0.4774514184827723,-0.3875231921521909,-1.3115516747307195e-95,0.4392710336247187,0.8983545842362421,5.840666999200628e-100,-0.898357505833901,0.43926505860572673,5.2465613368473244e-98,4.6876164191164166e-98,-2.3571324917904927e-98,0.9999999999778818,24.07323899744116,-1.201220276206175e-07,-2.4566193971471056e-07,-1.5971751126212365e-106,-0.21084431390004238,0.10309541502190155,1.2313668202451598e-98,-0.2108437483267558,0.10309657169711883,9.81
1.8360504298424938,0.17100571034210044,0.03319123430939903,1.9125084333725493e-103,0.04289856918801149,0.08893323134841591,5.394302008517943e-101,-0.21191307487085176,0.10221947538737197,-4.179759457639202e-98,-0.4749021419762087,-0.39343037409383186,-1.8782074462171644e-95,0.43446391319533056,0.9006892405991093,5.463188176059475e-100,-0.9006920849816569,0.4344580164427809,-1.7765156729450673e-97,-1.6024620782757326e-97,7.66911300771608e-98,0.9999999999785688,24.13259624319879,-2.61592700650289e-07,-5.42309093434532e-07,-3.2894104797458798e-106,-0.21191348249921854,0.102218630316894,-4.179759423287249e-98,-0.21191307487085176,0.10221947538737197,9.81
1.8382935734593766,0.17110140484886036,0.03339098149179741,2.208539735308054e-103,0.04242202271690587,0.08916153328926502,-1.2975598743593553e-100,-0.21297541162479838,0.1013306238551408,-7.201683366321041e-98,-0.4722145220987386,-0.39918425151107684,2.312357675226941e-95,0.429637589296705,0.9030014074536739,-1.3141299275334262e-99,-0.9030041903218893,0.42963174028592116,-3.0534685852412514e-97,-2.7516405108111487e-97,1.3237515302681725e-97,0.9999999999790223,24.19147551048761,-2.3478431157243393e-07,-4.934637217032158e-07,7.181333710994133e-106,-0.2129758331857564,0.10132973781419952,-7.201683259260114e-98,-0.21297541162479838,0.1013306238551408,9.81
1.8405286073559393,0.17119568755762288,0.03359051364276999,-3.8750507300475036e-103,0.041944836063009916,0.08938701510739122,-2.68721050348149e-100,-0.21402775764035553,0.1004319049120248,6.116140286785055e-98,-0.4694374062037241,-0.40503245371244034,7.719544742131168e-95,0.42480476971883036,0.905284986964951,-2.721526524511015e-99,-0.9052876920438496,0.4247990049822622,2.5869801710913945e-97,2.3535153280615104e-97,-1.0743238711855533e-97,0.9999999999797251,24.249685137462617,-2.194408481998488e-07,-4.676418900231855e-07,1.4058554223210997e-105,-0.21402817773308305,0.10043100965386435,6.116140280226979e-98,-0.21402775764035553,0.1004319049120248,9.81
1.8427550295136386,0.17128854400325655,0.033789775802101074,-9.780928554900146e-103,0.0414671563009108,0.0896096136115716,1.4099272031191318e-100,-0.21506981011423143,0.0995236396812409,2.7208456256963006e-97,-0.4665824882865195,-0.4107163557175433,6.648756353159242e-97,0.4199669683120854,0.9075393906199091,1.4279321416155899e-99,-0.9075420362628605,0.4199612510885508,1.1481283265117306e-96,1.0413720056272496e-96,-4.834718809618067e-97,0.999999999980157,24.307216191449616,-2.4896504531189014e-07,-5.380079924288388e-07,-8.465075045508032e-106,-0.21507018811532913,0.09952282281567285,2.720845594990111e-97,-0.21506981011423143,0.0995236396812409,9.81
1.8449799320210811,0.17138027206067946,0.033989394789457485,2.3886498819741243e-103,0.04098749209062902,0.08983002852712652,9.421481210201092e-100,-0.21610467220415508,0.09860368147739251,6.440679415760189e-98,-0.4636619138517801,-0.41655477859293555,-2.3767925056759503e-94,0.4151090591106725,0.9097716576395707,9.541794340448595e-99,-0.9097742300225335,0.41510342131438327,2.711440305336182e-97,2.4271832264144574e-97,-1.2123522199740069e-97,0.9999999999807991,24.364266457004575,-7.156523163163219e-08,-1.568455758357983e-07,-1.6450152247184345e-105,-0.21610521167235966,0.09860249913524548,6.440679036458638e-98,-0.21610467220415508,0.09860368147739251,9.81
1.8471902002946574,0.17147033754378585,0.03418818411973629,3.1889667808111466e-102,0.04050871022029412,0.09004695130112772,4.3527345711795313e-100,-0.2171262726248031,0.09767623772431122,-7.77852880049627e-97,-0.46067977061485976,-0.42230330666513183,-2.1329708132759918e-94,0.4102600888329256,0.9119685627864593,4.4083192531359124e-99,-0.9119710679898021,0.4102545199623519,-3.267122598331334e-96,-2.9813216333464254e-96,1.3363497478021495e-96,0.9999999999813559,24.420454175275285,-2.403136153142649e-07,-5.341939621755855e-07,-2.582213493382226e-105,-0.21712662876173142,0.0976754460533873,-7.77852873217337e-97,-0.2171262726248031,0.09767623772431122,9.81
1.8494004685682341,0.1715593422946863,0.03438745062864383,2.1630072133921687e-102,0.040027677467143974,0.09026180990577526,-2.496378963547989e-99,-0.21814112396669216,0.09673687427629574,-8.784807492519713e-97,-0.45754731110321245,-0.42794566420444013,5.265946637145168e-94,0.4053883279626159,0.9141445747537282,-2.5282578406515153e-98,-0.9141470195199409,0.4053828150067647,-3.6813735239975637e-96,-3.3550585117993244e-96,1.5154978511953104e-96,0.9999999999818153,24.47620338836857,-1.5271239134086608e-07,-3.4436414275547343e-07,9.524109949406147e-105,-0.21814155464336538,0.0967359030910787,-8.784807329673029e-97,-0.21814112396669216,0.09673687427629574,9.81
1.8515999411314725,0.17164685442020328,0.034586213006122135,-7.775646547071788e-102,0.03954677528908235,0.09047354602121782,-3.448246109346891e-99,-0.2191439722721107,0.09578917170421875,1.5319703518115358e-96,-0.45434615969572434,-0.4336610880124745,1.1066398142098842e-93,0.4005178808916065,0.9162889430120266,-3.492280253984751e-98,-0.9162913158092739,0.40051245245623707,6.4055096196804096e-96,5.8832846561622105e-96,-2.5335216782142134e-96,0.9999999999824509,24.53117425898876,-2.084662481760312e-07,-4.769208250320129e-07,1.8177030211654033e-104,-0.21914433129364963,0.09578835033570376,1.5319703439076247e-96,-0.2191439722721107,0.09578917170421875,9.81
1.8537946172910058,0.17173311901618202,0.03478500383587968,-1.2999356036999556e-101,0.03906473104914454,0.09068272634877061,4.216499769559075e-99,-0.22013760392730042,0.09483132963650576,3.984156478285614e-96,-0.45107635369129184,-0.43918944577485064,-5.189278009458268e-94,0.395635879262585,0.9184074537154635,4.27034449985423e-98,-0.9184097730535549,0.39563049523478083,1.66217966094942e-95,1.5248687115208886e-95,-6.615398377750808e-96,0.9999999999828165,24.585558618580997,-2.1146920576286035e-07,-4.90893028119421e-07,-2.2825188691206086e-104,-0.22013794839022097,0.09483053000625365,3.984156431619563e-96,-0.22013760392730042,0.09483132963650576,9.81
1.8559850808476108,0.17181816075712836,0.034983868555078595,1.0658769067655038e-101,0.03858144530612151,0.09088939870219193,1.4018697751386424e-98,-0.22112201916238483,0.09386328777424424,-7.298279467686341e-97,-0.44769208446903264,-0.44485645888402203,-3.838521141702607e-93,0.3907412932178266,0.9205005387149213,1.4197716143457837e-97,-0.920502787863007,0.39073599467726505,-3.0381750306022475e-96,-2.8521173397741862e-96,1.0564500675662265e-96,0.9999999999834333,24.639355869891705,-1.1595822335139519e-07,-2.731720678517597e-07,-4.2133809971422876e-104,-0.22112244349062488,0.09386228813424857,-7.298279759462872e-97,-0.22112201916238483,0.09386328777424424,9.81
1.8581647210311714,0.17190172916411767,0.03518219771713726,4.819431626863022e-101,0.03809841547332127,0.09109292918431144,1.1394639195370764e-99,-0.22209410186571077,0.09288732385194365,-1.2754162672867911e-95,-0.4442555322566122,-0.4503627996557249,-2.0647860799831953e-93,0.38584930635999126,0.9225618205743794,1.1540148258488449e-98,-0.922564012761559,0.3858440648206088,-5.297986173095647e-95,-4.888165039000278e-95,2.0431596374452588e-95,0.9999999999838602,24.692368412084644,-2.1474458527043413e-07,-5.134521490126601e-07,-6.422674113650778e-105,-0.22209441485893716,0.09288657547633489,-1.2754162559650254e-95,-0.22209410186571077,0.09288732385194365,9.81
1.8603443612147317,0.17198424243171961,0.0353809681728553,1.5626011761142734e-101,0.03761327484820498,0.09129432058941411,-4.1580273187509264e-98,-0.22305865358213595,0.09190003006362346,-9.730809367545341e-96,-0.4407190589576615,-0.45591493447643217,9.681488408061177e-93,0.38093593988948665,0.9246014328890656,-4.211125064613024e-97,-0.9246035645203184,0.38093076598815345,-4.033523177807272e-95,-3.7133598388265116e-95,1.5754501552578627e-95,0.9999999999843433,24.744916871138596,-6.033012756548458e-08,-1.4643229097682374e-07,6.669302781355256e-104,-0.2230591075019114,0.09189892829952391,-9.730809123548345e-96,-0.22305865358213595,0.09190003006362346,9.81
1.862511577525308,0.17206523469533566,0.035579038545798074,-1.3188915099986505e-100,0.03712882341790191,0.09149241773099881,-4.140348246147074e-98,-0.22400988918816012,0.09090560022730898,2.912436831201297e-95,-0.4371162852613111,-0.46147320096500977,1.5024294532204425e-92,0.37602954960494095,0.9266076720079028,-4.1932200993356145e-97,-0.9266097383587963,0.376024457686788,1.2047185152499015e-94,1.1178781721543423e-94,-4.4912428211102744e-95,0.9999999999849012,24.79662087079035,-1.922035066049866e-07,-4.736256605208615e-07,2.143319874476762e-103,-0.22401019652931425,0.0909048428688431,2.9124368133840714e-95,-0.22400988918816012,0.09090560022730898,9.81
1.8646767324127622,0.17214509927721933,0.03577734688233314,-1.6385911902875472e-100,0.03664278280798072,0.0916881594567478,8.447761922400338e-98,-0.22495241102143915,0.08990076766400534,5.537197988901816e-95,-0.433420792784311,-0.4668067868654724,-1.3956065907734507e-92,0.3711070749489603,0.9285900812106637,8.555639000770415e-97,-0.9285920982424476,0.37110202785984436,2.2857239147002542e-94,2.1193255405938425e-94,-8.561930148968284e-95,0.9999999999852294,24.84779447705617,-1.744614671982085e-07,-4.365402842723946e-07,-4.022098832521336e-103,-0.22495272518777237,0.08989998153956354,5.537197921583407e-95,-0.22495241102143915,0.08990076766400534,9.81
1.8668359599218611,0.1722236949833162,0.035975532056305645,2.322494838101512e-100,0.03615604872796041,0.09188118900240205,1.9807889643467994e-97,-0.22588418884537198,0.08888698130647299,-3.091826269418524e-95,-0.4295957541933646,-0.4722698385032338,-5.8118321254569845e-92,0.3661775667546292,0.9305449960134432,2.0060833767436093e-96,-0.9305469471048285,0.3661726085248367,-1.2736992785826372e-94,-1.1925802179408108e-94,4.477325549898516e-95,0.9999999999858046,24.898301704064753,-1.417012938625393e-07,-3.600969636153971e-07,-7.763026353582804e-103,-0.2258845207581666,0.08888613782328886,-3.0918262859042014e-95,-0.22588418884537198,0.08888698130647299,9.81
1.86898717490947,0.17230095174694746,0.036173393929018166,6.897145676597094e-100,0.0356691294183733,0.09207130984431267,-4.745768178387466e-98,-0.22680418980282013,0.08786511977149303,-1.9485330955139234e-94,-0.4257361549943468,-0.47751844185215475,-1.5927469492034124e-92,0.361246192155712,0.9324704760221625,-4.806370974709389e-97,-0.9324723780478312,0.3612412824938791,-8.011100118201275e-94,-7.468378081065299e-94,2.8984612208509525e-94,0.9999999999861388,24.94808185031203,-1.8780183882991174e-07,-4.847654421117924e-07,2.49869846866112e-103,-0.2268044646284781,0.08786441036382785,-1.9485330784785744e-94,-0.22680418980282013,0.08786511977149303,9.81
1.8711383898970784,0.1723771589149157,0.036371662419637324,2.8066131149118824e-101,0.035180239583247896,0.09225922252748298,-6.402638233494419e-97,-0.22771588884015337,0.08683249164852924,-9.944508486612444e-95,-0.42179169065521194,-0.4829283601426013,1.5949744389438434e-91,0.35629485396240557,0.9343735746690978,-6.484398859703279e-96,-0.9343754174295479,0.3562900213356504,-4.080473206741617e-94,-3.789583070443916e-94,1.5144402342066624e-94,0.999999999986625,24.99736846043137,-4.895548645276526e-09,-1.28384433195775e-08,8.90966841087258e-104,-0.22771633304018318,0.08683132672792132,-9.944508153522558e-95,-0.22771588884015337,0.08683249164852924,9.81
1.8732764330129448,0.17245185530743048,0.03656911509379219,-2.0478046471949683e-99,0.034692409112338396,0.09244377045362384,-4.786288518444706e-97,-0.22861341614680697,0.08579379174863178,4.862482886815167e-94,-0.4177972149467877,-0.48828464903623114,1.989348530278241e-91,0.3513542442529343,0.9362425941204818,-4.847408491376703e-96,-0.9362443784254417,0.35134948963497614,1.9913385145791626e-93,1.8660790711611196e-93,-6.951268798917393e-94,0.9999999999871049,25.04577526459002,-1.7283472655710255e-07,-4.6054725506442895e-07,2.3844895424532005e-102,-0.2286136790059659,0.08579309130529211,4.862482856557643e-94,-0.22861341614680697,0.08579379174863178,9.81
1.8754142483887117,0.17252549885832488,0.03676693885875744,-2.0187073266953948e-99,0.034202721169926065,0.09262606487843073,1.4386780184173083e-96,-0.22950233151670396,0.08474465670904863,7.512063568148624e-94,-0.41368091115149497,-0.49339262004666296,-2.698857605705571e-91,0.3463948311287876,0.9380888129421748,1.4570496504136473e-95,-0.9380905511857269,0.34639012366991523,3.0705513923397044e-93,2.8754028346318954e-93,-1.0772915761183906e-93,0.9999999999874092,25.093680505274722,-1.4096676493328145e-07,-3.8175900243556105e-07,-5.9295219532192044e-102,-0.22950261580795706,0.08474388679408845,7.512063474298949e-94,-0.22950233151670396,0.08474465670904863,9.81
1.8775452283205298,0.17259786307144032,0.03696451556846479,4.074166538133477e-99,0.033712716674180854,0.09280553523551838,2.730105259593744e-96,-0.23037936427761352,0.08368763570289772,-6.604634567930803e-94,-0.4094425385760587,-0.4986341198267219,-8.487019996608089e-91,0.3414322029678093,0.9399064053279714,2.7649680745870773e-95,-0.9399080824092801,0.3414275862049079,-2.694573768072184e-93,-2.5420875079961728e-93,8.940260992830764e-94,0.9999999999879365,25.140862617171845,-1.3282386054949528e-07,-3.6564212814638966e-07,-1.075627110654778e-101,-0.23037964251997906,0.08368686973594364,-6.604634570658667e-94,-0.23037936427761352,0.08368763570289772,9.81
1.8796701794402417,0.17266898081164136,0.03716191174424032,9.601986660188812e-99,0.03322224773067717,0.09298224009144995,-1.3569596747174511e-96,-0.23124491626351684,0.08262253568088695,-2.8585682693733657e-93,-0.4052073153681306,-0.5036407216229506,-7.289252219016513e-92,0.3364648803847869,0.9416960147880264,-1.374287731348153e-95,-0.9416976484409225,0.33646030809121724,-1.1640922750270136e-92,-1.0957586629649706e-92,3.929703315987104e-93,0.9999999999882127,25.187357888223747,-1.6167400668170148e-07,-4.5249230057192875e-07,6.603560038910014e-102,-0.2312451557520501,0.08262186539145572,-2.8585682452754667e-93,-0.23124491626351684,0.08262253568088695,9.81
1.8817942605541373,0.17273902590034373,0.037359599951050274,-1.684712700233555e-99,0.03273015032037563,0.09315660198287468,-9.414416534308972e-96,-0.23210110691108188,0.08154765422757038,-9.71858870207997e-94,-0.40084213695683957,-0.5088255630159253,2.4594955714673595e-90,0.3314810578202859,0.943461874325796,-9.534636171868682e-95,-0.943463451903153,0.3314765676831276,-3.950484289699363e-93,-3.6955262277307876e-93,1.3994665188054846e-93,0.9999999999886748,25.233313195348302,-5.879058287193625e-09,-1.6732984344201814e-08,1.691037254743859e-102,-0.23210148912935608,0.08154656634080114,-9.718588299014156e-94,-0.23210110691108188,0.08154765422757038,9.81
1.8839068780180686,0.17280765422937652,0.03755658620694292,-3.0190293504232995e-98,0.03223891503434828,0.09332774528083476,-5.538948171944209e-96,-0.23294321491738135,0.08046685871157422,7.5256458528899814e-93,-0.3964464483379544,-0.5139167502430446,2.6380831246829744e-90,0.32650596798320286,0.9451951401014246,-5.609678962715115e-95,-0.9451966659422876,0.3265015508256945,3.053623387646716e-92,2.8881015545846854e-92,-9.917240101871733e-93,0.9999999999890803,25.278407680766055,-1.5217735006673278e-07,-4.4053495439932893e-07,2.6145496958113836e-101,-0.23294343878257576,0.08046621063919951,7.525645807861501e-93,-0.23294321491738135,0.08046685871157422,9.81
1.8860194954819995,0.17287524289018324,0.03775393160014949,-2.508806997995423e-98,0.0317459105124982,0.09349659336483818,2.238320517804055e-95,-0.23377618629162633,0.07937623522443005,1.0174662090806967e-92,-0.39194969555319403,-0.5188019737996399,-4.491258372895752e-90,0.321512965458151,0.9469051763731708,2.266903219051423e-94,-0.9469066589214005,0.3215085990923268,4.121225644665506e-92,3.8951216071532744e-92,-1.3464929358710885e-92,0.9999999999893684,25.322991102415322,-9.8670107666426e-08,-2.905986561677188e-07,-6.956969351902725e-101,-0.23377645363835847,0.079375447835223,1.017466195612985e-92,-0.23377618629162633,0.07937623522443005,9.81
1.8881250182152147,0.17294156642870717,0.03795096675792432,6.394234337533077e-98,0.0312528201737976,0.09366257312371218,3.742229754554619e-95,-0.23459654675109753,0.07827851550430864,-1.1337727771663213e-92,-0.3873220583907582,-0.5238030191304439,-1.216723444921802e-89,0.3165190866525734,0.9485861414677219,3.790016828461411e-94,-0.9485875677317726,0.3165148122042945,-4.584388365167366e-92,-4.360683234950745e-92,1.4150947897537319e-92,0.9999999999898476,25.366818674589812,-1.1702579533443193e-07,-3.5071833683865326e-07,-1.4012732640304168e-100,-0.2345967824562555,0.07827780910140465,-1.1337727760546261e-92,-0.23459654675109753,0.07827851550430864,9.81
1.890225828045435,0.1730067049707291,0.03814790675552991,1.3236833515337633e-97,0.03075912325545005,0.09382586403225801,-2.5133050480271917e-95,-0.235405413344008,0.07717296859970091,-4.0986411602597496e-92,-0.3827219444771046,-0.5285380659362993,3.392638760590333e-91,0.3115190731270703,0.9502398997506109,-2.545399140751816e-94,-0.950241287199565,0.31151484090057996,-1.6544626388129372e-91,-1.5713434824383767e-91,5.178154111223177e-92,0.9999999999900815,25.409979144405586,-1.3776257610687736e-07,-4.20223054707752e-07,1.1256477471193745e-100,-0.23540561929712228,0.07717234036269005,-4.098641127681459e-92,-0.235405413344008,0.07717296859970091,9.81
1.892325254066206,0.17307076268508176,0.038345057291502706,-4.1462745396458026e-98,0.030264063030109867,0.09398671932765801,-1.34699284095291e-94,-0.23620407555814538,0.07605853730717982,-9.952724601937483e-93,-0.3779565121023083,-0.5334584836785048,3.6325882135971265e-89,0.3065052454835878,0.9518689691817069,-1.3641934692316436e-93,-0.9518703044867405,0.3065010985890916,-4.010806985980888e-92,-3.77595003163166e-92,1.3591869051189957e-92,0.99999999999051,25.452565273961667,-8.171160003561772e-09,-2.5375988712159293e-08,3.6368196881324384e-101,-0.2362043987376879,0.07605753364027301,-9.952724106540617e-93,-0.23620407555814538,0.07605853730717982,9.81
1.8944147778844578,0.17313348451161137,0.03854161083077874,-4.3085478566612107e-97,0.029769684068241986,0.09414448049742141,-6.765899956997552e-95,-0.2369887028739086,0.0749383897692475,1.1075522869389434e-91,-0.373181282323948,-0.538261033854134,3.585116508052848e-89,0.30149831957468143,0.9534667080153576,-6.852298004805919e-94,-0.953467997261048,0.30149424239777123,4.4559711071001186e-91,4.2506860308939414e-91,-1.3369343540087406e-91,0.9999999999908571,25.49430692775136,-1.314163068811582e-07,-4.155945999243843e-07,2.9867619120101497e-100,-0.23698889190520667,0.07493779196249753,1.1075522807968454e-91,-0.2369887028739086,0.0749383897692475,9.81
1.8965043017027094,0.17319517161292658,0.03873849156021529,-3.242129276375448e-97,0.029273675951486666,0.09429989042830655,3.2815209260831517e-94,-0.23776361791402856,0.07380911880582985,1.3987100209373618e-91,-0.3683219782716236,-0.5428882020048498,-6.8039584524156e-89,0.29647489785783726,0.9550406457005822,3.3234247143787545e-93,-0.9550418948987375,0.2964708737603558,5.618291429184548e-91,5.355843687972972e-91,-1.697422475970787e-91,0.9999999999911231,25.53552268184298,-6.99243342080313e-08,-2.2524868639719874e-07,-7.838378969773135e-100,-0.23776385898449606,0.07380834222905121,1.3987100023963605e-91,-0.23776361791402856,0.07380911880582985,9.81
1.8985869755577456,0.17325562347192228,0.0389350475594504,9.344703704146235e-97,0.028777692521657627,0.0944524344814468,5.165882631934264e-94,-0.2385254496506679,0.07267338630417797,-1.719981739757414e-91,-0.3633199053882308,-0.5476166710639028,-1.730332355253726e-88,0.29145172045088147,0.9565855396388873,5.231848869020595e-93,-0.9565867373708244,0.2914477892972277,-6.897839828487445e-91,-6.613621942544405e-91,1.9603401130069426e-91,0.9999999999915556,25.575965693731163,-9.973968674618191e-08,-3.273596804366417e-07,-1.7904267866122388e-99,-0.23852564856570438,0.07267273342742694,-1.7199817376879474e-91,-0.2385254496506679,0.07267338630417797,9.81
1.9006657307638397,0.17331492988375774,0.03913154807339275,1.826219724012029e-96,0.028281072173342636,0.09460232004049729,-3.8555093832097756e-94,-0.23927556730680521,0.07153026882620139,-5.800121845467946e-91,-0.35837471223792505,-0.552056063009541,1.1576140783237128e-89,0.2864221000537453,0.9581035333411532,-3.90474267576307e-93,-0.9581046963172666,0.2864182097821269,-2.322476951794964e-90,-2.224054984211294e-90,6.689498781550936e-91,0.9999999999917566,25.61574611790265,-1.1662430249210745e-07,-3.901170903717578e-07,1.5899188326828923e-99,-0.23927574112215966,0.07152968739212466,-5.800121803138055e-91,-0.23927556730680521,0.07153026882620139,9.81
1.9027430333434314,0.17337316196439898,0.03932822005227429,-6.655360100298474e-97,0.02778325051995978,0.09474972007696003,-1.8935517813988917e-93,-0.24001488285086126,0.07037901565313476,-1.244907219562209e-91,-0.35323458701267896,-0.5566830535058358,5.196898971283829e-88,0.281380307019074,0.9595963332682402,-1.9177316247562886e-92,-0.959597448460162,0.2813765038320481,-4.977226203623791e-91,-4.7221675528577854e-91,1.584518474673792e-91,0.999999999992146,25.65493228814053,-4.520640881669546e-09,-1.5416823089110286e-08,3.0810173159545833e-100,-0.24001515726094763,0.07037807981373387,-1.2449071554984113e-91,-0.24001488285086126,0.07037901565313476,9.81
1.904811533294151,0.1734301181336802,0.039524360418346886,-6.0118792358056595e-96,0.027286024308018852,0.09489410770309625,-9.122311552812688e-94,-0.24074005500736817,0.06922241433438003,1.5692420072316862e-90,-0.3481023673268666,-0.5611831893085615,5.054161215501317e-88,0.27634454649656587,0.9610586306888916,-9.238799396369225e-93,-0.9610597044890536,0.27634081205535455,6.264575556778841e-90,6.023177463772583e-90,-1.7223022534138121e-90,0.9999999999924505,25.693279719591875,-1.1125393539676519e-07,-3.8691393105705554e-07,3.719461101071912e-99,-0.24074021273420104,0.0692218657910713,1.5692419994137748e-90,-0.24074005500736817,0.06922241433438003,9.81
1.9068800332448712,0.17348604424427197,0.03972079696648923,-4.439436209517274e-96,0.02678730893612169,0.0950360931982388,4.5984022478547385e-93,-0.24145498231018347,0.06805740085427558,1.9664157230824745e-90,-0.3429026009761742,-0.5655103113535667,-9.594326929672664e-88,0.2712937072280838,0.9624966100815331,4.6571217591186804e-92,-0.9624976476427981,0.2712900261382271,7.838599355295949e-90,7.53199100042204e-90,-2.171387365953284e-90,0.9999999999926865,25.731086984074622,-5.416824350774756e-08,-1.9217825316694607e-07,-9.298708328722194e-99,-0.24145518842679273,0.068056669582454,1.9664156987503896e-90,-0.24145498231018347,0.06805740085427558,9.81
1.9089423002126233,0.173540773371685,0.039916931492008194,1.2935273652837153e-95,0.026288634473118577,0.09517524423683632,7.219257721384502e-93,-0.2421565396260199,0.0668864515986094,-2.37961859585466e-90,-0.33754274620785196,-0.5699337610429005,-2.4512076514652686e-87,0.26624327747312815,0.9639058653210731,7.311444185623324e-92,-0.9639068560407319,0.2662396906504962,-9.472092306827446e-90,-9.149671297795477e-90,2.4514053885169276e-90,0.9999999999930766,25.768116663402715,-8.19404073649022e-08,-2.966566518240034e-07,-2.2502078575718708e-98,-0.24215670657777078,0.06688584715853943,-2.3796185938997484e-90,-0.2421565396260199,0.0668864515986094,9.81
1.9110010544010696,0.17359438201588043,0.04011301567738777,2.5319741767484153e-95,0.02578937915364321,0.0953117378102526,-5.182431510940313e-93,-0.2428460216730386,0.06570870676566187,-8.132649527162132e-90,-0.33227575780784235,-0.5740569763831989,8.689788115098444e-89,0.26118697144941566,0.965288229465729,-5.248608673448046e-92,-0.9652891891154068,0.26118342477446865,-3.23264673230628e-89,-3.1190649911274713e-89,8.49391634987304e-90,0.9999999999932501,25.804476453193548,-9.813186600488415e-08,-3.626732783199654e-07,1.971981068568069e-98,-0.2428461649682502,0.06570817717111097,-8.132649474269306e-90,-0.2428460216730386,0.06570870676566187,9.81
1.9130586058979437,0.1736469309408433,0.04030926357758182,-8.37027115359545e-96,0.025289006836842987,0.09544572277980556,-2.625214284815134e-92,-0.24352429453359736,0.06452346238886619,-2.028849010937189e-90,-0.32678806056747334,-0.5783628311624192,7.233553277452587e-87,0.256119347592845,0.9666451674676781,-2.6587369533971226e-91,-0.9666460840121576,0.2561158883473665,-8.05331144391541e-90,-7.716600111702853e-90,2.3196146394195815e-90,0.9999999999935968,25.840233889194398,2.4760407616878163e-09,9.345068458254111e-09,-2.5703411839398515e-99,-0.2435245279106118,0.06452258156503839,-2.0288489240618096e-90,-0.24352429453359736,0.06452346238886619,9.81
1.915108120133298,0.17369824964864602,0.040505016469689056,-8.234105560047366e-95,0.02478921426004632,0.09557674946017691,-1.3646783297524438e-92,-0.24418820764062854,0.06333336976969406,2.150757295736933e-89,-0.32131785308831695,-0.5825474125474059,7.379408008736667e-87,0.25105759673697364,0.967972149971607,-1.3821045644793888e-91,-0.9679730290032752,0.25105420753738544,8.525694009116826e-89,8.256104191666555e-89,-2.1270618490269004e-89,0.9999999999938703,25.875149831655893,-9.200277973965916e-08,-3.547238946976132e-07,5.064872104077147e-98,-0.2441883373888982,0.06333286950791076,2.1507572864054288e-89,-0.24418820764062854,0.06333336976969406,9.81
1.9171576343686527,0.17374854263586173,0.0407010353947569,-6.43088244237239e-95,0.024288072421512652,0.09570532806563747,6.190801103996964e-92,-0.24484138556155344,0.062135583959296525,2.82195545138486e-89,-0.315807470110272,-0.5865359972979736,-1.2673724060755201e-86,0.24598218386172419,0.9692743498218742,6.269854391845168e-91,-0.9692751968302086,0.24597884626479619,1.1171516303951036e-88,1.0812841686541064e-88,-2.808766120990258e-89,0.9999999999940715,25.90951196361603,-4.69769916063153e-08,-1.851093127191482e-07,-1.1973993096349652e-97,-0.244841552540358,0.062134925982335554,2.8219554209519688e-89,-0.24484138556155344,0.062135583959296525,9.81
1.919201785542639,0.1737976795783134,0.04089680137856583,1.705207117538632e-94,0.02378691902003993,0.09583111818409584,1.0196723880003428e-91,-0.24548104873022503,0.06093231026749635,-3.02035696148238e-89,-0.3101100128664527,-0.5906240744528457,-3.456159211952429e-86,0.2409066496623881,0.9705482915076629,1.032693046709657e-90,-0.9705490961198288,0.2409034080725794,-1.1941463804100991e-88,-1.1614645220615335e-88,2.7765501068053167e-89,0.9999999999944225,25.943101462030658,-6.441301158565323e-08,-2.595027510985282e-07,-2.76118858800094e-97,-0.245481187827436,0.0609317498741279,-3.0203569615885956e-89,-0.24548104873022503,0.06093231026749635,9.81
1.9212425621303368,0.17384571217372266,0.04109249816987148,3.5230705023578905e-94,0.023285302204932634,0.09595423622653954,-6.113555378775178e-92,-0.24610818153607905,0.05972294064565986,-1.1292171938324108e-88,-0.3045441760858765,-0.5944132639293827,-1.960428845975332e-87,0.23582642754907657,0.9717951924502612,-6.191622131039304e-91,-0.9717959693461451,0.23582322608807307,-4.458885485601884e-88,-4.3316633502884994e-88,1.0575400283505803e-88,0.9999999999945737,25.97600430888801,-8.174777100805658e-08,-3.3686678666504396e-07,2.1462874767556906e-97,-0.24610829653773822,0.05972246673920597,-1.1292171874891286e-88,-0.24610818153607905,0.05972294064565986,9.81
1.9232825908941824,0.17389270273969362,0.04128837184813241,-7.873695935438238e-95,0.02278259990106335,0.09607483678620099,-3.587949709403107e-91,-0.24672383835634726,0.0585066281465636,-3.826137807356099e-89,-0.29873937413402984,-0.59837056565806,9.793985821203301e-86,0.23073520776510803,0.9730165794566875,-3.6337657916348923e-90,-0.9730173181913171,0.2307320924790857,-1.5089321237663466e-88,-1.4598317098526172e-88,3.83520937535793e-89,0.9999999999948747,26.00830563194629,9.94260090590782e-09,4.1928215542285126e-08,-1.5658244531344296e-97,-0.2467240356154785,0.05850579628763674,-3.826137686197556e-89,-0.24672383835634726,0.0585066281465636,9.81
1.9253151288164263,0.17393849959456745,0.041483768457048605,-1.1067036264714714e-93,0.0222805074754433,0.09619251750016744,-2.1856735543082168e-91,-0.247324863153235,0.05728606872595421,2.850275627556812e-88,-0.29294817565743614,-0.6022250164271217,1.1021937636311082e-85,0.22565016551356037,0.9742083980359145,-2.213583329876323e-90,-0.9742091025808273,0.22564712373229834,1.1227190166563915e-87,1.0942617833728088e-87,-2.511852389044498e-88,0.9999999999951257,26.039757463882435,-7.380178826604296e-08,-3.186273839206502e-07,7.239808924977601e-97,-0.24732496821586344,0.05728561512846412,2.8502756171573497e-88,-0.247324863153235,0.05728606872595421,9.81
1.9273476667386702,0.17398327469243496,0.04167940172744281,-9.67229836309792e-94,0.021777205574117886,0.09630770900040453,7.998636894310358e-91,-0.24791469490889906,0.056058537779339446,4.0978874637462893e-88,-0.28716267387314787,-0.6058424253268555,-1.5609653012035553e-85,0.2205528771162036,0.9753750193621759,8.100774794285897e-90,-0.9753756962855359,0.22054988346291698,1.6122391407485392e-87,1.5707511581872252e-87,-3.634852799468752e-88,0.9999999999952901,26.070641448601695,-4.452292219367196e-08,-1.968985699235885e-07,-1.6353002082327048e-96,-0.2479148224415097,0.05605797376993301,4.0978874277273037e-88,-0.24791469490889906,0.056058537779339446,9.81
1.9293758574625317,0.17402693310530118,0.04187484743500875,2.1349748508067296e-93,0.021273795710719412,0.09642016135336995,1.4462662781419574e-90,-0.2484909791826695,0.054825923557181966,-3.4694926635782173e-88,-0.28115166188523233,-0.6095668299269477,-4.829913871190689e-85,0.215454491534266,0.9765138821735772,1.464734219588373e-89,-0.9765145210840427,0.2154515957518131,-1.363433159138855e-87,-1.334567200564494e-87,2.794544556936525e-88,0.9999999999956032,26.10076626867716,-4.785547582291154e-08,-2.1689748097761473e-07,-3.2533809127555156e-96,-0.24849109390861793,0.05482540357238344,-3.4694926687786375e-88,-0.2484909791826695,0.054825923557181966,9.81
1.9314006525591392,0.17406949879474046,0.0420701908969314,4.895031960812066e-93,0.020770077090190853,0.09652992188968135,-6.01799897273884e-91,-0.24905421886596368,0.05358798445177371,-1.547022888475122e-87,-0.2753067260014106,-0.6130077456345031,-9.509733073483223e-86,0.2103529832741176,0.977625502136518,-6.094845155168165e-90,-0.9776261163169686,0.21035012882097523,-6.072611151897427e-87,-5.935457475190008e-87,1.2833503518639e-87,0.9999999999957374,26.130179840801738,-6.683488779985936e-08,-3.1061832225326413e-07,1.9364987639483692e-96,-0.24905430849593874,0.05358756788628388,-1.547022881199485e-87,-0.24905421886596368,0.05358798445177371,9.81
1.9334252579387692,0.17411103956102902,0.042265735726095634,-3.012084139630276e-94,0.020265275544133488,0.09663716079845663,-4.818045754515813e-90,-0.249605807456879,0.0523436103139403,-7.32225237024461e-88,-0.2692208019199924,-0.6165889926878609,1.2852344080160442e-84,0.20524050438582456,0.9787115690332123,-4.8795691855128345e-89,-0.9787121502228132,0.20523773290074476,-2.8710760261618297e-87,-2.799940605206815e-87,6.370180282366453e-88,0.9999999999959905,26.158998365055393,1.5425699534041302e-08,7.355911855495903e-08,-3.667442171638241e-96,-0.2496059711051293,0.052342829928537074,-7.32225220115669e-88,-0.249605807456879,0.0523436103139403,9.81
1.9354428030883062,0.17415141765076333,0.04246081210063328,-1.4548497438665945e-92,0.019761136684678604,0.09674151144039911,-3.580597819022533e-90,-0.25014249528572385,0.051095666605473156,3.6356444332160853e-87,-0.2631262906909555,-0.6200955400880233,1.6567051122957405e-84,0.2001347371399897,0.9797683843592357,-3.6263197545194744e-89,-0.9797689343759285,0.2001320444902753,1.4240244412782667e-86,1.3959398689057182e-86,-2.814438017945547e-87,0.9999999999962236,26.18695873830784,-5.6802990971742256e-08,-2.7808153390297065e-07,1.0292356600370574e-95,-0.2501425789060637,0.05109525723269398,3.6356444225648193e-87,-0.25014249528572385,0.051095666605473156,9.81
1.9374603482378427,0.17419077753196405,0.0426560964604265,-1.4749243938387897e-92,0.019255927988020005,0.09684333642710108,9.852107828832528e-90,-0.25066754579987727,0.04984146881563234,5.95272949002611e-87,-0.25710157825339053,-0.6233120010893174,-1.7617475320094194e-84,0.19501813812443836,0.980799635910657,9.977912913755576e-89,-0.9808001626375626,0.19501548905184654,2.3291550864457996e-86,2.282488613198902e-86,-4.6401382697032e-87,0.9999999999963526,26.214334868652514,-4.360654125599934e-08,-2.193092406610749e-07,-2.231086171301761e-95,-0.2506676368110471,0.04984101108906651,5.952729450163721e-87,-0.25066754579987727,0.04984146881563234,9.81
1.9394746129836127,0.17422905554945287,0.04285126569311978,2.5108090888403067e-92,0.018750494496970305,0.09694246688620645,2.0424298868018773e-89,-0.25117910056169723,0.04858260203656073,-3.4483088609043093e-87,-0.25080701155028606,-0.6266517473078412,-6.649427824755688e-84,0.1898992591302291,0.9818035808560642,2.068510365909463e-88,-0.9818040740332709,0.18989670932291491,-1.3478678699918106e-86,-1.3272695343956612e-86,2.356503908725852e-87,0.9999999999966277,26.24097265463551,-2.8951825164379033e-08,-1.4968465779644116e-07,-3.1536273884800715e-95,-0.2511791977810792,0.04858209939285726,-3.4483088760126913e-87,-0.25117910056169723,0.04858260203656073,9.81
1.9414853982848235,0.1742662509696205,0.04304629440110741,6.745515384024701e-92,0.018244921290047955,0.09703888822324203,-3.967038943213794e-90,-0.25167707853756927,0.04731917582314793,-2.0797768312511225e-86,-0.24470236917656507,-0.629748548020963,-2.479484310989109e-84,0.18477896822587608,0.9827801040422932,-4.017695396903452e-89,-0.9827805750231535,0.18477646321206484,-8.12137412117635e-86,-7.980782528230379e-86,1.5046076436797338e-86,0.9999999999967515,26.266868760209274,-5.291323252668588e-08,-2.814285233166928e-07,1.1505056706338795e-95,-0.2516771462362244,0.04731881575064666,-2.0797768233119935e-86,-0.25167707853756927,0.04731917582314793,9.81
1.943496183586034,0.17430242878855642,0.04324151443329003,9.154363695724872e-93,0.017738357356620327,0.09713276429262763,-6.321539477354312e-89,-0.25216318841592056,0.04605002378892209,-1.3419730075145834e-86,-0.23837467375311405,-0.6329108554965881,1.623290818927993e-83,0.17964864182578322,0.9837308399608866,-6.402261260854139e-88,-0.9837312833444272,0.17964621390256524,-5.2352612206955114e-86,-5.138586498090177e-86,1.003488614765604e-86,0.9999999999969543,26.292173759515222,9.748582516964916e-09,5.3381874587963375e-08,-3.4741688866832776e-95,-0.2521633118176711,0.04604934804875566,-1.34197298590838e-86,-0.25216318841592056,0.04605002378892209,9.81
1.9455010783297813,0.17433748551975725,0.04343634795970374,-1.8599507030966057e-91,0.017232317426717714,0.09722381786957435,-5.804513881885368e-89,-0.25263435467985573,0.044777628782316725,4.424059986671527e-86,-0.23199265996294116,-0.6360327474555199,2.468403343981547e-83,0.17452362192768495,0.9846529872951397,-5.878633506515637e-88,-0.9846534025384973,0.17452127913054027,1.7242962027263355e-85,1.698859353635249e-85,-2.951420020914863e-86,0.9999999999971695,26.316625319085087,-4.130233990464492e-08,-2.3302560375602985e-07,1.3912232429003214e-94,-0.25263441991714325,0.044777260711916414,4.4240599770239366e-86,-0.25263435467985573,0.044777628782316725,9.81
1.9475055912832921,0.17437152036805045,0.043631324322741055,-2.2360226193127972e-91,0.016725443407594298,0.09731229654925855,1.141313977682414e-88,-0.2530933438747036,0.04349991025566169,8.555173546129875e-86,-0.22576847847467008,-0.6388463827277793,-1.7433999849855363e-83,0.1693901575034645,0.9855490726193961,1.1558877676913972e-87,-0.985549468529671,0.16938785399456135,3.331397204521937e-85,3.2812974919591654e-85,-5.756977429318543e-86,0.9999999999972684,26.340466853967996,-3.8141669884446355e-08,-2.2191659737964658e-07,-2.602718499618443e-94,-0.2530934074043486,0.04349954062108367,8.555173503037556e-86,-0.2530933438747036,0.04349991025566169,9.81
1.9495078582793468,0.17440450182986605,0.04382625672262758,2.707077177885308e-91,0.016218229109853155,0.09739811531024323,2.8474337805772363e-88,-0.25353897370108713,0.0422179183045408,-2.544281070169745e-86,-0.21922475328839397,-0.641785156554219,-8.956721408910562e-83,0.16425324420314033,0.9864182032833455,2.8837934952422102e-87,-0.9864185703188687,0.1642510399665073,-9.898775245965013e-86,-9.811698700894684e-86,1.3414432021203245e-86,0.9999999999975033,26.363597854893776,-1.2457296195996405e-08,-7.481193927729005e-08,-2.1871269522013577e-94,-0.2535390555824249,0.04221742656170552,-2.5442811021627093e-86,-0.25353897370108713,0.0422179183045408,9.81
1.9515065839695427,0.17443641118029773,0.04402101317064863,9.1538594241322e-91,0.015711037377592163,0.09748121468086346,1.3117911865099904e-89,-0.2539704841292969,0.040932143258288534,-2.725644976236126e-85,-0.21286762324139374,-0.6445285419428899,-5.169187739228984e-83,0.1591165613530815,0.9872598036500682,1.328541825687755e-88,-0.9872601506879795,0.1591144080953951,-1.0595405002923717e-84,-1.0460628852925643e-84,1.6845927938054342e-85,0.9999999999976215,26.385952085294075,-3.9843371983905535e-08,-2.472134846749277e-07,-3.326717577788397e-95,-0.2539705335606104,0.0409318365508908,-2.725644968054377e-85,-0.2539704841292969,0.040932143258288534,9.81
1.9535053096597381,0.17446730593791848,0.04421593313881582,3.231459326818008e-91,0.015202994447491847,0.09756173956281344,-8.048199492133305e-88,-0.25438990167545406,0.0396414467948496,-2.3207857733858896e-85,-0.20634930049941147,-0.6472415403997189,1.9535865017531166e-82,0.15397125735991238,0.9880753270409132,-8.150969202594242e-87,-0.9880756518622882,0.15396917287858036,-9.014159441144341e-85,-8.894118557944808e-85,1.4684592052773468e-85,0.9999999999977746,26.407716695801405,3.827050806333265e-10,2.4559223207684553e-09,-2.0259737949836053e-95,-0.2543899856861084,0.03964090766821468,-2.3207857484222344e-85,-0.25438990167545406,0.0396414467948496,9.81
1.9554996194019916,0.1744971195186849,0.04441058030405188,-2.2938024753033725e-90,0.014695251308161517,0.0976395100874683,-9.151429222176334e-88,-0.25479447501492647,0.038347697927292757,5.059647333981779e-85,-0.1997088796360984,-0.6499470526584776,3.605234246758288e-82,0.14882898873024392,0.9888629491054526,-9.268286251195132e-87,-0.9888632490222935,0.1488269959821588,1.9636604450427437e-84,1.9431704299273611e-84,-2.8308453059006677e-85,0.9999999999979694,26.428643996410653,-2.7739749601507105e-08,-1.8431093856393874e-07,1.7274856332541752e-93,-0.25479452455282336,0.038347368778637064,5.059647327095394e-85,-0.25479447501492647,0.038347697927292757,9.81
1.9574930406791133,0.1745259070987649,0.04460529317397482,-3.326903284493562e-90,0.014186942968635208,0.09771466101946658,1.2118341731993e-87,-0.25518629257452563,0.037049634951689114,1.2056088343827947e-84,-0.19331170343104276,-0.6523594786660478,-1.3188953795521922e-82,0.1436809981835803,0.9896240552659227,1.2273084062097936e-86,-0.9896243392979175,0.14367904185774633,4.675406461575394e-84,4.625131317562058e-84,-6.839128100192153e-85,0.9999999999980459,26.448928012346467,-3.0353022132450735e-08,-2.0906091433129338e-07,-2.5927241380541773e-93,-0.25518633546242586,0.03704933955084661,1.2056088298850943e-84,-0.25518629257452563,0.037049634951689114,9.81
1.9594851463095635,0.17455366263067043,0.04480002461767108,2.5314443592928575e-90,0.013678199981278283,0.09778717411383475,3.8894789225788464e-87,-0.25556493254259305,0.03574770479146494,-1.841442593706362e-86,-0.1865567647738544,-0.6548769506539038,-1.172049264945737e-81,0.13852860380979495,0.9903584330566932,3.939144663990501e-86,-0.9903586931497167,0.138526744359294,-7.135911620495396e-86,-7.612787136767758e-86,-2.9126382878599936e-86,0.9999999999982372,26.46853296442255,-1.7157074251277364e-09,-1.2265808435247477e-08,-4.878717869661324e-94,-0.2555649979442342,0.03574723722049711,-1.841443157147557e-86,-0.25556493254259305,0.03574770479146494,9.81
1.9614737439720245,0.17458035773888372,0.0449945546503653,1.2149308131249715e-89,0.013169616099780512,0.09785696659965737,1.1480829000958182e-87,-0.2559289443308934,0.034442773456230924,-3.45606280611181e-84,-0.17995320627390754,-0.6572475129911677,-9.487525938975837e-82,0.13337782177998447,0.9910652635710863,1.1627430539921345e-86,-0.9910655057598563,0.13337602218150127,-1.3383340323969695e-83,-1.3265314526070177e-83,1.7735172352225747e-84,0.9999999999983514,26.487325837843496,-2.7845526166377647e-08,-2.069064658656615e-07,-2.4274794491786016e-93,-0.255928979027226,0.03444251564123696,-3.4560627982520255e-84,-0.2559289443308934,0.034442773456230924,9.81
1.9634623416344854,0.1746060407662535,0.045189220887742285,7.097594302176735e-90,0.012660320580373252,0.09792415975140223,-9.855957912525547e-87,-0.25628064159329034,0.03313370305547991,-3.79178880689407e-84,-0.1732995680754783,-0.6594980017808378,2.2060322754342976e-81,0.1282198328586107,0.9917457710833507,-9.981811030635607e-86,-0.9917459961441807,0.1282180920618727,-1.4673330615438273e-83,-1.4539415097912064e-83,1.980406210229637e-84,0.9999999999984595,26.505526859678966,-6.557724560149105e-09,-5.072222803182782e-08,5.105135913142823e-93,-0.2562806931940484,0.03313330393204619,-3.7917887808072085e-84,-0.25628064159329034,0.03313370305547991,9.81
1.9654478580685983,0.1746306728664979,0.04538371623115297,-2.697434589070355e-89,0.012151128653194121,0.0979886477524694,-1.393164377316688e-86,-0.2566176784923706,0.03182186060018921,5.296337537021445e-84,-0.16644044269392566,-0.6617646675119753,5.123442138445231e-81,0.12306289214660011,0.9923988737279553,-1.4109540142441113e-85,-0.9923990774825386,0.12306124902586592,2.04821420566983e-83,2.0343818084934473e-83,-2.380568692644191e-84,0.9999999999986293,26.522916468574895,-1.6622309340448476e-08,-1.3404496498073306e-07,1.905799033389702e-92,-0.25661771455744065,0.03182156976174479,5.296337535061076e-84,-0.2566176784923706,0.03182186060018921,9.81
1.9674321110454356,0.17465427858864707,0.04557821314440473,-4.8215974785952066e-89,0.011641607985623637,0.09805048686074436,1.1150716329922262e-86,-0.2569413801260043,0.03050665259566543,1.6545715231150023e-83,-0.15988174795106147,-0.6637740559300322,-2.3739183388665792e-82,0.11790262363786107,0.9930251614834886,1.129310239928121e-85,-0.9930253522702513,0.11790101674092153,6.394576426028903e-83,6.348643819820827e-83,-7.651516746698947e-84,0.9999999999986906,26.539623578034007,-2.230928184212944e-08,-1.8789809353103508e-07,-2.1368566408787615e-92,-0.25694140718201514,0.030506424715487323,1.6545715187235797e-83,-0.2569413801260043,0.03050665259566543,9.81
1.9694158140454412,0.17467686653484646,0.045772776213236846,1.72471685617963e-89,0.011131596743389593,0.0981096975309459,5.171673113635863e-86,-0.2572520858079623,0.02918803541394155,4.360873406800365e-84,-0.15296183547961562,-0.6658484412290875,-1.478807452162755e-80,0.11273738563056118,0.9936248194772441,5.237711350920122e-85,-0.9936249914285314,0.11273587010641628,1.6843680387038005e-83,1.667725108925181e-83,-2.4193445808477366e-84,0.9999999999988367,26.55568250734382,3.248761653665431e-09,2.86333605626281e-08,1.5093551881359828e-92,-0.25725213357502336,0.02918761440733979,4.360873321625754e-84,-0.2572520858079623,0.02918803541394155,9.81
1.9713961995789242,0.1746984069152198,0.045967128479476156,1.5666964883964743e-88,0.010621838946278217,0.09816619519608949,2.854426323511826e-86,-0.25754775869602087,0.027867177871787163,-4.2018206389994315e-83,-0.1461268326794709,-0.6678230382239585,-1.594699094207991e-80,0.10757471475280142,0.994197002985753,2.8908751025853617e-85,-0.9941971593092711,0.10757327001340065,-1.622005092692803e-82,-1.6129035828707986e-82,1.7161263535911124e-83,0.9999999999989442,26.570900791360927,-1.742227864292241e-08,-1.6101532085656849e-07,-4.681920995548582e-92,-0.2575477817694701,0.027866964625897855,-4.20182063215758e-83,-0.25754775869602087,0.027867177871787163,9.81
1.9733765851124072,0.17471893720722284,0.04616159003892365,1.3030446051131452e-88,0.010111509032384447,0.09822007304277847,-1.1470776501893749e-85,-0.25783086073894657,0.026542941246290752,-5.880150692175891e-83,-0.13938677269702282,-0.6696088068394355,2.2770604040108534e-80,0.1024062503844833,0.99474266012984,-1.1617249282923022e-84,-0.9947428038692947,0.10240485413423527,-2.2686333681353446e-82,-2.2555167287600124e-82,2.4387841185280517e-83,0.9999999999990149,26.585517576674977,-9.800142380259378e-09,-9.519555363456132e-08,1.1117553529414504e-91,-0.2578308881950189,0.026542674542816298,-5.880150668293248e-83,-0.25783086073894657,0.026542941246290752,9.81
1.9753550300423592,0.17473843765562141,0.04635596499479536,-2.970456050646682e-88,0.009601130818261083,0.09827127677166914,-2.0429343586276154e-85,-0.2580995811324387,0.02521631374664679,4.800554422755899e-83,-0.13235266492650055,-0.671418686053733,7.048491298966573e-80,0.09723729602833744,0.9952612261417088,-2.0690210013440237e-84,-0.9952613526315365,0.09723600134746557,1.8511482350569974e-82,1.8443878954816337e-82,-1.5940848252036456e-83,0.9999999999991539,26.599359150330447,-8.366015266417245e-09,-8.562939275427983e-08,1.7801257326959785e-91,-0.25809960556873013,0.025216063628417183,4.80055442778099e-83,-0.2580995811324387,0.02521631374664679,9.81
1.977332023870718,0.17475691463290857,0.04655029598352446,-6.77799684877569e-88,0.009090612323397806,0.09831981655526789,7.490458844438469e-86,-0.25835438367051866,0.0238871883000904,2.19949382283647e-82,-0.1256316894703673,-0.6730234760835163,1.799990794891296e-80,0.09206692189842172,0.995752821684252,7.586106027635524e-85,-0.9957529376919002,0.09206566720526657,8.477318125618683e-82,8.440615023986934e-82,-7.880344731420704e-83,0.9999999999992062,26.612473200658627,-1.4520020680791153e-08,-1.5704176120673956e-07,-1.196416846969992e-91,-0.258354399249409,0.023887019803774102,2.1994938188854276e-82,-0.25835438367051866,0.0238871883000904,9.81
1.979309017699076,0.17477438182454014,0.04674472033586554,-8.737869244809849e-91,0.008579600774169194,0.09836572641936137,6.65383706789143e-85,-0.25859632728189696,0.02255518722953198,1.1917695807969004e-82,-0.11860505322445647,-0.6746357729631001,-1.7834647502170366e-79,0.08689155375770531,0.9962177763348594,6.738801215790682e-84,-0.9962178785767509,0.08689038153925764,4.5911789490364765e-82,4.567958713276963e-82,-4.660678149749022e-83,0.9999999999993077,26.62496456969484,3.6314639771691374e-09,4.163498995844314e-08,2.816351279974363e-91,-0.2585963574528902,0.022554841312268998,1.191769569856954e-82,-0.25859632728189696,0.02255518722953198,9.81
1.9812830958848715,0.17479081474295727,0.0469389459224056,1.949297245883507e-87,0.008068880294899827,0.09840893761014691,5.468272661088681e-85,-0.2588230227709769,0.021221658934816645,-4.8396817804648903e-82,-0.11156979092707786,-0.6761859125121861,-2.5035560226962766e-79,0.08171913344995486,0.9966553984342774,5.538098063181063e-84,-0.9966554877973325,0.08171804356114389,-1.863626769907946e-81,-1.8578462434341624e-81,1.467743888843866e-82,0.9999999999994018,26.636602295353153,-9.168611064372022e-09,-1.1182137313101512e-07,-6.213559179351185e-91,-0.25882303680916613,0.021221487721241435,-4.839681775419234e-82,-0.2588230227709769,0.021221658934816645,9.81
1.9832571724251413,0.17480623901325124,0.04713325404790916,2.1580863196624043e-87,0.007557727433962214,0.09844951281457703,-1.245396147516146e-84,-0.25903682208998147,0.019885500625541397,-8.692658778081662e-82,-0.10477525813365673,-0.6775108056900079,2.0317757692787354e-79,0.07654233482289316,0.9970663322868043,-1.2612988460255535e-83,-0.997066412891496,0.07654128483168247,-3.3459172425476146e-81,-3.335136018819813e-81,2.686803050286798e-82,0.9999999999994454,26.647618192241577,-9.184580667779986e-09,-1.1964145307567372e-07,1.5134763035781708e-90,-0.25903683384639953,0.019885347480350955,-8.692658759892743e-82,-0.25903682208998147,0.019885500625541397,9.81
1.9852302117067202,0.1748206464987686,0.047327537511380365,-2.9636233206542173e-87,0.0070464321720464795,0.09848742937077759,-2.8843459169469927e-84,-0.2592365901674871,0.01854744667986097,3.171710705734602e-82,-0.09761176515590364,-0.6788558895601549,9.351415621615623e-79,0.07136409345967368,0.9974503326806197,-2.9211766545288703e-83,-0.997450400503618,0.07136314549662111,1.2203616527177388e-81,1.2193347800401643e-81,-5.795271479913413e-83,0.9999999999995483,26.65790233656532,-1.9544966909010038e-09,-2.731784683377229e-08,8.000424062053305e-91,-0.2592366058400453,0.018547227622819795,3.171710719532136e-82,-0.2592365901674871,0.01854744667986097,9.81
1.9872018442376957,0.17483403559490618,0.047521754582974855,-9.21890031608238e-87,0.0065351244329505676,0.09852267828874872,2.511325919344216e-87,-0.25942187869803024,0.017207638865269104,2.818621823434818e-81,-0.0907229930211173,-0.6800629893624697,5.108235004293139e-79,0.06618572612420418,0.9978073209079055,2.5433934917638133e-86,-0.9978073805686987,0.06618482667977679,1.0841188821359596e-80,1.0817415889956977e-80,-7.175573323592678e-82,0.9999999999995937,26.667410999099015,-7.768803057466606e-09,-1.1712145532535104e-07,-2.985405508443829e-93,-0.2594218864405533,0.01720752213841399,2.8186218202679544e-81,-0.25942187869803024,0.017207638865269104,9.81
1.9891734767686713,0.1748464162266206,0.047716038546486234,-2.953720496897295e-87,0.006023462941470825,0.09855528365191368,8.230227042256382e-84,-0.2595943349761829,0.015865778053981927,2.3314835326399284e-81,-0.08365679071748389,-0.6811875608046174,-2.0319878435369283e-78,0.061003776067412384,0.9981375352653145,8.335320269226594e-83,-0.9981375859309443,0.06100294707591373,8.96453006399143e-81,8.942749151871773e-81,-6.300681490881902e-82,0.999999999999655,26.67631109216077,-3.7074360810579714e-10,-6.066068939751563e-09,-5.06569742160804e-91,-0.25959434778240703,0.01586556851699614,2.3314835228523666e-81,-0.2595943349761829,0.015865778053981927,9.81
1.991143438373832,0.1748577784959931,0.04791021945885214,2.3204436561562908e-86,0.005511909200841103,0.09858521698947165,9.198424771584476e-84,-0.25975163254745115,0.014522675987407752,-5.18468715426592e-81,-0.07646939730895497,-0.6822710753188597,-3.711539216198944e-78,0.05582291714181569,0.9984406852296124,9.315881034125689e-83,-0.9984407264096299,0.05582218059705772,-1.992904765246787e-80,-1.9903172322038694e-80,1.0194840255504289e-81,0.9999999999997279,26.684370143962013,-3.5334183123528695e-09,-6.31982128778036e-08,-5.896665084351743e-90,-0.2597516397272908,0.014522547568126574,-5.1846871516817935e-81,-0.25975163254745115,0.014522675987407752,9.81
1.9931130992190722,0.1748681312217415,0.04810442707201163,3.328705430709691e-86,0.0050001396232417505,0.09861249791658899,-1.2192068802163023e-83,-0.2598955975627548,0.013177887897157348,-1.2290642152236683e-80,-0.06962931408146744,-0.6831660538943245,1.2912337112168389e-78,0.05063987265801825,0.9987169785766034,-1.2347751424970195e-82,-0.9987170141278316,0.050639171513646226,-4.7230015959138865e-80,-4.7163166037813755e-80,2.515041088150351e-81,0.9999999999997535,26.691773313491726,-5.042733067545564e-09,-9.94525236466999e-08,1.2295926342672362e-89,-0.2598956017715049,0.0131778048912512,-1.2290642139603163e-80,-0.2598955975627548,0.013177887897157348,9.81
1.9950823565674203,0.17487747384345934,0.04829864601053866,-2.48051565979313e-86,0.004488201759130561,0.0986371241546582,-3.921225480216766e-83,-0.2600258995129856,0.011831741123319972,-1.0257620501309014e-82,-0.06238539205770621,-0.6840397260509703,1.1922838961625196e-77,0.04545512361614877,0.99896638168511,-3.971296267317836e-82,-0.9989664091194405,0.04545452068838339,-3.9407674591214595e-82,-3.7561808413584906e-82,4.146319643708798e-82,0.9999999999998179,26.69848865514521,1.0060286293698955e-10,2.210947193192176e-09,-8.789411231987417e-91,-0.26002590675455733,0.011831581973320893,-1.0257618499606557e-82,-0.2600258995129856,0.011831741123319972,9.81
1.9970505172783268,0.1748858037097987,0.048492802640425256,-1.2108668920094891e-85,0.003976309084293916,0.09865908590474248,-1.2625814840992956e-83,-0.26014124322621024,0.010484538532537613,3.464198727940178e-80,-0.055333575740661445,-0.6848191834615953,1.003696862407841e-77,0.04027083233080104,0.9991888010097916,-1.2787035960300703e-82,-0.9991888228677852,0.040270289992621174,1.3305804825221188e-79,1.3295526107429327e-79,-5.23059171733705e-81,0.9999999999998529,26.704385562377787,-2.855315641484176e-09,-7.084530532876442e-08,9.06636929819349e-90,-0.2601412460616767,0.010484468178775597,3.464198725874387e-80,-0.26014124322621024,0.010484538532537613,9.81
1.9990186779892336,0.1748931258740876,0.048686999883842015,-7.450442202436437e-86,0.0034642022107220782,0.09867839466828165,9.71497418199357e-83,-0.26024371025251913,0.009136072701391384,3.94061584000116e-80,-0.048287361708403864,-0.6854659077311334,-2.15041221507231e-77,0.03508437181046001,0.9993843539172832,9.839026292262441e-82,-0.9993843709446992,0.03508388677823305,1.5132699370227214e-79,1.5119931070294545e-79,-6.292509422189762e-81,0.9999999999998824,26.709676893580014,-1.3675120361710336e-09,-3.895381510965061e-08,-3.8350371360677164e-89,-0.2602437133190031,0.009135985350861636,3.940615834251413e-80,-0.26024371025251913,0.009136072701391384,9.81
2.000986129258824,0.17489943782884085,0.048881162499942905,2.61152755315831e-85,0.0029520908885416475,0.09869504289877007,1.4248475654667593e-82,-0.26033128890072366,0.007786811156044848,-4.995595320265848e-80,-0.04100717796929132,-0.6860705195688477,-5.238116938280504e-77,0.02989786615262766,0.9995529588768769,1.4430416748200859e-81,-0.9995529703997169,0.02989748091566497,-1.9180798881792678e-79,-1.9176538607011508e-79,4.292252984206078e-81,0.9999999999999257,26.714158376096606,-5.949572149633083e-10,-1.9890758811543304e-08,-2.87160311556713e-89,-0.2603312913068522,0.007786730712715049,-4.9955953201732674e-80,-0.26033128890072366,0.007786811156044848,9.81
2.002953260797794,0.1749047412838982,0.04907532369802354,4.8613163196060057e-85,0.002439907222168358,0.09870903295320055,-9.93594169418825e-83,-0.260405058632124,0.006436671607982447,-1.6668743926389423e-79,-0.03411170680368514,-0.6865395502486882,-1.5684900618881958e-78,0.024710627926412685,0.9996946458131516,-1.0062815342848097e-81,-0.9996946544454645,0.024710278694573408,-6.399128436098886e-79,-6.396925780467169e-79,1.681862245446837e-80,0.9999999999999392,26.717940947056697,-1.6400605983520836e-09,-6.635038995626653e-08,6.678756606851575e-89,-0.26040505924065527,0.006436646988857653,-1.6668743921765122e-79,-0.260405058632124,0.006436671607982447,9.81
2.0049203314923973,0.17490903694845136,0.049269503797090886,-1.2972127680488063e-85,0.0019276047294027876,0.09872036614875412,-5.1329201613653835e-82,-0.2604654916662747,0.005085825747158879,-5.6133740458161686e-80,-0.026845182405907053,-0.6869323866868959,1.4553884594545664e-76,0.01952218624501023,0.9998094239624945,-5.198463245210487e-81,-0.9998094290200911,0.019521927223495432,-2.154720850182985e-79,-2.1532953718099566e-79,9.403958743303728e-81,0.9999999999999664,26.721073651130578,1.311760832673074e-11,6.718053121876366e-10,-3.493020909428428e-90,-0.26046549299696387,0.005085757596327299,-5.613374031327228e-80,-0.2604654916662747,0.005085825747158879,9.81
2.0068869044159947,0.17491232404894894,0.049463654431331536,-1.5327769385564571e-84,0.0014153288291964827,0.0987290394517295,-3.2032313680217186e-82,-0.26051066187196914,0.003734524610717216,4.057215861576044e-79,-0.019660276310503377,-0.687257778639989,1.693871792717668e-76,0.01433401388342585,0.9998972627455232,-3.244133939327419e-81,-0.9998972653961333,0.014333828983717536,1.5572487549994194e-78,1.55713526839888e-78,-1.9077824619597026e-80,0.9999999999999829,26.723359725383524,-3.22632010288382e-10,-2.2505828903546246e-08,7.301942519395827e-89,-0.26051066223992,0.0037344989432515903,4.057215860836161e-79,-0.26051066187196914,0.003734524610717216,9.81
2.008853477339593,0.17491460364315833,0.049657819508608064,-1.3895988920783183e-84,0.0009029783015108706,0.098735054578718,1.0824701555774087e-81,-0.26054281840040006,0.00238274066914812,6.100907402626512e-79,-0.01267146494747351,-0.6874454029739319,-2.0495674842922647e-76,0.009145085758704366,0.9999581828288951,1.0962923901305158e-80,-0.9999581841039417,0.009144946339232124,2.3415161960397695e-78,2.3413180251055563e-78,-3.237583189499772e-80,0.9999999999999903,26.725030135120377,-4.150809232709998e-10,-4.538651432174359e-08,-4.975897104488335e-88,-0.26054281831754106,0.002382749729401235,6.100907403433539e-79,-0.26054281840040006,0.00238274066914812,9.81
2.0108200036397728,0.1749158755760946,0.04985198919763631,2.7245914432227077e-84,0.00039058807361413983,0.09873841107023473,2.0792339057280816e-81,-0.260560500344071,0.0010307336359396402,-4.003648404217764e-79,-0.005353498655196631,-0.6875667665379634,-7.075895517552681e-76,0.003955755550521059,0.9999921759684046,2.10578397525287e-80,-0.9999921761121963,0.003955719200658141,-1.5365402945474009e-78,-1.5366115715086221e-78,-1.4979497199597943e-80,0.9999999999999996,26.725935341472333,4.717620027741911e-11,1.1925871193715068e-08,2.5113504939511122e-88,-0.26056050042871337,0.0010307122386558685,-4.0036484048574597e-79,-0.260560500344071,0.0010307336359396402,9.81
2.0127864882819,0.17491613985167145,0.05004615875968887,6.7880518835829195e-84,-0.00012180899710045878,0.09873910852171441,-4.920935566434657e-82,-0.2605638740722882,-0.00032146694250556607,-2.1728505661366657e-78,0.0016118786357139925,-0.6876054580034567,-2.527496420546105e-76,-0.0012336439556212442,0.999999239061006,-4.983771775517601e-81,-0.9999992390681717,-0.0012336381469923066,-8.339025971201525e-78,-8.339025773882469e-78,-5.303621001934305e-81,1.0,26.726092590050573,2.9175169192927243e-11,-2.364956830490949e-08,1.178641407086042e-88,-0.2605638741033304,-0.0003214417794172501,-2.172850566695711e-78,-0.2605638740722882,-0.00032146694250556607,9.81
2.014752972924027,0.17491539650505045,0.05024032707860688,7.892025999644241e-85,-0.0006342016396985173,0.09873714675062395,-6.466520630162343e-81,-0.26055416087490685,-0.0016735975100736766,-1.3944214192288694e-78,0.008832930975685827,-0.6875165465910638,1.692659510094885e-75,-0.006422998622789192,0.9999793723315955,-6.549092670513278e-80,-0.999979372874696,-0.006422914068378427,-5.351642251909484e-78,-5.351952502602179e-78,3.111598500190629e-80,0.9999999999999964,26.725627348594667,1.5396696965904252e-10,-2.3970703206003222e-08,1.569895950027935e-87,-0.2605541611703809,-0.0016735515079124358,-1.3944214207356159e-78,-0.26055416087490685,-0.0016735975100736766,9.81
2.0167198194564966,0.17491364514114585,0.05043452465590259,-1.864938794710822e-83,-0.001146654794524693,0.09873252521913756,-5.975625004712537e-81,-0.2605291284111757,-0.0030256971567901303,4.485878546335172e-78,0.016095034790495788,-0.6873646694778808,2.611374928961146e-75,-0.01161296614136717,0.9999325672351108,-6.05192872210498e-80,-0.999932569222743,-0.011612794995357603,1.721717676476141e-77,1.7215312964852812e-77,2.6045769717758127e-79,0.9999999999999852,26.7243105478108,-2.6502430520805213e-10,2.2819874841656126e-08,-1.381135693689108e-87,-0.2605291286640225,-0.0030256753851373845,4.485878546854839e-78,-0.2605291284111757,-0.0030256971567901303,9.81
2.018686686111599,0.17491088588365228,0.0506287125149839,-2.271703502586734e-83,-0.0016590485072143224,0.09872524449861153,1.1179809457028056e-80,-0.2604908474887573,-0.004377492971819663,8.877963350262123e-78,0.023018219736499645,-0.6871162568793655,-1.625554691379337e-75,-0.016802331654782843,0.9998588308611185,1.1322566249113071e-79,-0.9998588343688171,-0.016802122920345653,3.407685965922536e-77,3.407395148979039e-77,4.593610188287757e-79,0.9999999999999782,26.722354437701934,3.5944160850744465e-10,-2.1389344873620062e-08,-2.4221646784687904e-87,-0.26049084876204115,-0.00437741720138717,8.877963359077777e-78,-0.2604908474887573,-0.004377492971819663,9.81
2.0206538655417297,0.17490711820759539,0.05082291431484273,2.5340785560913083e-83,-0.0021714377796655526,0.09871530353726321,2.895078939416776e-80,-0.2604385714497229,-0.005728844072379502,-1.9115424574046344e-78,0.030323554142441367,-0.6867534304173459,-9.18292080376788e-75,-0.021991652247825247,0.9997581543710512,2.932046677177304e-79,-0.9997581611963371,-0.021991341962668925,-7.337930577141743e-78,-7.3297079665933e-78,-4.54506976922846e-79,0.9999999999999519,26.719682204643128,-3.5007985672725013e-10,1.591491114446522e-08,4.667455037469257e-87,-0.26043857287763317,-0.005728779157519407,-1.9115424525258124e-78,-0.2604385714497229,-0.005728844072379502,9.81
2.0226215846480082,0.1749023412197759,0.051017147212310765,9.120626418750053e-83,-0.002683847827981367,0.09870270134932291,3.6462684070078743e-81,-0.2603715233324152,-0.007079797829387502,-2.725989044701303e-77,0.03736043753859519,-0.6863406328256374,-6.036949646593314e-75,-0.02718118321271251,0.9996305233830932,3.692828206588413e-80,-0.9996305332602067,-0.027180819963992114,-1.0465744599203716e-76,-1.046177737719715e-76,-2.88162785237803e-78,0.9999999999999339,26.71621402139705,-6.542357038366152e-10,2.4060541217949345e-08,8.888428594069202e-88,-0.2603715252508407,-0.007079727275348176,-2.72598904646613e-77,-0.2603715233324152,-0.007079797829387502,9.81
2.0245893037542864,0.17489655609029645,0.05121135269741543,3.9690449583116636e-83,-0.00319611382204954,0.09868744143034824,-7.832882514110409e-80,-0.2602915417561956,-0.008429895225631867,-2.5669584783894752e-77,0.04447305050955208,-0.6857878652524971,1.8628468834400673e-74,-0.0323692553270104,0.9994759783554455,-7.932901897815608e-79,-0.999475992239374,-0.03236882662560822,-9.856691136516295e-77,-9.854093804278755e-77,-2.397663021208076e-78,0.9999999999999081,26.712137348832524,1.1136158318641046e-09,-3.4385476645047306e-08,2.72919628727467e-86,-0.26029154648553665,-0.008429749194299722,-2.5669584853216218e-77,-0.2602915417561956,-0.008429895225631867,9.81
2.0265580645902026,0.1748897592481159,0.05140562832876219,-2.1724226260649063e-82,-0.0037084801708289206,0.09866951582963601,-9.736821311100487e-80,-0.2601964480872655,-0.0097793873070664,4.6107841110925524e-77,0.051742502870581575,-0.6851535329194025,3.780213067297222e-74,-0.03755834384508171,0.9992944364938767,-9.861152437514321e-79,-0.9992944562134318,-0.037557819173927955,1.770789334385668e-76,1.7691695666741982e-76,7.636210966074391e-78,0.9999999999998621,26.70722930492002,-2.2661300061968594e-09,6.02936891175221e-08,-5.949850591524102e-86,-0.2601964509557122,-0.009779310986796104,4.610784112055255e-77,-0.2601964480872655,-0.0097793873070664,9.81
2.028527106912776,0.1748819526811591,0.05159989382307598,-3.437077512018342e-82,-0.004220716188051199,0.09864893174844269,1.0326618131811447e-79,-0.26008778802750865,-0.011127894803276916,1.2318852144338044e-76,0.058613288717012324,-0.6844775891362813,-7.479317542800365e-75,-0.04274611230282788,0.9990859672135296,1.0458480473538917e-78,-0.9990859911663165,-0.04274555246126748,4.732091598226036e-76,4.728213364882424e-76,1.9182959755503918e-77,0.9999999999998429,26.701646711293694,-7.802463117164307e-10,1.823635177588838e-08,1.9089901691708256e-86,-0.2600877934827585,-0.011127767298462526,1.2318852163107021e-76,-0.26008778802750865,-0.011127894803276916,9.81
2.030496523896791,0.17487313593727133,0.051794153123881574,1.8959290860243935e-82,-0.00473282529743102,0.09862568856366316,3.8782072331988784e-79,-0.2599655994651022,-0.012475174155696322,1.6615912377119469e-77,0.06585335241889823,-0.6836320673665188,-1.1482283115143532e-73,-0.047932595725580916,0.9988505725417631,3.9277287405864756e-78,-0.9988506039976291,-0.047931940223315685,6.384234623808599e-77,6.395722775152886e-77,-8.630848524709114e-79,0.9999999999997847,26.695392447916735,4.2498268549482046e-10,-8.856065320499454e-09,-3.4824250237272114e-86,-0.2599656080768764,-0.012474994695491348,1.6615912624384719e-77,-0.2599655994651022,-0.012475174155696322,9.81
2.0324673607108292,0.1748633034211021,0.05198850403212621,1.1847367708628978e-81,-0.005245046443441481,0.09859977448400059,1.6837385274089764e-79,-0.25982829828155496,-0.013821577322218559,-3.2941503029690577e-76,0.07293271437639248,-0.6827463777155551,-1.0949619409755735e-73,-0.05312021370842878,0.9985881247519273,1.7052384830055867e-78,-0.9985881631275917,-0.0531194922929654,-1.266028160433894e-75,-1.2641501052083586e-75,-6.8954517407576436e-77,0.999999999999739,26.688305260125723,-3.811529678831164e-09,7.165159943278602e-08,1.2235581586957198e-85,-0.25982830445519045,-0.013821461264645746,-3.294150306045956e-76,-0.25982829828155496,-0.013821577322218559,9.81
2.0344381975248673,0.1748524616760272,0.052182801254699415,8.53267683608818e-82,-0.005756983648595337,0.09857120841683376,-9.106258142933418e-79,-0.25967812250822075,-0.015166337547402264,-4.149823482719331e-76,0.07989861944672327,-0.6817549490311063,1.918859141299232e-73,-0.0583049560813029,0.9982988190398491,-9.222537590814338e-78,-0.9982988642589739,-0.058304181833233784,-1.5953457464935406e-75,-1.5931694871934068e-75,-8.380971488130363e-77,0.9999999999996992,26.68061032060783,8.940840188823872e-10,-1.530852744195642e-08,1.4142405770773563e-85,-0.2596781351646423,-0.015166120840969658,-4.1498234969925517e-76,-0.25967812250822075,-0.015166337547402264,9.81
2.036410466369912,0.17484060229312837,0.052377180679035296,-2.408084194182387e-81,-0.006268984493964069,0.09853997008737636,-1.4675657651728865e-78,-0.25951323898324197,-0.01650980747351838,4.2788556985190365e-76,0.0871136410216593,-0.6806442448662562,5.224192686483126e-73,-0.063490343228185,0.9979824529102539,-1.4863053853534475e-77,-0.997982508616239,-0.06348946759926713,1.6454740466239853e-75,1.6412105778739061e-75,1.1930477976367592e-76,0.999999999999615,26.67212157681537,-5.489108804525335e-09,8.628137745835376e-08,-1.2849973022882107e-84,-0.25951324797977476,-0.016509666058213704,4.278855697560322e-76,-0.25951323898324197,-0.01650980747351838,9.81
2.0383835696437376,0.17482772777220937,0.05257157807809933,-4.936514831728917e-81,-0.006780859801459371,0.09850606996265121,7.787275749138886e-79,-0.25933442091431913,-0.01785173147981922,1.6463147433097085e-75,0.0939430927953282,-0.6795388422228887,7.237066995644555e-74,-0.06867445858587813,0.9976391224976777,7.886712918263775e-78,-0.9976391853863051,-0.06867354499186376,6.333243468246936e-75,6.318833064760453e-75,4.270639724232551e-76,0.9999999999995807,26.66291588153473,-4.478974428185124e-09,6.506640474837328e-08,5.1437442989327984e-85,-0.25933443278307616,-0.01785155905917218,1.6463147464270475e-75,-0.25933442091431913,-0.01785173147981922,9.81
2.0403568285340588,0.17481384248493584,0.05276592130099309,6.65698063747403e-82,-0.007292412011857152,0.09846952048097535,5.029546516402369e-78,-0.2591425044843918,-0.019191513672279115,7.13316768660558e-76,0.10106025880973846,-0.6782188654557837,-1.3872279256536048e-72,-0.07385530228036667,0.9972689678943567,5.093769766410429e-77,-0.9972690419686697,-0.0738543020472845,2.745086821032065e-75,2.741351868899926e-75,1.5194062800360293e-76,0.9999999999994968,26.653074760077427,3.916539161336877e-09,-5.28850718438203e-08,-2.70122092158624e-84,-0.2591425276491187,-0.01919120087445375,7.133167755957291e-76,-0.2591425044843918,-0.019191513672279115,9.81
2.0423326711121876,0.17479892797514765,0.05296044410811341,1.493700114597568e-80,-0.007804239330340579,0.09843027726797793,3.5882373496194667e-78,-0.2589353040404778,-0.020530082717044706,-3.8367172731099863e-75,0.10812922957283888,-0.6768462730095761,-1.755802838670322e-72,-0.07903893209713582,0.9968715299440266,3.634056263784555e-77,-0.996871615471912,-0.0790378533768487,-1.4770926547296358e-74,-1.4721843865832757e-74,-1.203705135767485e-75,0.9999999999994145,26.642380612451703,-9.085176585614255e-09,1.1458598493692358e-07,4.177187368620416e-84,-0.25893531717096296,-0.020529917107689005,-3.836717277402453e-75,-0.2589353040404778,-0.020530082717044706,9.81
2.0443085136903165,0.17478300258821824,0.053154886766599296,1.4845282335368361e-80,-0.008315642809265,0.09838839205784566,-1.0131952180504143e-77,-0.2587152118129312,-0.02186619704239945,-6.225063246228205e-75,0.11493473100847496,-0.6754439778881753,1.8137609507744376e-72,-0.08421826912942307,0.9964473308433537,-1.026132910126239e-76,-0.9964474256557868,-0.08421714732734348,-2.397596841433169e-74,-2.3899431529492318e-74,-1.916965810889136e-75,0.9999999999993664,26.631067920444103,-2.8345968894374826e-09,3.353816854340998e-08,-3.453731815270797e-84,-0.2587152335950822,-0.02186593931854029,-6.22506326904284e-75,-0.2587152118129312,-0.02186619704239945,9.81
2.0462859117280385,0.17476605344280083,0.053349397028492895,-2.514843135701858e-80,-0.008827002462453493,0.0983438328522368,-2.101869817372306e-77,-0.25848092836688963,-0.023200272853230786,3.3429227462209145e-75,0.12204392131965847,-0.6738642634815841,6.969732840967568e-72,-0.08939716299673943,0.9959960578476877,-2.128709031869141e-76,-0.99599616774097,-0.08939593863985897,1.2881174573458303e-74,1.2810569301412832e-74,1.363559066730633e-75,0.9999999999992445,26.619007043210637,-7.275315875778279e-09,8.105610613321313e-08,-1.732385021550967e-83,-0.2584809496109854,-0.023200036164201018,3.342922737749227e-75,-0.25848092836688963,-0.023200272853230786,9.81
2.048264967514131,0.17474807811289578,0.05354397952404962,-6.831685762613269e-80,-0.009338310264155325,0.0982965990405198,3.1235168193268743e-78,-0.2582323388548553,-0.024532307237549844,2.1357431381160375e-74,0.1288302976779363,-0.6723087005828159,2.92855590813391e-72,-0.09457553102783674,0.9955176889090434,3.163401659464344e-77,-0.9955178095124602,-0.0945742615277165,8.233555008598156e-74,8.196948830040976e-74,7.755436144944374e-75,0.9999999999991869,26.606185077334338,-1.0854530730461912e-08,1.1425658655621085e-07,3.63066854103556e-84,-0.2582323592841857,-0.02453209219212482,2.1357431427647542e-74,-0.2582323388548553,-0.024532307237549844,9.81
2.0502440233002233,0.17472909136887965,0.05373846593466159,-1.2785203288549388e-80,-0.009849114871187226,0.09824673124306749,6.351639812818099e-77,-0.25797100367480263,-0.025861345701088112,1.4934473776001192e-74,0.13577098511711938,-0.6705435608251111,-1.6250956200825419e-71,-0.09974880361513078,0.9950126512649727,6.432745283297395e-76,-0.99501278613067,-0.09974745829584589,5.76033348199694e-74,5.738021190010903e-74,5.105797351853486e-75,0.9999999999990861,26.592752249202363,6.699864163315766e-09,-6.683237655639183e-08,-4.320705415334443e-83,-0.2579710453401676,-0.025860930075751704,1.4934473914022344e-74,-0.25797100367480263,-0.025861345701088112,9.81
2.0522264503812697,0.1747090592903954,0.05393318209391574,1.8354153913764625e-79,-0.010360257069770284,0.09819414528459092,6.2181029436247714e-77,-0.2576944593159576,-0.027188647261535692,-4.3108218562220875e-74,0.14276268613392062,-0.6686949357242327,-2.6197880438803878e-71,-0.10492549536946408,0.9944800854825966,6.297503307344267e-76,-0.9944802367669284,-0.10492406149208175,-1.6636084327037142e-73,-1.653764696740492e-73,-1.808176814823832e-74,0.9999999999989606,26.578468750072233,-1.5795996621125932e-08,1.497138899820889e-07,9.480569104207366e-83,-0.25769448272142975,-0.027188425422244304,-4.3108218611795815e-74,-0.2576944593159576,-0.027188647261535692,9.81
2.0542091945210066,0.17468801101371972,0.054127822516502624,2.3374985443386547e-79,-0.010870917434900207,0.09813892318121553,-1.0744198017309765e-76,-0.2574049231099016,-0.028512835083844834,-8.894265409053133e-74,0.1494110864420577,-0.6668893346290119,1.4947442316991549e-71,-0.110097306430534,0.9939208133029216,-1.0881393116504229e-75,-0.9939209763096915,-0.11009583485123231,-3.4343538463374236e-73,-3.414673764181215e-73,-3.67297862941129e-74,0.999999999998904,26.56354549131353,-9.739235443315714e-09,8.792248535959068e-08,-9.625707744246728e-83,-0.2574049555858928,-0.028512541897740527,-8.894265443164134e-74,-0.2574049231099016,-0.028512835083844834,9.81
2.0561933840973583,0.17466593434351502,0.05432249261539559,-2.4305762011826064e-79,-0.011381364911663638,0.09808103484479247,-2.906583962778961e-76,-0.2571017456560196,-0.029834150252082026,1.6297372957741225e-74,0.15636864285201568,-0.6648470012721912,9.057307609649693e-71,-0.11526696272662065,0.9933345495369522,-2.943698826105588e-75,-0.9933347319089025,-0.11526539109146687,6.296629234089473e-74,6.220728704200816e-74,1.0182011556541558e-74,0.9999999999987484,26.547918694266848,-5.202229930087224e-09,4.483118668136301e-08,-1.3285505036381448e-82,-0.2571017876563124,-0.029833788301724156,1.6297372681033623e-74,-0.2571017456560196,-0.029834150252082026,9.81
2.0581802931611985,0.17464281310270297,0.054517311819499675,-9.207573751108648e-79,-0.011891892980216312,0.0980204452390776,-4.213223371825881e-77,-0.25678394836342777,-0.031153002256520068,2.7093625039947317e-73,0.16308638712264667,-0.6628248498984126,6.0394910994805335e-71,-0.12043743432826548,0.9927209197012143,-4.2670230382897605e-76,-0.9927211170195851,-0.12043580789527356,1.0474334808953096e-72,1.0397577382435437e-72,1.265737974562473e-73,0.999999999998658,26.531491883896592,-1.961516636319844e-08,1.6168051155168707e-07,-6.949530869573742e-83,-0.25678397978789025,-0.03115274323282883,2.7093625105395476e-73,-0.25678394836342777,-0.031153002256520068,9.81
2.060167202225039,0.17461867812361778,0.05471200803756995,-4.104834542275489e-79,-0.0124017776205676,0.09795723847969384,7.859929870053121e-76,-0.2564536700144937,-0.03246809565608544,2.562957650885487e-73,0.16981367975495232,-0.6606488629833622,-1.854988647729177e-70,-0.12560139006529694,0.9920807884510541,7.960295271358351e-75,-0.9920810025841651,-0.12559969869230508,9.914699305456025e-73,9.846180811087776e-73,1.166327437707959e-73,0.9999999999985467,26.51446686807099,4.584052093246359e-09,-3.620780002995424e-08,-2.905255123574581e-82,-0.2564537299516913,-0.03246762222696383,2.5629576734263986e-73,-0.2564536700144937,-0.03246809565608544,9.81
2.0621577491291383,0.174593483722896,0.05490693218738225,2.209348754879528e-78,-0.012911924934449814,0.09789130003742841,9.761041078328475e-76,-0.25610849581154804,-0.03378069506097248,-4.681745226046519e-73,0.17666604162677402,-0.6583470187673548,-3.733110546338088e-70,-0.13076800672841912,0.9914129958883312,9.885682358651532e-75,-0.9914132315473562,-0.1307662200754787,-1.8123348350897652e-72,-1.7954795950942212e-72,-2.4679621020240818e-73,0.9999999999983763,26.496612918813753,-2.319953911936814e-08,1.7588648138782683e-07,1.7538179279392636e-81,-0.2561085334889342,-0.03378040940723754,-4.681745230304385e-73,-0.25610849581154804,-0.03378069506097248,9.81
2.064149301294958,0.1745672610467325,0.055101820824787866,3.4757759892153573e-78,-0.013421626668581155,0.09782271908827944,-1.0794579250567792e-75,-0.25575016177984145,-0.035089696556511285,-1.2302846528789068e-72,0.18315886088512912,-0.6561340524284933,9.019935136264954e-71,-0.1359301091880836,0.9907184289272688,-1.0932418047388706e-74,-0.9907186790725946,-0.13592828600645782,-4.765845560266372e-72,-4.723097050824187e-72,-6.36990956613573e-73,0.9999999999983068,26.47809073802004,-1.8808867028201033e-08,1.370872965775181e-07,-1.5127362037612908e-81,-0.2557502075448451,-0.035089362996475165,-1.2302846579069006e-72,-0.25575016177984145,-0.035089696556511285,9.81
2.066141999697277,0.17454000801521857,0.05529668233135935,-2.0954156387777576e-78,-0.013930897245067797,0.09775149239481173,-3.9261125897684646e-75,-0.2553787376049499,-0.036394894911133235,-1.0771335021640023e-73,0.18992081604974942,-0.6536418662665398,1.1564127130179709e-69,-0.14108784698551696,0.9899970805174081,-3.976246199858242e-74,-0.9899973539045417,-0.1410859286463596,-4.175598546588294e-73,-4.189929609298499e-73,-1.954788871807313e-74,0.9999999999981226,26.45890441263787,4.872042874493131e-10,-3.4186560536280392e-09,1.3730765887467524e-82,-0.25537880861436213,-0.036394396639399876,-1.0771335679573966e-73,-0.2553787376049499,-0.036394894911133235,9.81
2.068138674932867,0.17451168346666843,0.055491787762891896,-1.2195953154396303e-77,-0.014440426362710923,0.09767752107052807,-1.4986508061551428e-75,-0.25499246859250135,-0.03769730744981459,3.3877995302219923e-72,0.1965257424076512,-0.651153808151653,1.0293739506998292e-69,-0.14624820229044697,0.9892479281387514,-1.5177874998711098e-74,-0.9892482213044969,-0.1462462192533166,1.3143031600525396e-71,1.2999497073447024e-71,1.937159430069032e-72,0.9999999999979906,26.438888465565313,-3.024970291977144e-08,2.0461417967221964e-07,-3.1393630996750207e-81,-0.2549925139102523,-0.03769700090852579,3.3877995391293033e-72,-0.25499246859250135,-0.03769730744981459,9.81
2.070135350168458,0.17448234233179896,0.05568674290615012,-8.08005354166984e-78,-0.014949171539669237,0.09760095383434475,9.602558260511816e-75,-0.2545939414389071,-0.03899518027772686,4.0029376008314447e-72,0.20301895043564144,-0.6485907583474688,-2.0785568596674715e-69,-0.151400618070649,0.9884724846184771,9.725176086467414e-74,-0.9884727968763884,-0.15139857937038256,1.5541586449028888e-71,1.537715435062062e-71,2.2568750741183386e-72,0.9999999999978731,26.418278905101154,-2.627349254854032e-09,1.7153578888919637e-08,1.6876703985568402e-81,-0.2545940192371362,-0.038994672337470976,4.0029376345846826e-72,-0.2545939414389071,-0.03899518027772686,9.81
2.0721357704386256,0.17445192829471567,0.055881907804939526,2.6242926256271233e-77,-0.015458061145800173,0.09752164875397007,1.4489800791733088e-74,-0.25418095679130825,-0.04028977596248495,-4.938283600518491e-72,0.20968161577714284,-0.645855569802217,-5.166109920435886e-69,-0.15655449802866875,0.9876693217605736,1.4674825439550664e-73,-0.9876696605859355,-0.15655236043593437,-1.918865939822418e-71,-1.8929076427723263e-71,-3.149009738542472e-72,0.9999999999976578,26.39687109871822,-3.0747327997119925e-08,1.9397840989087529e-07,2.882138020765884e-80,-0.2541810132419614,-0.04028941982223039,-4.938283601525222e-72,-0.25418095679130825,-0.04028977596248495,9.81
2.0741380506840494,0.17442046739629014,0.05607709270991731,4.9908349804981384e-77,-0.01596658100346815,0.09743968352473509,-1.019138322975855e-74,-0.25375463669634746,-0.04158034183841153,-1.6678045162671945e-71,0.21600968835699774,-0.6432369810175302,-2.0723593285867102e-71,-0.16170463100833002,0.9868392028646105,-1.0321520081692024e-73,-0.986839559404867,-0.16170245512548032,-6.486009893849433e-71,-6.402317848556188e-71,-1.038632152271495e-71,0.9999999999975693,26.374764999345327,-3.048115795158263e-08,1.8601818282978271e-07,-1.9455960039529095e-80,-0.25375469789530125,-0.041579968352748624,-1.6678045235157206e-71,-0.25375463669634746,-0.04158034183841153,9.81
2.076141044045787,0.17438797740683265,0.05627218033826907,-1.46077498684072e-77,-0.0164744175871121,0.09735510718900109,-5.231654068368936e-74,-0.2533157744763841,-0.042866114195447835,-5.012953053097892e-72,0.22253534657770047,-0.6403147520623822,1.464123519092842e-68,-0.1668478466315468,0.9859826550575906,-5.2984587225188964e-73,-0.9859830383623137,-0.1668455814872548,-1.951194996184947e-71,-1.9326846671389684e-71,-2.733107791730428e-72,0.999999999997361,26.352028219593482,8.942584462667591e-09,-5.2845951263902184e-08,2.8398277595225675e-80,-0.25331588189570836,-0.04286547939510849,-5.012953184570474e-72,-0.2533157744763841,-0.042866114195447835,9.81
2.0781494133955674,0.17435437980044924,0.05646761889443484,-1.6016874755291185e-76,-0.016982720053988487,0.09726772508985171,-3.0127698302101088e-74,-0.25286192975302146,-0.0441488592173549,4.214819149299761e-71,0.22897416876860177,-0.6373698674694879,1.6001253500604995e-68,-0.17199577987574916,0.9850976863768044,-3.051240878291565e-73,-0.9850980946672983,-0.17199344139489298,1.642006490366538e-70,1.617012001256591e-70,2.854239584472105e-71,0.9999999999971823,26.328441812813402,-4.2265824353820796e-08,2.420755079795292e-07,-7.498045075072947e-80,-0.2528619922899701,-0.04414850103492397,4.214819161206195e-71,-0.25286192975302146,-0.0441488592173549,9.81
2.0801577827453475,0.174319762257968,0.0566628793738557,-1.3562284156718198e-76,-0.017490097885996647,0.09717777275764128,1.1698173120269956e-73,-0.2523960450714915,-0.04542626240804637,5.925990112426919e-71,0.23522246496592203,-0.6344378968751485,-2.3145971894838302e-68,-0.1771343476871071,0.9841866809043206,1.184755098740141e-72,-0.9841871105689631,-0.17713196038523243,2.3107655823825033e-70,2.276323288805138e-70,3.976557471195337e-71,0.999999999997058,26.304261915995102,-1.5300383228071427e-08,8.501136895481844e-08,1.0233592343228623e-79,-0.2523961399586612,-0.04542573519246518,5.925990160605788e-71,-0.2523960450714915,-0.04542626240804637,9.81
2.0821699065086965,0.17428405907741157,0.05685832111769331,3.109428565098423e-76,-0.01799747484357539,0.09708508432316343,2.0802119219703136e-73,-0.2519161950196862,-0.04669960037147902,-5.114802716901282e-71,0.2416550106558688,-0.6312908925274296,-7.028259657138519e-68,-0.1822729091259865,0.9832479781818776,2.1067748776514658e-72,-0.983248439263096,-0.1822704218645634,-1.9963465183702527e-70,-1.9590636504807496e-70,-3.845947186301757e-71,0.9999999999968006,26.279316155934666,-3.8290986697905575e-08,2.065558476782832e-07,4.425807938352194e-79,-0.2519162748611873,-0.04669916967059792,-5.114802710664323e-71,-0.2519161950196862,-0.04669960037147902,9.81
2.084184851393754,0.1742472837602641,0.057053847407877674,7.020142055483439e-76,-0.018504580320893638,0.09698970667788132,-8.953914221752697e-74,-0.25142286582417483,-0.047968505463316546,-2.2385995507216467e-70,0.2477972941932549,-0.6282712120137521,-1.3191400994084654e-68,-0.18740871801921097,0.9822820228480188,-9.068249895178475e-73,-0.9822825053326597,-0.1874061891117616,-8.745968611465142e-70,-8.592707185590027e-70,-1.6301631820849224e-70,0.9999999999966858,26.253644484557633,-4.430067013194899e-08,2.3219705214713082e-07,-2.1436011703532488e-79,-0.2514229450190138,-0.047968090366541025,-2.2385995611249626e-70,-0.25142286582417483,-0.047968505463316546,9.81
2.0862000087548718,0.17420948361904834,0.05724919953189386,-5.002957485944905e-77,-0.01901073459394098,0.09689176607237471,-6.941896915268772e-73,-0.250917545328897,-0.04923159696713597,-1.042799010678779e-70,0.2540518414232622,-0.6249417825938526,1.8572733906588758e-67,-0.19253489664248352,0.9812901271157618,-7.030540553177939e-72,-0.9812906396942402,-0.1925322841719504,-4.078185603853308e-70,-4.015419329923551e-70,-7.1620300735851814e-71,0.999999999996456,26.227370287133354,1.8558497979954753e-08,-9.458685754844625e-08,6.776759690292565e-79,-0.2509176949534475,-0.04923083436687089,-1.0427990341679519e-70,-0.250917545328897,-0.04923159696713597,9.81
2.0882220181242994,0.17417053078444084,0.05744501494134108,-2.104951736591011e-75,-0.01951757277244326,0.09679094186934378,-5.0784707405019703e-73,-0.25039717099151915,-0.05049147419039102,5.27687233782443e-70,0.26027058434185335,-0.6215591032891794,2.3580958901677812e-67,-0.19766800137577928,0.9802690249273945,-5.143319679267339e-72,-0.9802695678361418,-0.19766530898046783,2.065820328736573e-69,2.0240430234522022e-69,4.133884153420522e-70,0.9999999999962281,26.200233970817138,-5.5380304260862174e-08,2.746402881606197e-07,-1.4409950359502507e-78,-0.25039725429008214,-0.05049106109288423,5.276872353735443e-70,-0.25039717099151915,-0.05049147419039102,9.81
2.0902440274937266,0.1741305541890196,0.0576406239145649,-2.1037726587915035e-75,-0.020023345445586926,0.09668757760459634,1.4397873701434149e-72,-0.24986500620864582,-0.05174519362814323,8.493384957177015e-70,0.26626706604508144,-0.6182749040536599,-2.611975896390831e-67,-0.20279031266743033,0.9792221857618656,1.458172570410059e-71,-0.9792227525548789,-0.2027875757507006,3.328562195356393e-69,3.2623589411869976e-69,6.607214107483416e-70,0.9999999999960938,26.172503440985963,-3.26748891242418e-08,1.57778623282854e-07,2.3495021253947503e-78,-0.24986511815997065,-0.05174465303642249,8.493385024761521e-70,-0.24986500620864582,-0.05174519362814323,9.81
2.092269775608651,0.17408947924735388,0.05783638241567258,3.733729952854514e-75,-0.02052896371043289,0.09658148519219267,2.929216863614017e-72,-0.24931936342298844,-0.05299408787681159,-5.327227548860368e-70,0.27243445862136895,-0.614734662778714,-9.493046386720515e-67,-0.20791106385198468,0.978147733999285,2.9666212233482585e-71,-0.9781483368611773,-0.20790822758061522,-2.0900167419474512e-69,-2.038177290551974e-69,-4.6355556044390523e-70,0.9999999999957961,26.144035734501742,-4.30617309553732e-08,2.0259015453872915e-07,6.144350502543174e-78,-0.24931947402379886,-0.05299356753184969,-5.3272275294705766e-70,-0.24931936342298844,-0.05299408787681159,9.81
2.0942993411112667,0.17404730087308276,0.058032291716456026,9.775483860486845e-75,-0.021034411542508735,0.0964726652041481,-7.302602737793343e-73,-0.248760175495784,-0.05423812190916166,-3.0024303763260843e-69,0.2783552134089504,-0.6113135835140078,-3.014869434540181e-67,-0.21303008521335404,0.9770456400772644,-7.395852650156173e-72,-0.9770462684043536,-0.21302720342042622,-1.1792531594873963e-68,-1.1523417098051967e-68,-2.504937920303667e-69,0.9999999999956501,26.114820658823263,-5.982869635628042e-08,2.743995847716346e-07,-2.0770973360820298e-78,-0.24876027564165437,-0.05423766259153738,-3.0024303913923975e-69,-0.248760175495784,-0.05423812190916166,9.81
2.096328906613883,0.17400409781528486,0.058227977602160086,7.695078336644568e-76,-0.021538713851654734,0.09636132554988563,-9.258041367982063e-72,-0.24818948314577227,-0.055475489797572664,-1.7564977547319975e-69,0.28431680739308973,-0.6076106445174414,2.387728658998486e-66,-0.21813750857627562,0.9759180433582194,-9.376261239259416e-71,-0.9759187050858338,-0.21813454807432348,-6.906810564024623e-69,-6.760933916569317e-69,-1.415129761372987e-69,0.9999999999953988,26.085023225938045,2.0930148595411656e-08,-9.363868597265371e-08,8.996460181834211e-78,-0.24818967236101191,-0.05547464326183004,-1.7564977922972387e-69,-0.24818948314577227,-0.055475489797572664,9.81
2.098366244827782,0.17395970107485376,0.058424183072587337,-2.795116152967085e-74,-0.02204376978072986,0.09624704212442303,-7.835681835857399e-72,-0.24760383770550298,-0.05670918380205947,6.735860034825046e-69,0.2902710631556289,-0.6038277729484314,3.360600183791881e-66,-0.22325256464188512,0.9747606333766362,-7.935739136153685e-71,-0.9747613306587344,-0.22324952016166494,2.6517573888266273e-68,2.583057061939544e-68,5.997470895037309e-69,0.9999999999951226,26.05436229454894,-6.962393752604474e-08,3.0399056579675254e-07,-2.474853566519311e-77,-0.24760394520138065,-0.056708714449092305,6.735860056601447e-69,-0.24760383770550298,-0.05670918380205947,9.81
2.10040386099338,0.17391427031885218,0.05862017987586289,-3.115705716894325e-74,-0.0225476880299027,0.09613023787125385,1.8193637595309253e-71,-0.24700664024080954,-0.05793605947236102,1.1937345615255262e-68,0.29600019394756316,-0.6001925838271074,-3.072323186232243e-66,-0.22835609510404659,0.9735776773472323,1.8425960264720432e-70,-0.9735784014194792,-0.22835300805877612,4.705110615650075e-68,4.584998288299227e-68,1.0565015702833024e-68,0.9999999999949729,26.023105045851423,-4.9693576668026495e-08,2.118645308306313e-07,4.009754452490937e-77,-0.24700677425117995,-0.05793548812187469,1.1937345713218649e-68,-0.24700664024080954,-0.05793605947236102,9.81
2.1024452593934657,0.17386772682154913,0.058816299266136275,4.641061681046368e-74,-0.023051311184318024,0.09601071545954731,4.085058707259365e-71,-0.24639642654073235,-0.05915736355148127,-5.838781030078504e-69,0.3018704053927337,-0.5962770224111207,-1.2834753261956628e-65,-0.2334566417817891,0.9723672127380527,4.137222736062954e-70,-0.9723679774356753,-0.23345345672671924,-2.3041893753798332e-68,-2.2308597110689002e-68,-5.781573426461183e-69,0.9999999999946354,25.99113329301707,-4.7059663908501666e-08,1.9600759215011022e-07,8.33972038609705e-77,-0.2463965732536084,-0.05915675247077788,-5.838780990281234e-69,-0.24639642654073235,-0.05915736355148127,9.81
2.1044914238137844,0.17382004423618333,0.0590126291304739,1.358495129198498e-73,-0.023554845957519888,0.09588842262842867,-5.834384259124685e-72,-0.2457726978337451,-0.06037336025613271,-4.05648986580694e-68,0.30753084798794106,-0.5924719355801873,-5.07249265339333e-66,-0.23855628906185694,0.9711286716748897,-5.9088862662392186e-71,-0.9711294660580029,-0.2385530552181171,-1.6028529210415203e-67,-1.5567173863884434e-67,-3.817968153991497e-68,0.9999999999944554,25.95840049548479,-7.67191900427886e-08,3.12312894416747e-07,-1.9002851284431422e-77,-0.24577282215620097,-0.060372854149849144,-4.056489888055317e-68,-0.2457726978337451,-0.06037336025613271,9.81
2.1065375882341026,0.1737713326461004,0.059208706223541775,2.2534397839533617e-74,-0.0240570938839042,0.09576364781616498,-1.2515431762332217e-70,-0.24513790918212575,-0.061581953540724044,-2.659708900948953e-68,0.3131824662015248,-0.5884215974059082,3.145843637180323e-65,-0.24364290714610415,0.9698650080281249,-1.2675247448751461e-69,-0.9698658393414478,-0.24363959792798268,-1.0522886815465717e-67,-1.0236661627681223e-67,-2.440893840232038e-68,0.999999999994179,25.92509977074261,1.6816309263358206e-08,-6.694038463812151e-08,8.748495229535968e-77,-0.24513813611511792,-0.06158105017953489,-2.659708957524653e-68,-0.24513790918212575,-0.061581953540724044,9.81
2.108592132858555,0.17372138888157262,0.059405326929036315,-3.785437822426033e-73,-0.024560079818975566,0.09563588284248858,-1.1436863157934984e-70,-0.244488378134033,-0.0627862683817142,8.885068534895853e-68,0.31883544452032453,-0.5842737466281811,4.682346766674976e-65,-0.24873700035850826,0.9685710632951263,-1.1582906311312401e-69,-0.9685719351432392,-0.24873360539517098,3.5199314495924875e-67,3.406422688809984e-67,8.867560682197417e-68,0.999999999993857,25.89093982909591,-8.53348907164399e-08,3.322903537401623e-07,-3.9737797063966065e-76,-0.24448851287213252,-0.06278574370978011,8.885068566388391e-68,-0.244488378134033,-0.0627862683817142,9.81
2.1106473463679767,0.17367039632224934,0.05960174648464477,-4.473848444433624e-73,-0.025061881545873632,0.0955056106365273,2.401123663172342e-70,-0.2438275690189302,-0.06398317478459958,1.658235038887092e-67,0.3242752828026738,-0.5802921258590672,-3.898698830995197e-65,-0.25381909575169864,0.9672517080014851,2.4317848436832726e-69,-0.9672526099683854,-0.25381565851882826,6.578136857105393e-67,6.368886361217467e-67,1.6461352464320696e-67,0.9999999999936858,25.8561837817135,-6.548379319482364e-08,2.4954509678054944e-07,6.273857974572672e-76,-0.24382773090481172,-0.06398255786229332,1.658235053510729e-67,-0.2438275690189302,-0.06398317478459958,9.81
2.1127065406271752,0.17361827208466368,0.05979827543139455,6.115568441384067e-73,-0.02556328321085033,0.0953726252137983,5.6784384266559365e-70,-0.24315415549927621,-0.06517381020799107,-7.216684430048153e-68,0.32982128099356345,-0.5760257800118591,-1.747714440058795e-64,-0.25889714533999425,0.9659048960093338,5.75094946343259e-69,-0.9659058431850106,-0.2588936115493266,-2.8667543590559306e-67,-2.7541232303039658e-67,-7.977432768564777e-68,0.9999999999933077,25.820728435767368,-5.549844462087088e-08,2.0705604656167298e-07,1.2328013501060251e-75,-0.24315433843922246,-0.06517312767758031,-7.2166843648598335e-68,-0.24315415549927621,-0.06517381020799107,9.81
2.114771307483064,0.17356497154228961,0.05999505873354822,1.8949791984770499e-72,-0.026064636034185185,0.09523682976482561,-6.008251077478627e-71,-0.24246736770382338,-0.06635865838734745,-5.55587789324731e-67,0.33518666503866257,-0.5718693765490954,-7.297503631103552e-65,-0.26397469527896256,0.9645296056899336,-6.084973698680309e-70,-0.9645305866567055,-0.2639711109263124,-2.210116310001578e-66,-2.1318832387414328e-66,-5.8282786513859374e-67,0.9999999999930951,25.78450688327889,-9.47395276251941e-08,3.4616605628434067e-07,-2.1838742278515882e-76,-0.24246751956322088,-0.0663581035045301,-5.555877927000684e-67,-0.24246736770382338,-0.06635865838734745,9.81
2.116836074338953,0.1735106372914753,0.06019155913051123,3.6344409040567927e-73,-0.02656456037978927,0.09509859489691941,-1.7264746632029356e-69,-0.24176999086626072,-0.06753536407718386,-3.735197168651053e-67,0.3405090105794102,-0.5674866489900054,4.285680394109585e-64,-0.2690377819737714,0.9631296236076604,-1.7485209895489954e-68,-0.9631306455471478,-0.2690341235009687,-1.4879757905946218e-66,-1.4378176812511728e-66,-3.8348116483807536e-67,0.9999999999927858,25.747730675515246,1.2831322960927005e-08,-4.593491353920977e-08,8.339288763185726e-76,-0.24177026022843853,-0.06753439977211792,-3.735197252510928e-67,-0.24176999086626072,-0.06753536407718386,9.81
2.1189100431511263,0.17345502324482248,0.06038864539411998,-5.26860629123281e-72,-0.027065251636209098,0.09495730793629598,-1.5979852561257167e-69,-0.24105804004307085,-0.06870729115274088,1.2244205000074867e-66,0.3458271186189492,-0.563000778294203,6.407086791969982e-64,-0.27410863684770764,0.9616987341186903,-1.61839086570084e-68,-0.9616998013052233,-0.274104892640562,4.884815925064594e-66,4.6932852029925056e-66,1.3545342962112168e-66,0.999999999992421,25.710095652530487,-1.0301854257980918e-07,3.614362653038141e-07,-6.082415724886727e-75,-0.24105820452345617,-0.06870671407163752,1.2244205049491688e-66,-0.24105804004307085,-0.06870729115274088,9.81
2.120984871213784,0.17339834863039857,0.06058551759045267,-6.264351142371334e-72,-0.02756466060603202,0.09481354129943753,3.3553953953818156e-69,-0.2403352200181832,-0.0698711363986888,2.2844274000701087e-66,0.35095533999189144,-0.5586887397012283,-5.488530000057661e-64,-0.2791664996974562,0.9602427117383762,3.3982424126953366e-68,-0.9602438127618591,-0.2791627125039579,9.127274513157554e-66,8.773885454991717e-66,2.515397865105442e-66,0.9999999999922223,25.671872996635692,-8.16949425788711e-08,2.8100425116288026e-07,9.944574978555694e-75,-0.2403354138930493,-0.06987046952187347,2.284427422162642e-66,-0.2403352200181832,-0.0698711363986888,9.81
2.123064141355093,0.17334051472024767,0.06078250951105956,8.704145685839767e-72,-0.028063624506998508,0.0946670512133565,7.890834973286211e-69,-0.23960011415456162,-0.07102811905870254,-1.0649937548429294e-66,0.35615494778444656,-0.5541012536725098,-2.4046475441429048e-63,-0.2842198619535314,0.9587591303717089,7.991597900143696e-68,-0.95876028130212,-0.2842159794900343,-4.261570528857859e-66,-4.0631062560166657e-66,-1.2878432539251703e-66,0.9999999999918009,25.63295669335013,-7.210896642755854e-08,2.432452449624792e-07,2.0275355167761844e-74,-0.23960032966949052,-0.07102739205118426,-1.0649937461295106e-66,-0.23960011415456162,-0.07102811905870254,9.81
2.1251495422673603,0.17328146980690198,0.06097977381155658,2.660687732663267e-71,-0.028562511715293226,0.09451772548143111,-1.1198160894332932e-69,-0.23885191971011732,-0.07217875716959554,-7.739885981812949e-66,0.3611942916627626,-0.5496296396180824,-9.099605242698511e-64,-0.2892724415006539,0.957246809651644,-1.1341157159110782e-68,-0.9572479981524795,-0.289268508540198,-3.101915508418264e-65,-2.969626788203994e-65,-8.962130424501642e-66,0.9999999999915596,25.593279115138184,-1.1366857831718128e-07,3.761467334644592e-07,-4.456467418950212e-75,-0.23885210259527806,-0.07217815196561085,-7.739886034638497e-66,-0.23885191971011732,-0.07217875716959554,9.81
2.127234943179627,0.17322138614427227,0.06117672421294833,4.033614696905975e-72,-0.02905982852951894,0.09436600792126093,-2.439069560133914e-68,-0.23809364434388325,-0.07332051536243966,-4.860258769725708e-66,0.3661665820748823,-0.5449280678737054,6.064541440895976e-63,-0.2943091214597337,0.9557102809039985,-2.47021560603157e-67,-0.9557115151706138,-0.2943051133947379,-1.9509127092055088e-65,-1.8717773041744032e-65,-5.505632704945169e-66,0.9999999999912059,25.55306004477313,1.1490142592404902e-08,-3.731195061216171e-08,9.643985686379721e-75,-0.2380939633214579,-0.07331947953082361,-4.860258892517579e-66,-0.23809364434388325,-0.07332051536243966,9.81
2.1293306966265306,0.17315996102508346,0.0613743310699683,-7.565597372506274e-71,-0.029558010070360297,0.09421114929334706,-2.131056973412394e-68,-0.23732086767097016,-0.07445713213992988,1.7714114751215098e-65,0.37111984520294783,-0.5401317893106778,8.591099716264161e-63,-0.2993545601563643,0.9541419429590074,-2.1582698612844878e-67,-0.9541432268421477,-0.29935046796565024,7.121914259143068e-65,6.78885631787651e-65,2.1525704962155337e-65,0.9999999999908028,25.51197530720522,-1.2310370202377954e-07,3.923721936056785e-07,-8.875462252911365e-74,-0.2373210639030107,-0.07445650667415508,1.7714114835774823e-65,-0.23732086767097016,-0.07445713213992988,9.81
2.1314271859929326,0.1730974714228907,0.06157168011164974,-8.528086385782128e-71,-0.03005473465862707,0.09405386471166644,4.989508802153501e-68,-0.2365378163285472,-0.0755848757196027,3.1152507536954537e-65,0.37591312674489785,-0.5355080093832676,-8.603859300044469e-63,-0.3043852371745982,0.9525490157415332,5.0532231855598615e-67,-0.9525503376323021,-0.30438110039321953,1.2545267986092515e-64,1.1965363728703724e-64,3.7704598768503e-65,0.9999999999905698,25.470322594903347,-9.751050251220555e-08,3.051512420728369e-07,1.618811532070554e-73,-0.23653804707009202,-0.07558415362175841,3.1152507874567996e-65,-0.2365378163285472,-0.0755848757196027,9.81
2.1335289615596427,0.17303378066173583,0.06176919327325517,1.343935991736134e-70,-0.030551054321477977,0.0938938180105584,1.0944614604914844e-67,-0.23574265929179283,-0.07670531110434453,-1.8566098165865754e-65,0.3807478217509015,-0.5306312272364906,-3.339551163195285e-62,-0.3094118211042418,0.9509281386944843,1.108437404665961e-66,-0.9509295153015744,-0.3094075902887851,-7.4891123723276e-65,-7.087311794054954e-65,-2.4226244819723053e-65,0.9999999999901025,25.427970116137008,-1.0111794738897246e-07,3.107699672108104e-07,3.62245097065056e-73,-0.23574289944461013,-0.07670457302160409,-1.8566098080982426e-65,-0.23574265929179283,-0.07670531110434453,9.81
2.1356370591250946,0.17296885222298147,0.06196696015257333,3.7553592446063925e-70,-0.031047176276111088,0.09373093803030486,-2.885972247677605e-68,-0.23493488564024645,-0.07781873473167522,-1.0956169719319656e-64,0.3854377766230854,-0.5258840047943885,-8.980017360716706e-63,-0.31443639525649514,0.9492785435993489,-2.922825258889203e-67,-0.9492799610984756,-0.31443211581655683,-4.4269554862908185e-64,-4.2033328867356105e-64,-1.3892213456221935e-64,0.9999999999898385,25.3848734204846,-1.3312918995141864e-07,4.019149355931095e-07,-1.2374946569656916e-73,-0.23493510332406337,-0.07781807753772173,-1.0956169804524834e-64,-0.23493488564024645,-0.07781873473167522,9.81
2.137745156690547,0.17290287970829218,0.06216438119779365,1.2715377787653002e-71,-0.031541585642393954,0.09356571904008959,-3.524873481904596e-67,-0.23411757841472802,-0.07892254068477911,-5.642760363752544e-65,0.39003559034154023,-0.5208780397267248,8.8947357904432e-62,-0.31944363163188916,0.9476052797498703,-3.5698851632529553e-66,-0.9476067487637541,-0.3194392738806351,-2.2839418443576245e-64,-2.175678965598809e-64,-6.957622044675336e-65,0.999999999989426,25.341248285758702,1.4939262617690697e-08,-4.431618830456711e-08,1.6695105704999628e-73,-0.23411795628934298,-0.07892141973139415,-5.642760539456939e-65,-0.23411757841472802,-0.07892254068477911,9.81
2.139865213094366,0.1728354836234309,0.0623625684234735,-1.119161346789955e-69,-0.032037051583770904,0.09339722820768337,-2.6511559292981742e-67,-0.23328569906540686,-0.0800210219261892,2.6805032634558463e-64,0.39459564184970475,-0.5158007085617271,1.1154063378214478e-61,-0.32446156891476263,0.9458988795306666,-2.6850105416489513e-66,-0.9459004020696007,-0.32445713024152767,1.0868590065608443e-63,1.0271875456987044e-63,3.551837310087786e-64,0.9999999999889899,25.29674138671304,-1.456654827080101e-07,4.246568163393091e-07,-1.205422749860823e-72,-0.23328592890073174,-0.08002035187980712,2.6805032789384158e-64,-0.23328569906540686,-0.0800210219261892,9.81
2.141985442922362,0.17276703335377752,0.06256041214922974,-1.1113573930094858e-69,-0.03253078363508166,0.09322640681305927,7.842014417657798e-67,-0.23244437918083616,-0.08110968251702388,4.165222114931316e-64,0.39903944512526124,-0.5108949421769786,-1.467599881857695e-61,-0.3294619394899209,0.9441688569464362,7.942155063129867e-66,-0.9441704223115132,-0.3294574534474808,1.6918778418675165e-63,1.60003497023104e-63,5.4991060726167485e-64,0.9999999999887126,25.251699909802362,-1.1193767956098768e-07,3.2078992530658447e-07,2.698419155355894e-72,-0.23244465261818512,-0.08110889889093038,4.16522216680441e-64,-0.23244437918083616,-0.08110968251702388,9.81
2.144112318327791,0.17269731868166077,0.06275850963905319,2.2218149804922628e-69,-0.033024261694059476,0.0930527396316645,1.5028546114145137e-66,-0.23159090681788097,-0.08219081231647252,-3.5814064347348815e-64,0.4034870238429775,-0.5057529046953277,-4.6490684875300456e-61,-0.33445974629943614,0.9424100371416451,1.5220457514393227e-65,-0.9424116620838718,-0.3344551676507838,-1.4573781476292208e-63,-1.3683572335669776e-63,-5.0177826218222764e-64,0.9999999999881977,25.20593626986922,-1.3025591543656153e-07,3.670231872824209e-07,5.927632992717856e-72,-0.23159117587937716,-0.08219005416794792,-3.581406432981109e-64,-0.23159090681788097,-0.08219081231647252,9.81
2.1462452089780872,0.1726263547576767,0.06295679399785366,5.289676844347498e-69,-0.033517301546837075,0.09287628670943171,-7.49779363459834e-67,-0.23072559226248845,-0.0832640406658065,-1.5650851572775433e-63,0.4077909506546362,-0.5007409488833865,-3.4377947448920714e-62,-0.3394531063372399,0.9406229789867981,-7.593538926107758e-66,-0.9406246481024263,-0.33944848118998344,-6.380549441326202e-63,-6.004269038328128e-63,-2.1587546581162978e-63,0.999999999987911,25.1594637127017,-1.5242512134004408e-07,4.2236930235912074e-07,-3.409737812392924e-72,-0.23072584925407916,-0.08326332853233705,-1.565085171356601e-63,-0.23072559226248845,-0.0832640406658065,9.81
2.1483790659705972,0.1725543083386321,0.06315478914478692,-9.815342895780275e-70,-0.03400870873044681,0.09269747194904099,-5.17595264481846e-66,-0.22985096169909625,-0.0843273428644018,-5.03795225456312e-64,0.4120092837653502,-0.49547514237566403,1.3398880700229475e-60,-0.34442993976936725,0.9388120240977266,-5.2420486524026195e-65,-0.9388137510637712,-0.34442523254484625,-2.057720591286286e-63,-1.9498677715942007e-63,-6.595275057327134e-64,0.9999999999874299,25.112454849451325,-1.0144370617511303e-08,2.765049147295499e-08,-1.543921656770191e-72,-0.22985137436802178,-0.08432621803606372,-5.037952473923698e-64,-0.22985096169909625,-0.0843273428644018,9.81
2.1505251506763075,0.17248079345250597,0.06335353156663544,-1.6917963316015199e-68,-0.03450103948011218,0.09251535763683805,-2.867477140457186e-66,-0.22896216438755612,-0.08538457609258643,4.1902211423256804e-63,0.4161692997433093,-0.4901802125965631,1.3602462460643382e-60,-0.34941612512794795,0.9369676469871147,-2.9040943879070064e-65,-0.9369694302047613,-0.34941134335016244,1.71473946344276e-62,1.6056406767366162e-62,6.018786665840437e-63,0.9999999999869775,25.064574147617115,-1.7014145417304628e-07,4.5623835452101825e-07,-1.4140928442651311e-71,-0.22896243000122943,-0.08538386383210368,4.19022117170951e-63,-0.22896216438755612,-0.08538457609258643,9.81
2.152671235382017,0.17240622403231337,0.06355188073292233,-1.3289231959798404e-68,-0.034991453128803585,0.0923309868833293,1.2809186369354284e-65,-0.2280646925607659,-0.08643127937899209,5.33461210390061e-63,0.4202290739725001,-0.4849918420675081,-2.624405510478872e-60,-0.35438289019981845,0.9351004048409044,1.2972757861671287e-64,-0.9351022371180393,-0.35437805538272027,2.1872742727672746e-62,2.049918318666743e-62,7.630017235449334e-63,0.9999999999866336,25.016188632252273,-1.0651474058174962e-07,2.810575222278861e-07,3.899144051471134e-71,-0.22806503292427757,-0.08643038125712385,5.334612187117722e-63,-0.2280646925607659,-0.08643127937899209,9.81
2.154825985549965,0.1723302967407233,0.06375063028426921,3.836531200195686e-68,-0.03548190023440867,0.09214362192880543,2.0041594973631676e-65,-0.22715479312627807,-0.087470398423239,-7.151749102972367e-63,0.4242631411761124,-0.4796029990318509,-6.388597185669464e-60,-0.35935000216463364,0.9332028589456195,2.0297523947641184e-64,-0.933204755479616,-0.3593450769806508,-2.9381011002337204e-62,-2.734550531303896e-62,-1.0747483826013e-62,0.9999999999860728,24.96704237972454,-1.6153499711977915e-07,4.194933079835842e-07,9.124142069487804e-71,-0.22715509323323896,-0.08746961905749541,-7.151749125080952e-63,-0.22715479312627807,-0.087470398423239,9.81
2.1569858023940283,0.1722531325131551,0.0639494396083602,7.314169346695257e-68,-0.03597152306684137,0.09195358475257187,-1.815412332225114e-65,-0.22623416064807778,-0.0885005318463783,-2.223544272650479e-62,0.42816143478588486,-0.474350258968407,1.5057406154955126e-60,-0.3643087563918843,0.9312782237420772,-1.838594957078908e-64,-0.9312801680870954,-0.36430378604630415,-9.153082522648234e-62,-8.530764504495194e-62,-3.317425640771544e-62,0.9999999999857574,24.91724223762768,-1.7035840263312309e-07,4.354851971580191e-07,-8.597654996805778e-71,-0.2262344626255298,-0.08849975989279703,-2.223544296161573e-62,-0.22623416064807778,-0.0885005318463783,9.81
2.159148453675884,0.1721748095929307,0.06414809618127215,-4.02996259402891e-68,-0.03645978756036783,0.09176107829131652,-7.609621198540844e-65,-0.22530406815657678,-0.08952074752781414,-5.950756504552081e-64,0.43199045237073364,-0.46886878390441566,2.0376096510748914e-59,-0.36925376397802034,0.9293286059236875,-7.706795508217693e-64,-0.9293306147879675,-0.36924870807873966,-2.4545548650266546e-63,-2.565660479362067e-63,-1.9013752203194438e-64,0.9999999999852012,24.8668738730964,-6.783380203776753e-08,1.7072241052636717e-07,-1.4157776896246161e-70,-0.2253044873441793,-0.08951969251025055,-5.9507587151765906e-64,-0.22530406815657678,-0.08952074752781414,9.81
2.161322545766948,0.17209501018168744,0.06434738163557695,-2.574104354878117e-67,-0.03694859827304953,0.0915653446204523,-2.0133796579464384e-65,-0.2243606848684916,-0.09053382949624478,6.636836169472299e-62,0.43574629635598683,-0.46341548602354266,1.4374069356356807e-59,-0.3742042985623879,0.927346290733635,-2.0390904062825352e-64,-0.9273483571608553,-0.3741991775392654,2.7431948763480682e-61,2.543128567387934e-61,1.028406261662134e-61,0.9999999999847525,24.815672542984803,-1.9523620450814395e-07,4.838308131763897e-07,-1.063868782643604e-70,-0.22436098957921402,-0.0905330743556543,6.6368362257132374e-62,-0.2243606848684916,-0.09053382949624478,9.81
2.1634966378580107,0.17201415028236805,0.06454623916438178,-1.27845081753414e-67,-0.03743534914140412,0.09136742052595359,2.1248564852917613e-64,-0.22340936300334135,-0.09153576341389424,6.190602535767646e-62,0.43938914956149233,-0.4579496253349973,-4.739805778580695e-59,-0.37913397188902204,0.9253417916422312,2.1519908253554927e-63,-0.9253439153151537,-0.37912878865792005,2.5640937093251764e-61,2.380821883673733e-61,9.522217161515421e-62,0.9999999999843122,24.763992438894423,-8.031418647738103e-08,1.9602061202529746e-07,4.558689151068888e-70,-0.22340979541431377,-0.09153470802355146,6.19060266720798e-62,-0.22340936300334135,-0.09153576341389424,9.81
2.1656822341623707,0.17193179812187662,0.06474571282295284,6.724878574543134e-67,-0.03792258246254221,0.0911662657223129,2.487169865214542e-64,-0.22244504317213476,-0.09253028021592868,-1.4131849099798329e-61,0.4429854934794477,-0.45233914172249357,-8.409730126159663e-59,-0.38406853707723354,0.923304586161768,2.518931015679286e-63,-0.9233067780849816,-0.384063267629606,-5.8657241678592825e-61,-5.406175736576242e-61,-2.2760975608513396e-61,0.9999999999837141,24.711494470436957,-1.959629069082207e-07,4.710967788271793e-07,1.2852316617503264e-69,-0.22244537529190958,-0.09252948178383405,-1.4131849184347559e-61,-0.22244504317213476,-0.09253028021592868,9.81
2.167871149809896,0.1718482558771187,0.06494504641158627,9.593899218622093e-67,-0.038408434424532345,0.09096264242921137,-4.06762796137481e-64,-0.22147150591087872,-0.09351450850339305,-3.0591958627718914e-61,0.44646541012189545,-0.44686966716817267,6.153447767338975e-59,-0.3889891022445302,0.9212423559167231,-4.1195715802186107e-63,-0.9212446002809656,-0.38898378687699053,-1.2725172860774713e-60,-1.1738992691243486e-60,-4.9120022362817425e-61,0.9999999999833549,24.658420644867025,-1.8520975337176462e-07,4.386320042140947e-07,-1.961455557410409e-69,-0.2214718602564824,-0.09351366929367516,-3.0591959016113105e-61,-0.22147150591087872,-0.09351450850339305,9.81
2.1700656606508946,0.17176343485709653,0.06514443973243422,-1.116553211503377e-66,-0.0388933810533274,0.09075634626089268,-1.0923314749984616e-63,-0.22048797573371814,-0.09448906948940916,1.2994540825938959e-61,0.44989459835587553,-0.44121573829363214,3.0509999831027983e-58,-0.39390050988996683,0.9191530820861258,-1.1062805889279796e-62,-0.9191553973645039,-0.3938951072248815,5.417066747262648e-61,4.935537745493068e-61,2.2354697312860148e-61,0.9999999999827254,24.604720490045207,-1.6016840738616653e-07,3.737473844421927e-07,-4.498374477868076e-69,-0.22048837095613769,-0.09448814723672455,1.2994540704317365e-61,-0.22048797573371814,-0.09448906948940916,9.81
2.172269953539541,0.17167716678371778,0.06534426373300813,-3.8484316407873763e-66,-0.03937830807469567,0.09054699407695566,1.7351495711555186e-64,-0.21949247420350204,-0.09545527357496297,1.0382433301130778e-60,0.4532506681519166,-0.4356517760481573,9.416919193666659e-59,-0.3988117094175727,0.9170328349799879,1.7573075137079736e-63,-0.9170352080074451,-0.39880625280296417,4.337753204625646e-60,3.978562943905948e-60,1.7283352577069417e-60,0.999999999982297,24.550255277051363,-2.1882844459351726e-07,5.031769734467384e-07,9.642366580931504e-70,-0.21949282335944267,-0.09545447070818636,1.0382433407202654e-60,-0.21949247420350204,-0.09545527357496297,9.81
2.174474246428187,0.17158983220818458,0.06554362392269848,-3.515976394174676e-67,-0.03986103245332373,0.09033552349944252,3.4848533035065877e-63,-0.2184897812845552,-0.09640967771314735,5.450983684908009e-61,0.4564413196180226,-0.4299275249725163,-8.371412163246279e-58,-0.40370060911780953,0.9148911510108235,3.529355148939485e-62,-0.9148935915746674,-0.4036950781166467,2.282513063033783e-60,2.102498836461743e-60,8.891620697845374e-61,0.9999999999817257,24.4953330097081,-3.906975255337766e-08,8.854227632051113e-08,3.41567560780705e-69,-0.21849032505463156,-0.0964084453677829,5.450983870433995e-61,-0.2184897812845552,-0.09640967771314735,9.81
2.176693872935936,0.17150081737843664,0.06574389753743347,1.1626702084627257e-65,-0.04034487377469276,0.09012047085031583,2.5555317578761684e-63,-0.21747316660664318,-0.0973571445031034,-2.6840792913869103e-60,0.4595736936934216,-0.4241304311816769,-9.934528889418685e-58,-0.40860082198178765,0.912713190589359,2.588166176203924e-62,-0.9127157022102217,-0.4085952115956598,-1.1264825135086035e-59,-1.0270979367411473e-59,-4.6264394087667633e-60,0.9999999999811078,24.43951821853558,-2.307157839809542e-07,5.153620061145348e-07,1.4614037865114533e-68,-0.2174735343359238,-0.09735632307328965,-2.6840793139319287e-60,-0.21747316660664318,-0.0973571445031034,9.81
2.1789141022991827,0.17141070649244558,0.06594374569400639,1.099116914115901e-65,-0.04082658135381223,0.08990327124273634,-8.434803679818506e-63,-0.21644933843876046,-0.09829275240819868,-3.865132910889311e-60,0.4626521498580445,-0.41849091322829324,1.6335266066394723e-57,-0.4134794161924835,0.9105134663392537,-8.542517118945369e-62,-0.9105160369740058,-0.4134737554103656,-1.6259041560219325e-59,-1.483939735668756e-59,-6.644998023839566e-60,0.9999999999806738,24.38323118025758,-1.9490662720764643e-07,4.2919937922305917e-07,-4.026786181641828e-68,-0.2164497546272261,-0.09829183591406238,-3.865132972154136e-60,-0.21644933843876046,-0.09829275240819868,9.81
2.1811437582016517,0.17131913923588418,0.06614395471783985,-2.606115804413216e-65,-0.041308038792301716,0.08968307059060443,-1.4623368025977666e-62,-0.21541438898115217,-0.09921932606237505,4.6258392774827285e-60,0.4656509449285622,-0.41267871315573856,4.329758593684125e-57,-0.41835548840322606,0.9082833728098837,-1.4810110698714969e-61,-0.9082860198791023,-0.41834974135545866,1.9504626615625716e-59,1.7653769988035421e-59,8.294385758907706e-60,0.9999999999799823,24.326223333547137,-2.208027700696517e-07,4.793805514302941e-07,-7.816590335161559e-68,-0.21541479597260285,-0.0992184424365274,4.625839296179045e-60,-0.21541438898115217,-0.09921932606237505,9.81
2.1833804889945325,0.17122620541408565,0.06634430339961167,-5.429417946936202e-65,-0.04178869795755702,0.08946011285416766,1.233087778828775e-62,-0.21436954032941635,-0.1001358941743895,1.548063493613246e-59,0.4685431499402881,-0.406955415689513,-1.062857828302744e-57,-0.42322346424288765,0.9060253303932785,1.2488345102341412e-61,-0.9060280374960876,-0.42321766890217155,6.5428433174591755e-59,5.9332670667150626e-59,2.7577700240088516e-59,0.999999999979543,24.26856238122209,-2.3822520578104445e-07,5.099860688534704e-07,7.029474576018802e-68,-0.21436994261469383,-0.10013503295859624,1.5480635128873847e-59,-0.21436954032941635,-0.1001358941743895,9.81
2.185620486733843,0.17113206101180028,0.06654444262527881,2.9303995813517312e-65,-0.04226770960318049,0.08923478639631988,5.470165906648082e-62,-0.2133168392665752,-0.10104113651245328,-1.7096832575923324e-61,0.4713238657150285,-0.4010807303974566,-1.40378748368257e-56,-0.42807476642577924,0.9037433232669078,5.540021010796475e-61,-0.9037461069946332,-0.42806888942323895,-7.243283985234215e-61,-4.174558898708485e-61,-8.107439521310512e-61,0.999999999978856,24.210379686808643,-1.2998288866428032e-07,2.7441740785171144e-07,1.6822013132348136e-67,-0.21331736634322895,-0.10104002373951967,-1.709681791653268e-61,-0.2133168392665752,-0.10104113651245328,9.81
2.1878742898048227,0.1710362561294601,0.06674530362063197,1.920055603521264e-64,-0.04274728672319128,0.08900604168134763,1.103396490345106e-62,-0.21225146688416707,-0.10193818673211652,-4.77980484880254e-59,0.4740446580274593,-0.3952276263985155,-8.571030317065329e-57,-0.4329317894640817,0.901426683469836,1.1174871054314998e-61,-0.9014295369670513,-0.4329258480194588,-2.029973721966335e-58,-1.829388690670263e-58,-8.798474918999633e-59,0.9999999999782784,24.151360399142106,-2.6226560937331467e-07,5.460749803987232e-07,6.7696215386634055e-68,-0.21225187650604552,-0.10193733382563867,-4.779804899615409e-59,-0.21225146688416707,-0.10193818673211652,9.81
2.1901280928758022,0.17093937307961476,0.06694564680543312,7.904076378247454e-65,-0.04322445561894739,0.08877528919970601,-1.607531178718017e-61,-0.2111800326544877,-0.10282266698867915,-3.8805797225880634e-59,0.4766483607968013,-0.3893697089226613,3.577692378275529e-56,-0.4377644238574685,0.8990897114330353,-1.628059741198765e-60,-0.8990926354492574,-0.4377584184009586,-1.6521408488926734e-58,-1.492549807651338e-58,-7.0861072161305775e-59,0.9999999999776924,24.09192020222335,-1.327886440062817e-07,2.727240888356511e-07,-4.93845167887353e-67,-0.21118058666144088,-0.10282152913832465,-3.8805798196995324e-59,-0.2111800326544877,-0.10282266698867915,9.81
2.1923964162777017,0.17084078274105868,0.06714675333005597,-5.381635239864191e-64,-0.0437022538891938,0.08854105178519944,-1.633606961747287e-61,-0.21009596603653513,-0.10369887637877184,1.1491581806115902e-58,0.47917255777619516,-0.3834034943607243,5.406213640711322e-56,-0.44260343821446585,0.8967174563265363,-1.6544685768237272e-60,-0.8967204606791229,-0.44259735132445316,4.904765859322204e-58,4.3908665311491284e-58,2.1857021912168217e-58,0.9999999999769618,24.031641230253218,-2.674530718910097e-07,5.418616703031883e-07,-9.997498099059967e-67,-0.21009640248468534,-0.10369799211684577,1.1491581906058904e-58,-0.21009596603653513,-0.10369887637877184,9.81
2.194667868539563,0.1707409731588101,0.06734760258107313,-6.618992376864831e-64,-0.04417824076963939,0.0883045168446479,3.6166572190625744e-61,-0.2090046888653987,-0.1045632148250597,2.065383421816114e-58,0.4816204005690139,-0.3775553555950957,-6.350916474551504e-56,-0.4474240963083174,0.8943219096291254,3.6628429736117656e-60,-0.8943249794750768,-0.44741796017471547,8.837695936351718e-58,7.920133323836567e-58,3.921440398097899e-58,0.9999999999764619,23.970855933629824,-2.50593508973466e-07,5.008922571112032e-07,2.051486902805672e-66,-0.2090051556982388,-0.10456228169249167,2.0653834540941154e-58,-0.2090046888653987,-0.1045632148250597,9.81
2.1969478091189365,0.1706397061749478,0.06754865985596789,1.11499711060998e-63,-0.04465350702864157,0.08806513621403589,7.76257980097834e-61,-0.20790390217160315,-0.1054172286570001,-1.7590558437062325e-58,0.4839829270704499,-0.3715831930839286,-2.1370722267299333e-55,-0.4522374690780334,0.8918975678640988,7.861710482132997e-60,-0.8919007214378544,-0.45223124958215216,-7.546272789340951e-58,-6.694949235700341e-58,-3.482825959731483e-58,0.9999999999756863,23.909421295948015,-2.553691740620261e-07,5.03636166454143e-07,4.439345807922561e-66,-0.2079043819071449,-0.10541628251169015,-1.759055848100863e-58,-0.20790390217160315,-0.1054172286570001,9.81
2.199237493718677,0.1705369187401104,0.0677500248978932,2.885248176267697e-63,-0.045128272902402955,0.08782279136144844,-4.491435914275402e-61,-0.20679304546221822,-0.10626115226767041,-7.709212315341737e-58,0.48627099706876464,-0.3656827011324211,1.7044754367425955e-56,-0.45704576186090695,0.8894431806276235,-4.548793067549755e-60,-0.8894464028597486,-0.457039491116308,-3.3158348775298913e-57,-2.9513256979749795e-57,-1.511442370174331e-57,0.9999999999751475,23.847291648979663,-2.8691536909411575e-07,5.583574769821025e-07,-2.8555535371225706e-66,-0.20679350770454072,-0.1062602526960163,-7.709212416721473e-58,-0.20679304546221822,-0.10626115226767041,9.81
2.201529439103787,0.17043294405565554,0.06795103083988455,-9.483420140660912e-64,-0.045600953727287674,0.08757828503652831,-2.7568842810081946e-60,-0.2056759833515578,-0.10709263839511607,-9.656012814859452e-59,0.4884054983310051,-0.35966521333725865,6.729312405136698e-55,-0.4618329497901067,0.8869669252504114,-2.792090725431682e-59,-0.8869702307803808,-0.4618266013444853,-4.164108401810827e-58,-3.822372602600711e-58,-1.6754723309444713e-58,0.9999999999743856,23.78470803405697,-1.468157528543657e-07,2.8196497661490724e-07,-8.875999472931626e-66,-0.2056766030410032,-0.10709144823827199,-9.656013708886428e-59,-0.2056759833515578,-0.10709263839511607,9.81
2.20383794559145,0.17032712591203394,0.06815292050345177,-9.83370772242921e-63,-0.04607445676113997,0.08733010313878964,-8.63102689547427e-61,-0.20454612558296503,-0.1079156710249265,2.33745526312773e-57,0.49047948010814224,-0.3536414559193375,4.673766366006045e-55,-0.46662846046072093,0.8844534356810749,-8.74124856926601e-60,-0.8844568209574794,-0.46662204390897466,1.0107126000169353e-56,8.935203456437598e-57,4.7240039020623216e-57,0.9999999999736837,23.721253423470568,-3.068885472216242e-07,5.816804009197103e-07,-5.748875822268791e-66,-0.20454660159951735,-0.10791476876132333,2.3374552903947293e-57,-0.20454612558296503,-0.1079156710249265,9.81
2.2061464520791128,0.17022021769095827,0.06835423505921287,-4.933298330747806e-63,-0.04654534584315684,0.08708003698316524,8.03517699809476e-60,-0.20341143322776745,-0.10872540558570876,2.061323867401047e-57,0.4924702421994809,-0.34766956642728886,-1.7291602312082735e-54,-0.47139749584425533,0.8819208586442239,8.13778960485286e-59,-0.8819243207727123,-0.47139101861362415,8.937188886104252e-57,7.920254105609626e-57,4.1411993150981433e-57,0.9999999999730295,23.657416972164246,-2.060945471444247e-07,3.8557497988821467e-07,3.5578340533291057e-65,-0.20341202565551011,-0.10872429721407269,2.061323916541464e-57,-0.20341143322776745,-0.10872540558570876,9.81
2.2084702324949173,0.1701115073200415,0.06855629637177904,2.7568746559010624e-62,-0.047016699454289324,0.08682644355712199,8.630580086055882e-60,-0.2022648332082042,-0.10952608144827991,-5.721841851674024e-57,0.49436032300322097,-0.3415961217587693,-2.6838609634383426e-54,-0.4761712436871945,0.8793525724562307,8.74079657019447e-59,-0.8793561229036424,-0.47616468696436737,-2.4875921772725635e-56,-2.183308521643959e-56,-1.1922061338214682e-56,0.9999999999722018,23.59275857785752,-3.1223040713689686e-07,5.766005724933073e-07,5.731430673300873e-65,-0.20226533763360027,-0.10952514990175252,-5.721841908251228e-57,-0.2022648332082042,-0.10952608144827991,9.81
2.2107981569912734,0.17000150792960544,0.06875812499752411,3.5169181391868228e-62,-0.04748621739719283,0.08657055068375996,-1.8630734183775007e-59,-0.2011118070854021,-0.11031438537738936,-1.041768471921394e-56,0.4961733889599529,-0.3356128505080882,3.2738099081305015e-54,-0.4809263886395091,0.8767609758139101,-1.886865747541147e-58,-0.876764599978139,-0.4809197814866569,-4.54166933237432e-56,-3.99103274630664e-56,-2.167665259490038e-56,0.9999999999716055,23.52760760614857,-3.015045628823764e-07,5.496629858738054e-07,-1.1829224718557805e-64,-0.20111233689036329,-0.11031341949024402,-1.0417684893298265e-56,-0.2011118070854021,-0.11031438537738936,9.81
2.2131353948551937,0.16988997203699818,0.06896015964976296,-5.97553132655298e-62,-0.04795490790473167,0.08631180173728659,-3.994548021061634e-59,-0.19995008752997734,-0.11109171358319614,9.649763918157629e-57,0.4978929865237447,-0.3295446597807121,1.0608118091972376e-53,-0.4856731670663272,0.8741404777218382,-4.0455604507502575e-58,-0.8741441932028097,-0.48566647968519394,4.218683905881795e-56,3.668074433820247e-56,2.0842656051840975e-56,0.9999999999707371,23.461825558636434,-3.053346194568136e-07,5.495575383116526e-07,-2.5433763783591327e-64,-0.19995063206810754,-0.111090733476756,9.649763963837383e-57,-0.19995008752997734,-0.11109171358319614,9.81
2.2154833402182477,0.16977682538401176,0.06916250881665843,-1.519683641116749e-61,-0.04842300770769015,0.08605005739636518,2.6983045132928616e-59,-0.19877906908065235,-0.11185829725073049,3.932669577803515e-56,0.4995380856238256,-0.3235288662579343,-2.060770925304901e-54,-0.4904139503314657,0.87148961974328,2.7327632838284464e-58,-0.8714934122517117,-0.4904072107971783,1.7241687270332953e-55,1.5039353151152928e-55,8.43174811263273e-56,0.9999999999700978,23.395364177214418,-3.352346592724567e-07,5.95728415834537e-07,1.8680483450915605e-64,-0.19877959888080468,-0.11185735575286428,3.9326696351838413e-56,-0.19877906908065235,-0.11185829725073049,9.81
2.2178345061275264,0.16966242543149557,0.06936451759803074,6.746807829398558e-62,-0.048888989087728874,0.08578616470080291,1.4492478962979286e-58,-0.19760269734826608,-0.11261199263134003,-1.2877891818193298e-58,0.5010418116187552,-0.31744212660782267,-3.469563910302777e-53,-0.4951332913346151,0.8688170255077597,1.46775561173113e-57,-0.8688209095437058,-0.495126475902519,-5.6621262253166184e-58,2.3478949700967407e-58,-1.5555674849614246e-57,0.9999999999692322,23.328466412174727,-2.2649386300411726e-07,3.9743181845151373e-07,6.714103944634392e-64,-0.19760335423088363,-0.11261083996958383,-1.2877856896754762e-58,-0.19760269734826608,-0.11261199263134003,9.81
2.2202030821177603,0.16954607385517562,0.06956739274561827,5.338423966473274e-61,-0.04935562085552192,0.08551854482335663,2.461758729938002e-59,-0.19641425636343435,-0.1133564331057535,-1.2505385768789706e-55,0.5024897641661425,-0.3113617348357316,-1.8270360125058568e-53,-0.4998592130736939,0.8661066718974906,2.4931968440357154e-58,-0.8661106424643249,-0.4998523332045519,-5.514374585866078e-55,-4.7747903899009415e-55,-2.7585703254049724e-55,0.999999999968451,23.260711717461678,-3.5620311746095115e-07,6.171935787410042e-07,1.7766692401814285e-64,-0.1964148005960511,-0.11335549009592838,-1.250538593560153e-55,-0.19641425636343435,-0.1133564331057535,9.81
2.2225716581079937,0.16942862035441264,0.06976963194200739,1.8408533072372364e-61,-0.04981943327125293,0.08524917804921728,-4.474743399814403e-58,-0.19522232696678188,-0.11408696049015887,-8.667825156848477e-56,0.5038273333626293,-0.3053047620001621,9.696813269815582e-53,-0.5045565825118321,0.8633786278591685,-4.5318886409944714e-57,-0.8633826856873652,-0.5045496388416824,-3.8333854250622585e-55,-3.332528676116433e-55,-1.8950323076591014e-55,0.9999999999676595,23.192622248371908,-2.3548652226095805e-07,4.029558577094288e-07,-2.1151219354406127e-63,-0.1952230090094048,-0.11408579338241315,-8.667825400942043e-56,-0.19522232696678188,-0.11408696049015887,9.81
2.2249584971900784,0.16930915329392368,0.06997278301740045,-1.6050769140521103e-60,-0.050283962169800134,0.08497600070715094,-3.83443437017262e-58,-0.19401832622523507,-0.11480816957314488,3.3903131504706014e-55,0.5050628399215782,-0.2991773356149956,1.2077313884569098e-52,-0.5092612140866998,0.8606120007453653,-3.88340261671476e-57,-0.8606161544627828,-0.5092541945607241,1.5038526456250565e-54,1.2922559951058606e-54,7.691959431447395e-55,0.9999999999667366,23.123669604754856,-3.6659182511286773e-07,6.195117855835151e-07,-2.795468442384037e-63,-0.19401889605373884,-0.11480720658919541,3.390313191527312e-55,-0.19401832622523507,-0.11480816957314488,9.81
2.227348320634355,0.16918842945373447,0.07017553280190149,-1.645307742803453e-60,-0.05074618974039424,0.08470077603777604,1.173828466430454e-57,-0.1928098084650376,-0.11551601183962745,4.898703576067672e-55,0.506248328252255,-0.29314319749857987,-2.2311768555760046e-52,-0.5139425275434779,0.8578246198275156,1.1888190463678055e-56,-0.8578288568257554,-0.5139354554776483,2.179472236481649e-54,1.8757147052652508e-54,1.1099254370930314e-54,0.9999999999660171,23.05430646985636,-3.501785320206618e-07,5.844851320986849e-07,8.100106260618093e-63,-0.1928104106161885,-0.11551500676665986,4.898703669139527e-55,-0.1928098084650376,-0.11551601183962745,9.81
2.229750735035252,0.1690659596659825,0.07037868579665037,4.0502504353741795e-60,-0.05120793735220275,0.08442241164794773,1.9600477745251484e-57,-0.1915922498146312,-0.11621290456695732,-7.374286322712315e-55,0.5073244317313126,-0.2870420111182099,-5.190849429540959e-52,-0.5186189931722266,0.8550054619246745,1.9850789857091747e-56,-0.855009798258225,-0.5186118441401328,-3.2908780468087876e-54,-2.803423849814094e-54,-1.7236844791195355e-54,0.9999999999650437,22.984257648938392,-3.6902209279187265e-07,6.08377072690715e-07,1.4124781608611492e-62,-0.19159285248799618,-0.11621191096907092,-7.374286393707486e-55,-0.1915922498146312,-0.11621290456695732,9.81
2.232162429989318,0.16894190456352304,0.07058194892744765,7.782938507967363e-60,-0.05166852445267267,0.08414130800368902,-2.3960336197789165e-57,-0.19036748353576627,-0.11689780697049912,-2.0092142690553745e-54,0.5083035969072824,-0.28097815894505374,3.47902756688532e-52,-0.5232836926174695,0.8521585398507872,-2.4266327197750227e-56,-0.8521629617203988,-0.5232764916102368,-8.994039081963588e-54,-7.67704521000731e-54,-4.685755117100831e-54,0.9999999999642963,22.913623559640296,-3.847386581060885e-07,6.265403217055846e-07,-1.7841553816680158e-62,-0.19036808661471444,-0.11689682484813972,-2.0092143027604967e-54,-0.19036748353576627,-0.11689780697049912,9.81
2.234580981319116,0.1688163848154435,0.07078510710119869,-7.577338978416352e-60,-0.05212745076179459,0.0838577617913483,-7.747739379577536e-57,-0.18913701195164911,-0.11757005688636823,9.550464261818958e-55,0.5091929182676296,-0.27489202433654825,1.8625844491967968e-51,-0.5279315855062856,0.8492869014795997,-7.84668399274133e-56,-0.8492914239843682,-0.5279243100545798,4.288478393095482e-54,3.6007239742034324e-54,2.3306644116938523e-54,0.9999999999633074,22.842496966239956,-3.6600322252280934e-07,5.887917133994709e-07,-5.439931434879601e-62,-0.18913765311075467,-0.11756902542992761,9.550464255025718e-55,-0.18913701195164911,-0.11757005688636823,9.81
2.2370151792286523,0.168688935936016,0.07098888515350273,-2.9858746891788244e-59,-0.052586339618763134,0.08357075957603222,2.3380189450811503e-57,-0.18789648451990892,-0.11823169285304047,7.04943764126954e-54,0.5100344986969745,-0.2688391669932315,1.1697255182766027e-52,-0.5325790876940414,0.8463802427697509,2.3678772962901114e-56,-0.8463848558210333,-0.5325717565143768,3.1754281420164156e-53,2.6888807063086487e-53,1.689162487429065e-53,0.9999999999624867,22.770602685485052,-4.097698095214194e-07,6.512104565804825e-07,1.8218601726778772e-62,-0.1878970988442277,-0.1182307165436632,7.049437751274726e-54,-0.18789648451990892,-0.11823169285304047,9.81
2.2394504587476756,0.1685603163268013,0.07119205271728275,3.8324556767263677e-60,-0.05304240710842123,0.08328203452311556,2.6585625977514765e-56,-0.18665340958582277,-0.11887915671695737,1.519477563759233e-54,0.510698400230936,-0.2627548098167374,-5.913229199592916e-51,-0.5371980265262047,0.8434561519701845,2.692514647740658e-55,-0.8434608663567886,-0.5371906243826817,6.866279977130269e-54,5.936045450338156e-54,3.461448979544607e-54,0.9999999999614914,22.698396418407242,-2.6172284951361796e-07,4.109317916912704e-07,1.3117929909771646e-61,-0.1866541911324746,-0.11887792958456495,1.5194776501678554e-54,-0.18665340958582277,-0.11887915671695737,9.81
2.2419077986077998,0.16842940955412924,0.07139634603371173,1.0077973252418017e-58,-0.05349953614905445,0.08298911493421102,9.398297520026432e-57,-0.18539782037518648,-0.11951711413167843,-2.2043177809088367e-53,0.5112872567748639,-0.2566489725468486,-3.919580913795653e-51,-0.5418277144555665,0.8404895762874499,9.518321898832653e-56,-0.8404943924843274,-0.5418202434409416,-9.993161795196979e-53,-8.393991103528667e-53,-5.422572111858095e-53,0.999999999960494,22.625265745294172,-4.273196321032717e-07,6.628632809723895e-07,7.506751137926953e-62,-0.1853984554234492,-0.11951612901805402,-2.204317813650006e-53,-0.18539782037518648,-0.11951711413167843,9.81
2.2443651384679235,0.16829738324144689,0.07159991763745126,5.002207790328357e-59,-0.05395357801639733,0.08269464618607003,-8.17495329706181e-56,-0.18414059647373016,-0.12014050421755584,-1.7744007265148225e-53,0.5118409217139757,-0.2506290572797205,1.6823283388545616e-50,-0.5464261315685921,0.8375073030959095,-8.279354715844424e-55,-0.8375122153886569,-0.5464186024238047,-8.070336739383707e-53,-6.8042058920051105e-53,-4.3405022778567705e-53,0.9999999999595905,22.551865876075222,-3.7381888432090735e-07,5.729521843239755e-07,-5.6640394080155686e-61,-0.1841413027036512,-0.12013942175772904,-1.7744007706892005e-53,-0.18414059647373016,-0.12014050421755584,9.81
2.246841556562586,0.16816320699311282,0.07180433574761258,-3.048928567354158e-58,-0.05440801718542332,0.08239635896114805,-7.74052197678758e-56,-0.1828725126888262,-0.12075354018285722,6.153622465125576e-53,0.5122693694866456,-0.24455240621063012,2.1820873141018197e-50,-0.5510285813492768,0.8344863704915757,-7.839375636932568e-55,-0.8344913897907859,-0.5510209799681342,2.8080362742513833e-52,2.3389483382629227e-52,1.5538501360484043e-52,0.999999999958513,22.47763393662955,-4.395904898539427e-07,6.657227679235552e-07,-6.253967748732593e-61,-0.1828731730424622,-0.12075254011308953,6.153622551089791e-53,-0.1828725126888262,-0.12075354018285722,9.81
2.2493226850757173,0.16802765082516818,0.07200840001736336,-3.330963640144094e-58,-0.054860171041624994,0.0820960020303847,2.238829004549571e-55,-0.18160099525922924,-0.121352855907773,9.03378685435395e-53,0.5126221537320959,-0.23853588692717764,-4.1849887360872845e-50,-0.555607875217589,0.8314444593574462,2.267420976958827e-54,-0.8314495744529276,-0.5556002206101486,4.136051221047999e-52,3.451494667309102e-52,2.2791701686536128e-52,0.9999999999576215,22.403011964688762,-4.3528635574815984e-07,6.513882269558667e-07,1.776392052795898e-60,-0.18160167718855832,-0.12135183540808742,9.03378703602458e-53,-0.18160099525922924,-0.121352855907773,9.81
2.251817760697378,0.16789020528126553,0.07221285800103885,8.157747195819072e-58,-0.05531168301324385,0.08179247409018053,3.71264674084968e-55,-0.18032159610390686,-0.1219404591468276,-1.482127228539976e-52,0.5128776957012136,-0.23249627814887575,-9.200874528379048e-50,-0.5601806808734361,0.8283704514142047,3.7600609235371485e-54,-0.8283756766805116,-0.5601729539027251,-6.80868791812114e-52,-5.61905303992853e-52,-3.8452428639467884e-52,0.9999999999564951,22.327729933263367,-4.4886861089046695e-07,6.637670782384801e-07,3.0129088368061226e-60,-0.18032228467886838,-0.12193944089211596,-1.482127246880203e-52,-0.18032159610390686,-0.1219404591468276,9.81
2.254323332429407,0.1677510518715727,0.0724174121362131,1.5215910960674513e-57,-0.05576188229826329,0.08148621470262185,-5.216371172088276e-55,-0.1790362724954253,-0.12251542450940534,-3.6968969298896596e-52,0.5130434970121129,-0.22648932657746457,8.328313159695858e-50,-0.5647401799795553,0.8252687617477469,-5.282989513890652e-54,-0.8252740856950312,-0.5647323998853176,-1.7040912974880546e-51,-1.4093167903298267e-51,-9.580089117041852e-52,0.9999999999555629,22.251895773217733,-4.653866027478958e-07,6.80080927476509e-07,-4.353564044816743e-60,-0.17903696209731676,-0.12251441675675905,-3.6968969985503696e-52,-0.1790362724954253,-0.12251542450940534,9.81
2.256837758780189,0.16761027675992857,0.07262191591963572,-1.8170942120167554e-57,-0.05621043335091258,0.08117744185419973,-1.4848132367169726e-54,-0.17774611771522686,-0.12307738216962782,2.7291407750042862e-52,0.5131188283293966,-0.22048692882979992,3.407529291017116e-49,-0.5692829989730536,0.8221416344403477,-1.5037758685050263e-53,-0.8221470704136499,-0.5692751484214406,1.2623319560981799e-51,1.029255035285481e-51,7.309873709155944e-52,0.9999999999544096,22.175576886840304,-4.5702560883700885e-07,6.600228387430533e-07,-1.207245048767814e-59,-0.17774683593624818,-0.12307634491495373,2.729140796971709e-52,-0.17774611771522686,-0.12307738216962782,9.81
2.2593684363148885,0.16746745710929675,0.07282695571782721,-5.974565338418326e-57,-0.05665860889916274,0.08086526749567291,8.766323656197617e-55,-0.1764475341209355,-0.12362770593796846,1.3522219336097388e-51,0.513116607694883,-0.21450397875161542,-8.524800076773121e-50,-0.5738220039728293,0.8189800411222524,8.878279056985584e-54,-0.8189855801305745,-0.573814098413577,6.276346538250927e-51,5.145297027686799e-51,3.594234565683031e-51,0.9999999999534108,22.09854348658192,-4.900052080567255e-07,6.993536021030954e-07,7.58145025179251e-60,-0.1764482374786826,-0.12362670205909178,1.352221957684824e-51,-0.1764475341209355,-0.12362770593796846,9.81
2.261902939744232,0.16732328894299614,0.0730315119353071,2.642500320933477e-57,-0.05710416706811117,0.08055124307115058,5.36764480448535e-54,-0.1751470893956828,-0.1241638609955995,-1.6280114202429356e-52,0.5130048099636824,-0.20853976617891234,-1.1614302650556566e-48,-0.578334511753444,0.8157997257384348,5.436195634488966e-53,-0.8158053779966324,-0.5783265385850556,-7.58296681994731e-52,-5.8717926315601474e-52,-4.828979176902585e-52,0.9999999999522402,22.02119547961021,-4.410863942064253e-07,6.221972787506125e-07,4.1460986364923935e-59,-0.17514786180836708,-0.12416277140627616,-1.6280113621450613e-52,-0.1751470893956828,-0.1241638609955995,9.81
2.2644593938357853,0.16717673243425527,0.07323703173656967,2.14386469076469e-56,-0.05755024663448438,0.08023314291012973,-3.748726780358329e-56,-0.17383585246616384,-0.12468924063649744,-4.5854232686340685e-51,0.5128375003084145,-0.20258429051064653,-3.011597922654565e-49,-0.5828522931473513,0.8125781220122001,-3.796602322474678e-55,-0.812583883806134,-0.5828442603119115,-2.1434160946352626e-50,-1.7417151531481695e-50,-1.2492641353484985e-50,0.9999999999511375,21.94297918812347,-5.107240863052922e-07,7.120212510023253e-07,-3.326771250636954e-61,-0.17383657436477298,-0.12468823418723564,-4.585423348349472e-51,-0.17383585246616384,-0.12468924063649744,9.81
2.267015847927339,0.16702903981603887,0.0734417366282487,2.4508313626182143e-57,-0.05799297382070279,0.07991371843235484,-1.8077203348722779e-53,-0.1725249983437518,-0.1251996558723203,-1.702603508321134e-51,0.5125385243934772,-0.19666275230871477,3.714639988481291e-48,-0.5873361275165767,0.809343112229808,-1.83080706362712e-52,-0.8093489879387609,-0.5873280307651795,-7.98721171315205e-51,-6.571923216699967e-51,-4.5430018128519935e-51,0.9999999999499594,21.864573768674042,-4.024974650643125e-07,5.546373461090473e-07,-1.2546396647649695e-58,-0.17252584834575274,-0.12519848455369909,-1.7026035706032863e-51,-0.1725249983437518,-0.1251996558723203,9.81
2.269597644418892,0.16687873877013934,0.07364764029501616,-7.198901218852561e-56,-0.05843668993534834,0.07958982289997962,-8.513182600026831e-54,-0.17120231250936158,-0.12569959059762859,1.463309811341389e-50,0.5121407472275123,-0.1907187475358718,2.655562209875341e-48,-0.5918299797258539,0.806062823294621,-8.621906359088062e-53,-0.8060688176992826,-0.5918218153573596,6.889645864986786e-50,5.548384765158083e-50,4.084448822458627e-50,0.999999999948705,21.785227458583066,-5.292482988340144e-07,7.208275900109572e-07,-7.710202979861293e-59,-0.1712030564268067,-0.12569857737263437,1.4633098364364354e-50,-0.17120231250936158,-0.12569959059762859,9.81
2.272180554142481,0.16672723098816714,0.073852794319882,-4.147200556954777e-56,-0.05887718199614156,0.07926451642763332,5.752278701204934e-53,-0.16987994222532876,-0.12618465567134685,1.2004418472652302e-50,0.5117212929422692,-0.18486075605954255,-1.124939804968056e-47,-0.5962911723256944,0.8027682341787379,5.8257424930941764e-52,-0.8027743394180941,-0.5962829529441898,5.672709550371126e-50,4.588608938129037e-50,3.3358190622388254e-50,0.9999999999475839,21.70567611171512,-5.227627603003421e-07,7.037792230663638e-07,5.1073726525427514e-58,-0.16988071143341354,-0.12618362008830852,1.200441876194885e-50,-0.16987994222532876,-0.12618465567134685,9.81
2.2747846708247863,0.16657333192904217,0.07405878049423975,2.2832980909093036e-55,-0.05931783352746578,0.07893528958397589,5.317647044065584e-53,-0.16854801120926233,-0.1266583431326751,-4.415357369147162e-50,0.5111819675936076,-0.17898209045602442,-1.334924704708851e-47,-0.6007539892505407,0.7994339524936137,5.3855602694416666e-52,-0.7994401790767833,-0.6007457033368448,-2.094238952767931e-49,-1.6709703712854249e-49,-1.2624278385854407e-49,0.9999999999462866,21.62531286425275,-5.468347341506264e-07,7.276826466490856e-07,4.9021920301624684e-58,-0.1685487771453877,-0.1266573238659373,-4.415357443591406e-50,-0.16854801120926233,-0.1266583431326751,9.81
2.2773947237251373,0.16641793513637881,0.07426437434559964,2.351997267019101e-55,-0.05975601200018943,0.07860409558032622,-1.73206403970061e-52,-0.1672145561980205,-0.12711786396728542,-5.750316626942203e-50,0.5105587213912379,-0.17315352167636888,3.2166497076939967e-47,-0.6051917506725482,0.7960797352764962,-1.754184781374057e-51,-0.7960860751265534,-0.6051834110330516,-2.737635941269566e-49,-2.1899925307050403e-49,-1.6428298672245099e-49,0.9999999999451283,21.54462115460472,-5.534523483182847e-07,7.28020827196911e-07,-1.604215003850857e-57,-0.16721533440935488,-0.127116840272327,-5.750316752339718e-50,-0.1672145561980205,-0.12711786396728542,9.81
2.280022000162989,0.1662603624724958,0.0744704502965539,-6.84886279326199e-55,-0.06019356819322397,0.07826952364860951,-2.4697627658243463e-52,-0.16587405855540815,-0.1275651047689994,1.2560143001421976e-49,0.5098480751851824,-0.16733298805819175,5.638572026379112e-47,-0.6096232201903558,0.7926913203793398,-2.501304999190207e-51,-0.7926977847432582,-0.6096148145043154,6.002355334480146e-49,4.7427666496440404e-49,3.6790029770507995e-49,0.9999999999437782,21.46326134956904,-5.647481993628298e-07,7.343404598253168e-07,-2.317181248294357e-57,-0.16587484649693937,-0.1275640801884094,1.2560143208290292e-49,-0.16587405855540815,-0.1275651047689994,9.81
2.2826598924008468,0.16610100121096869,0.07467647302462407,-1.0629758841596729e-54,-0.06062935265230607,0.07793243911541303,4.913757728822553e-52,-0.16453012806580958,-0.12799883874573403,2.390940414401251e-49,0.5090544155508852,-0.1615514802751541,-8.605194326990356e-47,-0.6140367365923352,0.7892774455887076,4.976513236937559e-51,-0.7892840265556662,-0.6140282773814856,1.1469765872076088e-48,9.083384707515179e-49,7.003578781509163e-49,0.9999999999425664,21.381445204715988,-5.811397766621893e-07,7.469919812932092e-07,4.7098970122212434e-57,-0.1645309187660351,-0.12799782236411003,2.390940464358806e-49,-0.16453012806580958,-0.12799883874573403,9.81
2.2853112049109776,0.16593967557321676,0.07488264638056503,1.9311799803515545e-54,-0.06106378365476317,0.07759250584386201,1.0165429610896073e-51,-0.16318157674260014,-0.1284195063173268,-3.3301819759177544e-49,0.5081751494554361,-0.15579339615083398,-2.1864686091946575e-46,-0.6184365558803022,0.7858347322121298,1.0295256699370655e-50,-0.7858414402724542,-0.6184280319895881,-1.6037239724183682e-48,-1.253895123068142e-48,-9.998919694377005e-49,0.9999999999411727,21.299099192225714,-5.837707876585466e-07,7.417856467749106e-07,9.718167620255907e-57,-0.16318238591956472,-0.12841847808969417,-3.3301820286405274e-49,-0.16318157674260014,-0.1284195063173268,9.81
2.2879776414073087,0.16577627277415993,0.07508908533121,4.33932370983042e-54,-0.061497090889929495,0.07724953015525671,-1.2956418243601589e-51,-0.16182779413016846,-0.1288272218488924,-9.237019124537238e-49,0.5072129389026863,-0.15006478899330133,2.1055491411844003e-46,-0.6228249850249217,0.7823611940968864,-1.3121890615917284e-50,-0.782368022661069,-0.622816407232026,-4.465680694108563e-48,-3.501947809067685e-48,-2.7710713638194975e-48,0.9999999999398959,21.21617521108613,-6.06841959531459e-07,7.622841271663648e-07,-1.278515474744816e-56,-0.16182859973845862,-0.12882620986180002,-9.237019314115398e-49,-0.16182779413016846,-0.1288272218488924,9.81
2.290653903936289,0.16561111087787858,0.07529536398839547,-5.0343343926407396e-54,-0.06192836753468711,0.07690421682894844,-3.919631871211879e-51,-0.16047170049990278,-0.12922120137038817,8.00420255138176e-49,0.5061678269877277,-0.1443733779295151,8.06591115078509e-46,-0.6271928583493578,0.7788639922576743,-3.9696914594198677e-50,-0.7788709502075256,-0.6271842176927176,3.8849271916919625e-48,3.00093262382702e-48,2.4675173634267158e-48,0.9999999999384631,21.13285327583295,-6.044489905065179e-07,7.50620080561875e-07,-3.825738707522293e-56,-0.16047252961138575,-0.1292201717353458,8.004202668500583e-49,-0.16047170049990278,-0.12922120137038817,9.81
2.2933495985142263,0.16544358786448635,0.0755022047405194,-1.6733040177663453e-53,-0.062359111569310954,0.07655535187598161,3.0736453459244254e-51,-0.1591087034899381,-0.12960267869874542,3.415603980899086e-48,0.505039218559272,-0.1387034223976471,-4.4498506132790694e-46,-0.631555329805197,0.7753308102962558,3.112900506916184e-50,-0.7753378929507874,-0.6315466346633742,1.664417789840207e-47,1.292440335507496e-47,1.0487583764761712e-47,0.9999999999371152,21.04883878044472,-6.314387456898777e-07,7.751876854545636e-07,3.1123258704044664e-56,-0.15910952550367402,-0.12960166952798435,3.41560405068656e-48,-0.1591087034899381,-0.12960267869874542,9.81
2.2960517635210347,0.16527450237123387,0.0757085967649588,1.1652822742485356e-53,-0.06278720515251024,0.07620463734376592,1.4527960732834363e-50,-0.1577455772377636,-0.12996986655921816,-1.619881449744316e-48,0.5038311138179701,-0.13308281455051585,-2.884559985150498e-45,-0.6358909662614899,0.7717789055338511,1.4713505666913223e-49,-0.7717861198097378,-0.6358822102158773,-7.925390613560495e-48,-6.023088728626969e-48,-5.1532410897313807e-48,0.9999999999356433,20.96455112281325,-6.270951595799677e-07,7.611034620787211e-07,1.4509984688757934e-55,-0.15774642467684052,-0.12996883800124562,-1.6198814689291923e-48,-0.1577455772377636,-0.12996986655921816,9.81
2.298777439045425,0.16510277886262642,0.07591582306659798,6.231240727263845e-53,-0.06321529726687913,0.0758498876814997,-5.995499150956275e-51,-0.15637401811080665,-0.13032489858585095,-1.2289547766292422e-47,0.5025385376030549,-0.12747715662588632,6.632180344070213e-46,-0.6402265816599542,0.7681861259720913,-6.072071306659846e-50,-0.7681934692588388,-0.6402177705969034,-6.037256048311266e-47,-4.641623783208665e-47,-3.860547276893555e-47,0.9999999999342204,20.87946420669443,-6.55664456756371e-07,7.867095078548141e-07,-6.2184880301981075e-56,-0.15637485725786923,-0.13032389169831535,-1.2289548018349277e-47,-0.15637401811080665,-0.13032489858585095,9.81
2.3015064983880005,0.16492967824193255,0.07612233658917462,-2.1217497877906264e-53,-0.06364017932219923,0.07549374839846656,-5.254049702845244e-50,-0.15500436723204203,-0.1306652018411878,2.0287966719657105e-48,0.5011703673300083,-0.12193140530542834,1.0121166803633156e-44,-0.6445296928690039,0.7645792797416024,-5.321152575872883e-49,-0.7645867569912019,-0.6445208228084462,1.0007346559753802e-47,7.308450461132078e-48,6.856880283736003e-48,0.9999999999327064,20.794220930174824,-6.518092663663714e-07,7.732147407964193e-07,-5.381251779517557e-55,-0.15500523128958377,-0.13066417682084655,2.0287966720662256e-48,-0.15500436723204203,-0.1306652018411878,9.81
2.304262886902465,0.1647536723590341,0.07632993029235076,-2.2710056897647703e-52,-0.06406552808229193,0.07513312139559503,6.181688671287509e-51,-0.15362491298518854,-0.13099359507752162,4.349735355573149e-47,0.4997303709058194,-0.11639846388355934,2.928876512653168e-46,-0.6488375262220382,0.76092697715751,6.260639232070303e-50,-0.7609345876985096,-0.6488286008215874,2.1544980123810644e-46,1.6398218680323062e-46,1.3974427669103495e-46,0.9999999999312082,20.708080513532078,-6.800972544306401e-07,7.975869567845159e-07,6.5622646358075945e-56,-0.15362576938569963,-0.13099259070630703,4.3497354456325747e-47,-0.15362491298518854,-0.13099359507752162,9.81
2.307019872727497,0.16457646075039598,0.0765365733970266,1.2961090960065529e-53,-0.06448717015232219,0.07477153148104065,1.873032113868418e-49,-0.15224916749670214,-0.1313069468709216,3.625971405215439e-48,0.4981915609091878,-0.11092856676669172,-3.5147734355726e-44,-0.653107823993792,0.7572649273788494,1.896953960407338e-48,-0.7572726753001432,-0.6530988403325826,1.8035124128320404e-47,1.4896265395007417e-47,1.0342369274386407e-47,0.9999999999296318,20.62188675309256,-6.380223986534784e-07,7.397736907022541e-07,1.8531382897134145e-54,-0.15225008719619673,-0.13130588047292224,3.625971609292125e-48,-0.15224916749670214,-0.1313069468709216,9.81
2.309807715588935,0.16439608902372385,0.07674451439142893,8.176838215336852e-52,-0.06490968101635275,0.07440503738246029,2.2435079994412865e-50,-0.1508625765134095,-0.13160850562789683,-1.5267456044189451e-46,0.49656676989410187,-0.10546482986990569,-8.393166434869479e-45,-0.657386920062641,0.753553208028839,2.2721615493951416e-49,-0.753561096043423,-0.657377878035027,-7.626075847418076e-46,-5.7451602507552436e-46,-5.014994726045813e-46,0.9999999999280103,20.534717603767255,-7.053150819105893e-07,8.084925732842435e-07,2.437818216968811e-55,-0.15086345038312027,-0.13160750389930345,-1.5267456365058591e-46,-0.1508625765134095,-0.13160850562789683,9.81
2.312595558450373,0.16421454476867667,0.07695143250167005,1.3805204617649757e-52,-0.06532833246630432,0.07403772381520213,-6.639621555154204e-49,-0.14948046724734887,-0.13189498561709279,-4.317168685540958e-47,0.4948988390747928,-0.10008020378248972,1.2178879521724047e-43,-0.6616269277170621,0.7498331871287651,-6.724421464464132e-48,-0.7498412129902248,-0.6616178317589001,-2.1656151912014236e-46,-1.6683401124045512e-46,-1.382406842096283e-46,0.9999999999264245,20.4475340848075,-7.045446862889711e-07,7.98472621750083e-07,-7.160614558876774e-54,-0.14948136266236453,-0.1318939708030275,-4.317168810876311e-47,-0.14948046724734887,-0.13189498561709279,9.81
2.3154137492345277,0.16402984347858898,0.07715956114195334,-2.9301522344483143e-51,-0.06574763144172735,0.07366562114175146,-2.0719613739442422e-49,-0.14808820970522518,-0.13216939505224978,5.351128006999427e-46,0.49312804665954246,-0.0947027711192483,4.972610319711485e-44,-0.6658734965441218,0.7460646665002341,-2.0984241325794715e-48,-0.7460728358448575,-0.6658643432519962,2.695898169116722e-45,2.0099171026537548e-45,1.7966927174400465e-45,0.9999999999247395,20.359405861156052,-7.313636085469185e-07,8.194417551274461e-07,-2.3048087269284602e-54,-0.1480890998858136,-0.13216839764254795,5.35112812137456e-46,-0.14808820970522518,-0.13216939505224978,9.81
2.318233797244902,0.16384384314707404,0.0773667761725993,-1.0268938179752044e-51,-0.06616328657353421,0.07329252070896253,2.3545176743697184e-48,-0.14670009689789865,-0.13242893254170873,2.366182774980868e-46,0.491300075780412,-0.08939857128459394,-4.233560284782693e-43,-0.6700831585986046,0.7422860368904411,2.3845892819493066e-47,-0.7422943467901353,-0.6700739531748762,1.1972680833065288e-45,9.046938923215599e-46,7.845685075172628e-46,0.9999999999231028,20.27123272542464,-7.483422033446358e-07,8.289776593106382e-07,2.663085580389728e-53,-0.14670099085538651,-0.13242794223371898,2.366182834344757e-46,-0.14670009689789865,-0.13242893254170873,9.81
2.321082863618026,0.16365474417263856,0.0775750539320236,1.0515858656918267e-50,-0.06657925065461612,0.07291485902132955,1.0950317059773267e-48,-0.14530302763833447,-0.13267605209810185,-1.8834629234571725e-45,0.48938366569353065,-0.08411164121758574,-2.285393733204319e-43,-0.6742959534305624,0.7384612157636776,1.1090173604521984e-47,-0.7384696722155575,-0.6742866921553821,-9.572213555292362e-45,-7.06123050311553e-45,-6.462694622573361e-45,0.9999999999213586,20.182176819219208,-7.584633603951332e-07,8.306379007319254e-07,1.2474478449198272e-53,-0.14530393309567233,-0.13267506045346267,-1.8834629644881268e-45,-0.14530302763833447,-0.13267605209810185,9.81
2.3239358771534264,0.16346420130440942,0.07778254103216095,5.1937096495033765e-51,-0.06699181054105807,0.07253599031190916,-8.396525127940818e-48,-0.14390959984600116,-0.132908523101138,-1.0624584170881546e-45,0.4874023389426547,-0.07889368214766534,1.48334825446121e-42,-0.6784742689376866,0.7346241667611213,-8.50376516440779e-47,-0.73463276757164,-0.6784649562136815,-5.4236261610491876e-45,-4.0420219159837924e-45,-3.617319349234077e-45,0.9999999999196496,20.093034860852594,-7.785560123648415e-07,8.429885819485845e-07,-9.758155614146721e-53,-0.1439105061404413,-0.13290754177765662,-1.0624584423768066e-45,-0.14390959984600116,-0.132908523101138,9.81
2.3268169871883093,0.16327059326055424,0.07799097355698029,-3.7999661899241305e-50,-0.06740440681673832,0.07215273877067396,-4.8693664739575377e-48,-0.142508259052331,-0.1331282920242156,6.6897533454687e-45,0.48533928528827985,-0.07370007509184617,9.378834571277224e-43,-0.6826529562995057,0.7307427326053575,-4.931558003010796e-47,-0.7307514832420927,-0.6826435891001111,3.4303385420816693e-44,2.503328463547206e-44,2.3453344901855825e-44,0.9999999999178408,20.003062899678138,-7.867154194189154e-07,8.421359199632963e-07,-5.683316371701409e-53,-0.14250917886151934,-0.13312730739337836,6.68975349430972e-45,-0.142508259052331,-0.1331282920242156,9.81
2.3297037363251394,0.16307541986074603,0.07819870570317013,-2.2777834478660207e-50,-0.06781377021731316,0.07176812387383258,3.0250731605279395e-47,-0.14111024305065456,-0.13333358563824405,4.3273332792738845e-45,0.48321266188203893,-0.06857412809435459,-5.2598236467814756e-42,-0.6867989000699557,0.7268474880349377,3.063709498268404e-46,-0.7268563870021879,-0.6867894820642827,2.228987323125846e-44,1.6411750712708528e-44,1.5085972736253493e-44,0.9999999999160547,19.912975406316573,-8.089968696074945e-07,8.561710603241232e-07,3.608816777710956e-52,-0.14111116168950844,-0.1333326134065257,4.327333379496451e-45,-0.14111024305065456,-0.13333358563824405,9.81
2.332618102082353,0.1628771864849879,0.07840729800840328,1.3887450795495036e-49,-0.06822296483953849,0.07137924982828459,1.9798966892848358e-47,-0.13970514652324617,-0.13352595736107808,-2.4069577430101895e-44,0.4810065424385819,-0.06347748285907429,-3.589709850951929e-42,-0.690943137043319,0.7229091100357896,2.0051840794865692e-46,-0.7229181620892987,-0.6909336660790457,-1.2454959089104222e-43,-8.98994889876447e-44,-8.620164344665802e-44,0.9999999999141806,19.82209745733968,-8.161401641214337e-07,8.538982849358542e-07,2.3685180096423084e-52,-0.13970607971847773,-0.13352498096665005,-2.406957797773291e-44,-0.13970514652324617,-0.13352595736107808,9.81
2.335539366720541,0.1626772930412372,0.07861524593518694,9.226889122503623e-50,-0.06862902813423233,0.07098891446137223,-1.1049338406843441e-46,-0.13830328213930976,-0.13370398180857102,-1.6535873873495378e-44,0.4787384797560499,-0.058448216195074565,1.892752426831836e-41,-0.695055659738607,0.7189559304055637,-1.1190461827643076e-45,-0.7189651348716223,-0.6950461386404718,-8.596062847732411e-44,-6.257969235345224e-44,-5.894286614813308e-44,0.9999999999123133,19.73108872194733,-8.39885271443072e-07,8.687656712145507e-07,-1.3522232267294907e-51,-0.13830421287673472,-0.13370301904117893,-1.6535874249407904e-44,-0.13830328213930976,-0.13370398180857102,9.81
2.3384882451392386,0.16247431306302795,0.07882400225485654,-5.1498332458476184e-49,-0.06903478608839464,0.07059438359151571,-7.571166466696837e-47,-0.13689494665182167,-0.13386891843699011,8.794485873999033e-44,0.4763929716959865,-0.05345208621969988,1.299911952945772e-41,-0.6991650916273534,0.7149602608884739,-7.667866587775121e-46,-0.71496962173011,-0.6991555191823228,4.593118377731256e-43,3.278536082389186e-43,3.2168303230954932e-43,0.9999999999103715,19.639314871063448,-8.467368706980468e-07,8.658659038155005e-07,-9.286312256166428e-52,-0.1368958922432473,-0.13386795145736205,8.794486078678895e-44,-0.13689494665182167,-0.13386891843699011,9.81
2.341444815122364,0.1622696085650238,0.07903213438458086,-3.528367139099328e-49,-0.06943744335838886,0.07019835725756529,4.100333938029849e-46,-0.13548998636291643,-0.13401960214733144,5.988423835434191e-44,0.47398752124541943,-0.04852399742406632,-6.920388349826116e-41,-0.7032431205872537,0.7109494450006281,4.152704210532501e-45,-0.7109589624060473,-0.7032334987573592,3.1422942698791913e-43,2.263215574312037e-43,2.1802728053862943e-43,0.9999999999084196,19.547410228146617,-8.713550281849747e-07,8.809035674167713e-07,5.145417834149227e-51,-0.13549092878592936,-0.13401864937120717,5.988423968998046e-44,-0.13548998636291643,-0.13401960214733144,9.81
2.3444295089091813,0.16206175557727565,0.07924105801441604,1.9412068642891708e-48,-0.06983972823589468,0.06979813373243537,2.741756913873634e-46,-0.13407893025405748,-0.13415707431073542,-3.265883519234093e-43,0.4715064221706484,-0.04363183682178473,-4.4456321897588224e-41,-0.7073173786078837,0.7068961210243495,2.7767752854806e-45,-0.7069057981529165,-0.7073077071104116,-1.7218630614202936e-42,-1.2152142844927827e-42,-1.2198665854750215e-42,0.9999999999064076,19.454750615128237,-8.785133752872277e-07,8.779901583654205e-07,3.44885379921376e-51,-0.1340798872156932,-0.13415611789286788,-3.26588359692815e-43,-0.13407893025405748,-0.13415707431073542,9.81
2.347422184141495,0.16185214753883476,0.07944934038649876,1.2781095330685842e-48,-0.07023887135411044,0.06939644987753724,-1.5465983951759083e-45,-0.13267163858592745,-0.13428036693983714,-2.0448848713695067e-43,0.46896782561333694,-0.03880924053945023,2.5693505423369588e-40,-0.711359818772442,0.7028280075779836,-1.5663519827354113e-44,-0.7028378454612129,-0.7113500987470518,-1.0832851642046838e-42,-7.725053999726813e-43,-7.595966235597224e-43,0.9999999999043685,19.361976460908927,-9.034465763543906e-07,8.926109409834796e-07,-1.9893101898982888e-50,-0.13267259220672062,-0.13427942473038948,-2.0448849156636645e-43,-0.13267163858592745,-0.13428036693983714,9.81
2.350444042656547,0.16163928987198165,0.07965843351904173,-7.438575612567678e-48,-0.07063764512736626,0.06899049653017464,-9.320367441403488e-46,-0.13125838236984855,-0.13439035368644525,1.2314327969447832e-42,0.4663550461926249,-0.03402441212690377,1.407798372742845e-40,-0.7153985177750735,0.6987166527035317,-9.439410162494072e-45,-0.69872665373442,-0.7153887498144627,6.555227805852663e-42,4.573493982379357e-42,4.696195823461009e-42,0.999999999902283,19.268441315691856,-9.114960525996092e-07,8.902415297219278e-07,-1.2026842225981713e-50,-0.13125934961784683,-0.13438940896658857,1.2314328268348691e-42,-0.13125838236984855,-0.13439035368644525,9.81
2.3534736332166837,0.1614246843557545,0.07986682971879551,-4.331830976945451e-48,-0.07103316385918035,0.06858319270032176,5.921272827859315e-45,-0.12984953525466736,-0.1344862271994529,6.422557467926799e-43,0.46368772004226244,-0.029311442985992642,-9.663026736032663e-40,-0.7194042527030731,0.6945916218849266,5.996901478613509e-44,-0.6946017878766526,-0.7193944372029559,3.435581691351918e-42,2.4294676347559754e-42,2.4299174943797357e-42,0.9999999999001542,19.17482513350833,-9.360903046472922e-07,9.038040580003098e-07,7.803180633089878e-50,-0.12985049961868597,-0.13448529607052442,6.422557599032228e-43,-0.12984953525466736,-0.1344862271994529,9.81
2.3565340533556984,0.16120668495471396,0.08007609327087677,2.8925446480125726e-47,-0.07142838666025142,0.06817147121889455,2.8789197164628556e-45,-0.12843460230948445,-0.13456871602721776,-4.70119326367692e-42,0.46094729145530167,-0.02463720377431855,-3.892056594551331e-40,-0.7234069889377742,0.6904218481160507,2.915690443053127e-44,-0.6904321807717525,-0.7233971272784833,-2.5272243334143044e-41,-1.7427416927892202e-41,-1.830224831916568e-41,0.9999999998979919,19.08042482470529,-9.457200908105374e-07,9.025981541271167e-07,3.8117229619643705e-50,-0.1284355786905168,-0.13456778413951737,-4.7011933797756354e-42,-0.12843460230948445,-0.13456871602721776,9.81
2.3596013796070396,0.16098698659961444,0.08028456435802857,1.3199002668483787e-47,-0.07182016877512254,0.0677585892153516,-2.2937708248942693e-44,-0.12702498631336034,-0.13463716570758066,-1.7239365364617002e-42,0.45815582298995494,-0.020037807507502947,3.665828683732279e-39,-0.7273748819281254,0.6862403231667793,-2.323067894969314e-43,-0.6862508249816733,-0.7273649738693587,-9.313473249187975e-42,-6.56025271420002e-42,-6.614965779027744e-42,0.9999999998957712,18.98599519957406,-9.690933189137525e-07,9.142890810131857e-07,-3.095060927083613e-49,-0.12702596112022355,-0.134636246001466,-1.723936566308955e-42,-0.12702498631336034,-0.13463716570758066,9.81
2.3627018066786394,0.16076370290402583,0.08049399779059518,-1.1373413428415156e-46,-0.07221179867881844,0.06734106035060528,-7.308435945834829e-45,-0.12560890357352328,-0.13469215266395196,1.808812270731171e-41,0.45529190436829836,-0.015477304609536446,7.529676402679593e-40,-0.7313412308652677,0.6820117330636442,-7.401782863905624e-44,-0.6820224051645646,-0.7313312784597296,9.821285149564744e-41,6.692818550442141e-41,7.1877589517128e-41,0.9999999998935281,18.890740285156138,-9.812249390352346e-07,9.150406034197385e-07,-9.93081428048987e-50,-0.12560988785789218,-0.13469123474342481,1.8088123160111476e-41,-0.12560890357352328,-0.13469215266395196,9.81
2.365807699376223,0.16053881495547942,0.08070250222764358,-3.179152284629707e-47,-0.07259973007314713,0.06692264638321532,8.946571232497327e-44,-0.12419931498767589,-0.13473319810484874,2.8875461147663265e-42,0.4523810460089912,-0.010995240943092455,-1.3945755825596317e-38,-0.7352701261833442,0.677774181820412,9.060841620759253e-43,-0.6777850272468126,-0.7352601286891856,1.5757896917366892e-41,1.1346503247989916e-41,1.0972180576335949e-41,0.9999999998912135,18.795526911568626,-1.0020947375080321e-06,9.237338994671542e-07,1.2348960446262556e-48,-0.12420030025653993,-0.13473228985420685,2.8875461243198725e-42,-0.12419931498767589,-0.13473319810484874,9.81
2.368949627973283,0.16031009878360905,0.08091210335794322,4.4980451164416704e-46,-0.07298772288524091,0.0664992701719953,8.68309634646755e-45,-0.12278261363949738,-0.1347606880293899,-6.969862052832556e-41,0.44941499082419156,-0.00655136419135971,6.948004616336614e-40,-0.7391996403986777,0.6734863707859762,8.794001844594879e-44,-0.6734973902397232,-0.7391896004005212,-3.823135863618169e-40,-2.5741798543389664e-40,-2.8266529293110485e-40,0.9999999998888851,18.69942819760711,-1.0179843431475225e-06,9.274877087515926e-07,1.2110606799781165e-49,-0.12278360458406001,-0.13475978515064754,-6.969862228902598e-41,-0.12278261363949738,-0.1347606880293899,9.81
2.372094928367121,0.16007992312671607,0.08112059693850322,2.182546364679721e-47,-0.07337168771679714,0.06607537500935123,-3.490422680372429e-43,-0.12137375006042816,-0.13477437320124963,7.41648063945378e-42,0.44637288030327227,-0.0021901615424155807,5.278521786641152e-38,-0.7430883646117575,0.6691933071830767,-3.535004525687033e-42,-0.6692045057994779,-0.7430782794683723,4.0891044829603296e-41,2.4737228442833244e-41,3.2751300586307287e-41,0.9999999998864404,18.603454442079954,-9.75610470137453e-07,8.78592679048104e-07,-4.641153853950388e-48,-0.12137480556229156,-0.13477342263302228,7.41648116894063e-42,-0.12137375006042816,-0.13477437320124963,9.81
2.3752799032312106,0.1598456205634235,0.08133036174465547,-1.7767348775243325e-45,-0.07375599607979666,0.06564611101960516,6.530519557250012e-44,-0.11995707449971427,-0.1347743798139458,2.6670349309442716e-40,0.4432644397158825,0.0021347788611194574,-1.9583586731494865e-38,-0.7469805686372716,0.6648458694151136,6.613931709489409e-43,-0.6648572511600553,-0.7469704382235586,1.478181110065933e-39,9.832566464215247e-40,1.1037328341003508e-39,0.9999999998839152,18.506530648891907,-1.0562302062841514e-06,9.400917765244967e-07,9.352096623621222e-49,-0.1199580718418206,-0.13477349210795722,2.6670349986725796e-40,-0.11995707449971427,-0.1347743798139458,9.81
2.378468398032805,0.15960984017745863,0.08153898892395024,4.4248376640922194e-46,-0.0741362255205047,0.06521639461217354,1.3517465971455211e-42,-0.11854862841336455,-0.13476075220143002,-1.1811028648299753e-40,0.4401370597447851,0.006374607645366126,-1.9693668911489237e-37,-0.7508314588700048,0.6604938458238201,1.3690120618247883e-41,-0.660505406650787,-0.7508212888464727,-6.58057451084854e-40,-4.24364062632999e-40,-5.031326347043718e-40,0.9999999998814588,18.409750729778615,-1.0452557581226963e-06,9.194939655178755e-07,1.9058441460556e-47,-0.1185496581325276,-0.13475984634662194,-1.181102911076057e-40,-0.11854862841336455,-0.13476075220143002,9.81
2.381695080043786,0.15937000904829515,0.0817487199399621,6.945340088061979e-45,-0.0745164525697426,0.06478159774876069,-7.324666160692104e-43,-0.11713363964202195,-0.13473332418504214,-1.002538492903825e-39,0.43692696483056537,0.01057384839119635,1.513096541984941e-37,-0.7546823314292574,0.6560903738270365,-7.418222344814985e-42,-0.6561021222516127,-0.7546721176623196,-5.6154835056258966e-39,-3.689862997991903e-39,-4.233039072704524e-39,0.9999999998788268,18.31209079889745,-1.0952118378645292e-06,9.521329892055263e-07,-1.0765489782390797e-47,-0.1171346418901244,-0.13473245284357918,-1.0025385182630736e-39,-0.11713363964202195,-0.13473332418504214,9.81
2.3849289911402605,0.15912841696227573,0.08195751332149066,-4.329457744026143e-45,-0.07489296810445012,0.06434593767453123,-5.1304083510788104e-42,-0.11572584424254373,-0.13469240885722122,8.655973341003308e-40,0.4336853496070674,0.014690991130112963,7.128802706228513e-37,-0.7584956071240554,0.6516781521376257,-5.195938010653661e-41,-0.6516900820802333,-0.7584853570888885,4.8744187976556076e-39,3.13714180582689e-39,3.731086657991165e-39,0.9999999998763065,18.214495201764162,-1.0955541045094013e-06,9.412693596216285e-07,-7.504896746774445e-47,-0.11572686720342269,-0.1346915299299579,8.655973635343865e-40,-0.11572584424254373,-0.13469240885722122,9.81
2.3881976685453337,0.15888299781449294,0.08216711986893085,-2.6530518977021383e-44,-0.0752689210776758,0.06390575009980992,5.051736261343567e-42,-0.11431367674618542,-0.13463765217407264,3.642480565608554e-39,0.43037641218009526,0.018760787766694875,-9.05734651797127e-37,-0.7623031952940257,0.647220085013219,5.116261318307991e-41,-0.6472322068512236,-0.7622929032953769,2.0623166936971962e-38,1.338672875513231e-38,1.568799196209707e-38,0.9999999998735678,18.11615365622073,-1.134584131356952e-06,9.632986487328854e-07,7.614855794207557e-47,-0.11431468313188817,-0.13463679769249934,3.642480656278432e-39,-0.11431367674618542,-0.13463765217407264,9.81
2.391478685354459,0.1586354239260392,0.0823760710024,2.905071256097593e-44,-0.07564167034544766,0.06346410298346505,1.8739766074955054e-41,-0.11290705123739286,-0.13456948176455263,-5.1100876079638e-39,0.42702818398519327,0.02275248729817747,-2.441970516292947e-36,-0.766078326792976,0.6427472265347196,1.8979126946338432e-40,-0.6427595334649364,-0.7660680009894273,-2.9090546355045045e-38,-1.8552474969681837e-38,-2.240762722498242e-38,0.9999999998709586,18.017752311825053,-1.1366416671626076e-06,9.536535019740808e-07,2.8159609453886297e-46,-0.1129080764497754,-0.13456862157324861,-5.110087771261877e-39,-0.11290705123739286,-0.13456948176455263,9.81
2.3947902423422187,0.15838431315478602,0.08258549810393186,9.712319869779117e-44,-0.07601322614084793,0.06301859314942071,-2.920647830791724e-41,-0.11149856552281179,-0.13448753351097764,-1.2442542214169412e-38,0.4236223774320962,0.026689915926606744,4.770049229613231e-36,-0.7698413837777414,0.6382352574272063,-2.95795308492491e-40,-0.6382477607991327,-0.7698310177142079,-7.122381234806193e-38,-4.5685260612284203e-38,-5.464224756265796e-38,0.9999999998681052,17.918765815917894,-1.1735463484275927e-06,9.729259449732099e-07,-4.50910423209458e-46,-0.1114995762714298,-0.13448669552442305,-1.2442542512489965e-38,-0.11149856552281179,-0.13448753351097764,9.81
2.3981201077128818,0.1581305812077666,0.08279459591933913,-1.6674902481082629e-43,-0.07638215366614531,0.06257091609809073,-6.382165719192564e-41,-0.11009365860018683,-0.1343921513886439,2.6826271619555485e-38,0.4201757141654525,0.03055374385082743,7.528211521737882e-36,-0.7735778093232335,0.6337013278530091,-6.463684956266273e-40,-0.6337140200434896,-0.7735674119301559,1.5441422349061923e-37,9.735248886108165e-38,1.1986102951401442e-37,0.9999999998654012,17.819570670298315,-1.1808296310835723e-06,9.673148533571366e-07,-9.866506808184764e-46,-0.11009468277676925,-0.13439131237313048,2.6826272441083456e-38,-0.11009365860018683,-0.1343921513886439,9.81
2.4014754394267204,0.15787367403247946,0.08300378556955794,-3.287486471257054e-43,-0.07674918816391241,0.06212015772994306,1.520354820518659e-40,-0.10868969678567986,-0.13428317809372992,3.766699217488554e-38,0.4166785851099757,0.03435613771015511,-2.2972490215958597e-35,-0.7772950777706411,0.6291362031178408,1.5397743568702497e-39,-0.6291490961200322,-0.7772846421043879,2.180329287635304e-37,1.3836925191685157e-37,1.6850717467495528e-37,0.9999999998624337,17.719975505659843,-1.2106428405705337e-06,9.798842959778631e-07,2.3982099649794986e-45,-0.10869071351697857,-0.13428235513191777,3.7666992996813307e-38,-0.10868969678567986,-0.13428317809372992,9.81
2.404855950456315,0.15761360152878315,0.08321301614525706,8.674636007286125e-43,-0.07711423505180548,0.06166640864636008,1.8854939777876596e-40,-0.10728706556097833,-0.13416063889483,-1.2923732765409442e-37,0.41313841060148526,0.0380898136303891,-1.805865943931629e-35,-0.7809922013209291,0.6245407764717125,1.9095775135426985e-39,-0.6245538622144824,-0.7809817367858057,-7.52326541124066e-37,-4.683672569908482e-37,-5.887537954759258e-37,0.9999999998596285,17.61999915232078,-1.227656021788268e-06,9.817271463031597e-07,3.001700054888037e-45,-0.1072880858218233,-0.13415982298861714,-1.2923733146723403e-37,-0.10728706556097833,-0.13416063889483,9.81
2.4082559630742746,0.1573507920449503,0.0834219072413516,9.432489449705387e-43,-0.07747662332102578,0.06121048086276559,-7.297389801496324e-40,-0.10588847159048775,-0.1340248371960655,-8.355531263918102e-38,0.40955564689151736,0.04175470871939169,1.023436658690783e-34,-0.7846624153308315,0.6199232968417832,-7.3906002376058e-39,-0.619936587539761,-0.784651914819276,-4.891797304451028e-37,-3.0905295987380407e-37,-3.792592453307675e-37,0.9999999998565483,17.51983266782528,-1.2436433304042906e-06,9.825416107823479e-07,-1.171366247905167e-44,-0.10588949809263208,-0.1340240261788177,-8.355531384183506e-38,-0.10588847159048775,-0.1340248371960655,9.81
2.4116889719124504,0.15708419016279254,0.08363125356507241,-4.16872753180291e-42,-0.07783772710197212,0.060750618771123754,-3.700166451217996e-40,-0.10448868200282213,-0.13387520783741103,5.759748517616217e-37,0.4059468942591504,0.04535884933283185,8.775357312654404e-36,-0.7883196051429909,0.6152659588724203,-3.747429253639664e-39,-0.6152794464398212,-0.7883090782102582,3.391583182120309e-36,2.0837715461422315e-36,2.675957231135442e-36,0.9999999998536344,17.41908843498214,-1.2758314641090762e-06,9.95758146827124e-07,-6.064910881480676e-45,-0.10448969669626951,-0.13387441586375512,5.759748681196701e-37,-0.10448868200282213,-0.13387520783741103,9.81
2.4151345827228448,0.15681537139718843,0.08383978183874415,-1.5736985978210597e-42,-0.07819534361973268,0.06028960619384982,3.244070632593877e-39,-0.10309616269076649,-0.1337127861460221,-2.7822313669078946e-38,0.40226471136656805,0.04888154890726426,-4.198562544457914e-34,-0.7919414923953892,0.6105969805219836,3.285507831139105e-38,-0.6106106796978855,-0.7919309299673087,-1.647822883404946e-37,-7.459661498292022e-38,-1.5055959304794437e-37,0.999999999850384,17.318378879767696,-1.1922391064771982e-06,9.192315410489323e-07,4.9462125151102e-44,-0.10309728346084746,-0.13371192198709736,-2.7822320924312355e-38,-0.10309616269076649,-0.1337127861460221,9.81
2.4186219973606,0.15654204491638327,0.08404922356179526,1.853202090967665e-41,-0.07855243714319116,0.05982359171024676,-6.534774386256691e-40,-0.10169992850963361,-0.1335361642173183,-2.355475386722826e-36,0.39855546919627827,0.052353043237769015,2.7413147211036363e-34,-0.7955580755403237,0.605877337785939,-6.618244734207077e-39,-0.6058912464154137,-0.7955474828802971,-1.4032927949870025e-35,-8.50749815554853e-36,-1.1159999217443526e-35,0.9999999998471729,17.216891248425593,-1.323596683395292e-06,1.0080184709245538e-06,-1.1010995990638825e-44,-0.1017009395265533,-0.13353539422393035,-2.3554754508397608e-36,-0.10169992850963361,-0.1335361642173183,9.81
2.4221183160227193,0.1562667789641155,0.08425756969634471,-6.251861179052809e-42,-0.07890557640491735,0.05935702686557498,-1.3228013480444002e-38,-0.10031278983062464,-0.1333471360081422,1.9034277993705103e-36,0.39481169386010784,0.05573648234425832,1.5476788853791565e-33,-0.7991346116120196,0.6011521209508508,-1.3396978891385934e-37,-0.6011662409629726,-0.7991239895826235,1.1406954870259973e-35,6.750256641647035e-36,9.196230564324988e-36,0.9999999998438986,17.115563176478187,-1.2056599809821576e-06,9.069624118156331e-07,-2.021211580715345e-43,-0.10031394031471341,-0.13334627052017786,1.9034278907527136e-36,-0.10031278983062464,-0.1333471360081422,9.81
2.425657919876218,0.15598685612047591,0.08446683469756659,-7.507404138798221e-41,-0.07925817002348978,0.05888538008332134,1.3217971875821614e-38,-0.0989222322204455,-0.13314386104321052,8.56258078253967e-36,0.39099439826928517,0.05906736288319436,-2.3916570243673516e-33,-0.8027056318795857,0.5963754426104374,1.3386809793366977e-37,-0.5963897848115444,-0.8026949760478383,5.162220385656347e-35,3.08936699231487e-35,4.1357596199579766e-35,0.9999999998403772,17.013461783923255,-1.3676987761359226e-06,1.0161408249570775e-06,2.280926237913696e-43,-0.0989232434666128,-0.13314310970315968,8.562581000611223e-36,-0.0989222322204455,-0.13314386104321052,9.81
2.429211679890382,0.15570456695808843,0.08467525843881915,8.843459330507401e-41,-0.07960724817178644,0.05841259197996962,4.754044177940442e-38,-0.09753937712917882,-0.13292810322432302,-1.5182685740999916e-35,0.3872057192322007,0.06231665846359391,-4.735185563624926e-33,-0.8062410288239781,0.5915871900581126,4.81476945519612e-37,-0.5916017376365625,-0.806230354195003,-9.208596631204987e-35,-5.408869672600859e-35,-7.452832681727862e-35,0.9999999998372102,16.911406771512286,-1.358275266759612e-06,9.966476768861932e-07,8.111448105886874e-43,-0.09754041739000342,-0.13292733989395694,-1.518268628777608e-35,-0.09753937712917882,-0.13292810322432302,9.81
2.4327997011538227,0.15541830663321843,0.08488398839012994,2.6455476820857076e-40,-0.07995472751872157,0.05793604426885679,-9.692380476174527e-38,-0.09615702577774243,-0.1326986986508789,-2.512105374393068e-35,0.3833453570988592,0.06550594483689309,1.3987743896826104e-32,-0.8097602564174069,0.5867608772974009,-9.816185663123434e-37,-0.5867756483252248,-0.8097495529683929,-1.5329370735902919e-34,-9.07416154094119e-35,-1.2355516190756642e-34,0.9999999998336266,16.808855904556406,-1.4033254616272598e-06,1.0168645256081139e-06,-1.701158233928047e-42,-0.09615804306164082,-0.13269796148786744,-2.512105428263803e-35,-0.09615702577774243,-0.1326986986508789,9.81
2.4364129712360167,0.15512878092921856,0.08509246070884936,-6.169410353515155e-40,-0.08029966810236289,0.057456995949319634,-1.3259626585813017e-37,-0.09477889297949282,-0.1324562962851834,8.63963308742815e-35,0.37946428447646596,0.06861465475868656,8.403850239370531e-33,-0.8132537479944578,0.5819092209038855,-1.3428998242150991e-36,-0.5819242011444964,-0.8132430289417425,5.304512054475166e-34,3.0758234376888123e-34,4.321728968657944e-34,0.9999999998303473,16.7060785347487,-1.4230079969740633e-06,1.0182080032231453e-06,-2.349767454138032e-42,-0.09477990985526313,-0.132455568649533,8.639633363941728e-35,-0.09477889297949282,-0.1324562962851834,9.81
2.44005037230715,0.1548360718548062,0.08530057858530951,-6.914645379191538e-40,-0.08064190488381939,0.056975653225453726,5.3416922392690105e-37,-0.09340574919332312,-0.1322011223645605,3.4724944515625946e-35,0.37554460942255297,0.07165747771053432,-6.622704368819752e-32,-0.8167198815189397,0.5770343448458585,5.4099246031597454e-36,-0.5770495525150712,-0.8167091366834072,2.145241736460525e-34,1.28206150845618e-34,1.7208436311175887e-34,0.9999999998266377,16.603132007764177,-1.424672144215883e-06,1.0065688076906356e-06,9.436979628922037e-42,-0.09340678618321785,-0.13220038967463724,3.4724944385716303e-35,-0.09340574919332312,-0.1322011223645605,9.81
2.4437252799470905,0.15453908961765794,0.08550906614514964,3.3308903318280954e-39,-0.08098262831371272,0.05649031036076657,1.1012008758599406e-37,-0.09203294281260987,-0.1319322012352382,-4.017986699093601e-34,0.3716508371605194,0.07464114056003979,2.9004538078719233e-32,-0.820170664810675,0.5721189391936045,1.1152671545129533e-36,-0.5721343601139572,-0.8201599075649777,-2.4978049614097087e-33,-1.4281268274278891e-33,-2.0492644384266064e-33,0.9999999998232385,16.499649220524418,-1.483586145243323e-06,1.0348916000487163e-06,2.0173787842830275e-42,-0.09203393984986463,-0.13193150571322293,-4.017986815706833e-34,-0.09203294281260987,-0.1319322012352382,9.81
2.447413034645269,0.1542398197547009,0.08571649142610685,9.397432129332049e-41,-0.08131949477964895,0.056004284507720214,-2.431510580576341e-36,-0.09066945876683796,-0.1316515271814298,2.520795217410861e-34,0.36762691275366777,0.07752353487991215,2.577168360975175e-31,-0.8235824074821739,0.5671966308837407,-2.4625698219052394e-35,-0.5672122923715499,-0.8235716212829407,1.5769430453731773e-33,8.741557562237226e-34,1.3127105485087912e-33,0.999999999819188,16.396319275459753,-1.2094046511622422e-06,8.329102677307942e-07,-3.616205700081608e-41,-0.0906707529020352,-0.13165063588142278,2.5207953905546555e-34,-0.09066945876683796,-0.1316515271814298,9.81
2.45115176680888,0.15393515429634988,0.08592495630720567,-1.4886199809215798e-38,-0.08165591427022179,0.05551261670320429,2.0788175759314286e-36,-0.089302982569464,-0.13135632858240598,1.520386495281082e-33,0.3635567134569584,0.08035245063980057,-4.0447782848941875e-31,-0.8269896248519228,0.5622171825791843,2.1053717696013332e-35,-0.5622330894543405,-0.8269788105644712,9.571932471513868e-33,5.3989158843909444e-33,7.904051746980463e-33,0.9999999998150112,16.29218073048478,-1.5341350004010224e-06,1.0429599498010838e-06,3.905640921649989e-41,-0.08930397505411629,-0.13135565382785946,1.5203865348540292e-33,-0.089302982569464,-0.13135632858240598,9.81
2.454904234900251,0.15362811435439108,0.08613234079618294,1.583430208501131e-38,-0.08198846261073456,0.0550202720802595,8.966651334143158e-36,-0.08794603588219552,-0.1310495524731614,-2.7984135796459835e-33,0.3595865791924364,0.08310985047994635,-7.323228869590802e-31,-0.8303576128569351,0.557230863081481,9.081188938118641e-35,-0.5572469887650314,-0.8303467911133908,-1.773120344003451e-32,-9.804968435421142e-33,-1.477384441344946e-32,0.9999999998114262,16.188200010678262,-1.4989485333165478e-06,1.0059044103430283e-06,1.639321977518702e-40,-0.08794708196034852,-0.1310488504485291,-2.7984136902242965e-33,-0.08794603588219552,-0.1310495524731614,9.81
2.4586956642334465,0.15331662882065558,0.08634000433665537,5.281838577754207e-38,-0.08231931725782005,0.05452400454027995,-1.9395091750820172e-35,-0.08659045713789304,-0.13072925012958958,-3.971394586375117e-33,0.3555179090108638,0.08580145631296787,2.569410723319741e-30,-0.8337084763796022,0.552204831935399,-1.9642840746814864e-34,-0.5522211992044495,-0.833697635326621,-2.53268428580366e-32,-1.4149366902693532e-32,-2.1006731639949425e-32,0.9999999998072919,16.08373489714834,-1.5627803656097559e-06,1.035103868550029e-06,-3.6820359530499065e-40,-0.08659146084310664,-0.1307285852994722,-3.9713946599309057e-33,-0.08659045713789304,-0.13072925012958958,9.81
2.4625155035546338,0.15300155055369455,0.08654732350839313,-1.33449445155117e-37,-0.08264748743850348,0.05402526591519319,-2.1060566146791137e-35,-0.08524020875702654,-0.1303964192078002,1.692224721025994e-32,0.3514775418482383,0.08841449164359005,3.2515997047062337e-31,-0.837032120641495,0.5471537526275422,-2.1329590154662624e-34,-0.5471703417199589,-0.8370212763974781,1.0862531297907676e-31,5.925621441908021e-32,9.103958526955947e-32,0.9999999998036022,15.979086453403443,-1.5925382130824765e-06,1.0410153182927212e-06,-4.058170117134219e-40,-0.08524120056261869,-0.13039577085318835,1.6922247760580625e-32,-0.08524020875702654,-0.1303964192078002,9.81
2.46636027696079,0.15268315969170615,0.0867540746171102,-1.0721670591257339e-37,-0.0829726168345033,0.053524574937354075,1.1117582912406565e-34,-0.08389661823374617,-0.13005152313634305,-1.7365589413191383e-33,0.34734703301175074,0.09094903600309578,-1.172691332345354e-29,-0.840325000819671,0.5420829207763513,1.1259597715973054e-33,-0.5420997600855831,-0.8403141377575135,-1.1220659022796585e-32,-5.136367701493656e-33,-1.0039382824577706e-32,0.9999999997992159,15.874361267677521,-1.442227007866005e-06,9.303622147192467e-07,1.9324542180517008e-39,-0.08389778213530805,-0.13005077228528739,-1.7365593483394018e-33,-0.08389661823374617,-0.13005152313634305,9.81
2.470249845312483,0.15235979744617686,0.08696127833421063,7.3582583634474e-37,-0.08329631241780788,0.0530194187470876,-3.7747478486099437e-35,-0.08255389840483396,-0.12969287619426773,-7.439712600757495e-32,0.34323266759986737,0.0934241992921514,1.3657575444689848e-29,-0.8436033415152112,0.5369668538973051,-3.822966234678012e-34,-0.5369839341114492,-0.8435924694461128,-4.839213693216105e-31,-2.601722377709532e-31,-4.0803239704546e-31,0.9999999997950322,15.769081672982809,-1.6609254834154538e-06,1.0572053090562295e-06,-7.526833677553708e-40,-0.0825548633626655,-0.12969226195591044,-7.439712807930683e-32,-0.08255389840483396,-0.12969287619426773,9.81
2.474156166958382,0.1520337854119544,0.0871673997038474,-4.100374180546793e-37,-0.08361617552922951,0.05251350964361734,-4.700284848313637e-34,-0.08122088052663834,-0.1293231574965814,1.0582228179633592e-31,0.33909011711279113,0.09580930782663089,3.7029895887137064e-29,-0.8468428717571111,0.5318431634929314,-4.760326209407817e-33,-0.531860491102199,-0.8468319892425697,6.929480379376495e-31,3.6450848011962297e-31,5.8934993586111705e-31,0.9999999997906625,15.663959391503372,-1.4282140045848522e-06,8.96961974500953e-07,-8.028366046893488e-39,-0.08122209846802265,-0.1293223925574778,1.0582228744601363e-31,-0.08122088052663834,-0.1293231574965814,9.81
2.478110699942281,0.15170248745616235,0.08737405489361148,-2.976142089818692e-36,-0.08393471367111616,0.052002846367219746,8.151088922623045e-34,-0.07988856947743805,-0.12893962031613704,2.1580611504936732e-31,0.334877979617902,0.09813288601939263,-1.1093211202160967e-28,-0.8500690005531255,0.5266713342290523,8.25521135512999e-33,-0.5266889237951858,-0.8500581024562197,1.4227480838043595e-30,7.5633804086898635e-31,1.205086113254111e-30,0.9999999997859192,15.55825473009785,-1.6955003794388674e-06,1.050469369479291e-06,1.646538572264548e-38,-0.0798895420127052,-0.12893901774138158,2.1580611947477437e-31,-0.07988856947743805,-0.12893962031613704,9.81
2.4820906097024995,0.15136780218959167,0.08758000032960991,6.131939584340355e-36,-0.08425001312543046,0.051490455488039544,1.2367141247216086e-33,-0.07856391369702287,-0.12854446937246333,-7.814265647308326e-31,0.3307816122837277,0.10039159655458896,-2.0781765430987786e-29,-0.8532622922380644,0.5214819849665414,1.2525120053478444e-32,-0.5214998047909439,-0.8532514011726013,-5.1869710011553065e-30,-2.694224857410872e-30,-4.432378613881017e-30,0.9999999997819193,15.452527271646375,-1.7065616947523339e-06,1.0429866503452774e-06,2.505078485230532e-38,-0.07856489172885352,-0.12854387160794978,-7.8142659184662885e-31,-0.07856391369702287,-0.12854446937246333,9.81
2.4861015814415257,0.1510292458351724,0.08778549306830004,6.840696932657372e-36,-0.08456246750543173,0.050975675210663596,-5.484519619514636e-33,-0.07724546091333906,-0.12813733403792327,6.407234352539318e-32,0.3265576242486947,0.10256601747281202,5.3690125142891415e-28,-0.856426808239946,0.5162684593580542,-5.554579674686731e-32,-0.5162865430478291,-0.856415906827823,4.282349779669322e-31,1.7351390842677604e-31,3.954294627402008e-31,0.9999999997770699,15.346658423519907,-1.558278021813916e-06,9.393561549371679e-07,-1.0106618971055822e-37,-0.07724660831314235,-0.12813664233302477,6.407236457049053e-32,-0.07724546091333906,-0.12813733403792327,9.81
2.4901576132808176,0.15068562242329936,0.08799119799461791,-3.862475627249457e-35,-0.08487309322369185,0.05045678979757895,1.9112563735354398e-33,-0.07592976737729806,-0.12771697282352612,3.5793114539923556e-30,0.32237182844873224,0.10467988355415159,-7.149780435552811e-28,-0.8595727797566103,0.511013342586565,1.935671119582572e-32,-0.511031676682148,-0.8595618799292071,2.408961831010785e-29,1.2326754665347461e-29,2.0696888281517686e-29,0.9999999997725274,15.240346139614362,-1.7913696059252233e-06,1.0649636560048203e-06,4.033983500116532e-38,-0.07593070015094902,-0.12771641826556593,3.579311553701008e-30,-0.07592976737729806,-0.12771697282352612,9.81
2.4942338047454795,0.15033903266470589,0.08819580848081802,2.2913787971766298e-35,-0.08517991889963028,0.04993706085109295,2.369421329847162e-32,-0.07462394236603132,-0.12728601175885945,-5.814218087788196e-30,0.318148474426307,0.1067015616965854,-1.5224126925314136e-27,-0.8626802734674733,0.5057496868709711,2.3996888787846528e-31,-0.5057682831221315,-0.8626693710731194,-3.9405561832439225e-29,-1.9722336748147596e-29,-3.411576951017312e-29,0.9999999997676585,15.134187441426764,-1.5031491630901446e-06,8.812270802223997e-07,4.181259779273115e-37,-0.07462518306129683,-0.1272852843604663,-5.8142184148564516e-30,-0.07462394236603132,-0.12728601175885945,9.81
2.4983608301958906,0.14998685751386745,0.08840081599722978,1.5662351940107945e-34,-0.08548518324738552,0.04941265728905897,-4.6925537645517266e-32,-0.0733201520792246,-0.12684157700722487,-8.829362411647196e-30,0.31385912320882525,0.10865978669060183,5.6867617709770866e-27,-0.8657719731871143,0.5004386979877664,-4.752497892255291e-31,-0.5004575714065935,-0.8657610635861457,-6.02653444669509e-29,-3.0570563281814134e-29,-5.193820383862592e-29,0.9999999997623874,15.027511131322756,-1.8173348486888493e-06,1.0504667668297053e-06,-9.975929350220725e-37,-0.07332109985903759,-0.1268410291382996,-8.829362551716983e-30,-0.0733201520792246,-0.12684157700722487,9.81
2.502517325068502,0.14963090546328853,0.08860510374974685,-3.704868202549258e-34,-0.08578722959947527,0.04888637932950246,-4.8954105034403724e-32,-0.07202420555891287,-0.12638586877913216,4.1671770035084457e-29,0.3097349200452246,0.11057081462842788,-1.9601156140467652e-27,-0.8688310392598755,0.49510870040689503,-4.957946089605189e-31,-0.49512781193794314,-0.8688201481581472,2.8646737047407427e-28,1.4140173115878636e-28,2.4913722490293896e-28,0.9999999997580666,14.920802105064181,-1.8437694460089453e-06,1.0506833354400715e-06,-1.0521389202163765e-36,-0.072025141907082,-0.12638533516809522,4.16717714349075e-29,-0.07202420555891287,-0.12638586877913216,9.81
2.5067039888175513,0.14927111198569054,0.08880866690825626,-2.4709327846972033e-34,-0.08608605360107902,0.04835821386270567,3.033017103323469e-31,-0.07073610885731618,-0.1259190106509731,-2.603737621989419e-29,0.3054358984145793,0.11237436581219029,-2.4254991969687992e-26,-0.8718575134614536,0.4897596106467041,3.0717620791906246e-30,-0.489779005068397,-0.8718466185024814,-1.8028039175216317e-28,-8.561594909018822e-29,-1.5868329865385055e-28,0.9999999997525781,14.814063297222509,-1.5365188208749015e-06,8.63128261033556e-07,5.4135224793642684e-36,-0.07073737342075394,-0.12591830025466114,-2.603737861330274e-29,-0.07073610885731618,-0.1259190106509731,9.81
2.510943501954543,0.14890551339956437,0.08901255057627969,2.2143130802245553e-33,-0.08638319658643212,0.04782538849494422,-2.8006850347309473e-31,-0.06945078592467979,-0.12543889063894564,-1.635647759662269e-28,0.30115303621304523,0.11411786561811255,5.155199599362585e-26,-0.8748669480077913,0.48436331744211664,-2.8364622582755944e-30,-0.4843829883546044,-0.8748560570703406,-1.1407642685925402e-27,-5.550258617422164e-28,-9.966430199948773e-28,0.9999999997472213,14.706839782393564,-1.9246307596916287e-06,1.0655569303860321e-06,-6.239968858593766e-36,-0.06945168175022925,-0.12543839464574402,-1.6356478001725643e-28,-0.06945078592467979,-0.12543889063894564,9.81
2.5152069836356477,0.1485365890358437,0.08921531315608691,-2.6698882590077713e-33,-0.08667656259614631,0.04729161925443037,-1.0887367765950975e-30,-0.06817550344879919,-0.12494862525541262,4.163466646618702e-28,0.2969537220454752,0.11579782921882753,3.096766718851103e-26,-0.8778381147159933,0.4789574556804296,-1.102644833576615e-29,-0.4789773864673669,-0.8778272399811313,2.9250599103714353e-27,1.3912999356749478e-27,2.5730104965576757e-27,0.999999999742252,14.599764545347844,-1.737921258042104e-06,9.482276173370308e-07,-2.1829878017578222e-35,-0.06817660243648754,-0.12494802560410684,4.163466840952582e-28,-0.06817550344879919,-0.12494862525541262,9.81
2.519516205246735,0.14816244758079217,0.08941794309893424,-7.113875459155995e-33,-0.08696758668412485,0.04675426372028468,3.3448839141654875e-30,-0.066905288788627,-0.12444611607514222,9.225028165312116e-29,0.2926347506981122,0.11739503995891454,-3.059057307736068e-25,-0.8807855977342927,0.47351529101375905,3.3876133511565616e-29,-0.4735355111659957,-0.8807747269675483,6.5290965125593015e-28,3.389999457645091e-28,5.590318652492163e-28,0.999999999736486,14.492394397883244,-1.8284302414571312e-06,9.829743811763765e-07,7.032375090546322e-35,-0.06690631728933744,-0.12444556311693995,9.225027322794967e-29,-0.066905288788627,-0.12444611607514222,9.81
2.523867217488689,0.14778341729135797,0.08962019349368058,2.66651270143259e-32,-0.08725592514007374,0.04621390802418013,-3.684910600918191e-31,-0.06564139712200046,-0.12393189103481816,-2.2522438416710453e-27,0.2884574275521601,0.11895186400526647,4.295649839340537e-25,-0.883705840876325,0.4680427189916186,-3.731983834806593e-30,-0.46806319570035154,-0.8836949953636574,-1.6059660187391047e-26,-7.519904955625548e-27,-1.4190268705806422e-26,0.9999999997315395,14.384827716076863,-2.003175814808535e-06,1.0609546883287507e-06,-8.459624700146373e-36,-0.06564226565416345,-0.12393143100285928,-2.2522439064215527e-27,-0.06564139712200046,-0.12393189103481816,9.81
2.52824459232944,0.14740083653913102,0.08982130171799722,-1.0760266840162846e-32,-0.08754049700122479,0.04567255189588337,-1.638754720796202e-29,-0.06438762778472373,-0.1234078176143516,3.892873701357121e-27,0.2841555553009121,0.12039220132511375,7.560627973972981e-25,-0.8865879649030216,0.46256002906554594,-1.659689244014226e-28,-0.46258079926929846,-0.8865771281436133,2.7967047330452296e-26,1.2789293973694616e-26,2.487202161475566e-26,0.9999999997255817,14.27740807717842,-1.5711934431468236e-06,8.197396237034268e-07,-2.94126805357853e-34,-0.06438894770192678,-0.12340712893387995,3.8928739601434665e-27,-0.06438762778472373,-0.1234078176143516,9.81
2.5326808245947396,0.14701185304617992,0.09002270141265983,-1.1869710515837933e-31,-0.0878233386734486,0.04512627124351454,3.483677306878447e-29,-0.06313723009566807,-0.12287072219550144,4.334631406873028e-27,0.2798069865717272,0.12176867558040705,-3.601635311599888e-24,-0.8894525793464806,0.4570274708306852,3.528180336818164e-28,-0.4570485460664497,-0.8894417499412451,3.1377828590095527e-26,1.4654340729978907e-26,2.774783560443191e-26,0.9999999997192792,14.169515525170132,-2.0250675947283787e-06,1.0405406005566967e-06,8.032810106299222e-34,-0.06313811643402635,-0.12287026674166424,4.3346314347105204e-27,-0.06313723009566807,-0.12287072219550144,9.81
2.5371504593865097,0.14661868417001245,0.09022317201452529,3.0345897286862963e-31,-0.08810274720690359,0.044578299681163,2.1732480144148099e-29,-0.061895841647775285,-0.12232331513890582,-2.843100229111872e-26,0.27570208063937063,0.12313787847606328,3.6023879066711355e-24,-0.8922823722829408,0.45147776037489074,2.2010107009572216e-28,-0.45149908397115157,-0.8922715826323346,-2.073870093750562e-25,-9.343423259334347e-26,-1.8514714813736896e-25,0.9999999997144439,14.061652474323544,-2.0630098293540415e-06,1.0438433911959007e-06,5.0888674388698206e-34,-0.06189670192973499,-0.12232287982691752,-2.8431003204886233e-26,-0.061895841647775285,-0.12232331513890582,9.81
2.5416518958863374,0.14622146819124862,0.09042259906777073,7.162500027273761e-32,-0.08837857131343796,0.04402891764261341,-2.2184737837169896e-28,-0.0606640170416739,-0.12176600103394897,3.7349766887674815e-26,0.2713705427669071,0.12436099175325843,1.1488747065046976e-23,-0.8950759139738022,0.44591379012535914,-2.246814380541449e-27,-0.4459354261724091,-0.8950651348837312,2.7454842490169362e-25,1.204138835042837e-25,2.4674361647726824e-25,0.9999999997078464,13.953872877878407,-1.5766488707307077e-06,7.854635150700466e-07,-3.957694873158963e-33,-0.06066538377784116,-0.12176532010464956,3.734976991001295e-26,-0.0606640170416739,-0.12176600103394897,9.81
2.54621681171346,0.14581739544938974,0.09062231865446498,-1.729666805070439e-30,-0.08865267048264336,0.04347436200532151,3.72052311073845e-28,-0.05943579231810148,-0.12119574387705878,7.533054236993957e-26,0.26703406520695694,0.12552358316019863,-4.271172196816354e-23,-0.8978519821480403,0.4402974201069493,3.768052368211646e-27,-0.44031936954222956,-0.8978412180368718,5.580649381599414e-25,2.4909766525186823e-25,4.994005644510538e-25,0.9999999997011781,13.845613683244737,-2.1284356398226533e-06,1.0437630474853473e-06,8.932493454023972e-33,-0.05943662674055403,-0.12119533465952582,7.533054351183074e-26,-0.05943579231810148,-0.12119574387705878,9.81
2.5508125846008864,0.14540934027334887,0.09082083703561222,3.52735326513916e-30,-0.08892300639788076,0.04291869889240729,4.648407419905081e-28,-0.05821792638910139,-0.12061608129356305,-3.5707905382292526e-25,0.26293618163094745,0.12668604476964163,3.5346043669505086e-23,-0.9005898927557892,0.4346698115421822,4.707790378843176e-27,-0.43469201898076065,-0.9005791739955071,-2.6661380619146116e-24,-1.1546499909471405e-24,-2.4031434301565252e-24,0.9999999996959689,13.737497257344698,-2.077443296172826e-06,1.002678237120608e-06,1.085973498146592e-32,-0.058218823221702395,-0.12061564840994184,-3.5707906686487607e-25,-0.05821792638910139,-0.12061608129356305,9.81
2.555447885400597,0.1449965300042578,0.0910184823207419,2.5073993435323885e-30,-0.08919003643205592,0.042360969203329546,-2.954124321868475e-27,-0.057008772669069785,-0.12002625147615387,4.1188903912368754e-25,0.2586147587357166,0.12770439692783775,1.514149625990796e-22,-0.9032943740673027,0.4290212975813202,-2.9918632024239314e-26,-0.42904382547406467,-0.9032836740595838,3.099776687001677e-24,1.3028452046120935e-24,2.812847246570228e-24,0.9999999996890019,13.629370342319447,-1.703136549202998e-06,8.089077860710781e-07,-5.641075286807958e-32,-0.05701006297411505,-0.12002563860399802,4.1188907435364505e-25,-0.057008772669069785,-0.12002625147615387,9.81
2.560144011306278,0.14457705380865296,0.09121609125214332,-2.4373625424589614e-29,-0.0894549062170853,0.041798718965068815,4.449105311606879e-27,-0.05580495636262661,-0.1194243611109842,1.0540656504230226e-24,0.2543354290735307,0.12867078766588413,-5.315614987716218e-22,-0.9059769627471863,0.4233269929633395,4.505942812538683e-26,-0.423349832431678,-0.905966290421487,7.996282439962609e-24,3.4258645231421964e-24,7.225371776879635e-24,0.99999999968223,13.520897549632991,-2.2189151268013597e-06,1.0368107654982465e-06,1.103593698114152e-31,-0.05580574814238764,-0.11942399111948156,1.054065668000391e-24,-0.05580495636262661,-0.1194243611109842,9.81
2.5648738354271923,0.1441533236663649,0.09141245598981282,4.513254037849037e-29,-0.08971601079494818,0.04123530157276889,6.946112349434235e-27,-0.0546115553743558,-0.11881337301517281,-4.643786230163536e-24,0.2502396727696903,0.1296250974373372,4.703380858573186e-22,-0.9086213863949735,0.4176208521921245,7.034849384267951e-26,-0.41764396381558677,-0.9086107634671762,-3.551291960185505e-23,-1.4767016349257947e-23,-3.2297178867387673e-23,0.999999999676503,13.412565601377226,-2.0762607598956204e-06,9.54291634451753e-07,1.6075102289065178e-31,-0.05461250127226368,-0.11881293823213092,-4.643786418506655e-24,-0.0546115553743558,-0.11881337301517281,9.81
2.56964768526465,0.14372441066932667,0.09160795325751227,4.0954459305387406e-29,-0.08997386423718012,0.04066958254453468,-4.0141421158714744e-26,-0.05342694360142275,-0.11819240687629762,5.672178268884067e-24,0.24593364614146918,0.13043483643245146,1.8189072782639977e-21,-0.9112329317976186,0.41189142259522304,-4.0654233536702206e-25,-0.411914866978348,-0.9112223342095,4.3730735823643854e-23,1.764186453374843e-23,4.0016347446239904e-23,0.999999999669026,13.304213057686866,-1.7785869715645202e-06,8.039489052287062e-07,-7.935083070876006e-31,-0.053428205916021224,-0.11819183625140135,5.672178757674177e-24,-0.05342694360142275,-0.11819240687629762,9.81
2.5744831579903686,0.1432887199659873,0.09180322813276243,-3.4546995389022056e-28,-0.09022933474371442,0.040099591227896525,6.337898492382404e-26,-0.05224857406335026,-0.11755993816189125,1.2792255361478423e-23,0.24170327288538385,0.1312058856459295,-7.005219398533693e-21,-0.9138203263169236,0.40611871566086594,6.418866419577465e-25,-0.40614247724390923,-0.9138097658583983,9.943626744109234e-23,4.0969491505281844e-23,9.06061849298814e-23,0.999999999661932,13.195578352696366,-2.3009088270517294e-06,1.0225665929988544e-06,1.6162068164972705e-30,-0.05224933003847331,-0.11755960216897383,1.2792255541897882e-23,-0.05224857406335026,-0.11755993816189125,9.81
2.57935534880499,0.1428484853349914,0.09199720564510513,6.667791995780436e-28,-0.09048103276454889,0.0395283735957932,8.340634050350875e-26,-0.051080716204303656,-0.11691867419458424,-6.295706734465596e-23,0.2376469653731661,0.13196846340912138,8.220270852241473e-21,-0.9163694828682991,0.4003335744946781,8.447187524265727e-25,-0.4003576137463947,-0.9163589804848821,-4.934325159726415e-22,-1.9676353727645985e-22,-4.525046890762616e-22,0.999999999655907,13.087083683737434,-2.1431382197188935e-06,9.362710131405949e-07,1.9755667087168088e-30,-0.05108164024193495,-0.11691827048216479,-6.2957069877416e-23,-0.051080716204303656,-0.11691867419458424,9.81
2.5842725241623206,0.14240295675849382,0.09219016011211008,4.597855687142859e-28,-0.09072933020879681,0.0389550605934641,-5.589926678652712e-25,-0.04992234634552517,-0.11626801879898796,9.541171330816258e-23,0.23337518086620257,0.1325734987157503,1.860274867228505e-20,-0.9188842487106247,0.39452723286423574,-5.6613396843562914e-24,-0.3945516170992452,-0.9188737788425408,7.54048673804041e-22,2.9229068013177935e-22,6.9511713984708e-22,0.9999999996478955,12.978621137985487,-1.7991645233378637e-06,7.724796696167174e-07,-1.1084836342500301e-29,-0.049923632584,-0.11626746650608125,9.541172133119468e-23,-0.04992234634552517,-0.11626801879898796,9.81
2.5892558846324354,0.14195019999646866,0.09238284352472176,-4.93642993630384e-27,-0.09097521430400413,0.038377301346864456,1.0581578419542355e-24,-0.04877047018519853,-0.11560609213907203,1.1940715959167262e-22,0.2291737363627364,0.13314335252231935,-9.501683670885199e-20,-0.9213745602053411,0.38867585441652297,1.0716761963324173e-23,-0.3887005696500772,-0.921364133854637,9.516606373638686e-22,3.79761551446039e-22,8.726702897359207e-22,0.9999999996402242,12.86988070668749,-2.3715075400321173e-06,1.0004050026861883e-06,2.758365913107978e-29,-0.04877119976702653,-0.1156057843466784,1.194071598533347e-22,-0.04877047018519853,-0.11560609213907203,9.81
2.594279163845086,0.14149259082903898,0.09257416484892025,1.1220006858913554e-26,-0.09121731299728886,0.03779825866338804,6.194312706942942e-25,-0.04762924530870549,-0.11493567591576959,-8.633897900666446e-22,0.2251895421470529,0.1337320750886697,1.5957633267739423e-19,-0.9238264916693467,0.38281145919356474,6.2734474282618195e-24,-0.382836447836483,-0.92381613658127,-6.939671554359008e-21,-2.650790282082023e-21,-6.413454129730169e-21,0.9999999996341699,12.761281279627278,-2.2770324650587086e-06,9.435474393087995e-07,1.5462690874104115e-29,-0.047630077212442536,-0.11493533116852063,-8.633898204600663e-22,-0.04762924530870549,-0.11493567591576959,9.81
2.599344532085797,0.1410299305727668,0.0927641524284534,1.0932775393556426e-27,-0.09145568111527069,0.03721778424969635,-7.71787751740521e-24,-0.04649878115004391,-0.1142568935394328,1.759343928140631e-21,0.22098888687914453,0.13414792620266525,9.916683242395339e-20,-0.9262406953914857,0.37693258575068456,-7.816476955278052e-23,-0.3769579315278543,-0.9262303805523988,1.4262297185940485e-20,5.303525972792596e-21,1.3239784893234511e-20,0.9999999996255979,12.652829039436723,-1.7756641875036644e-06,7.226044989717876e-07,-1.4984699194272202e-28,-0.04650013204926895,-0.114256343749458,1.7593440726505688e-21,-0.04649878115004391,-0.1142568935394328,9.81
2.604484728862473,0.14055921617695008,0.09295394973880369,-6.840745461499721e-26,-0.09169177496222147,0.03663225373563961,1.9087919668345966e-23,-0.04537425845728471,-0.1135665989167518,8.555298209311976e-23,0.21678475402846242,0.13449989057882306,-1.2313491913767613e-18,-0.9286318656242999,0.37100250423296605,1.933177807912012e-22,-0.37102821176134126,-0.928621594664469,6.995588306763909e-22,4.39057143914548e-22,5.779062715363402e-22,0.9999999996168151,12.54402683912544,-2.312002843079292e-06,9.236801754584429e-07,4.813007988979148e-28,-0.045375090378335356,-0.11356626652497727,8.555291527891088e-23,-0.04537425845728471,-0.1135665989167518,9.81
2.609668227490082,0.14008332247605837,0.09314230727367996,2.009870966202881e-25,-0.09192406272879872,0.03604538732047402,-7.280749252080773e-24,-0.04426093406619103,-0.11286833968105991,-1.1031499276359699e-20,0.21284792012203457,0.13490319234783854,3.036684568579622e-18,-0.9309844361917758,0.3650588713737569,-7.373764862307987e-23,-0.3650848596173675,-0.9309742452281734,-9.09915600147478e-20,-3.3285924055293077e-20,-8.468480569944404e-20,0.9999999996103778,12.435402924588637,-2.4690164702516766e-06,9.68154064658956e-07,-1.9555586737060355e-28,-0.04426161578356936,-0.1128680723431667,-1.1031499561886435e-20,-0.04426093406619103,-0.11286833968105991,9.81
2.614896157618738,0.13960214511050953,0.09332920761454419,-1.494983620404376e-25,-0.0921525452615981,0.035457164281627485,-9.629625552295199e-23,-0.04315838014344742,-0.1121620465295643,3.216418481138963e-20,0.2087877533916398,0.13517237054356634,-2.0869675536028807e-18,-0.9332985068853186,0.35910151356633835,-9.752649939628984e-22,-0.3591278412836939,-0.9332883764490556,2.6763586827044037e-19,9.519824189773306e-20,2.5013440105771924e-19,0.9999999996021129,12.326924429160709,-1.951596245577477e-06,7.50907839760822e-07,-2.0393512757382016e-27,-0.043159592587592985,-0.11216157998303951,3.216418697890406e-20,-0.04315838014344742,-0.1121620465295643,9.81
2.6201931376789966,0.13911340953318124,0.09351544998676453,-8.165891774361333e-25,-0.09237822492750247,0.0348649409848214,3.380825534045632e-22,-0.04206375490070435,-0.11144565255514749,-3.4435341798249256e-20,0.20462337513661089,0.1353242198942457,-1.2615042373129956e-17,-0.9355842097114295,0.35310364843575315,3.4240179305508766e-21,-0.35313035153639805,-0.9355741311215161,-2.890819654963123e-19,-9.887247411340675e-20,-2.716696468861764e-19,0.9999999995926833,12.218277349775066,-2.1690273188090987e-06,8.186237560214305e-07,7.938129303986176e-27,-0.042064766743837474,-0.11144527063723267,-3.4435344896144026e-20,-0.04206375490070435,-0.11144565255514749,9.81
2.6255463982262413,0.1386182821832012,0.09370049422440901,3.503670252264606e-24,-0.09260047308631236,0.03427028181188341,-4.762171975915393e-22,-0.04097932138721916,-0.11072080214667457,-1.0219379646833508e-19,0.20068002981722888,0.13551493388628977,5.126314846862203e-17,-0.9378351196461528,0.347081097667802,-4.823012211444441e-21,-0.3471081135639153,-0.9378251209570471,-8.656016283478981e-19,-3.0495710532060044e-19,-8.1011750001714555e-19,0.9999999995850838,12.109690605531945,-2.5783267657153866e-06,9.542066246446535e-07,-1.325958179176658e-26,-0.040979932594774685,-0.11072057592635175,-1.0219379783265229e-19,-0.04097932138721916,-0.11072080214667457,9.81
2.6309477384098585,0.13811751782419407,0.09388398455888887,-6.062065566357808e-24,-0.09281888928928339,0.03367421800311554,-7.56149188209705e-22,-0.03990570428411111,-0.1099882327881101,5.230535095985805e-19,0.196781602090343,0.1356561364188682,-9.14460036076409e-17,-0.9400472179703148,0.3410443196804068,-7.658095740961576e-21,-0.3410716461964092,-0.9400373036006983,4.4703998974553505e-18,1.517405596055971e-18,4.2049989461387815e-18,0.9999999995774833,12.00124685953903,-2.241325772648566e-06,8.131415195988917e-07,-1.8258962981335496e-26,-0.039906660269854406,-0.10998788592992693,5.230535342577557e-19,-0.03990570428411111,-0.1099882327881101,9.81
2.6364054700684587,0.13761034297938943,0.09406613130072361,-4.59235354200394e-24,-0.09303375171576711,0.033075953248438594,5.268833548220064e-21,-0.03884268110801692,-0.10924769914986365,-1.118703566261013e-18,0.19272189497586156,0.1356394909581553,-1.2077564610972195e-17,-0.942223366270236,0.33498526542877244,5.33614735573445e-20,-0.3350129772603488,-0.9422135135239555,-9.648367042035758e-18,-3.181782893043287e-18,-9.108793659485175e-18,0.9999999995674891,11.892903976631676,-1.990212584233272e-06,7.075730815593615e-07,1.1271284494615148e-25,-0.03884390401594699,-0.1092472643333166,-1.1187036584562223e-18,-0.03884268110801692,-0.10924769914986365,9.81
2.641938447773704,0.13709499483904738,0.09424746757383769,5.2603731070892474e-23,-0.09324571823901096,0.032473564380325115,-1.33882903407769e-20,-0.03778786487370844,-0.10849746549728945,4.340644598143477e-19,0.18873250174603706,0.13559269353838665,6.446752114092919e-16,-0.9443701744075977,0.328884438198835,-1.3559337975960176e-19,-0.32891252038456703,-0.9443603940944749,3.77810073008819e-18,1.1145095185272834e-18,3.612524005687049e-18,0.9999999995578682,11.784400325800286,-2.459664249664626e-06,8.565976741230311e-07,-3.531604425087912e-25,-0.03778863156962395,-0.10849719846376338,4.340645237685174e-19,-0.03778786487370844,-0.10849746549728945,9.81
2.647523338275464,0.1365736384697599,0.09442713679947617,-1.5591648118405359e-22,-0.09345381778688022,0.031869731842434135,1.0491724268638088e-20,-0.03674457717999502,-0.10774019749667474,6.086684081156425e-18,0.1849377164397925,0.13558126828829664,-2.08890034144707e-15,-0.9464777801345274,0.3227689757576108,1.0625765892421575e-19,-0.32279736119103575,-0.9464680996251822,5.346996148136365e-17,1.7359014185651272e-17,5.057383075485268e-17,0.9999999995502773,11.676095797678617,-2.5863900252479257e-06,8.820137956543672e-07,2.903647131670918e-25,-0.03674522201916684,-0.10773997757126663,6.0866842242438044e-18,-0.03674457717999502,-0.10774019749667474,9.81
2.6531614700043966,0.1360461495880687,0.09460511009391541,1.7546972684934874e-22,-0.09365804817541523,0.03126443427219883,5.511644423630531e-20,-0.03571250459408937,-0.10697583508667652,-2.3341489470252573e-17,0.18107861224189747,0.1354608051283499,3.459963957039807e-15,-0.9485462263904898,0.31663868430809544,5.582061148070415e-19,-0.31666741944069976,-0.9485366336967528,-2.0696575150082827e-16,-6.500388430301049e-17,-1.9649334826807447e-16,0.999999999541136,11.56796332698593,-2.156797837519406e-06,7.199708465336817e-07,1.2692451962908439e-24,-0.035713588535137925,-0.10697547321471239,-2.3341490902414546e-17,-0.03571250459408937,-0.10697583508667652,9.81
2.658870060691909,0.13551091232169118,0.094781842894411,4.689556085286105e-22,-0.09385896526723236,0.030655960902279844,-2.587897712872407e-19,-0.034690208287234015,-0.10620317684865821,4.657666767838618e-17,0.1771283071955687,0.1352166228655225,1.1642866085828901e-15,-0.950581141464409,0.31047623659826384,-2.6209608798598306e-18,-0.31050537329075373,-0.9505716244226783,4.1688591358560385e-16,1.2694175849977068e-16,3.9709771003301763e-16,0.9999999995302393,11.459827800357234,-2.1817059318360264e-06,7.125828796025188e-07,-6.015442185073539e-24,-0.03469128189029763,-0.10620282615491615,4.657667141479739e-17,-0.034690208287234015,-0.10620317684865821,9.81
2.6646490549977986,0.1349679227213367,0.09495723010367678,-2.8413476594540033e-21,-0.09405648329445171,0.030044470923131783,6.045591552977871e-19,-0.03367800466435433,-0.1054225415473855,-1.1536922528278628e-17,0.17331361625832997,0.13498222785075598,-2.8260579975265772e-14,-0.9525816064712124,0.3042832282803705,6.1228307841105145e-18,-0.3043127217095912,-0.9525721848792883,-1.0424502615130643e-16,-2.588757479182485e-17,-1.0116514977832497e-16,0.9999999995206855,11.351718951167713,-2.6067494307430566e-06,8.326742052503468e-07,1.6755189846822313e-23,-0.033678661998534275,-0.10542233155264019,-1.1536924848408539e-17,-0.03367800466435433,-0.1054225415473855,9.81
2.6704853910999726,0.1344184039774325,0.09513078424316919,7.626805510905523e-21,-0.09425008872215379,0.029431488196335565,-4.113426766844035e-19,-0.032677325272792324,-0.10463532511595908,-2.8377743030518535e-16,0.16962445009842053,0.13475247546316638,9.504542848366346e-14,-0.954542423491489,0.2980750941541322,-4.165980539767007e-18,-0.2981049026873588,-0.9545331146658875,-2.588757790104456e-15,-7.756207884078903e-16,-2.4698372355753743e-15,0.9999999995123985,11.243806909962881,-2.585734506794943e-06,8.074476708445252e-07,-1.128511354886661e-23,-0.03267800713375252,-0.10463511216777314,-2.837774379756221e-16,-0.032677325272792324,-0.10463532511595908,9.81
2.676380515604695,0.13386222025175779,0.0953024683660266,-7.927555912653064e-21,-0.09443977754308008,0.02881699221179712,-2.7375291946287983e-18,-0.03168827863452517,-0.1038417134904317,1.1202282830009312e-15,0.16587064605159085,0.13440956931547987,-1.866873244851605e-13,-0.9564636005485595,0.2918516418074183,-2.7725044448638832e-17,-0.2918818197290568,-0.956454391652657,1.0318114477867006e-14,2.9848409102007127e-15,9.876993360798635e-15,0.9999999995022445,11.13610205310001,-2.2099165003564166e-06,6.743254615402161e-07,-6.405892829065517e-23,-0.03168934511318046,-0.1038413880324346,1.1202283544413612e-15,-0.03168827863452517,-0.1038417134904317,9.810000000000002
2.682351895510693,0.13329771960620626,0.09547269422629286,-2.4873295491164803e-20,-0.09462604276653508,0.02819931087395755,1.3114372300722242e-17,-0.030709312627732466,-0.10304038592881382,-2.5643168561603876e-15,0.16206805914627997,0.1339642858549599,9.338483433738752e-14,-0.9583501250842397,0.2855959344091268,1.3281925321348462e-16,-0.2856265282851322,-0.9583410073349584,-2.3849847662084236e-14,-6.6841333916501875e-15,-2.2894441192383282e-14,0.9999999994904408,11.02841657868845,-2.2600740541651086e-06,6.735199844382245e-07,3.1322722272822385e-22,-0.03071034198926625,-0.10304007913513707,-2.5643170558840377e-15,-0.030709312627732466,-0.10304038592881382,9.809999999999999
2.6883975864609413,0.13272507868181527,0.09564129547563475,1.5205438640515464e-19,-0.09480874119569904,0.027578808399151278,-3.4333586076693733e-17,-0.029740975677512438,-0.10223188963348173,2.348681374233091e-15,0.15838049864385262,0.13352226061414818,1.0246535291507448e-12,-0.9602005018629177,0.2793116471295119,-3.4772243746540264e-16,-0.27934261069366784,-0.9601914943649761,2.2059538681164706e-14,5.827605957099158e-15,2.1278713805997148e-14,0.9999999994800614,10.920808962088167,-2.6331470340193322e-06,7.659531876719714e-07,-9.535553283898546e-22,-0.02974163923388042,-0.10223169658910541,2.3486815688155347e-15,-0.029740975677512438,-0.10223188963348173,9.810000000000002
2.694506433465002,0.1321453517499229,0.09580786266166033,-4.502574128938282e-19,-0.09498746981097739,0.026956780737614316,4.29562297484514e-17,-0.028784498033309625,-0.10141751104843921,9.916792520323291e-15,0.15481092392718,0.13308817047853694,-4.599687602817609e-12,-0.962010654128608,0.2730119069620365,4.3505054678728566e-16,-0.2730431959752006,-0.9620017739753124,9.406647887438014e-14,2.609978817647694e-14,9.037416728181177e-14,0.9999999994710701,10.813429945129545,-2.6991047400412433e-06,7.65987080295287e-07,1.2206174515340827e-21,-0.028785097527306056,-0.10141734089515965,9.916792684682895e-15,-0.028784498033309625,-0.10141751104843921,9.810000000000011
2.7006800013580765,0.13155839172891923,0.09597234953137472,6.980805397677472e-19,-0.09516222281338926,0.026333209355034803,8.711263391453464e-17,-0.02783975291285845,-0.10059727454635725,-5.490634783017806e-14,0.15122725139889903,0.13257362744177925,1.2157553518694322e-11,-0.963780554903263,0.26669653539249155,8.822562165017255e-16,-0.26672818171469714,-0.9637717972005466,-5.260314178920425e-13,-1.394404630000384e-13,-5.072141744289769e-13,0.9999999994609065,10.70626676408139,-2.378532616694449e-06,6.581855225893384e-07,2.1773371298629518e-21,-0.027840677581310556,-0.10059701864020226,-5.490635076137898e-14,-0.02783975291285845,-0.10059727454635725,9.809999999999945
2.7069263754091177,0.1309634298827756,0.09613487411095425,6.171910291803037e-19,-0.09533316953959137,0.025707428388932918,-6.48067239114023e-16,-0.02690652849635189,-0.09977099662360422,1.6423159050335092e-13,0.14758996159080517,0.13194552052227682,-2.084872823716125e-11,-0.9655119361706797,0.26035879303750364,-6.5634726908551e-15,-0.2603908669565701,-0.9655032865845697,1.5893057041751368e-12,4.0745266045222974e-13,1.5362026959494591e-12,0.9999999994482243,10.59928379017227,-2.2382141177762293e-06,6.035541399673651e-07,-1.5215200028054025e-20,-0.026907604659959804,-0.09977070638826402,1.6423160332614957e-13,-0.02690652849635189,-0.09977099662360422,9.810000000000164
2.7132606879677152,0.130359020119085,0.096295711442547,-7.56753914349356e-18,-0.09550064379713064,0.025078094699233056,2.2031926106366204e-15,-0.02598329090184226,-0.09893736875892345,-3.2710391225762747e-13,0.14401193775962162,0.1312892884547887,-1.984933264076393e-12,-0.9672081400525032,0.2539850661282612,2.2313418448130816e-14,-0.2540175527419119,-0.9671996086118988,-3.1977345960978265e-12,-7.905953032607095e-13,-3.098542931020822e-12,0.9999999994359173,10.492298550497665,-2.549869025036526e-06,6.695856105048409e-07,5.882528505237646e-20,-0.025984064174210352,-0.09893716567286678,-3.2710393459116656e-13,-0.02598329090184226,-0.09893736875892345,9.809999999999674
2.7196643543688386,0.12974693321661931,0.09645427465192788,2.916889387315995e-17,-0.09566408056589104,0.024447224250370603,-4.9231084059481484e-15,-0.025072350119671682,-0.09809868047552395,1.4948880044785342e-13,0.14056050371212758,0.1306543507440363,1.7059093291179788e-10,-0.9688634248902732,0.24759576714857215,-4.986009004714871e-14,-0.2476285988847959,-0.9688550340553291,1.4764031605210757e-12,3.1724397390916015e-13,1.4427798068599184e-12,0.9999999994258355,10.385587374144736,-2.7757534009533315e-06,7.093515712001752e-07,-1.4284708346368482e-19,-0.02507289865589967,-0.09809854027574919,1.4948881908513573e-13,-0.025072350119671682,-0.09809868047552395,9.81000000000015
2.726139057063639,0.1291270113143932,0.096610506948433,-7.249202449437067e-17,-0.09582347048539575,0.023814803455573852,4.3087026070216126e-15,-0.024173342646331086,-0.09725479890201072,1.8835674123988723e-12,0.13715454544876549,0.12998270227582687,-7.118380319714063e-10,-0.9704777247648504,0.2411907662727559,4.363753349330014e-14,-0.24122394028075708,-0.9704694794971275,1.8795451801624283e-11,4.5756383168921924e-12,1.8230040882594355e-11,0.9999999994157502,10.279115867389768,-2.6504721933032786e-06,6.58716220861583e-07,1.1917848927069116e-19,-0.024174016682671582,-0.09725463136072746,1.8835674638346018e-12,-0.024173342646331086,-0.09725479890201072,9.810000000001883
2.732686514402023,0.12849909320042224,0.09676434876349593,8.820550118952503e-17,-0.09597880473451248,0.02318081827688534,1.9671987452313344e-14,-0.023286549657115962,-0.09640607650261535,-9.263530743891614e-12,0.13373095084532394,0.12922373904435336,2.044694156797637e-09,-0.9720509668587919,0.23476992530749716,1.9923330443579876e-13,-0.23480349199764702,-0.972042859212345,-9.340251998977263e-11,-2.173443933063683e-11,-9.083879053870987e-11,0.9999999994037716,10.172914126252337,-2.396814547141994e-06,5.788790828806315e-07,4.912553956815941e-19,-0.023287481946059514,-0.0964058513019491,-9.263531302166877e-12,-0.023286549657115962,-0.09640607650261535,9.809999999990737
2.739318986837393,0.1278620043652155,0.09691597449501757,1.8594970670884849e-16,-0.09613031064991517,0.0225442505515554,-1.1977084537953203e-13,-0.02241107072243409,-0.09555170798114654,2.9473766746776245e-11,0.13030612839700284,0.12838929006125177,-4.4579617970048935e-09,-0.9735854551468177,0.22832293254634697,-1.2130112991812508e-12,-0.2283569409218594,-0.9735774789572786,3.0030928380269984e-10,6.738653586612204e-11,2.926537503054511e-10,0.9999999993899054,10.066868108966155,-2.381695301667136e-06,5.585494861634843e-07,-2.967405990769928e-18,-0.02241202677527774,-0.095551483734687,2.947376892631299e-11,-0.02241107072243409,-0.09555170798114654,9.810000000029474
2.746041011054926,0.12721530789116345,0.09706535874689944,-1.5355273642323764e-15,-0.09627801541168246,0.021904850077362426,4.223847422986106e-13,-0.0215466821262309,-0.09469157909814396,-7.065431933927547e-11,0.1269539948619931,0.1275419982804218,4.9646924844157275e-09,-0.9750814321739952,0.22184724616165574,4.277814802142232e-12,-0.2218816663461999,-0.9750736003704713,-7.275544823058778e-10,-1.5723477405128516e-10,-7.103740352680448e-10,0.9999999993769568,9.960949477273044,-2.6362385664061584e-06,5.997881273140654e-07,1.156553697900601e-17,-0.02154738851087758,-0.09469141835765994,-7.065432377190929e-11,-0.0215466821262309,-0.09469157909814396,9.809999999929346
2.752840765338853,0.12656014304580893,0.09721211726381765,6.003429030360022e-15,-0.09642159341435352,0.021263919016088373,-1.0988012542716758e-12,-0.020694682809563325,-0.09382717819279351,9.971056202045608e-11,0.12368763360381707,0.12669173422293944,1.3710534162439826e-08,-0.976535595983807,0.21535605349409365,-1.112840495278741e-11,-0.2153908359645481,-0.9765279247325664,1.0377620416097037e-09,2.126211395529101e-10,1.0158085302384374e-09,0.9999999993656657,9.85532521474463,-2.776881548014661e-06,6.123875603311067e-07,-3.164478847399101e-17,-0.02069524791662412,-0.09382705354824505,9.971056862005839e-11,-0.020694682809563325,-0.09382717819279351,9.810000000099711
2.7597200839512936,0.12589633862740301,0.097356178386842,-1.691944330478538e-14,-0.09656103218254763,0.020621450220197346,1.838099673920049e-12,-0.019855007811655057,-0.09295862255834719,1.1507735548192629e-10,0.12046861427485478,0.12580958943732146,-1.0163194791756755e-07,-0.9779478388546037,0.2088492865192746,1.8615849096467655e-11,-0.20888442490846856,-0.9779403340851927,1.21063472090156e-09,2.7104538738043103e-10,1.1800490480153284e-09,0.9999999993544859,9.74999344382575,-2.757796010523276e-06,5.889513798998429e-07,5.2496372844252085e-17,-0.01985559011721985,-0.09295849818004026,1.1507735347156411e-10,-0.019855007811655057,-0.09295862255834719,9.810000000115078
2.766680836514583,0.12522372030193046,0.09749746721892742,3.2289909879250574e-14,-0.09669632026626651,0.01997743595668844,4.427881940406468e-13,-0.0190276489848058,-0.09208603766580992,-1.3238993458095919e-09,0.11727869770075805,0.12488143642372762,3.896911340360049e-07,-0.97931804776508,0.2023268675228092,4.484456787675591e-12,-0.20236238167301096,-0.9793107098789569,-1.4079344605213975e-08,-2.844238014186946e-09,-1.3789063757946026e-08,0.9999999993424501,9.644954184391963,-2.585902867189426e-06,5.342468956134184e-07,1.1841270250764482e-17,-0.019028402531341502,-0.09208588195478773,-1.3238994041806818e-09,-0.0190276489848058,-0.09208603766580992,9.809999998676101
2.773724927864478,0.12454211065421827,0.09763590552111849,-1.1829407592688897e-14,-0.09682744299278312,0.019331872531849648,-1.689127810582088e-11,-0.018212803192435345,-0.0912097574143933,5.672645516946629e-09,0.11409182935214002,0.12387728791108543,-1.2141702159146764e-06,-0.9806460933161237,0.19578876286402216,-1.7107098332467606e-10,-0.19582471789978387,-0.9806389141062404,6.098940209340483e-08,1.1773280720361538e-08,5.984251882363406e-08,0.9999999993278453,9.540232927120499,-2.420954063746777e-06,4.833503180426274e-07,-4.223287025684642e-16,-0.018213726434476163,-0.09120957305131164,5.6726459103085955e-09,-0.018212803192435345,-0.0912097574143933,9.810000005672647
2.78087208899764,0.12384960429561818,0.09777174399877682,-2.0962535584410446e-13,-0.09695469932899137,0.018683145863610306,8.263362317596943e-11,-0.01740887237500388,-0.09032817219719003,-1.9012861185755055e-08,0.11094011937194326,0.12283350032268991,3.217805004296174e-06,-0.981934984271943,0.18921862134277073,8.368944056883533e-10,-0.18925503002846886,-0.9819279676274021,-2.0668294628521615e-07,-3.8286492128254236e-08,-2.0310760208573176e-07,0.9999999993125657,9.435623449622918,-2.561485593115678e-06,4.935976213110333e-07,2.1831312637458052e-15,-0.017409660148046836,-0.09032802036323088,-1.9012862446410846e-08,-0.01740887237500388,-0.09032817219719003,9.80999998098714
2.78810875821107,0.12314751950457961,0.09790458257531234,1.196629243313804e-12,-0.09707777787372329,0.018032686484026783,-2.963023965451736e-10,-0.01661733718345282,-0.08944303379443475,5.3158826686117893e-08,0.10787485067239544,0.1217953665668432,-6.639154799848282e-06,-0.9831815420987706,0.18263092639606093,-3.000882936791022e-09,-0.18266773452299512,-0.9831747040907303,5.843326145136168e-07,1.0376681451866377e-07,5.750532055237367e-07,0.999999999299031,9.331319578193478,-2.7480671815346733e-06,5.104673284355356e-07,-8.387696026736778e-15,-0.016617937690807657,-0.08944292222390957,5.31588296315769e-08,-0.01661733718345282,-0.08944303379443475,9.810000053158827
2.7954341535642317,0.1224359406947059,0.09803427936306928,-4.611996383875732e-12,-0.0971966123842325,0.017380749326180833,8.755758260387163e-10,-0.015838260275602423,-0.08855467261580219,-1.1865860764590067e-07,0.10486364018584515,0.12073781164087372,7.046174758748226e-06,-0.9843851128902728,0.17602826341245592,8.867632186108331e-09,-0.17606544272469524,-0.9843784637406577,-1.3190169969884468e-06,-2.2345516524301037e-07,-1.2999819790714278e-06,0.999999999285874,9.22734371531407,-2.778320436344234e-06,4.968207210865521e-07,2.502793205832941e-14,-0.01583882660922372,-0.0885545713216522,-1.1865861458450002e-07,-0.015838260275602423,-0.08855467261580219,9.809999881341392
2.8028502921697984,0.12171468175277768,0.09816074225359861,1.4408649332749568e-11,-0.09731118800194949,0.016727335517884967,-2.0963936896359038e-09,-0.015071758221943732,-0.0876632706886098,1.6260009570004286e-07,0.10188647363808023,0.11963774841498775,2.121048628128476e-05,-0.9855455511740454,0.16941064476899473,-2.1231797871881045e-08,-0.16944821709108004,-0.9855390919295453,1.8280055119678432e-06,2.8875882562906334e-07,1.8051803901365696e-06,0.9999999992716284,9.123703928636925,-2.7723929413756875e-06,4.765613067726402e-07,-5.972619579338276e-14,-0.01507232787410541,-0.08766317274572356,1.6260010819259095e-07,-0.015071758221943732,-0.0876632706886098,9.810000162600096
2.8103592253615073,0.12098355379395292,0.09828387534257085,-3.677129516764563e-11,-0.09742148891482305,0.01607245158585613,3.407598499593434e-09,-0.014317871766554191,-0.08676917518009075,1.9478794159966154e-07,0.09895433558876021,0.11847284636219158,-0.0001689125386149018,-0.9866626972949593,0.16277813663583401,3.451138310816301e-08,-0.16281607608789866,-0.9866564373491078,2.21494542325203e-06,3.945955670525244e-07,2.1797850176889356e-06,0.999999999258252,9.020423384195366,-2.748174772676161e-06,4.5338976518750536e-07,9.612536552566425e-14,-0.014318460090642833,-0.08676907809602386,1.9478793745566372e-07,-0.014317871766554191,-0.08676917518009075,9.810000194787943
2.8179631443297257,0.12024235492091284,0.09840358056136678,6.786163460660374e-11,-0.09752750087563111,0.015416090835626228,7.445174310389448e-10,-0.013576552084025195,-0.08587292241025524,-2.423261145054962e-06,0.09616635813066854,0.11797748173737155,0.002997013742086285,-0.9877364088757214,0.15613067149440413,7.540303679241859e-09,-0.15616898900177284,-0.9877303509041638,-2.7872951507914733e-05,-4.344374848662669e-06,-2.7532306588797176e-05,0.999999998859084,8.917543017687239,-2.6251675734190063e-06,4.149580519055416e-07,2.0040327089905155e-14,-0.013577258233605236,-0.08587281076170064,-2.423261255481514e-06,-0.013576552084025195,-0.08587292241025524,9.809997576738855
2.8256646529077676,0.11949084356021113,0.0985197610732484,-2.793286851291618e-11,-0.09762921211201903,0.014758217367609738,-3.408865942595235e-08,-0.01284626489692009,-0.08496345772185099,4.672170506402862e-05,0.09358134668909956,0.1187845383771231,0.013142356564623195,-0.9887665804042068,0.14946788777410402,-3.4524223315956744e-07,-0.14950751549354854,-0.9887604397302405,0.0005437236500247709,8.092786363975637e-05,0.0005376673904284096,0.9999998513782047,8.81390725974003,-2.619077838678946e-06,3.959155175969599e-07,-9.144891218659615e-13,-0.01284705288322505,-0.08496333857279163,4.672170802028881e-05,-0.01284626489692009,-0.08496345772185099,9.810046721705065
2.8334804669635663,0.1187273995489524,0.09863251322394045,-4.660893066352965e-10,-0.09772675751006066,0.014097790912310337,7.375423051073977e-07,-0.012124706307479194,-0.08402954425379872,0.00020306806773803495,0.09102160138203053,0.11975745402417903,0.025867791080255217,-0.9897545587884827,0.14277924674692646,7.4696621209832245e-06,-0.14281970794622398,-0.9897458310486427,0.002391849490868142,0.000348899535581758,0.002366277122560079,0.9999971386434674,8.708349577395053,-2.7810377009140266e-06,4.011847832227731e-07,2.0988447880423652e-11,-0.012125396608333271,-0.08402944464378806,0.00020306807877759012,-0.012124706307479194,-0.08402954425379872,9.810203068067738
2.841401976645315,0.11795287586035874,0.09874155269002112,1.1747904132337373e-08,-0.09781994681661388,0.013435917081114468,3.1838652173576474e-06,-0.01141410488661343,-0.08307873902844043,0.00045505947541705426,0.08847168121549853,0.12078237758316046,0.041814263591493456,-0.9906984083229284,0.13607594462889444,3.224547043625292e-05,-0.13611546544415992,-0.9906781184219973,0.005426393532629527,0.0007703465078601056,0.005371530328493009,0.999985275619942,8.601713753075936,-2.905050040400371e-06,3.990189396901038e-07,9.455420984489083e-11,-0.011414696615083885,-0.083078657727019,0.00045505950177593825,-0.01141410488661343,-0.08307873902844043,9.810455059475418
2.849430327590299,0.11716717530943856,0.0988467434384065,5.066934749736823e-08,-0.09790873560339897,0.012772798843893263,8.02713700724681e-06,-0.010713860703627454,-0.08210291994220997,0.0008721516746264654,0.08615231158705416,0.12373306598063305,0.07236479074622008,-0.9915976875014002,0.12936003839156335,8.129704101057272e-05,-0.1293954849360038,-0.9915371244335004,0.010532774958271356,0.0014431292072402551,0.01043375582154911,0.9999445245590636,8.493317680008536,-3.0477007741447695e-06,3.975913761384281e-07,2.4986852828179036e-10,-0.010714412562051223,-0.08210284792413516,0.0008721517322028319,-0.010713860703627454,-0.08210291994220997,9.810872151674626
2.8575698515115104,0.11636989004997343,0.09894798790821156,1.422414132974335e-07,-0.0979930898134107,0.012108597977561253,1.734490280775475e-05,-0.010021444451603578,-0.08107774879205876,0.0016296143909331705,0.08413454254752495,0.12958069201950373,0.1271728266706388,-0.9924520520347394,0.12263316661385407,0.00017566528840632108,-0.12265113107533249,-0.9922494400754179,0.019943638483512837,0.0026200553250969607,0.019771559391687604,0.9998010895257087,8.381247230758287,-3.2436317714658833e-06,4.008020686224977e-07,5.741269912740487e-10,-0.010021945685604931,-0.08107768683274481,0.0016296145001087924,-0.010021444451603578,-0.08107774879205876,9.811629614390935
2.865824889969563,0.11556061200012689,0.09904518181686009,3.364494608058651e-07,-0.09807295320680609,0.01144368659431727,3.485676312287481e-05,-0.009334728976025275,-0.07997765640236276,0.002965031531809958,0.08243615293025575,0.13874522710155723,0.21664822586119675,-0.993260929729121,0.11589909770771979,0.0003530214989423982,-0.11585591989621305,-0.9925841465177362,0.0367983410857008,0.004615298072203788,0.03650945484876937,0.9993226487846616,8.264741948474896,-3.5062980519868595e-06,4.0913396304678813e-07,1.2461968018703612e-09,-0.00933510762292123,-0.07997761220012853,0.002965031693570019,-0.009334728976025275,-0.07997765640236276,9.81296503153181
2.8741973565098218,0.11473917242028438,0.0991381897625499,7.245024426462261e-07,-0.0981482227005559,0.010778903554591324,6.684553154338726e-05,-0.008650914604905857,-0.07876946517687544,0.005244914020792947,0.08122819474593984,0.151999404682714,0.3575077469518605,-0.9940232667484474,0.10916632648550888,0.000676996605786911,-0.10893217600317633,-0.9918528536073614,0.06604315121302874,0.007881169222785573,0.06557468220172138,0.9978165391668987,8.14589508469081,-3.7653922735894145e-06,4.1352557433517095e-07,2.564485031637993e-09,-0.008651009150652833,-0.07876945478816297,0.0052449140965035055,-0.008650914604905857,-0.07876946517687544,9.815244914020793
2.882679753555259,0.11390632908285798,0.09922678576126556,1.4676578141439442e-06,-0.09821868812432477,0.010116177787256042,0.0001235742560285093,-0.007965737533610628,-0.07741402443026313,0.009009631104688613,0.08094971659680605,0.16978092609587403,0.570684442188413,-0.9947369160879274,0.10245438711169355,0.0012515324394687785,-0.10167242748221751,-0.9881482816163237,0.11500300443283919,0.013019261964618075,0.11427048762917516,0.9933643605364553,8.03574234088993,-3.6632254213773165e-06,3.7729927313365474e-07,4.608902488479826e-09,-0.007965278833093349,-0.07741407170486496,0.009009630434084483,-0.007965737533610628,-0.07741402443026313,9.81900963110469
2.8912382740582054,0.11306543068759978,0.09931052847489218,2.835820940316084e-06,-0.09828391394899594,0.009459806970816942,0.0002207329874342951,-0.007271430645825916,-0.0758747151955036,0.014989300859105475,0.08265366826068993,0.19179869756596446,0.8790775222901823,-0.9953974376162764,0.09580680337966913,0.002235534191317456,-0.09358833247573684,-0.9767338221148912,0.1929566395883979,0.020670080685001337,0.19185932470018074,0.9812047427344487,7.968006965878137,-2.1486718866255437e-06,2.0680923738595535e-07,4.825639776587108e-09,-0.007270148194376837,-0.07587483872603806,0.014989297573608344,-0.007271430645825916,-0.0758747151955036,9.824989300859105
2.8997815668843216,0.1122254968807355,0.09938857550070096,5.24073989475296e-06,-0.09834305341541594,0.008818557700323026,0.00037980781307448753,-0.006552256453748129,-0.07413428227489854,0.024037961619388502,0.0884422772877943,0.21668830145694695,1.3018215615720086,-0.9959962378311422,0.08931236104208404,0.0038466077651984334,-0.08374868875125069,-0.9479023510839097,0.30735531546085654,0.03109683744697287,0.30580258951994127,0.9515869686374214,8.022038544979452,2.6099056222190796e-06,-2.3403384908860856e-07,-1.0079639713021673e-08,-0.006549901083578123,-0.07413449367466105,0.024037951444947202,-0.006552256453748129,-0.07413428227489854,9.834037961619389
2.908133483522982,0.11140391481919877,0.09945963979610889,9.21554659600875e-06,-0.09839475575313994,0.008206942846929799,0.0006248088160611896,-0.005778792978776259,-0.07221862930381528,0.03689200746179419,0.10242673835856908,0.24312624003926153,1.8600589101373695,-0.9965196176342012,0.08311804308236458,0.006327921012760939,-0.07101066964288247,-0.888286547696702,0.45376700406479986,0.04333723250373637,0.45173837147710794,0.8910972387590067,8.339244809997853,1.0504176772363792e-05,-8.761359054655324e-07,-6.670174850887446e-08,-0.00577327882665398,-0.07221908966088665,0.03689196919246486,-0.005778792978776259,-0.07221862930381528,9.846892007461795
2.9160036338921964,0.11062935327410031,0.09952199148288678,1.523710456138412e-05,-0.09843718261150869,0.007646075425905785,0.0009712007389813448,-0.004899869824665615,-0.07020314734791666,0.05391158336382036,0.13184028868783332,0.27035135527770926,2.584206138644257,-0.9969486749979992,0.0774376568138423,0.009836093071718297,-0.055152341374792815,-0.7919165599683591,0.6081335225826304,0.05488180000763052,0.6057354259977336,0.7937710332532903,9.093048043459117,2.1104556647758073e-05,-1.6392894196891968e-06,-2.08221735612534e-07,-0.00488929451549739,-0.07020396953001351,0.05391147179859022,-0.004899869824665615,-0.07020314734791666,9.863911583363821
2.9229620444126247,0.10994426665205502,0.09957349504069132,2.326302749171573e-05,-0.09846825721744246,0.007164106839136153,0.001407236319402327,-0.0038584270418375866,-0.06823420342757236,0.0744877168728637,0.17957805997427023,0.2922873075796302,3.403101239517955,-0.9972624809481069,0.07255632588680222,0.014252146050157316,-0.038084360323389854,-0.6749899569348035,0.7368433616013041,0.06308270252049529,0.7342834549951038,0.6759054203266722,10.36895923421579,4.1235563393836426e-05,-3.0001138445363545e-06,-5.893085152373827e-07,-0.003849952839225318,-0.06823482077900936,0.07448758934042052,-0.0038584270418375866,-0.06823420342757236,9.884487716872863
2.9291143868949385,0.10933838121410977,0.09961627905407384,3.330153592114914e-05,-0.09848869189191234,0.006749909353333194,0.0019298320370983615,-0.0025908943305861243,-0.06638520832735828,0.09785130701731684,0.2539574016711199,0.3074662521857956,4.316127654834132,-0.9974691550305255,0.06836141540585114,0.01954486240418239,-0.0216837422327181,-0.5613014976764007,0.8273272895468967,0.06752782505665905,0.8248096466796917,0.5613632619149721,12.131461018867036,4.125461888628671e-05,-2.8273797990367035e-06,-8.083616877804931e-07,-0.00256460891583943,-0.06638701059833045,0.09785077318839132,-0.0025908943305861243,-0.06638520832735828,9.907851307017317
2.934725377148591,0.10878571993261041,0.0996531078234411,4.565565105719607e-05,-0.09849949094199495,0.006382224303894901,0.0025449323426150116,-0.0009206556398844157,-0.06462454978726018,0.1247229582787831,0.3658981167744354,0.31951069757688977,5.391959038589022,-0.9975759044070008,0.0646374221957715,0.02577437872073716,-0.006295167819377683,-0.46006253664228297,0.8878641975214419,0.06924707904234452,0.8855496757935611,0.4593542044948387,14.40855490241373,4.397680134114e-05,-2.8494544250209816e-06,-1.1362290605514847e-06,-0.0008843085326740184,-0.06462690723893084,0.12472199443312025,-0.0009206556398844157,-0.06462454978726018,9.934722958278783
2.939143954479855,0.10835048090297512,0.09968067677211062,5.809468515759221e-05,-0.09850006555111257,0.006099824360921602,0.003148567551907096,0.0009334884591805093,-0.06319285276337394,0.15064539978560487,0.4960582198928376,0.3229688841695628,6.366020211444544,-0.9975804415375488,0.06177727339797629,0.03188779003413366,0.006075501951949366,-0.3868415587728445,0.9221261826248227,0.06930196369407132,0.9200887787468007,0.3855302450605723,16.75648062053202,3.128720843129194e-05,-1.9375263874864563e-06,-1.000099732983449e-06,0.000992526566668727,-0.0631965107097689,0.15064347626162733,0.0009334884591805093,-0.06319285276337394,9.960645399785605
2.9434685898653323,0.10792451253360859,0.0997064658170304,7.31222722566258e-05,-0.0984915269502693,0.005829582077367945,0.003859448686730948,0.0034022789239891438,-0.06180056918135268,0.18028960910005976,0.7000537343429346,0.3229487510036524,7.618973414701479,-0.9974900769425007,0.059040106849317917,0.039087238127871876,0.018380457443261652,-0.3242431149660424,0.9457952004431479,0.06851361753773615,0.9441397685788674,0.3223441055241642,19.55164835573771,-4.559736005619512e-06,2.698846907847247e-07,1.7867594993845232e-07,0.0035036458802743422,-0.0618065713252729,0.18028558145764254,0.0034022789239891438,-0.06180056918135268,9.99028960910006
2.9468863565097387,0.10758790923272722,0.09972602882044483,8.735171412834173e-05,-0.09847604198401072,0.005620221740290532,0.004518610932777334,0.006143841945773332,-0.06069408754536032,0.20839375390253045,0.8944371483492665,0.3189458799066589,8.671282014219756,-0.9973293973041361,0.056919553711040315,0.04576284167645988,0.028563852307804248,-0.27953221618733465,0.9597113349620994,0.06741852943032037,0.9584554903345301,0.27715985497157564,22.27175783849605,4.530288470927687e-05,-2.58552488921411e-06,-2.0787402296989875e-06,0.006202334676921523,-0.06069742761209179,0.20839104013444784,0.006143841945773332,-0.06069408754536032,10.018393753902531
2.9500930898734774,0.10727215378364245,0.09974373939000121,0.0001029105058148886,-0.0984514868916726,0.005427284057144988,0.005233600653648508,0.009289729224921217,-0.05968574957002548,0.23754913535354083,1.1050839057317132,0.3063382842688114,9.53954538423367,-0.9970804219917413,0.05496553529883655,0.05300398107768439,0.038549751696880824,-0.2435431142727375,0.9691236598775438,0.0661771553564493,0.968337518062373,0.24071316341458768,25.140537214639078,-4.7644056852506765e-05,2.626449212065591e-06,2.532719159032194e-06,0.009448877886826737,-0.05969452579189464,0.23754059926042145,0.009289729224921217,-0.05968574957002548,10.047549135353542
2.9532933803299954,0.10695712801926269,0.09976080278993872,0.00012087860476820453,-0.09841654348093698,0.005237807533390537,0.006040406163469701,0.013222543865825997,-0.05873126651753613,0.26950808626383793,1.523188119847438,0.29746133007818365,11.250308914112658,-0.9967165141000632,0.05304605386003304,0.06117439570683791,0.048969584951886344,-0.21273691828653996,0.9758816441288287,0.06478072267618948,0.9756730352777708,0.20944075637408888,28.323830502262105,-0.00019177280120209465,1.0206302592107395e-05,1.1770232619390443e-05,0.01352294135793466,-0.058747258599050056,0.269489526178446,0.013222543865825997,-0.05873126651753613,10.07950808626384
2.955607689784575,0.1067293952765533,0.09977276734325598,0.00013557073770617748,-0.09838208690245054,0.00510267979165846,0.006693259144335575,0.017240206828784466,-0.05804416700222914,0.29766029397071336,1.8805016386589877,0.29059754398313764,12.692424035325622,-0.9963606602488804,0.051677186023676484,0.06778571496332975,0.05711476457707181,-0.19110641863536498,0.9799062406290054,0.06359308230402623,0.9802115940469331,0.18745938713558336,31.154919770877612,-9.243086521225247e-08,4.794014061845639e-09,6.288377826485686e-09,0.01734897886627642,-0.058049809758748405,0.29765285360958366,0.017240206828784466,-0.05804416700222914,10.107660293970714
2.9579219992391543,0.1065017548315035,0.09978442115010977,0.00015185915060757682,-0.09833674513361146,0.004969143204437643,0.007418162228648339,0.021926669309227265,-0.057386201230500644,0.32825648015680886,2.0568613010169527,0.2741614571014992,13.145061821218789,-0.9959032571604123,0.05032489021140566,0.0751272773531131,0.0658144114280407,-0.17184580638777322,0.9829229278408947,0.06237579598833005,0.9838406029155823,0.1678296952814965,34.25241764531128,6.351874222408167e-05,-3.2097231390805746e-06,-4.791620199933581e-06,0.02197908397931607,-0.05738885037693938,0.32825250742887935,0.021926669309227265,-0.057386201230500644,10.138256480156809
2.9602363086937338,0.10627423195856273,0.09979576761345435,0.00016990658366890742,-0.09828059670627098,0.004837060935518167,0.00821263329544332,0.026760633940188683,-0.056775178097726586,0.35850377567846925,2.389227619558649,0.25533643072171053,13.920809393397377,-0.9953303666088047,0.04898702079157429,0.08317291085653022,0.0749527409614234,-0.15606464105248113,0.9848989361531111,0.06122761514104626,0.9865338568363348,0.15166416491357484,37.32917945314107,-0.0003990121739035458,1.9638120482248477e-05,3.3342702166137626e-05,0.027279527366477405,-0.05680071991925967,0.3584602395772485,0.026760633940188683,-0.056775178097726586,10.16850377567847
2.9624001548021632,0.10606163007872098,0.09980610138427035,0.0001885159382695722,-0.09821763448483978,0.0047148087067938604,0.009019167465424471,0.0325385136897296,-0.0562402369069932,0.3903482300651415,3.259250715917588,0.23516871461980315,16.494697558301027,-0.9946744425940024,0.047748041855878776,0.09133935487641755,0.08403239871072472,-0.14220862210001478,0.9862632831892998,0.06008138432711871,0.988686346544203,0.13743889942850374,40.585348798940416,-0.0006003520310231687,2.8819111739514735e-05,5.512936179338995e-05,0.03325315484715591,-0.05627454891025193,0.3902823932095193,0.0325385136897296,-0.0562402369069932,10.200348230065142
2.9640367708740283,0.10590092787122274,0.09981374240420134,0.00020379555915604226,-0.09816012181281764,0.004623083674360373,0.009679824160339703,0.03860182359156994,-0.055870270895098884,0.41954473321897856,3.949365827503792,0.21607997999310058,18.46816701686396,-0.9940816549567876,0.04681863250715487,0.09802896984327794,0.0914133895997673,-0.13148552629570523,0.9870942956863963,0.059103795771719474,0.9902134914666848,0.126427499688994,43.588116518972555,-0.00013758451876633444,6.479869124106084e-06,1.3567566179091389e-05,0.03885115390481669,-0.05588201510452764,0.4195200787125876,0.03860182359156994,-0.055870270895098884,10.22954473321898
2.9656733869458938,0.10574032921277074,0.0998212338103564,0.0002202002498568559,-0.09809128175505322,0.00453193234022109,0.0103924347719297,0.04546570486366619,-0.055532956970863134,0.4507988279805253,4.173295691796849,0.20191432972590562,18.932711981471442,-0.993386577379236,0.04589562574590967,0.10524589977837022,0.09927141419225335,-0.12164048219742452,0.9875974784369633,0.05812856625628973,0.9915139882417938,0.11627989860782457,46.81595917245912,0.00026723338926808545,-1.2346496218034572e-05,-2.8312460772867895e-05,0.045315046484119756,-0.05552599557463717,0.45081482929516636,0.04546570486366619,-0.055532956970863134,10.260798827980526
2.967310003017759,0.10557985233476239,0.09982857647081057,0.00023781241070314525,-0.09801130200622055,0.00444131141456694,0.011155393374441602,0.0522619891952516,-0.055209358420760246,0.48151589464472355,4.164539757809468,0.19343109569462413,18.660828599011637,-0.9925795257184533,0.044978024852266714,0.11297283923545133,0.10754643580002203,-0.11326989016983345,0.9877265290188503,0.057222409461826815,0.9925469559150462,0.10759214760076849,49.99600323420694,-4.0526437763527784e-05,1.8364262788741348e-06,4.6126145257032175e-06,0.052426755012669746,-0.055216825532814644,0.48149709817138625,0.0522619891952516,-0.055209358420760246,10.291515894644725
2.9689466190896248,0.10541951546859504,0.09983577125363888,0.0002567144420260425,-0.09792021613212398,0.004351219293603492,0.011968548075998217,0.059097210262773814,-0.054899812090838385,0.5118800519794644,4.656751008872288,0.1747453015031155,19.484882175656736,-0.9916487106532813,0.04406527245047647,0.12120679198605035,0.11624258505745058,-0.10604195018806646,0.9875438047091749,0.056369391409530005,0.9933859314804683,0.10003410199825134,53.14527340462308,-0.0010119690252061375,4.496823353682841e-05,0.00012369049424133447,0.060236357716357394,-0.054950436978940115,0.5117405282378628,0.059097210262773814,-0.054899812090838385,10.321880051979464
2.9705535844637625,0.10526223729956523,0.09984269264432989,0.0002766087437785248,-0.097819817670036,0.004263230706044396,0.012814834856504281,0.06733831498995357,-0.05464171202603785,0.5446619363208782,6.379266789091247,0.13282117317544362,23.149012322702788,-0.9906033214161787,0.04317295409010616,0.1297734781624061,0.12521136367820418,-0.09921063578232696,0.987157213494138,0.05549340233407577,0.9941303286172114,0.09287264087014517,56.55969110645432,-0.0016028667909025963,6.985691737562893e-05,0.0002099827387910137,0.06905651126858171,-0.05471660228438204,0.5444364731360729,0.06733831498995357,-0.05464171202603785,10.354661936320879
2.971694122049205,0.1051507129937575,0.09984751949215627,0.00029157650454747963,-0.09773908063766612,0.004201001081732159,0.013450633636153467,0.07562670393672732,-0.05451272202333657,0.5732896644836227,7.86056393220715,0.09434258688013486,26.219375103294936,-0.9897662248824858,0.04254192851278865,0.136209413772637,0.13195297755242835,-0.09392993124074617,0.9867956119339796,0.05477432924963503,0.9946702052724676,0.08735513930953978,59.562087905008994,-0.0009062453385596116,3.895205093771347e-05,0.00012471545623214764,0.07664083213299323,-0.05455631412050044,0.5731499072368955,0.07562670393672732,-0.05451272202333657,10.383289664483623
2.972834659634647,0.10503928710949756,0.0998522754435903,0.00030729065019861976,-0.09764730747343009,0.004138883089339629,0.014122551675882639,0.08526885220486236,-0.05442650949354855,0.6044703018651143,8.439086366404503,0.07047598134889554,27.124614443001008,-0.9888329369112899,0.041912716557779076,0.14301310104371626,0.13906638914670558,-0.08880239460923775,0.9862934016413991,0.054038141618978595,0.9951677165641137,0.0819820825151882,62.84896383179353,0.00014895785280774593,-6.313734131154375e-06,-2.154350210197368e-05,0.08523049486534935,-0.05442488356973827,0.6044758566043247,0.08526885220486236,-0.05442650949354855,10.414470301865116
2.973975197220089,0.10492797214517617,0.09985696059560656,0.0003237911065248637,-0.09754457597605182,0.004076850122288533,0.014829475833274819,0.09487689431207968,-0.054351961012137906,0.6351629490093584,8.424134570562977,0.06536258606019985,26.910684519768893,-0.9877974358469408,0.04128473630473923,0.1501725550240682,0.14650198011004475,-0.08430169905280072,0.9856116848742446,0.05335052004853208,0.9955852717287724,0.07722470654493167,66.09311130287644,0.0005719509066076658,-2.3904539029612165e-05,-8.695237087749865e-05,0.09442135243544811,-0.054332920491535514,0.6352322896393816,0.09487689431207968,-0.054351961012137906,10.445162949009358
2.9751157348055313,0.10481678059918416,0.09986157504517966,0.00034111779931913,-0.0974308861455242,0.0040149021805859775,0.015571406108333463,0.10448493640996048,-0.05427741252138185,0.665855596154656,8.424134559635753,0.06536259425377366,26.91068452091838,-0.9866518409243697,0.040657647531705185,0.15768671630083458,0.15426335293099613,-0.0802593849917414,0.984764565296312,0.05269404946920252,0.9959450527959385,0.0729160849230319,69.34263794387775,0.0002964536318546939,-1.2216170662743379e-05,-4.737922517716812e-05,0.10431063704438608,-0.05427022956660381,0.6658834855660422,0.10448493640996048,-0.05427741252138185,10.475855596154656
2.976256272390973,0.10470572496991236,0.09986611888928422,0.00035931065437433684,-0.09730623798187565,0.003953039264246172,0.01634834250105746,0.11409297849225197,-0.05420286402128105,0.696548243301522,8.413377568271187,0.062045902671602704,26.69414641466284,-0.985387897454763,0.040031113420263935,0.16555422527986247,0.1623531629665862,-0.07661575698170085,0.9837537681030075,0.052064820959879216,0.9962573092808914,0.06899706180324927,72.59555976924433,-0.0007103302687932904,2.88569725986676e-05,0.00011934201510558773,0.11493112048867084,-0.05423691559866219,0.6964072691106137,0.11409297849225197,-0.05420286402128105,10.506548243301523
2.9773968099764154,0.10459481775575157,0.09987059222489487,0.0003784095974834028,-0.09717063148511329,0.0038912613732762225,0.01716028501145156,0.12367648308421764,-0.05413588115334256,0.7267469507490896,9.248320544131559,0.036902327255329936,27.579626800396227,-0.9839969893287437,0.03940480181588244,0.1737733770916001,0.1707645986487151,-0.07337624092650295,0.9825758897488982,0.05146904538870498,0.9965260582948063,0.06547305499301813,75.79936059275035,-0.002419423506541803,9.68873937805474e-05,0.00042726898344818824,0.12622507319776285,-0.05423794776678209,0.7262964021076089,0.12367648308421764,-0.05413588115334256,10.536746950749091
2.978537347561857,0.10448407145509257,0.0998749951489862,0.00039845455443924627,-0.09702412262709004,0.0038295512498933704,0.018006106925926635,0.13518909285784275,-0.05411868703883105,0.7594594452181429,12.574733438334704,-0.038519679555292896,32.501909877088224,-0.9824722247060687,0.038778271158085596,0.18233094462295235,0.17948751001000898,-0.07016947607906021,0.9812545431116215,0.05084542160507856,0.9967814612219583,0.06197934593719582,79.29049920047274,-0.0034924923751057293,0.00013784900268291503,0.0006481500624936218,0.13879504665298525,-0.05426102186979805,0.7587896789143519,0.13518909285784275,-0.05411868703883105,10.569459445218143
2.979329678553941,0.10440723804988833,0.09987801244446406,0.0004129586417660285,-0.09691330199079573,0.0037866644485191614,0.018617680958262328,0.1465179076963281,-0.054178707848521857,0.7873145116474198,15.540686559161415,-0.10772812852983549,36.780398602552964,-0.9813209057883493,0.03834285810311449,0.18851818239951892,0.18580481999073967,-0.06762665612127498,0.9802567032415864,0.05033469797075901,0.9969739828758588,0.05923916359258713,82.29738517127318,-0.0025167430031041525,9.833594625450853e-05,0.0004834828379924794,0.14913772258640892,-0.05428107559622965,0.7868108711001018,0.1465179076963281,-0.054178707848521857,10.59731451164742
2.98011990561083,0.1043307002850442,0.09988098785547139,0.0004279168038037504,-0.09679227748365804,0.003743810515395296,0.019252012927979845,0.1597779096889056,-0.05428903868378265,0.8176597342406886,16.77350876517025,-0.14463242024050516,38.1002968065543,-0.9800825718287137,0.03790843168234679,0.19493871653675895,0.19236910453447106,-0.0650637226933808,0.9791633365327179,0.04980198504376053,0.997161107448646,0.05647540961303967,85.59999801999302,-0.0007252436511210931,2.8051564421027737e-05,0.00014425117902278862,0.16060723672724722,-0.05432111740739153,0.8174946708085942,0.1597779096889056,-0.05428903868378265,10.627659734240689
2.980910132667719,0.10425426229675731,0.09988392936519433,0.0004433855647965667,-0.09666078033613701,0.0037008631139983095,0.019909954648913875,0.17302766862673735,-0.054407292752076675,0.8475302824715119,16.76516820715389,-0.1496290825358031,37.795764039131086,-0.9787506773725319,0.03747354684177613,0.20160070642214337,0.199164232758069,-0.0627556619627334,0.977954669338773,0.04929901589427648,0.9973254450730054,0.05395875644952104,88.86343363309638,0.0005158783857307322,-1.9751498823210915e-05,-0.0001062593869875255,0.17261991971223167,-0.05439168057175218,0.8476143239460332,0.17302766862673735,-0.054407292752076675,10.657530282471512
2.9817003597246083,0.10417793235712094,0.09988683689980445,0.0004593835735337652,-0.09651881519297945,0.0036578222857457376,0.02059149564946361,0.18627448875008668,-0.05452552058281723,0.8773942049997263,16.763308692517313,-0.14961248977473218,37.7915717671757,-0.9773201105005345,0.037037993818601796,0.2085032101074616,0.20618903609177844,-0.06063613046388481,0.9766316301850508,0.048815304132059735,0.9974728086448701,0.05162408148105797,92.13368168215291,0.0011041875497122648,-4.184595323621713e-05,-0.00023556933516674384,0.18528247952070992,-0.054487924352529665,0.8776059748322114,0.18627448875008668,-0.05452552058281723,10.687394204999727
2.982490586781497,0.10410171873822859,0.09988971038547331,0.0004759294788045994,-0.09636638205410009,0.0036146880306873186,0.021296635929610508,0.19952130881035401,-0.054643748427013694,0.9072581275370748,16.76330860715062,-0.14961249545487476,37.79157178568914,-0.9757855623068916,0.03660156495870176,0.21564522214970896,0.21344363989073548,-0.05868601292428263,0.9751911425342443,0.04834888024475535,0.9976055385151578,0.04945259287038813,95.41008299364341,0.0010188945560312417,-3.821857662095242e-05,-0.0002251721601240322,0.1986185849037621,-0.05460988599440973,0.9074577478157115,0.19952130881035401,-0.054643748427013694,10.717258127537075
2.9832808138383866,0.1040256297121736,0.09989254974837256,0.0004930419293983569,-0.09620348091968367,0.003571460348751998,0.022025375489388377,0.2127681287987926,-0.054761976266731516,0.9371220500945654,16.763308630029783,-0.14961247841628733,37.79157178357252,-0.9741415546786046,0.03616405459913479,0.2230255424907693,0.22092784239974125,-0.056889142170620764,0.9736295568416594,0.04789812424739038,0.9977255620852924,0.04742843084340739,98.690989602009,0.00023821391771669705,-8.843459233625118e-06,-5.453805760821498e-05,0.21265000572969595,-0.05475759088187321,0.9371491098272849,0.2127681287987926,-0.054761976266731516,10.747122050094566
2.9840710408952753,0.10394967355104931,0.09989535491467372,0.0005107395741043139,-0.09603011178965914,0.0035281392400179357,0.022777714328794774,0.22601494889521945,-0.054880204083999296,0.966985972628569,16.69197566767474,-0.14905584606306377,37.62097784278956,-0.9723824479348849,0.03572525957668618,0.23064275574216306,0.2286410942614079,-0.05523133749190304,0.9719427706268521,0.04746161565678581,0.9978345026111075,0.04553772071070809,101.97447592750862,-0.0012589733860270248,4.625458955113396e-05,0.00029862025150289396,0.2273978440675106,-0.054931013653496674,0.9666577712616138,0.22601494889521945,-0.054880204083999296,10.77698597262857
2.984861267952164,0.10387385852694912,0.09989812581054842,0.0005290410617117468,-0.09584627466392703,0.003484724704442499,0.023553652447794227,0.23914903040984115,-0.05499755219182445,0.9965802792905301,16.998065592172424,-0.15805547891607574,37.545032803657136,-0.9705024497751077,0.035284979769027135,0.2384952099796007,0.2365795132940352,-0.05371579744847466,0.9701261500413396,0.047041841969308516,0.9979328859059464,0.04378360967502182,105.22877113655079,-0.003536817198528872,0.00012858960152625816,0.0008691518095787104,0.242811156817978,-0.05513070314610867,0.9956798434112257,0.23914903040984115,-0.05499755219182445,10.80658027929053
2.985651495009054,0.10379819291196635,0.09990086236216826,0.0005479650410099455,-0.09565214772074171,0.0034412181324086077,0.024352763730910276,0.25287961158664984,-0.055130003515857506,1.0263241741750662,19.987561923501943,-0.2199584929050573,39.980079337954976,-0.9684967673964088,0.03484300892933259,0.24657651200277952,0.24473385475680845,-0.052295492729272135,0.9681789719757788,0.04662910875639475,0.9980238248946487,0.042120751771101,108.51058470323606,-0.00603707955024247,0.0002171922754493745,0.0015370232181402912,0.2590353025882548,-0.05535147066837114,1.0247561916374153,0.25287961158664984,-0.055130003515857506,10.836324174175067
2.9863534558072673,0.10373111095457042,0.09990326438392384,0.0005653124168554114,-0.0954701341456996,0.003402472752767949,0.02508260722259914,0.2685388643852491,-0.05531704677001059,1.0558479860651673,26.37464617737811,-0.3470491389490036,45.8138817026454,-0.9666029067644917,0.03444888898965295,0.25395293792711676,0.2521726494483094,-0.0509240378883714,0.9663413978689747,0.04622169657415809,0.9981083892992761,0.04053625544001343,111.82124878410607,-0.0064372277379524225,0.00022941721175670686,0.0016912352370540159,0.2750812090014664,-0.055550219027385474,1.0541284338944659,0.2685388643852491,-0.05531704677001059,10.865847986065168
2.986906431107613,0.10367835907823664,0.09990513741570609,0.00057934359654983,-0.09531761122180171,0.003371831032794148,0.025673490101207785,0.2848949221798307,-0.05554406262578171,1.0828175714795343,30.99605794951603,-0.44133725074399166,49.75009105545507,-0.9650248408662709,0.034137455441244545,0.25992631772682306,0.2582043652495792,-0.04969102366850729,0.964811540111766,0.04585221576599545,0.9981812128426134,0.03913863219474101,114.90804209323709,-0.004464180036919063,0.00015791898885754828,0.0012024124452841547,0.2894563998205677,-0.05570542852976875,1.0815885108532035,0.2848949221798307,-0.05554406262578171,10.892817571479535
2.987459406407959,0.10362569438518315,0.09990699346248,0.0005937060286546987,-0.09515505443538075,0.0033410437633420997,0.026280149966216637,0.3028189732935971,-0.05580514396757863,1.110869129152423,32.213849549602116,-0.4702131028783185,50.29481963590342,-0.963361840162891,0.033825150823740546,0.2660635715195142,0.2644057160873477,-0.04847049445164128,0.963192726544356,0.0454763721148132,0.9982518466276574,0.03775106150322469,118.1548342372068,-0.0018785047548590006,6.595725926353447e-05,0.0005188099251571619,0.30479449188719027,-0.05587450962303844,1.110323339528485,0.3028189732935971,-0.05580514396757863,10.920869129152424
2.988012381708305,0.10357312228862495,0.09990883244506309,0.000608408144191239,-0.09498270839638678,0.0033101133003015093,0.02690205648188393,0.32052184843981024,-0.056064095089363164,1.1384411574675504,32.013862369119295,-0.4682869356512853,49.861229428818206,-0.9616121008883608,0.03351183661343695,0.27235844806406717,0.2707622399582542,-0.047352274087438195,0.9614809262546694,0.04511778359034151,0.9983160769292205,0.036460779820493706,121.35934977854009,3.118699713559279e-05,-1.0868556578127413e-06,-8.833127340828547e-06,0.320590461890046,-0.05606648631499135,1.1384217174964204,0.32052184843981024,-0.056064095089363164,10.94844115746755
2.9885653570086506,0.10352064820177688,0.09991065428427283,0.0006234583741806725,-0.09480057310456402,0.0032790396437007985,0.027539209648169694,0.3382247236111766,-0.056323046185358105,1.1660131857904368,32.01386218311069,-0.46828693563064405,49.86122947632043,-0.9597722593927769,0.03319738672889613,0.27881022867616706,0.277271839144853,-0.04630674123157176,0.9596749517069533,0.044769493617873066,0.9983756215598745,0.03523922518381832,124.57394278638071,0.0013360818199077184,-4.621348913020864e-05,-0.0003881267395394611,0.3369911956514586,-0.056280378643853844,1.166371638785609,0.3382247236111766,-0.056323046185358105,10.976013185790437
2.9891183323089976,0.10346827753785393,0.09991245890092673,0.0006388651496442364,-0.09460864856013984,0.0032478227935399673,0.028191609465124556,0.3559275985517161,-0.056581997307120435,1.1935852141581655,32.01386211416053,-0.4682869589905323,49.861229475626715,-0.9578388752302587,0.032881676029163656,0.2854180871618795,0.283933984840586,-0.04532874543296378,0.957771787583044,0.04443078544410291,0.9984309465792673,0.034081409237911135,127.79751289385837,0.0020219910410020667,-6.941298381538167e-05,-0.0006025155483927638,0.354010873170511,-0.05651619604274139,1.1941565466730582,0.3559275985517161,-0.056581997307120435,11.003585214158166
2.9896713076093433,0.10341601571007106,0.09991424621584227,0.0006546369016031212,-0.09440693476314266,0.003216462749790594,0.028859255932745853,0.373630473646827,-0.056840948428950266,1.2211572424802846,32.01386232315684,-0.46828692411488504,49.861229427899616,-0.955808434815519,0.03256458049647442,0.2921810808943594,0.2907480018803792,-0.044413606502748504,0.9557682935523578,0.044101009085753554,0.9984824621638632,0.0329828130044817,131.0287857872787,0.0020751717566228106,-7.070150801253059e-05,-0.0006343592552711952,0.3716632286554717,-0.05677392202969121,1.2217587998226305,0.373630473646827,-0.056840948428950266,11.031157242480285
2.990224282909689,0.1033638681316432,0.09991601614983697,0.0006707820610785637,-0.09419543171337352,0.0031849595124811003,0.02954214905098429,0.3913333488184634,-0.05709989951214123,1.2487292707951632,32.01386233438723,-0.4682869124345501,49.86122943896544,-0.9536773555827689,0.03224597743491119,0.29909814173264954,0.2977130632963097,-0.04355706000819938,0.9536612157711823,0.043779573752097456,0.9985305303799704,0.03193933308444847,134.2663071265377,0.0014823874047188556,-5.0122853942726514e-05,-0.0004649154302383079,0.3899614888482142,-0.05705351247467072,1.2491596554121986,0.3913333488184634,-0.05709989951214123,11.058729270795164
2.990777258210035,0.10331184021578524,0.0999177686237283,0.0006873090590917857,-0.09397413941094612,0.003153313081625697,0.030240288819883276,0.4090362239260088,-0.05735885062105339,1.2763012991295426,32.01386226448625,-0.46828693564989265,49.86122945477359,-0.9514419906798306,0.03192574568306439,0.30616806680936115,0.3048281842291766,-0.042755210068527394,0.9514471977527388,0.04346594127902738,0.9985754717310671,0.03094723509280305,137.508436694062,0.00023097377896357692,-7.750351780646718e-06,-7.432591380416372e-05,0.40891830741929863,-0.05735489380284592,1.276339255465228,0.4090362239260088,-0.05735885062105339,11.086301299129543
2.991330233510381,0.10325993737571215,0.09991950355833376,0.0007042263266640084,-0.09374305785581782,0.003121523457181752,0.030953675239420386,0.42673909902033813,-0.05761780172991937,1.303873327461904,32.01386213669849,-0.4682869356507169,49.86122947898684,-0.9490986342293676,0.03160376584347008,0.3133895092188956,0.3120922153201523,-0.04200448811491152,0.9491227908520392,0.04315962035411172,0.9986175707038565,0.030003113006818287,140.75334284803048,-0.001691091238165201,5.6311166809666845e-05,0.0005583932312823132,0.4285456955039751,-0.0576779608393227,1.303276616839398,0.42673909902033813,-0.05761780172991937,11.113873327461905
2.991883208810728,0.10320816502463882,0.09992122087447085,0.0007215422948164716,-0.09350218704804547,0.003089590639191897,0.03168230830961705,0.444441973986585,-0.05787675283883287,1.3314453558231065,31.857098271764926,-0.46603147806424516,49.57517200484722,-0.9466435271882653,0.03127992053008991,0.3207609686420581,0.31950383566457113,-0.04130161717709659,0.9466844645467587,0.042860161550302305,0.9986570804654987,0.029103853974459467,143.99899734095942,-0.004295114716034994,0.00014192337783605326,0.0014553579221486081,0.44885494840771506,-0.05802257493598085,1.3299496252014458,0.444441973986585,-0.05787675283883287,11.141445355823107
2.9924361841110736,0.10315652857578028,0.09992292049295706,0.0007392653945703611,-0.09325152698771433,0.0030575146276135,0.03242618803048247,0.4619714759903246,-0.05813320952302625,1.3587010187201116,32.66113700089926,-0.4791587390247116,49.30450737572892,-0.9440728638354489,0.03095409462935813,0.3282807819462033,0.32705925448525186,-0.04065313184332136,0.9441289990922219,0.04257030029030945,0.9986938358082507,0.028255695490460666,147.2067350165032,-0.00764815861882303,0.00025076647650435266,0.0026594806269883836,0.46973701501444065,-0.05838783199431341,1.3559999655724475,0.4619714759903246,-0.05813320952302625,11.168701018720112
2.9929891594114193,0.10310503344235138,0.09992460233460987,0.0007574040569469163,-0.09299126941667168,0.003025298181199787,0.03318496451743058,0.4805635780719939,-0.05840667873408378,1.3859737053720877,38.48884697857329,-0.5708103074486672,51.23996904423757,-0.9413841391708486,0.0306261839623119,0.33594335738851416,0.3347497513728018,-0.040026202025579445,0.9414565880099065,0.04227975934890599,0.9987292550315795,0.027427924271246983,150.44843569726265,-0.01075527226293099,0.0003499028007625001,0.003838138038759604,0.4914261627656064,-0.05876008209369986,1.3820963169016989,0.4805635780719939,-0.05840667873408378,11.195973705372088
2.993463628722046,0.10306096587272721,0.09992603117394018,0.0007733052370290136,-0.09275922065486952,0.002997526368005765,0.03384818584457183,0.5008067157753828,-0.058708560429266754,1.4110671751198751,48.47956240549638,-0.7274616469804869,55.083504171827144,-0.9389778976636421,0.030343193780095968,0.3426365396311233,0.3414661090543605,-0.03941457105029311,0.9390672968196673,0.04199917319566754,0.9987622021401005,0.026648238745746636,153.54203950746893,-0.010756303304762703,0.00034759135049504267,0.003925015224252827,0.5116560723619241,-0.05905916892681285,1.4071073879188085,0.5008067157753828,-0.058708560429266754,11.221067175119876
2.9938641767058845,0.10302385138224125,0.09992722711980725,0.0007869761937920478,-0.09255465488101322,0.0029739511948179143,0.03441786637460842,0.5221913309326283,-0.05903078592087363,1.4338733445462353,55.03149456131018,-0.8306656472252314,57.07795002709145,-0.9368668022390934,0.030103252499683344,0.3483882734123465,0.34724362008765897,-0.038825280984344304,0.9369708991558405,0.041732144169028526,0.9987925353390127,0.02592095446743401,156.47020565186693,-0.008004512926136114,0.0002571997141712786,0.00297660076243334,0.530281667287921,-0.059290750188881074,1.4308642747106297,0.5221913309326283,-0.05903078592087363,11.243873344546236
2.9942647246897227,0.10298682071191234,0.09992841359425042,0.0008008772509977418,-0.09234089528530376,0.002950237043435777,0.03499685599904667,0.5448922241636609,-0.059374003329746294,1.4567920907298202,56.359751738261934,-0.8521851799455078,56.81634101643431,-0.9346778404841161,0.029862404735788398,0.3542394265060641,0.3531246140323546,-0.038243501647238595,0.9347943311479046,0.041462562752560855,0.9988222074941137,0.02520020338578847,159.47080105889017,-0.004656057342806481,0.00014875828100504695,0.001764628422174673,0.5496336995792694,-0.05952549457034369,1.4549947699977541,0.5448922241636609,-0.059374003329746294,11.26679209072982
2.9946652726735605,0.10294987746337661,0.09992959054280645,0.0008150120340142243,-0.09211814391741768,0.002926386920165669,0.035584896644234476,0.5673409007893753,-0.05971346803224131,1.4793886862326104,56.04491194462332,-0.8475007809327195,56.414203700350754,-0.9324099467766968,0.02962057371592103,0.3601864971991832,0.35910113462451937,-0.037701448708916084,0.9325368496079025,0.041201829246422794,0.9988500141308707,0.024516424154468353,162.44579905312227,-0.0019513313120086474,6.198942125333149e-05,0.000753792033833596,0.5693794510555197,-0.05977822986364563,1.478601063385604,0.5673409007893753,-0.05971346803224131,11.289388686232611
2.9950658206573992,0.10291302523827028,0.09993075791101204,0.0008293841682096245,-0.09188640077738341,0.0029024008249791677,0.03618198831021391,0.5897895771312847,-0.060052932787954205,1.5019852818338535,56.04491145827046,-0.8475008474472929,56.41420381570492,-0.930060941729712,0.029377683985002064,0.36622888519683783,0.3651715979969867,-0.03718771561757932,0.9301971714768182,0.04094625418103185,0.9988764445380283,0.023858946001808854,165.43433409689786,0.00021769960908588054,-6.8764422119363685e-06,-8.572329141683212e-05,0.5896608723784331,-0.06004886730814111,1.5020359705562252,0.5897895771312847,-0.060052932787954205,11.311985281833854
2.9954663686412375,0.10287626763822952,0.09993191564440392,0.0008439972789520715,-0.0916456658653999,0.0028782787578620628,0.03678813099702172,0.6122382533674084,-0.060392397543734155,1.5245818774290782,56.04491168105358,-0.8475007589992316,56.41420372460948,-0.9276286156758757,0.029133660762596866,0.3723659237763684,0.37133541174744195,-0.03670092537684972,0.9277731695079572,0.04069560276648231,0.9989015945181002,0.023226468686361523,168.43552232611245,0.0018430458318886376,-5.7883802988375304e-05,-0.000739829983849048,0.6104859484953128,-0.06033736220821429,1.5252854035929948,0.6122382533674084,-0.060392397543734155,11.334581877429079
2.9958669166250758,0.10283960826489048,0.0999330636885188,0.0008588549916096942,-0.09139593918135347,0.002854020718828565,0.03740332470461505,0.6346869298877635,-0.06073186222859128,1.5471784729573201,56.044911990665696,-0.8475008032441025,56.41420362363783,-0.9251107307369614,0.02888843001541791,0.37859687595986524,0.37759190804886844,-0.036239783540248524,0.9252626811154607,0.04044965504308176,0.9989255518253902,0.022617775222610763,171.44837349084915,0.0029170602990118747,-9.109103321245447e-05,-0.0011937921369830694,0.6318623217596081,-0.060643655967445954,1.5483346265234854,0.6346869298877635,-0.06073186222859128,11.35717847295732
2.996267464608913,0.10280305071988943,0.09993420198889344,0.0008739609315506006,-0.09113722072513042,0.0028296267079213067,0.038027569432982355,0.6571356063718667,-0.06107132701981488,1.569775068471607,56.04491185600705,-0.8475009359388253,56.4142036521896,-0.9225050231031269,0.02864191853553404,0.3849209306495335,0.3839403402158245,-0.035803071656357995,0.9226635113707091,0.04020820479046689,0.9989483969432219,0.02203172549854457,174.47178765647467,0.0034324727828765286,-0.00010657135013951786,-0.001432220513628929,0.6537972567130654,-0.06096767538849877,1.571168250422233,0.6571356063718667,-0.06107132701981488,11.379775068471607
2.9966680125927514,0.1027665986048624,0.09993533049106454,0.0008893187241429622,-0.09086951049687286,0.0028050967250123904,0.038660865182125415,0.6795842827843472,-0.0614107918109732,1.5923716640227212,56.04491167885385,-0.8475007809327195,56.41420375732969,-0.9198092055321213,0.02839405402280883,0.391337198735972,0.390379879224216,-0.03538964081210191,0.9199734361491515,0.039971058345248264,0.9989702037934985,0.021467250019336612,177.50455203450798,0.003382427485043431,-0.00010441385904916633,-0.0014390698516206907,0.6762976034909055,-0.06130933109870124,1.5937702306260921,0.6795842827843472,-0.0614107918109732,11.402371664022722
2.9970685605765897,0.10273025552144564,0.09993644914056879,0.0009049319947548868,-0.09059280849649554,0.0027804307702297137,0.039303211952073314,0.7020329591265835,-0.06175025647802279,1.6149682596212855,56.044911635960375,-0.8475006703411481,56.41420376026531,-0.9170209700759281,0.02814476518015935,0.3978447091943762,0.3969096101548188,-0.03499840624334555,0.9171902054247939,0.03973803371137339,0.9989910403512814,0.020923344668828187,180.54533788394968,0.002760521123885009,-8.472458247075876e-05,-0.0011976375236719284,0.6993697594877983,-0.061668516787279075,1.6161238653866206,0.7020329591265835,-0.06175025647802279,11.424968259621286
2.997469108560428,0.10269402507127535,0.09993755788294298,0.0009208043687545038,-0.09030711472414055,0.002755628843544855,0.0399546097428336,0.7244816355047021,-0.06208972118058664,1.6375648551747517,56.04491190167232,-0.8475007589159702,56.41420363263592,-0.9141379910471742,0.027893981806467412,0.4044424051743545,0.4035285286045757,-0.03462834243726159,0.9143115467401,0.03950895975273867,0.9990109691935324,0.020399065953605314,183.59269755321637,0.0015608428358458244,-4.762751585891767e-05,-0.0006905642658013855,0.7230196295411249,-0.06204510845166595,1.6382117965616967,0.7244816355047021,-0.06208972118058664,11.447564855174752
2.9978696565442657,0.10265791085598767,0.09993865666372378,0.0009369394715099422,-0.09001242917963737,0.0027306909449578143,0.04061505855436187,0.7469303120597743,-0.06242918591859281,1.6601614506710476,56.04491176779425,-0.8475009138357876,56.41420366600414,-0.9111579282302569,0.027641634902213493,0.4111291401045158,0.4102355370929327,-0.03427847825592318,0.9113351688783502,0.03928367530113147,0.9990300480039005,0.019893526290316568,186.6450617052781,-0.000221984691602998,6.734309837031794e-06,0.00010016307003152527,0.7472525847358552,-0.06243896289206116,1.6600160125834358,0.7469303120597743,-0.06242918591859281,11.470161450671048
2.998270204528104,0.10262191647721879,0.09993974542844794,0.0009533409283893311,-0.08970875186301441,0.0027056170744401697,0.041284558386657455,0.7693789883306437,-0.06276865074526228,1.6827580462512444,56.04491167979404,-0.8475009360243604,56.41420372354514,-0.9080784303482594,0.027387656778825698,0.4179036738201837,0.41702944145440424,-0.03394789285277552,0.9082587657331384,0.039062028483887894,0.9990483300119705,0.019405890046160678,189.7007367047905,-0.002592763105253475,7.81977675741636e-05,0.0011932066557459242,0.7720734196723588,-0.062849916864632,1.6815178534191093,0.7693789883306437,-0.06276865074526228,11.492758046251245
2.9986707525119423,0.1025860455366049,0.09994082412265219,0.0009700123647607995,-0.08939608277447064,0.002680407231949289,0.041963109239788965,0.7918276648152442,-0.063108115501044,1.7053546417936616,56.04491210100832,-0.8475007146282394,56.414203614337566,-0.9048971387911089,0.02713198117533814,0.42476466873454266,0.4239089472603027,-0.03363571164285915,0.9050800204042404,0.03884387598941218,0.9990658643974267,0.01893536964970209,192.75790228667424,-0.005555672980956149,0.0001665785074058387,0.002607869438625829,0.7974863086406685,-0.06327778568942145,1.70269801843409,0.7918276648152442,-0.063108115501044,11.515354641793662
2.99907130049578,0.10255030163578215,0.09994189269187319,0.0009869574059924767,-0.08907442191363657,0.0026550614175846476,0.04265071111365604,0.8142763414235219,-0.06344758015035357,1.727951237286348,55.89081790641853,-0.842347111760219,55.70641669704901,-0.9016116916117013,0.02687454338308739,0.4317106860700081,0.43087265626341703,-0.0333411029863515,0.9017966095168914,0.03862908254975142,0.9990826966405079,0.018481222370387018,195.81460944421187,-0.00911423009199719,0.0002716699154299655,0.004364085517771423,0.8234947603613124,-0.06372236254681664,1.723536576418875,0.8142763414235219,-0.06344758015035357,11.537951237286348
2.9994718484796183,0.10251468837638679,0.09994295108164773,0.001004179677452467,-0.0887437692807822,0.002629579631332035,0.043347364008319955,0.8366015736701939,-0.0637829163756587,1.7499808275833502,58.6485469747422,-0.8590135585585585,53.58159048114612,-0.89821972779732,0.02661528037200381,0.438740182165286,0.43791680003890476,-0.03306879861095905,0.8984071074975497,0.038419967780807585,0.9990986841699349,0.01804776887427385,198.81104038605932,-0.013147483867186428,0.00038957502099143696,0.006421958111574827,0.8498503856520245,-0.0641755037716661,1.7435084169218484,0.8366015736701939,-0.0637829163756587,11.55998082758335
2.9998723964634566,0.1024792093600549,0.09994399923751253,0.0010216828045089483,-0.08840422376641754,0.0026039651804694586,0.04405261369814428,0.861259455915075,-0.06413573244829429,1.7708752333624886,69.51680666036918,-0.9508536596940473,50.32812403080834,-0.8947209245135822,0.026354194793075592,0.4458474219442895,0.4450309640681705,-0.03278552342211482,0.8949148286147084,0.03820210081136789,0.9991149308342415,0.017605461110893485,201.80576033348885,-0.015445616664737285,0.00045495391817617167,0.007696688634008062,0.8767877027484966,-0.06459313190683903,1.763136455863464,0.861259455915075,-0.06413573244829429,11.58087523336249
3.000182942604093,0.10245179717462399,0.09994480479750076,0.001035448564369067,-0.08813349888521316,0.0025840030016865967,0.044604999113994515,0.8847632825816163,-0.06444787496190418,1.7860622862296225,79.52220199353246,-1.0339949961738881,47.05748224298577,-0.8919318021486996,0.026150720023651097,0.45141311473861445,0.450603857876227,-0.032521241728971514,0.8921314544972992,0.038010394914893934,0.9991289069604602,0.01722311441453677,204.24192421714716,-0.01375186901381811,0.0004031936920692122,0.006959920041028129,0.8985834072635536,-0.06485308035087428,1.7790671519935668,0.8847632825816163,-0.06444787496190418,11.596062286229623
3.000492890938214,0.10242452284684245,0.09994560260905157,0.0010493596286427953,-0.08785524855781546,0.0025639758296165382,0.04516084674971932,0.9105979600259104,-0.06477728616478107,1.8000763470875683,83.18131671806213,-1.056355499614412,44.286478378728134,-0.8890783229297603,0.025946945322541295,0.4570191371538332,0.45622378884000403,-0.03224246167273318,0.8892807645292649,0.037809541387016615,0.9991432530660851,0.01682846004724648,206.69504477006083,-0.010131633473862799,0.00029568254336476027,0.005208034285354498,0.9207956977768272,-0.06507490560602636,1.7948338559377512,0.9105979600259104,-0.06477728616478107,11.610076347087569
3.000802839272336,0.10239733599875536,0.09994639419757498,0.0010634436228042373,-0.08756902224368446,0.0025438477778152446,0.04572086044413659,0.9363271036751826,-0.06510270621659497,1.8135153266247954,83.00440312948035,-1.0498326952180719,43.35528896088999,-0.8861553976804363,0.025742487256684425,0.4626726007790685,0.46189208005120974,-0.03197946559929454,0.8863594192910405,0.037613118576292175,0.9991569936461995,0.016448525071068962,209.10890757052118,-0.006784964198193745,0.00019710070588775986,0.0035425130174552366,0.9431792002572899,-0.06530176223254154,1.809937438491591,0.9363271036751826,-0.06510270621659497,11.623515326624796
3.001112787606457,0.1023702391017123,0.09994717953181358,0.0010777018377013245,-0.0872748225058615,0.00252361887893926,0.04628503885850188,0.9620521129753854,-0.06542807395475947,1.8269521462651426,82.99773392947213,-1.0497488216628739,43.35180442346336,-0.8831616809131595,0.025537301905810158,0.4683730260999392,0.46760685016757286,-0.03172697652890112,0.8833669863860069,0.03741886943080831,0.9991703079979048,0.01607863261560243,211.53990686071938,-0.0038653227660669087,0.00011176879225374579,0.0020499224093643185,0.9659856001507285,-0.06554181670404444,1.8248658850733888,0.9620521129753854,-0.06542807395475947,11.636952146265143
3.0014227359405776,0.10234323462706256,0.09994795858050994,0.0010921355641820645,-0.08697264934417603,0.0025032891327612106,0.04685338199264355,0.9877771224096819,-0.06575344201363453,1.8403889657491703,82.9977338510887,-1.0497489692883306,43.351804537519,-0.8800958072083511,0.02533134596434942,0.47411991420516736,0.4733676088048442,-0.031484611784492716,0.8803021220894356,0.037226719045845146,0.9991832168015842,0.015718436156162356,213.9877431869717,-0.0013737692403686496,3.9540495043764544e-05,0.000740068693711079,0.9892200684663035,-0.0657949746577002,1.8396115604170007,0.9877771224096819,-0.06575344201363453,11.65038896574917
3.0017326842746996,0.10231632504615558,0.09994873131240661,0.001106746093094467,-0.08666250275871334,0.002482858539309518,0.04742588984664042,1.0135021316613688,-0.06607880984331249,1.8538257854602591,82.99773355984144,-1.0497483778927972,43.351804949396865,-0.8769564030932295,0.025124576659001068,0.4799127240670863,0.4791738307649687,-0.031252066963663075,0.8771634672172137,0.0370366253638326,0.9991957375596708,0.015367660589641056,216.4516715552946,0.0006864844421364682,-1.966760369253576e-05,-0.0003756773056144301,1.0128858142941517,-0.06606115205484096,1.8541630943054885,1.0135021316613688,-0.06607880984331249,11.66382578546026
3.0020426326088208,0.10228951283034084,0.09994949769624617,0.0011215347152864624,-0.08634438274950185,0.0024623270986978696,0.04800256242055356,1.039227140915159,-0.06640417753558392,1.8672626051996275,82.99773341434343,-1.049748673894726,43.3518047780517,-0.8737420882546494,0.02491695177697823,0.48575087105073556,0.48502494660826534,-0.031029046397259584,0.8739496549843853,0.036848547724095224,0.9992078868717885,0.015026040590422405,218.93088965926677,0.002312485135616157,-6.594632601964524e-05,-0.0012856101176964784,1.0369857883389992,-0.06634025809327576,1.868508781414369,1.039227140915159,-0.06640417753558392,11.677262605199628
3.002352580942942,0.10226280045096772,0.0999502577007712,0.0011365027216060587,-0.08601828931651312,0.002441694810897843,0.048583399714337006,1.0649521500765786,-0.06672954554875155,1.8806994248044617,82.99773407651014,-1.0497490434786982,43.35180432550669,-0.8704514768378327,0.0247084296958378,0.4916337254224955,0.4909203411982973,-0.030815262587984612,0.870659312354368,0.03666244675433771,0.999219680490473,0.014693320092101985,221.42453616377378,0.0035015559848403217,-9.939433981061036e-05,-0.0019776898074275987,1.0615226646437421,-0.06663219449055394,1.8826365821211208,1.0649521500765786,-0.06672954554875155,11.690699424804462
3.0026625292770626,0.10223619037938565,0.09995101129472428,0.0011516514029012391,-0.08568422245983243,0.0024209616757389085,0.049168401727954114,1.0906771597408067,-0.06705491347012638,1.8941362442632794,82.99773466437318,-1.049748525509088,43.351804314861056,-0.8670831788330997,0.02449896941781627,0.49756061086278897,0.4968593522656951,-0.030610435213184482,0.8672910614794629,0.03647828403497867,0.9992311333873549,0.01436925139399939,223.93168905684178,0.004251315996724811,-0.00012011864966565342,-0.0024395437899600906,1.0864988219911962,-0.06693685375570424,1.8965341244437937,1.0906771597408067,-0.06705491347012638,11.70413624426328
3.002972477611184,0.10220968508694397,0.09995175844684795,0.0011669820500200144,-0.08534218217906187,0.0024001276934484395,0.04975756846135271,1.116402169266678,-0.06738028116220685,1.907573063861534,82.99773348336498,-1.049748377736634,43.35180496292196,-0.8636358015521183,0.024288530612090867,0.503530802988393,0.502841268932573,-0.030414291310399997,0.8638435212134001,0.03629602233489665,0.9992422597800601,0.01405359530100551,226.45136391038423,0.004559697977211626,-0.0001282350311350658,-0.0026584682799435416,1.1119163240361238,-0.06725411990112239,1.9101887056506166,1.116402169266678,-0.06738028116220685,11.717573063861535
3.0032824259453057,0.10218328704499226,0.0999524991258848,0.0011824959538103113,-0.0849921684746846,0.002379192863941171,0.05035089991467223,1.1421271781988764,-0.06770564899197895,1.921009883722121,82.99773319278688,-1.0497488218239823,43.35180496836301,-0.8601079512015924,0.02407707364623142,0.509543527880036,0.5088653302711968,-0.030226564983559617,0.8603153087195882,0.036115625604439976,0.9992530731723959,0.013746120846917776,228.9825122946917,0.004424969771511348,-0.00012386854803770507,-0.0026214322341614397,1.1377768995079471,-0.06758386815513923,1.9235872957438949,1.1421271781988764,-0.06770564899197895,11.731009883722122
3.003592374279427,0.10215699872487981,0.09995323330057741,0.0011981944051201406,-0.08463418134658696,0.0023581571872171025,0.050948396087933334,1.1678521875445824,-0.06803101695934721,1.9344467033237294,82.9977339284635,-1.0497489695147806,43.351804312784225,-0.8564982345471892,0.0238645596318238,0.5155979606351516,0.5149307238892976,-0.030046996638262834,0.8567050411827073,0.035937058732088356,0.99926358640637,0.01344660460760311,231.5240202600451,0.0038457557972447027,-0.00010715406623260444,-0.0023150822338921396,1.1640819219435135,-0.06792596357644966,1.9367165418800334,1.1678521875445824,-0.06803101695934721,11.74444670332373
3.0039023226135475,0.1021308225979561,0.09995396093966832,0.0012140786947974845,-0.08426822079462681,0.0023370206631909696,0.05155005698095394,1.1935771969327504,-0.06835638488067142,1.947883522777886,82.99773377644647,-1.0497485255047678,43.351804498410274,-0.852805260679011,0.02365095046615593,0.5216932239355343,0.5210365845230177,-0.029875332776502016,0.8530113376034819,0.035760287565049634,0.9992738116952619,0.013154830504728045,234.0747068260164,0.002821055237027432,-7.823666286967087e-05,-0.0017257461572566558,1.1908323886738932,-0.06828026082897388,1.9495627733207526,1.1935771969327504,-0.06835638488067142,11.757883522777886
3.0042122709476695,0.10210476113557046,0.09995468201190012,0.0012301501136903557,-0.08389428681891786,0.0023157832919764587,0.052155882593828196,1.2193022061842953,-0.06868175257280029,1.9613203424946022,82.9977337079797,-1.0497483778942325,43.35180497782267,-0.8490276428728192,0.02343620888076573,0.5278283866477075,0.5271819926539579,-0.02971132574033832,0.8492328206941566,0.03558527890487741,0.9992837606564575,0.012870589561929498,236.63332263959532,0.0013502646008701823,-3.727214713907456e-05,-0.0008394402606412896,1.2180288998310627,-0.06864660384517578,1.9621120081950656,1.2193022061842953,-0.06868175257280029,11.771320342494603
3.0045222192817906,0.10207881680907244,0.0999553964860154,0.001246409952646678,-0.08351237941943168,0.0022944450736019917,0.052765872926623825,1.2450272155300581,-0.06900712040262169,1.9747571622459645,82.99773363689519,-1.0497489697525708,43.35180479118753,-0.8451640005533881,0.023220298486720675,0.5340024624538543,0.5333659731543322,-0.029554733647832777,0.8453681188690154,0.03541200059640659,0.999293444337139,0.012593679825788339,239.1985486169019,-0.0005668000914881765,1.5572441914277513e-05,0.00035812297302721734,1.2456716363936717,-0.06902482587808843,1.9743499604199548,1.2450272155300581,-0.06900712040262169,11.784757162245965
3.0048321676159118,0.10205299208981138,0.0999561043307567,0.0012628595025144637,-0.08312249859613985,0.0022730060079538816,0.05338002797929198,1.270752224737464,-0.06933248846164064,1.9881939818469476,82.99773385460071,-1.0497488955551546,43.35180429311458,-0.8412129613598701,0.023003183824270378,0.54021440852138,0.539587493991479,-0.02940531975449094,0.8414158683422437,0.03524042131068909,0.9993028732555058,0.012323905796845834,241.7689947704838,-0.0029298823483649293,8.011838302392874e-05,0.0018815267150669673,1.2737603383642873,-0.06941474822391255,1.9862620485077844,1.270752224737464,-0.06933248846164064,11.798193981846948
3.0051421159500324,0.10202728944913672,0.0999568055148666,0.0012795000541416949,-0.08272464434915605,0.002251466095003707,0.05399834775178913,1.2964772342181448,-0.06965785624546683,2.0016308012895365,82.96783325155411,-1.0493687280552422,43.33605725240159,-0.8371731633125398,0.022784830417520118,0.5464631242198512,0.5458454649700163,-0.02926285203645622,0.8373747153230501,0.03507051043197998,0.9993120574336878,0.012061078053392611,244.3431992204319,-0.005738262327710551,0.00015617477931422692,0.003745639369023971,1.3022942830099002,-0.06981617940846115,1.99783340613108,1.2964772342181448,-0.06965785624546683,11.811630801289537
3.005452064284154,0.1020017113583978,0.09995750000708767,0.001296332898376385,-0.08231881667819607,0.0022298253349504193,0.054620832244062445,1.322183708141381,-0.0699829886399197,2.015057859352467,82.61789166078006,-1.034418685054959,42.20695255572855,-0.8330432570809181,0.022565204830509382,0.552747449892781,0.5521386806641817,-0.02912732062473081,0.8332433477128042,0.03490235901232814,0.9993210000439734,0.011805195619231486,246.91774552123113,-0.008999108046798883,0.00024376491213610172,0.005971159338841528,1.3312619824812117,-0.07022890436257838,2.009033653702845,1.322183708141381,-0.0699829886399197,11.825057859352468
3.0057620126182756,0.1019762602889442,0.0999581877761625,0.0013133593260664567,-0.08190502707367386,0.0022080838735121233,0.05524747540511887,1.3476917899959346,-0.07029908894190084,2.027794750555529,83.36647813546006,-0.9673347887402315,35.714519316974474,-0.8288219731039974,0.02234427480473508,0.5590660696943136,0.5584638628674305,-0.029000617767081103,0.8290217596904893,0.03473715141137845,0.9993296474924178,0.011557879218523246,249.42289804793097,-0.012518436456305989,0.0003374854834721152,0.008444072786987802,1.360284973116606,-0.07063859845309883,2.0192995770638715,1.3476917899959346,-0.07029908894190084,11.83779475055553
3.006069279089458,0.10195115724751827,0.09995886292733537,0.0013304307793073954,-0.08148706898538194,0.0021864365170358724,0.05587238499226688,1.3736330256878375,-0.070580322443063,2.0371301165026523,87.43488524502027,-0.8292850604186697,20.799461064480965,-0.8245480452576618,0.022124025058814046,0.5653592208295236,0.564757277798757,-0.028873630212537825,0.8247517994231278,0.034570802557219435,0.9993382185711872,0.011312991185073326,251.6661590551299,-0.01444801807176782,0.00038766487375529833,0.009906421204398132,1.388136051402508,-0.070969474159075,2.0271853967082314,1.3736330256878375,-0.070580322443063,11.847130116502653
3.0063336790772626,0.10192966004627112,0.09995943855356301,0.0013452747104308982,-0.08112083477143983,0.0021677457515352216,0.05641176645341117,1.3974354032471865,-0.07078002137292838,2.0404493371329835,91.03535180226663,-0.6995776541538419,6.922292660097355,-0.8208031298057319,0.021933853399023737,0.570789915972755,0.5701891773831181,-0.028751898647346022,0.8210101280248228,0.034419209600185977,0.9993459153320634,0.01109320257116755,253.29389795218827,-0.013211708236733715,0.00035304893596565335,0.009187476948445147,1.410686327037003,-0.07113412864887114,2.031234207704567,1.3974354032471865,-0.07078002137292838,11.850449337132984
3.0065980790650664,0.1019082605520698,0.09996000923123591,0.0013602613200319916,-0.08074810517823039,0.0021490080434602987,0.05695137455197319,1.4217725175003864,-0.07095025908951591,2.0407906246924767,91.61281488941859,-0.6300485056121659,0.3152160534959876,-0.8170000712666216,0.021743417022409003,0.576227478836722,0.5756334656990026,-0.028627211912665977,0.8172065809239808,0.03426464962904723,0.9993536555282254,0.010872195676064797,254.72089361349086,-0.010481038443417717,0.00027893949794866133,0.007392242143232838,1.4322903135680833,-0.0712301851268884,2.033372171335065,1.4217725175003864,-0.07095025908951591,11.850790624692477
3.00686247905287,0.1018869604502225,0.09996057494896397,0.001375390595904802,-0.08036900149886606,0.0021302272562593316,0.05749093648596881,1.4458802575260563,-0.07111319100732771,2.0406160233743833,91.1790508967365,-0.6162325962740738,-0.6603680639454979,-0.813139859999623,0.02155274621579731,0.5816691905287323,0.5810828871456799,-0.02850755150428781,0.8133449439036746,0.034111781569313035,0.9993612064133615,0.010656694442135003,256.11100481785223,-0.007910156056576982,0.0002096632995150856,0.005658428883792779,1.4538276982198857,-0.0713238488039885,2.0349307023350915,1.4458802575260563,-0.07111319100732771,11.850616023374384
3.0071268790406744,0.10186576142603752,0.09996113569535704,0.0013906625258434566,-0.0799835237333184,0.002111403389790212,0.058030452255358966,1.4699879973905468,-0.07127612287139451,2.04044142207637,91.17904978096794,-0.6162321898252117,-0.6603673604163305,-0.8092218057495493,0.02136182033500498,0.5871147602738445,0.5865360213603895,-0.028390310190597533,0.8094254047989884,0.03395917023355742,0.9993686432639769,0.01044458096991588,257.5205416796933,-0.0055871481191003,0.00014748941941169146,0.004053644013610864,1.4756129454876077,-0.07142461454709836,2.0363601931177073,1.4699879973905468,-0.07127612287139451,11.85044142207637
3.0073912790284787,0.10184466516482324,0.099961691459025,0.0014060770976419864,-0.07959167188170113,0.0020925364442234695,0.058569921860193386,1.4940957368262389,-0.07143905457427646,2.0402668211303023,91.17904907171442,-0.6162321899352321,-0.6603666996174979,-0.8052452171914132,0.021170619031776784,0.5925638742618092,0.5919925563675611,-0.028275463118604138,0.8054472741221667,0.033806835362730436,0.9993759679220504,0.010235832559622904,258.9490205720728,-0.0035129281130810617,9.235803104482033e-05,0.0025850936438356017,1.497646967750929,-0.07153242240268673,2.037653438033015,1.4940957368262389,-0.07143905457427646,11.850266821130303
3.007655679016283,0.10182367335188784,0.0999622422285777,0.001421634299094519,-0.07919344594412792,0.0020736264194738396,0.05910934530060752,1.5182034763156764,-0.07160198643840143,2.0400922201817195,91.17905029393432,-0.6162320884111239,-0.6603673618142238,-0.8012094025081767,0.02097912225898027,0.5980161952336519,0.5974521567468056,-0.028162984433879032,0.8014098618724175,0.03365479626934684,0.9993831822068242,0.010030426090832621,260.3959377936652,-0.0016882607542841603,4.42059574666614e-05,0.0012601041246879344,1.5199305293457823,-0.07164720949644753,2.038803110547456,1.5182034763156764,-0.07160198643840143,11.85009222018172
3.007920079004087,0.10180278767253963,0.09996278799262504,0.0014373341179951826,-0.07878884592045665,0.002054673315541322,0.059648722576464586,1.5423112163976782,-0.07176491808759744,2.0399176188854824,91.17905100793905,-0.6162319868841735,-0.6603679239337907,-0.7971136699954524,0.020787310285600068,0.6034713620690474,0.6029144632362029,-0.028052846863720133,0.7973124781435708,0.033503071584514724,0.9993902879264707,0.009828337694393409,261.8607688295582,-0.00011375639447622199,2.966564942942001e-06,8.612162719405023e-05,1.5424642402791737,-0.07176890879853391,2.0398017643557855,1.5423112163976782,-0.07176491808759744,11.849917618885483
3.008184478991891,0.10178200981208693,0.09996332873977688,0.0014531765421380057,-0.07837787181051681,0.002035677132539604,0.060188053687716625,1.5664189562646413,-0.07192784989803469,2.039743017639651,91.17905019245109,-0.6162324949721381,-0.6603677524794875,-0.7929573286909433,0.02059516370893919,0.6089289893798171,0.608379092301944,-0.027945022325157172,0.7931544337498904,0.03335167961220434,0.999397286860924,0.009629543250111042,263.34296757511015,0.0012101343111780842,-3.14303347062333e-05,-0.0009292881677958672,1.5652485494870727,-0.07189745047669574,2.0406418344338775,1.5664189562646413,-0.07192784989803469,11.849743017639652
3.008448878979695,0.10176134145583804,0.09996386445864307,0.0014691615593171172,-0.0779605236145926,0.002016637870269733,0.060727338634438244,1.590526695915372,-0.07209078181590733,2.0395684164340793,91.17905038809204,-0.6162322913494904,-0.6603677733332916,-0.7887396890335776,0.020402663462770244,0.6143886671048224,0.6138456357530573,-0.02783948145787921,0.7889350408868155,0.03320063803899641,0.999404180775193,0.009434018023583825,264.8419656233789,0.0022831290116752307,-5.9058664747012524e-05,-0.001778443014615155,1.5882837383917863,-0.07203276053362245,2.0413156388263,1.590526695915372,-0.07209078181590733,11.84956841643408
3.0087132789674986,0.10174078428910117,0.09996439513783349,0.0014852891573266123,-0.0775368013325135,0.001997555528873818,0.06126657741657704,1.6146344358857903,-0.07225371351866894,2.0393938151772204,91.17904997881215,-0.61623218959258,-0.6603672222854584,-0.7844600635461343,0.020209790837221395,0.619849960115761,0.6193136603391038,-0.02773619371465043,0.7846536138166985,0.033049963982694455,0.9994109714166907,0.0092417367458353,266.3571715471073,0.003105120125457654,-7.999620525775214e-05,-0.0024535456619919835,1.6115699141565725,-0.07217476084618336,2.041815380543736,1.6146344358857903,-0.07225371351866894,11.849393815177221
3.0089776789553033,0.10172033999718465,0.09996492076595802,0.0015015593239606204,-0.07710670496427952,0.001978430108323437,0.0618057700341601,1.638742175320175,-0.07241664538273307,2.039219214263042,91.17904928034022,-0.6162321901664995,-0.6603667979748025,-0.7801177675495192,0.020016527487110664,0.6253124078258099,0.6247827073478794,-0.027635127777329262,0.7803094695771574,0.0328996742372596,0.9994176605039123,0.009052673952495564,267.8879700970985,0.00367618033030581,-9.432468748953461e-05,-0.002946684807815878,1.6351070022758887,-0.07232337003901772,2.0421331490811867,1.638742175320175,-0.07241664538273307,11.849219214263043
3.0092420789431076,0.10170001026539678,0.09996544133162652,0.0015179720470131683,-0.07667023451017485,0.0019592616085617465,0.06234491648734064,1.6628499149212814,-0.07257957708579843,2.0390446132305584,91.17905060152316,-0.6162318852438204,-0.6603677651100952,-0.7757121199042994,0.01982285544754458,0.6307755238081797,0.6302522922422956,-0.027536251006998302,0.775901928727988,0.03274978492729882,0.9994242497418622,0.008866803558252905,269.43372156447674,0.003996572067724688,-0.00010212998914336255,-0.0032498394375573138,1.6588947400233618,-0.07247850189160639,2.042260923417649,1.6628499149212814,-0.07257957708579843,11.849044613230559
3.009506478930911,0.10167979677904584,0.09996595682344886,0.001534527314278385,-0.07622738996983003,0.0019400500297308554,0.06288401677589928,1.6869576550541865,-0.07274250878861865,2.03887001180496,91.17905059107397,-0.6162323929873423,-0.6603679098511748,-0.7712424437794538,0.019628757151152965,0.6362387954265263,0.6357219042718513,-0.027439529938906734,0.7714303161178611,0.03260031180951478,0.9994307408084759,0.008684099251621237,270.9937610579673,0.004066753025705534,-0.00010350222317136566,-0.0033548802548942396,1.6829326690680078,-0.07264006643116787,2.0421905744953484,1.6869576550541865,-0.07274250878861865,11.84887001180496
3.0097708789187156,0.10165970122344006,0.09996646723003491,0.0015512251135504013,-0.07577817134333031,0.001920795371688655,0.06342307089985111,1.7110653946498076,-0.07290544076017902,2.0386954106959365,91.17904968454468,-0.6162326982586706,-0.6603673570839419,-0.7667080674530174,0.01943421543821312,0.6417016834735284,0.641191006118194,-0.027344930168161165,0.7668939616839061,0.03245127019300488,0.9994371353581866,0.008504534413922953,272.56739780618074,0.0038873823551030025,-9.853584354570459e-05,-0.003253571871053447,1.7072201281713824,-0.07280796945227291,2.0419138682031286,1.7110653946498076,-0.07290544076017902,11.848695410695937
3.0100352789065195,0.10163972528388783,0.09996697253999455,0.0015680654326232421,-0.07532257863087466,0.0019014976344351453,0.06396207885934846,1.7351731343033805,-0.073068372624427,2.038520809562641,91.17905039309062,-0.6162320882962717,-0.6603675810515597,-0.7621083251397454,0.019239213576824524,0.6471636218249891,0.6466590335565987,-0.027252416056870378,0.7622922012841984,0.03230267474730013,0.9994434350301257,0.008328081899134648,274.1539145379912,0.0034593308294213693,-8.732984861164888e-05,-0.0029375785499373254,1.7317562461228142,-0.07298211156017549,2.041422469093333,1.7351731343033805,-0.073068372624427,11.848520809562642
3.0102996788943233,0.10161987064569736,0.09996747274193762,0.0015850482592910374,-0.07486061183223569,0.0018821568180271697,0.06450104065422346,1.7592808742735997,-0.07323130427343871,2.0383462083351844,91.17905028592577,-0.6162318847825929,-0.6603673413096658,-0.7574425578492469,0.01904373527850344,0.6526240171074249,0.6521253951119178,-0.027161951121034807,0.7576243775522431,0.03215453973973112,0.9994496414378209,0.008154714340391996,275.75256682872566,0.0027836863990435153,-6.99878642048868e-05,-0.0023984664992545315,1.7565399341889327,-0.07316238900096401,2.040707943994662,1.7592808742735997,-0.07323130427343871,11.848346208335185
3.010564078882128,0.10160013899417691,0.09996796782447404,0.0016021735813479194,-0.07439227094747025,0.0018627729225215717,0.0650399562845978,1.783388613870585,-0.07339423603006923,2.038171607328664,91.17904958570261,-0.6162322918112011,-0.6603672124492732,-0.7527101142737608,0.01884776471425839,0.6580822483818098,0.6575894717389278,-0.02707349811521425,0.7528898407854387,0.032006879086100296,0.9994557561673214,0.007984404218184585,277.36258245078517,0.0018617612463635795,-4.661826280817444e-05,-0.0016277076708862482,1.7815698784464977,-0.07334869370504922,2.0397617659308303,1.783388613870585,-0.07339423603006923,11.848171607328664
3.0108284788699318,0.10158053201463486,0.09996845777621362,0.0016194413865879104,-0.07391755597672045,0.0018433459478046643,0.06557882575046481,1.8074963534705262,-0.07355716789431765,2.0379970061693484,91.17905039894913,-0.6162323934513836,-0.6603677858029187,-0.7479103517070919,0.018651286530288184,0.663537666843518,0.663050616534097,-0.02698701875168303,0.7480879498646198,0.031859706160334914,0.9994617807852759,0.007817123653035458,278.9831608428289,0.0006951009555981138,-1.7334332999598477e-05,-0.0006166857635350721,1.8068445326368059,-0.07354091236432463,2.03857531904558,1.8074963534705262,-0.07355716789431765,11.847997006169349
3.0110928788577356,0.10156105139237945,0.09996894258576627,0.0016368516628051414,-0.07343646691984418,0.001823875893933291,0.06611764905174855,1.831604093497475,-0.07372009970469495,2.0378224048596394,91.17905109884987,-0.6162320880619632,-0.6603679813633789,-0.743042636989995,0.01845428586930653,0.6689895955454079,0.6685081544526221,-0.026902473792835,0.7432180732020547,0.03171303384794553,0.9994677168367446,0.007652844480351136,280.61347257741494,-0.0007145091102775783,1.774562416862202e-05,0.0006432997743365602,1.832362110764671,-0.07373892649700502,2.037139903680089,1.831604093497475,-0.07372009970469495,11.84782240485964
3.0113572788455394,0.10154169881271895,0.09996942224174184,0.001654404397793708,-0.07294900377675617,0.0018043627608790302,0.06665642618844725,1.8557118334675238,-0.07388303140745345,2.0376478035969114,90.45724437831313,-0.5940112104424031,-1.6566006210182422,-0.7381063474879694,0.018256748386193674,0.6744373291391368,0.6739613820472966,-0.02681982318317931,0.7382795897174192,0.03156687462378058,0.999473565842141,0.007491538355960807,282.25265876423543,-0.0023650367262500185,5.849818333388274e-05,0.002161028770984832,1.858120579066277,-0.07394261260519384,2.0354467411639834,1.8557118334675238,-0.07388303140745345,11.847647803596912
3.011621678833344,0.10152247596096163,0.09996989673275022,0.0016720995793477432,-0.07245516654757012,0.001784806548727147,0.06719515716058932,1.8794378821183386,-0.07403421281828804,2.0369463944916504,85.78014553564935,-0.42683806718179085,-9.450866042883263,-0.7331008720985905,0.018058660268762124,0.6798801336394404,0.679408255054333,-0.026740477282650953,0.7332730527155096,0.03142224821173864,0.9994792896742147,0.007334264354425276,283.83370393092,-0.00419691288564451,0.00010338362272368387,0.0038922306631512804,1.8836751650807375,-0.07413859426201272,2.033016567502089,1.8794378821183386,-0.07403421281828804,11.84694639449165
3.0118860788211483,0.10150338452241585,0.09997036604740125,0.001689937195261267,-0.07195515707053346,0.0017652134709464917,0.06773356339217118,1.9010723723345109,-0.07410874336696827,2.0326501858639574,74.92629974999227,-0.019863955648276033,-28.637108124980386,-0.7280279775038684,0.017860079046954545,0.6853147317459792,0.684841007208733,-0.026667875801559427,0.7282043801334629,0.03128167594270297,0.9994847932219222,0.0071836451607897225,285.0073776173959,-0.005567706456479161,0.0001365877143401795,0.00524105030928169,1.906661334817912,-0.0742458572680973,2.027389015597215,1.9010723723345109,-0.07410874336696827,11.842650185863958
3.0121405605892777,0.10148513484747125,0.09997081286064839,0.0017072400527189367,-0.07146892868712484,0.0017463529675580958,0.0682499339280449,1.9184500482027715,-0.07404961995268344,2.02232825042384,63.81509618256496,0.3968023431945369,-48.28074076127905,-0.7230930638987428,0.01766887710725871,0.6905246061678739,0.6900486022372027,-0.026605783048054076,0.7232738477636826,0.031151384592076087,0.9994898419138105,0.007046073230677876,285.4454367142112,-0.005742170049531769,0.00014031070411203107,0.005483539961817603,1.9241943565599862,-0.07418998810655794,2.016842656592911,1.9184500482027715,-0.07404961995268344,11.83232825042384
3.0123946038688154,0.10146704056810565,0.09997125411988493,0.0017246437706162244,-0.07097958399327808,0.001727557328564444,0.06876197390111072,1.933527865126166,-0.07390710355186014,2.0081049844136203,58.415277847428115,0.590906914693818,-57.342878372345695,-0.7181279678911008,0.017478367214646556,0.6956915468884959,0.6952185716115241,-0.02654824238644817,0.7183079621670795,0.03102423814895952,0.9994947207010743,0.00691374986699214,285.4478669369162,-0.00517730823946467,0.00012600942817826737,0.0050155539665291534,1.9387034606127274,-0.07403307605619117,2.003091098114602,1.933527865126166,-0.07390710355186014,11.81810498441362
3.012648647148354,0.10144907107487545,0.09997169060930708,0.0017421770874336473,-0.07048652916725473,0.0017088017616231355,0.0692702250798396,1.948130065721756,-0.0737493880916622,1.9931931046641012,57.47499258285552,0.6207785080597716,-58.694070093784376,-0.713127130736843,0.017288309009694858,0.7008215249110309,0.700353060796327,-0.026490871791026483,0.713304860452365,0.030897208010427543,0.999499548518429,0.006783439260119777,285.38291342740246,-0.004516394409903442,0.00010949074688462867,0.004438460242254053,1.9526451726937697,-0.07385885179738005,1.9887559152488223,1.948130065721756,-0.0737493880916622,11.803193104664102
3.0129026904278917,0.10143122731003984,0.09997212233909213,0.0017598390409234806,-0.06998976529155243,0.0016900862557349683,0.06977468852723412,1.9627301363405252,-0.07359169433575152,1.9782833163014857,57.47080108002501,0.6207363412258928,-58.68995401066286,-0.7080905417631739,0.017098701323896428,0.7059145975814436,0.7054506357386652,-0.026432086700298948,0.7082660131113033,0.030769224862336443,0.9995043665774594,0.006654020872297573,285.33520835564167,-0.003859166493147113,9.318968597038686e-05,0.0038473073729049724,1.9665884350455527,-0.07368486664485152,1.9744368773047645,1.9627301363405252,-0.07359169433575152,11.788283316301486
3.01315673370743,0.10141351021585793,0.09997254931941729,0.0017776286688380395,-0.06948929236588697,0.0016714108108715209,0.07027536424289638,1.9773302072898389,-0.0734340002999554,1.9633735278785025,57.47080030931147,0.6207368917116298,-58.68995256913331,-0.7030181833033117,0.01690954320883612,0.7109708160630643,0.7105113474981014,-0.02637189146150617,0.7031914024056144,0.030640290596573402,0.9995091747864957,0.006525496894652663,285.30476439415,-0.0032060819677746867,7.711519111841586e-05,0.0032423495823157133,1.9805358355844223,-0.07351110756439451,1.9601316384928065,1.9773302072898389,-0.0734340002999554,11.773373527878503
3.0134107769869685,0.101395920734589,0.09997297156045984,0.0017955450089295194,-0.06898511039037203,0.0016527754272033235,0.0707722522271963,1.9919302775170706,-0.07327630626434978,1.9484637402482576,57.47079966237561,0.620736120532257,-58.68995239381593,-0.6979100307614016,0.016720833564138903,0.7159902252737392,0.7155352399985959,-0.026310316691373178,0.698081003577487,0.030510425849985916,0.9995139723586078,0.006397888274125765,285.29158972783046,-0.0025596758640490827,6.132583315103605e-05,0.0026259873303853005,1.9944899081859904,-0.07333763340883699,1.945837799315626,1.9919302775170706,-0.07327630626434978,11.758463740248258
3.013664820266506,0.10137845980849218,0.09997338907239701,0.0018135870989502353,-0.06847721936526341,0.0016341801045598459,0.07126535248016408,2.006530348137659,-0.07311861262037977,1.9335539519143765,57.4708008632565,0.620736120907452,-58.689953768052874,-0.6927660528314821,0.016532571140380564,0.720972863661162,0.720522350714173,-0.026247392794122786,0.6929347851658433,0.030379651577816677,0.9995187585152417,0.006271215681685628,285.29568583910213,-0.0019224132743947357,4.587758607720651e-05,0.0020006866645900087,2.008453118967099,-0.0731645005458309,1.9315528923255079,2.006530348137659,-0.07311861262037977,11.743553951914377
3.013918863546044,0.10136112837982665,0.09997380186540607,0.0018317539766524627,-0.06796561929010636,0.0016156248429126663,0.07175466500141114,2.021130418974991,-0.07296091858458409,1.9186441635859524,57.470799861908745,0.6207367818668956,-58.68995237082527,-0.68758621171198,0.01634475455221508,0.7259187629908709,0.7254727104632239,-0.02618314951475524,0.6877527092310369,0.03024798873195839,0.9995235324979173,0.006145499198687333,285.31704758810145,-0.0012966922854838574,3.082394145632223e-05,0.0013689821637268974,2.0224278657374786,-0.07299176168542605,1.917274383756168,2.021130418974991,-0.07296091858458409,11.728644163585953
3.0141729068255825,0.10134392739085159,0.09997420994966422,0.0018500446797884759,-0.06745031016524194,0.0015971096424891584,0.07224018979133229,2.035730489086859,-0.07280322460478894,1.9037343759619318,57.470799985987014,0.6207364510735545,-58.68995233189571,-0.6823704633303387,0.016157382287268974,0.7308279481327749,0.7303863431729578,-0.026117616787872642,0.6825347315703109,0.0301154588695191,0.9995282935459748,0.006020758904578979,285.3556630808715,-0.0006848414554081123,1.621589121427403e-05,0.0007334744138974828,2.036416476013595,-0.0728194682693272,1.9029996738207893,2.035730489086859,-0.07280322460478894,11.713734375961932
3.0144269501051206,0.10132685778382612,0.09997461333534875,0.0018684582461105912,-0.06693129199069858,0.001578634503033527,0.07272192684988976,2.050330559987259,-0.07264553073706459,1.8888245876532608,57.47080142080267,0.6207364509471063,-58.68995404198995,-0.6771187575704996,0.015970452706942105,0.7357004368535597,0.7352632656909307,-0.02605082411278089,0.6772808019489057,0.029982083697012968,0.9995330409131872,0.005897014445064991,285.4115137612609,-8.911619273306031e-05,2.101885268357664e-06,9.682617885181285e-05,2.0504212066193728,-0.07264766880548933,1.8887260984638377,2.050330559987259,-0.07264553073706459,11.698824587653261
3.0146809933846583,0.10130992050100954,0.09997501203263691,0.0018869937133710027,-0.06640856476604995,0.0015601994247447237,0.07319987617677093,2.064930630828087,-0.07248783675733428,1.873914799160417,57.47080019910254,0.6207362311306213,-58.68995336015223,-0.671831038502377,0.015783964063817945,0.7405362396150844,0.7401034875780768,-0.025982800624396247,0.6719908643326044,0.029847885122898654,0.9995377738657618,0.005774285075249647,285.4845743144206,0.0004882981028329422,-1.1472050658341784e-05,-0.000538234199017001,2.064444241999742,-0.0724764090973202,1.8744509299471768,2.064930630828087,-0.07248783675733428,11.683914799160418
3.0149350366641965,0.10129311648466095,0.09997540605170595,0.0019056501193220258,-0.06588212849175079,0.0015418044074806403,0.0736740377721965,2.079530701107757,-0.0723301430012957,1.8590050111981782,57.470799758674275,0.6207362311292286,-58.68995205107967,-0.6665072446208051,0.015597914501241488,0.7453353593726747,0.7449070109050416,-0.02591357535620949,0.666664857118458,0.02971288544306737,0.9995424916756803,0.005652589841468587,285.57481271764874,0.0010452893030400345,-2.4462349523532578e-05,-0.0011689161439993106,2.078487693682815,-0.07230573304950372,1.86017137850266,2.079530701107757,-0.0723301430012957,11.669005011198179
3.0151890799437346,0.10127644667703954,0.09997579540273308,0.0019244265017159359,-0.06535198316763058,0.0015234494512696983,0.07414441163621621,2.094130771724835,-0.07217244902156583,1.8440952233704309,57.47080009248839,0.6207367814884037,-58.68995236092405,-0.6611473090807031,0.015412302066547263,0.7500977913847999,0.7496738300693072,-0.025843176738658206,0.6613027133811489,0.02957710697009215,0.9995471936336853,0.005531947238447309,285.6821902059323,0.0015798207648322225,-3.682791188011296e-05,-0.0017923691894507067,2.092553599098737,-0.0721356813157323,1.8458845933724943,2.094130771724835,-0.07217244902156583,11.654095223370431
3.015443123223273,0.1012599120204045,0.09997618009589558,0.0019433218983050079,-0.06481812879368931,0.001505134556197163,0.07461099776884783,2.1087308421741113,-0.07201475498589716,1.8291854352507642,57.47080009251658,0.6207365612952742,-58.68995358055554,-0.6557511599450824,0.015227124717549854,0.7548235230194639,0.7544039315915992,-0.025771633115558672,0.6559043611119646,0.02944057241168782,0.9995518790359146,0.005412375555451465,285.8066610963325,0.002089930706131438,-4.853004837378495e-05,-0.0024056821471742456,2.1066439194149518,-0.07196629275478879,1.8315876630429477,2.1087308421741113,-0.07201475498589716,11.639185435250765
3.015697166502811,0.10124351345701499,0.09997656014137069,0.0019623353468415593,-0.06428056537001225,0.0014868597222061908,0.07507379616992527,2.1233309127912037,-0.07185706111804446,1.8142756468033383,57.4708005329212,0.6207361209081341,-58.68995332077611,-0.6503187204341834,0.015042380328243697,0.7595125335680163,0.7590972939368869,-0.025698972507256498,0.6504697234689459,0.029303304691508568,0.9995565471901321,0.005293892715853052,285.9481729415049,0.002573734152491445,-5.953248271819434e-05,-0.003005885092134828,2.1207605398343,-0.07179760386842783,1.8172776176495815,2.1233309127912037,-0.07185706111804446,11.624275646803339
3.015951209782349,0.10122725192913018,0.09997693554933566,0.001981465885077781,-0.06373929289642888,0.00146862494926836,0.07553280683944807,2.137930983464244,-0.07169936730613058,1.799365858815662,57.47080031646601,0.6207363409780271,-58.6899520774823,-0.6448499091750397,0.0148580666981475,0.764164794066657,0.7637538873352492,-0.025625222471946266,0.6449987190324945,0.029165326840791594,0.9995611974192704,0.005176516184628173,286.10666640520645,0.0030294233246992612,-6.980131837637799e-05,-0.0035899495651958834,2.1349052679059626,-0.07162964844276669,1.8029514296280529,2.137930983464244,-0.07169936730613058,11.609365858815663
3.0162052530618872,0.1012111283790093,0.09997730632996774,0.0020007125507659896,-0.06319431137308129,0.0014504302373836708,0.07598802977765029,2.1525310539713587,-0.07154167332646333,1.784456070999937,57.47080065049886,0.6207367812433802,-58.68995304465898,-0.6393446404623692,0.014674181559810807,0.7687802671164197,0.7683736736039627,-0.02555041017465793,0.6394912620609117,0.02902666204440198,0.9995658290596394,0.0050602630145393755,286.2820751004309,0.00345526993480653,-7.930504950325142e-05,-0.004154790977083738,2.1490798315785975,-0.07146245776142994,1.7886060142063163,2.1525310539713587,-0.07154167332646333,11.594456070999938
3.016459296341425,0.10119514374891148,0.09997767249344418,0.0020200743816584615,-0.06264562079991265,0.0014322755866373882,0.07643946498438448,2.167131124814091,-0.07138397929085682,1.7695462825208779,57.4708006355022,0.620736341347083,-58.68995391002545,-0.6338028245212333,0.014490722587026366,0.7733589067100816,0.7729566059694375,-0.025474562526239943,0.6339472627532236,0.028887333743572212,0.999570441457357,0.004945149933661073,286.4743256325534,0.0038496264755685057,-8.801454831520147e-05,-0.0046972698877395195,2.1632858787417613,-0.07129606106544861,1.7742382312148406,2.167131124814091,-0.07138397929085682,11.579546282520878
3.0167133396209627,0.10117929898109593,0.0999780340499422,0.002039550415507471,-0.062093221176809266,0.0014141609969726687,0.076887112459461,2.18173119531356,-0.07122628553469523,1.7546364942654975,57.4707994207547,0.6207360111793889,-58.689952287536926,-0.6282243677734717,0.014307687399938965,0.7779006580643105,0.7775026288995366,-0.025397706147980283,0.6283666275167153,0.028747365604900897,0.9995750339693181,0.004831193320786006,286.6833375224853,0.004210925556280999,-9.590300792886048e-05,-0.005214190867667797,2.1775249759836623,-0.07113048549841866,1.7598448862210476,2.18173119531356,-0.07122628553469523,11.564636494265498
3.0169673829005017,0.10116359501782175,0.0999783910096391,0.0020591396900653367,-0.06153711250405536,0.0013960864683042473,0.0773309722031863,2.196331265539172,-0.07106859166684165,1.7397267066107247,57.04726005217617,0.6346541203797642,-59.13738364116034,-0.6226091731099604,0.014125073573506234,0.7824054574553237,0.7820116779506662,-0.025319867006188566,0.6227492592396819,0.028606781232291937,0.9995796059724551,0.004718408973583011,286.9090231256863,0.004537683032506898,-0.00010294597229792312,-0.005702305912233631,2.1917986073928217,-0.07096575512653222,1.745422731708304,2.196331265539172,-0.07106859166684165,11.549726706610725
3.0172214261800394,0.10114803280134824,0.09997874338271207,0.0020788412430842473,-0.06097729478150882,0.0013780520007742325,0.0777710442155568,2.210716141378228,-0.07090382630646763,1.7245895844984602,50.68805981372407,0.7778275247616762,-62.72467201271229,-0.6169571401665832,0.013942878647616374,0.7868732320599607,0.7864831879222423,-0.02524109694734348,0.6170956831323338,0.02846563375957703,0.9995841559156649,0.004606835339710218,287.1195821488141,0.004856891078962743,-0.00010976296165465143,-0.006194526867838338,2.2058632051244773,-0.07079414775567909,1.7307790965740897,2.210716141378228,-0.07090382630646763,11.53458958449846
3.017475469459577,0.1011326132739345,0.0999790911793384,0.0020986541123165212,-0.060413877346690015,0.0013600611871709134,0.07820721299099143,2.222085187436136,-0.07067338795623135,1.7078571438386518,32.44778539759636,1.162302827561902,-71.76783145996706,-0.6112694235151558,0.0137611398959953,0.7913029273951994,0.790911813885114,-0.025170840584714513,0.6114122434505361,0.02833148925592965,0.9995884432228551,0.004502317097341876,287.00261096542016,0.004788024744630816,-0.00010778991358254677,-0.006198212852001222,2.217287342159829,-0.07056537181541882,1.7140679965128705,2.222085187436136,-0.07067338795623135,11.517857143838652
3.017745361212002,0.1011163890909439,0.09997945567277898,0.0021198238371139375,-0.05981292647575742,0.0013410284607289213,0.07866555459071245,2.227314488562726,-0.07028651311227074,1.6867949501029216,9.944591418788605,1.6325403704123005,-82.72967046317171,-0.6052013915177278,0.01356884436722827,0.7959567589810038,0.7955618119171517,-0.025117824096426322,0.6053515493758642,0.028206622821388055,0.9995924014223165,0.004406487684640763,286.1317405860196,0.0038198454069175844,-8.564238047000292e-05,-0.005023834730904667,2.2234645781867797,-0.07020019227034774,1.6918581400283288,2.227314488562726,-0.07028651311227074,11.496794950102922
3.0180212999007674,0.10109996923575254,0.09997982303745422,0.002141594951546466,-0.059198133007356546,0.0013216995222933292,0.07912777702868024,2.227397913622255,-0.0697798629114117,1.662643412479838,-2.0840504750467517,1.8918344434665642,-88.96681328862769,-0.5989894447973444,0.013373463364951292,0.8006452369801469,0.8002507908469341,-0.025077981837981832,0.599140857040972,0.02809115501373774,0.9995960333955705,0.004319321783605853,284.660486868001,0.002356130411078488,-5.260463937935737e-05,-0.0031493452976826654,2.225004878297101,-0.06972643147069182,1.6658419397404287,2.227397913622255,-0.0697798629114117,11.472643412479838
3.018297238589533,0.10108371898054509,0.09998018508884522,0.0021634926671903693,-0.05858367595646996,0.001302518532980912,0.0795831298769607,2.2261643482519133,-0.0692424524808879,1.6376961784979187,-4.496508176582211,1.9498255997194747,-90.50262966755781,-0.5927767670841301,0.013179485794324212,0.8052589680093506,0.8048676618139021,-0.025038010885350816,0.5929259186248541,0.027976541528147384,0.9995996118991909,0.004234209231648248,283.0420985710069,0.001044206307342868,-2.3216331945101143e-05,-0.0014185044693568998,2.2250839345965643,-0.069218429834406,1.6391638011207832,2.2261643482519133,-0.0692424524808879,11.44769617849792
3.018573177278298,0.10106763823029956,0.09998054186796637,0.0021855150805586573,-0.05796956326489067,0.001283486179204374,0.0800315845008619,2.224916392481717,-0.06870379827279605,1.612697058559263,-4.5225836273430104,1.9520791339673593,-90.59664657709072,-0.5865642742266318,0.012986938261804864,0.8097985500330119,0.8094105178362254,-0.02499409918874932,0.5867110946810502,0.027859766046569225,0.9996032311575476,0.004148881227002629,281.42999245853366,-6.46317946393417e-06,1.4309925844656415e-07,8.922932385198095e-06,2.2248875382539053,-0.06870315938516411,1.6127368922765852,2.224916392481717,-0.06870379827279605,11.422697058559264
3.018849115967064,0.10105172688999386,0.09998089341583191,0.0022076602881643415,-0.05735579493256182,0.0012646024609637152,0.08047314090039004,2.2236684366599917,-0.06816514416770136,1.5876979387718677,-4.522583067433516,1.9520789473311595,-90.59664679143316,-0.5803526575958354,0.012795836931306658,0.8142647354384681,0.8138800321951147,-0.024946485332170906,0.5804971714518949,0.02774099042410298,0.9996068852729796,0.004063482886585612,279.82946590952304,-0.0008254501944087244,1.8199840983454492e-05,0.0011581492311110169,2.224459450999724,-0.06818258572667642,1.5865881557900272,2.2236684366599917,-0.06816514416770136,11.397697938771868
3.019125054655829,0.10103598486460598,0.09998123977345615,0.002229926386520432,-0.05674237095956869,0.0012458673782020924,0.0809077990756224,2.222420481198796,-0.06762649006260979,1.562698818714921,-4.522582324133964,1.952079134064732,-90.59664739578693,-0.5741425749155706,0.01260619696406316,0.8186582849195515,0.8182769644162098,-0.02489518858245216,0.5742848065996845,0.02762019977312363,0.9996105738741845,0.003978027091151358,278.24141863845045,-0.0014224981128088269,3.123316781326172e-05,0.0020283112874961797,2.223809415742106,-0.06765698801729067,1.5607184556944542,2.222420481198796,-0.06762649006260979,11.372698818714921
3.0194009933445947,0.10102041205911383,0.09998158098185335,0.0022523114721399867,-0.05612929134562705,0.0012272809309763488,0.08133555902633294,2.2211725257872814,-0.0670878358544611,1.5376996985939968,-4.522583254092297,1.9520791339706136,-90.5966467563403,-0.5679346506780996,0.012418032547853447,0.8229799663581037,0.8226020812050036,-0.024840228434992354,0.5680746245419647,0.027497379538929362,0.9996142965645332,0.0038925270406558587,276.66671819186644,-0.0018072275551531413,3.9515480477329375e-05,0.002618808468131954,2.2229470519879517,-0.0671266385436148,1.5351283941378895,2.2211725257872814,-0.0670878358544611,11.347699698593997
3.0196769320333603,0.10100500837849546,0.09998191708203782,0.002274813641535924,-0.05551655609099271,0.0012088431192864846,0.08175642075271305,2.2199245698128607,-0.0665491817494206,1.5127005788899055,-4.522583340899018,1.9520788538199696,-90.59664680307242,-0.5617294765857125,0.012231356922754226,0.8272305537409568,0.8268561553638837,-0.024781624714831654,0.5618672168878961,0.027372515608401187,0.9996180529188929,0.0038069963199739588,275.10620063563266,-0.001989131297663186,4.331226307691778e-05,0.002929292930879885,2.221881851181078,-0.06659180298710268,1.5098183207300917,2.2199245698128607,-0.0665491817494206,11.322700578889906
3.0199528707221255,0.10098977372772877,0.09998224811502386,0.0022974309912213,-0.0549041651957225,0.0011905539430756562,0.08217038425480006,2.2186766143534413,-0.06601052769588156,1.4877014587432313,-4.522582697384223,1.9520791340614636,-90.59664744236397,-0.5555276120066602,0.012046182409007105,0.8314108261188007,0.831039964754516,-0.024719397341186788,0.5556631428985562,0.02724559414191318,0.9996218424888417,0.0037214487705855472,273.56067135101955,-0.001977568630663619,4.288203130939736e-05,0.0029596584101150903,2.220623173043313,-0.06605273980502192,1.4847883421480257,2.2186766143534413,-0.06601052769588156,11.297701458743232
3.0202288094108907,0.10097470801179176,0.09998257412182575,0.002320161617709126,-0.054292118659475364,0.0011724134023722854,0.08257744953231239,2.217428658734164,-0.06547187343618299,1.4627023386863698,-4.522583633802242,1.9520794141123474,-90.59664642086909,-0.5493295844497881,0.011862520436308817,0.8355215666020365,0.8351542912909845,-0.024653566368295868,0.5494629299630478,0.027116601630046616,0.9996256648010209,0.0036358985203909303,272.03090565140326,-0.0017817639138637625,3.8476374546724306e-05,0.0027100345926526423,2.2191802406811245,-0.06550970032408131,1.4600383304932378,2.217428658734164,-0.06547187343618299,11.27270233868637
3.0205047480996567,0.10095981113566235,0.09998289514345776,0.0023430036175124134,-0.05368041648267763,0.0011544214972616373,0.08297761658558311,2.2161807027579528,-0.06493321922808848,1.437703219103355,-4.522583530776046,1.9520792271897136,-90.59664620456897,-0.5431358900588639,0.011680381571193986,0.8395635613914632,0.8391999199679431,-0.024584152230188554,0.5432670740850405,0.026985525120546368,0.9996295193505704,0.003550360123145033,270.5176496503496,-0.001410801749512929,3.0339926079701943e-05,0.002180776050557095,2.2175621379986863,-0.06496292943229143,1.4355679327976258,2.2161807027579528,-0.06493321922808848,11.247703219103355
3.020780686788422,0.10094508300431852,0.09998321122093423,0.0023659550871441715,-0.05306905866510192,0.0011365782276300251,0.08337088541453941,2.214932747195533,-0.06439456507154828,1.4127040991658646,-4.522582970923395,1.9520790405555317,-90.59664677613819,-0.5369469941110554,0.011499775542454327,0.8435375988523424,0.8431776379357744,-0.024511175444405515,0.5370760403922165,0.026852351993162944,0.9996334056080012,0.003464848398324026,269.02162105494784,-0.0008736234392805238,1.8710363537811544e-05,0.001372452451273803,2.2157778066245797,-0.06441266480567177,1.4113765797730111,2.214932747195533,-0.06439456507154828,11.222704099165865
3.0210566254771876,0.10093052352273822,0.09998352239526939,0.002389014123117412,-0.05245804520674824,0.001118883593562714,0.08375725601905781,2.2136847915282942,-0.06385591096645382,1.387704979267454,-4.522582787505144,1.9520789473315716,-90.59664723314881,-0.5307633315363423,0.011320711272792642,0.8474444686188711,0.847088233607227,-0.02443465672516182,0.5308902636467462,0.026717070076620858,0.9996373230159287,0.0033793784931464357,267.54350992681805,-0.00017902620691132536,3.818470264024969e-06,0.00028584259644626945,2.2138360428897106,-0.06385913722758997,1.3874634941811104,2.2136847915282942,-0.06385591096645382,11.197704979267455
3.0213325641659527,0.10091613259589942,0.09998382870747759,0.002412178821945146,-0.051847376107673426,0.001101337594946017,0.08413672839928399,2.2124368360670985,-0.0633172568613618,1.3627058590777494,-4.522582607307413,1.9520791341492298,-90.59664765117577,-0.5245853074393214,0.011143196902373862,0.8512849607396971,0.8509324957997573,-0.024354616943524275,0.5247101487731395,0.0265796676330514,0.9996412709897182,0.0032939658655604734,266.0839795953769,0.0006643404747869526,-1.4111864392282546e-05,-0.0010780764290891217,2.211745496260127,-0.06330257053745926,1.3638276997521892,2.2124368360670985,-0.0633172568613618,11.17270585907775
3.0216085028547184,0.10090191012878008,0.09998413019857308,0.002435447280140432,-0.051237051367706954,0.0010839402318936209,0.08450930255491151,2.211188880499307,-0.06277860265316693,1.33770673894864,-4.52258344396887,1.9520791340587635,-90.59664629894723,-0.5184132976325487,0.010967239820649148,0.8550598648565273,0.8547112129151122,-0.024271077140094695,0.5185360713890959,0.02644013338991318,0.9996452489168023,0.00320862628785251,264.6436674694912,0.001647975631413944,-3.4863580951415136e-05,-0.0027181359489016036,2.2095146671384263,-0.0627431816945328,1.3404680292738067,2.211188880499307,-0.06277860265316693,11.14770673894864
3.0218844415434845,0.10088785602635816,0.09998442690957016,0.0024588175942161844,-0.050627070987076195,0.0010666915043486824,0.08487497848628145,2.2099409245763724,-0.06223994854812309,1.3127076195051188,-4.522583710975141,1.952078947058439,-90.59664612505276,-0.5122476491745004,0.010792846689402762,0.8587699694187827,0.8584251721494809,-0.024184058659990907,0.5123683783440038,0.026298456671827182,0.9996492561531899,0.003123375918745038,263.22318593602876,0.0027635286296761852,-5.82264083982352e-05,-0.004632984457067738,2.207151905704358,-0.06218118118019262,1.3173831329444006,2.2099409245763724,-0.06223994854812309,11.12270761950512
3.0221603802322496,0.10087397019361165,0.09998471888148312,0.0024822878606854627,-0.05001743496575273,0.0010495914123112016,0.08523375619342932,2.2086929688612287,-0.06170129444313033,1.2877084994720178,-4.522582877557397,1.9520791338763814,-90.59664747043144,-0.5060886809120054,0.010620023472152294,0.8624160609324233,0.8620751587475477,-0.02409358291222562,0.5062073882637845,0.026154627214048664,0.9996532920290837,0.003038231173833927,261.8231231961193,0.004002801435533156,-8.399683060115363e-05,-0.006821097520905379,2.204665410399278,-0.06161677241267803,1.2945714861046598,2.2086929688612287,-0.06170129444313033,11.097708499472018
3.022436318921015,0.10086025253551846,0.09998500615532625,0.0025058561760612774,-0.049408143303651286,0.0010326399557811783,0.08558563567599364,2.2074450133982424,-0.06116264023498763,1.2627093792860933,-4.664603413851182,1.9608466318150448,-90.91589571378154,-0.49993668402809954,0.010448775460259282,0.8659989232408833,0.8656619552819382,-0.02399967150129694,0.5000533920945656,0.026008635290395175,0.9996573558455164,0.0029532087928920894,260.4440442270208,0.005357747471663472,-0.00011197798059771299,-0.009280782326420252,2.202063227742059,-0.06105015216209042,1.2720313973836241,2.2074450133982424,-0.06116264023498763,11.072709379286094
3.0227122576097805,0.10084670295705658,0.09998528877211386,0.002529520636856639,-0.04879919600071503,0.001015837134815456,0.0859306169342533,2.206118679761971,-0.060619147546224106,1.2375340733696305,-8.229614492752717,2.018497137724424,-91.12027527865257,-0.49379192258593474,0.010279107299787512,0.8695193368419162,0.8691861515565372,-0.023901431295097537,0.49390703125627,0.025859680059688535,0.9996614686363624,0.0028678759964228234,259.0705945218822,0.006876984928962616,-0.00014315597876457013,-0.012109698643081352,2.199217816558302,-0.06047548439570779,1.249685284236323,2.206118679761971,-0.060619147546224106,11.047534073369631
3.0229881962985456,0.10083332136320397,0.0999855667728602,0.0025532793395845583,-0.04819063631214249,0.000999185619605214,0.08626860273500991,2.2029032753338953,-0.060048677328066846,1.2124221607254242,-20.155790428602813,2.153662132220788,-89.03003348061134,-0.48765538644053313,0.010111056560828826,0.8729776575667663,0.8726452951963535,-0.023808215983493333,0.48777387960340024,0.025715949905678544,0.9996654054407662,0.0027868388286186214,257.55397911731285,0.00802063674510919,-0.00016630004310133953,-0.014358165361499989,2.1948518709252323,-0.05988172706873344,1.2268345662656541,2.2029032753338953,-0.060048677328066846,11.022422160725425
3.0232889377319596,0.100818928141747,0.09998586455302971,0.0025792786930372087,-0.0475289557343217,0.0009812236151560683,0.08662915206678656,2.194054474426167,-0.059372700997641914,1.1862946160345018,-37.39034254882199,2.3245147092713268,-84.83270024810236,-0.4809850884934215,0.009929818992990586,0.8766725405427855,0.8763370679527077,-0.023734102476344957,0.4811133293847654,0.02558440419134593,0.9996689810434121,0.002713880918278233,255.50352484068284,0.0076501307665460296,-0.0001579350703416856,-0.013943591464757361,2.186358080809467,-0.05921379870549665,1.2003212621633559,2.194054474426167,-0.059372700997641914,10.996294616034502
3.0236225621441672,0.10080319351790988,0.0999861886082226,0.0026082462819585484,-0.046799226878903255,0.0009615460931513553,0.08702027540333734,2.178631513017123,-0.058568756571485636,1.1587489957244088,-49.36922080291606,2.4524886501314995,-82.35875809390609,-0.47362348867733584,0.009731161079665256,0.880673660033699,0.8803368617272145,-0.023680999873447725,0.4737575541659182,0.025465443904103557,0.9996721916711904,0.002649177969595337,252.80409472509453,0.005655670985097251,-0.000116202525181484,-0.010516371306460368,2.1729202335195157,-0.05845140197131987,1.1693675682398361,2.178631513017123,-0.058568756571485636,10.96874899572441
3.023956186556375,0.10078770141262852,0.09998650614353,0.0026373428695003784,-0.04607526641842696,0.0009421436811862804,0.08740232597197606,2.1611129198831236,-0.05773628082894988,1.1313408315160416,-52.85238685641525,2.5070364187667025,-82.4728859169752,-0.4663119633291809,0.009535112954581922,0.884568954054475,0.8842345760220509,-0.023632394187581448,0.4664447711273722,0.025352085788085583,0.999675231059663,0.002588791571063117,249.92394694859246,0.003522685921841613,-7.203162434107205e-05,-0.006682347540687388,2.157535219997243,-0.057663118108258166,1.1381267473369667,2.1611129198831236,-0.05773628082894988,10.941340831516042
3.0242898109685825,0.10077244985055758,0.09998681725248632,0.0026665653812145093,-0.045357226823682595,0.0009230216276421288,0.08777516124317941,2.143365820019639,-0.056895939468297296,1.1037190595501727,-53.19484809264668,2.518824360600746,-82.79301796429945,-0.4590537583009725,0.009341764848395951,0.8883593745884992,0.8880280132517256,-0.02357762185444949,0.4591844329110925,0.025234994399202355,0.9996783501505083,0.0025276470454983196,247.01605717579034,0.001814396262150457,-3.692304641084176e-05,-0.003511213881932564,2.1414981778773887,-0.05685792957713045,1.1073328900830774,2.143365820019639,-0.056895939468297296,10.913719059550173
3.02462343538079,0.10075743685635168,0.09998712202862595,0.0026959107426527506,-0.04464510809472699,0.000904179932462057,0.08813878121694563,2.1256187200283563,-0.05605559823543049,1.0760972876095707,-53.19484828622171,2.5188241053060807,-82.79301796429945,-0.45185023514163225,0.009151146285198034,0.892046871820152,0.8917186227817557,-0.023517236598970558,0.45197880189999734,0.025114601475961493,0.9996815359137863,0.0024660213248150764,244.11349412626075,0.0004722161462207624,-9.563609125807241e-06,-0.0009322534399637115,2.125094985176316,-0.05604499029724621,1.0771311272241555,2.1256187200283563,-0.05605559823543049,10.886097287609571
3.024957059792998,0.10074266045466547,0.0999874205654833,0.002725375879366911,-0.04393891023158858,0.0008856185956176432,0.08849318589329336,2.1078716200357093,-0.05521525704512298,1.0484755156437018,-53.194848094655754,2.5188242329790143,-82.79301807699426,-0.44470266734057184,0.008963284470228846,0.8956334055804788,0.8953083638331659,-0.023451199668387334,0.44482915246698146,0.0249908080581579,0.9996847895574974,0.002403907491256369,241.21822953267588,-0.0005241509540469426,1.0564618680073224e-05,0.0010556426540428148,2.108345935716799,-0.05522481806920879,1.0475203556423727,2.1078716200357093,-0.05521525704512298,10.858475515643702
3.025290684205206,0.10072811867015354,0.09998771295659274,0.0027549577169088514,-0.04323863323423893,0.0008673376171088876,0.08883837527218752,2.0901245201722247,-0.05437491572706543,1.0208537436278675,-53.19484796283405,2.5188243605441585,-82.79301807196794,-0.4376122426949138,0.008778204383577194,0.8991209419045515,0.8987992019087536,-0.02337946825859514,0.43773667325474686,0.02486351150591294,0.9996881122960781,0.0023412984435072642,238.33212659201385,-0.0011945005178946612,2.3960869142498543e-05,0.0024542284835108548,2.0912708226627457,-0.05439791191930032,1.0184988269271318,2.0901245201722247,-0.05437491572706543,10.830853743627868
3.0256243086174135,0.10071380952747058,0.0999879992954887,0.0027846531808302802,-0.04254427710262121,0.0008493369970210551,0.08917434935362945,2.072377420267536,-0.05353457445164023,0.9932319716653524,-53.194848026698764,2.518824296708374,-82.7930179552693,-0.4305800657487656,0.008595928875182447,0.9025114497814205,0.9021931055364533,-0.023301995462483654,0.43070246961209363,0.02473260550279719,0.9996915053442375,0.0022781869714423265,235.45694181952038,-0.0015581148724088541,3.110558450795833e-05,0.0032658653390707725,2.073888926089128,-0.05356475243366992,0.9900641854679624,2.072377420267536,-0.05353457445164023,10.803231971665353
3.025957933029621,0.10069973105127121,0.09998827967570553,0.002814459196683057,-0.04185584183682067,0.0008316167352404591,0.08950110813765288,2.0546303203614613,-0.05269423317617816,0.965610199727422,-53.1948480287856,2.5188243606007603,-82.79301796425693,-0.4236071602933338,0.008416478756801007,0.9058068980933817,0.9054920432138441,-0.02321872978903165,0.42372756608863893,0.024597979666527183,0.9996949699205847,0.002214565645388275,232.59432717412906,-0.0016337530270080216,3.2460375873133566e-05,0.0034934838226531677,2.05621900330935,-0.052725801162712894,0.9622135060680089,2.0546303203614613,-0.05269423317617816,10.775610199727423
3.0262915574418288,0.10068588126621006,0.09998855419077765,0.002844372690018993,-0.04117332743675206,0.0008141768318807863,0.08981865162424096,2.0368832204553797,-0.05185389185812084,0.9379884277589099,-53.19484815647593,2.5188242967632704,-82.79301814379619,-0.4166944719103214,0.008239872901293629,0.909009252743859,0.9086979805292182,-0.02312961501008328,0.4168129089790837,0.02445951945017507,0.9996985072431626,0.0021504268468927456,229.74583232171864,-0.0014396429107304035,2.8468039312553944e-05,0.003140547366759111,2.038279280838191,-0.05188150084955635,0.9349433305256957,2.0368832204553797,-0.05185389185812084,10.74798842775891
3.0266251818540364,0.10067225819694177,0.09998882293423947,0.002874390586389896,-0.04049673390250064,0.0007970172868567715,0.09012697981339013,2.019136120464104,-0.051013550625254256,0.910366655701182,-53.194848094616646,2.5188242329753763,-82.79301810081756,-0.4098428705556787,0.008066128333072993,0.9121204739662385,0.9118128774677199,-0.02303458998771263,0.4099593688990836,0.02431710601809604,0.9997021185251712,0.002085762797234052,226.9129070724818,-0.000993475504354636,1.9552617575179332e-05,0.0022110164968276347,2.0200874484596523,-0.05103227566145005,0.9082497033727158,2.019136120464104,-0.051013550625254256,10.720366655701183
3.026958806266244,0.10065885986812095,0.09998908599962535,0.002904509811347576,-0.03982606123403798,0.0007801381001968366,0.09042609270504443,2.001389020599298,-0.05017320934975933,0.8827448837613474,-53.19484803270052,2.518824296859748,-82.79301769265612,-0.40305315316345147,0.007895260325631722,0.915142513813772,0.91483868590095,-0.02293358822434745,0.40316774338999256,0.024170615867360728,0.999705804976613,0.002020565466028609,224.09690400654617,-0.00031240084545400764,6.119505532826316e-06,0.0007093141258974094,2.0016606555909884,-0.05017853086852437,0.8821282068459955,2.001389020599298,-0.05017320934975933,10.692744883761348
3.027292430678452,0.10064568430440225,0.0999893434804697,0.0029347272904438433,-0.039161309431307245,0.0007635392719009815,0.09071599029933886,1.9836419206493119,-0.049332868074264846,0.8551231119759279,-53.1948482202024,2.5188244882713633,-82.79301780062315,-0.3963260462664031,0.007727282493769838,0.9180773138228079,0.9177773472411065,-0.02282653779870597,0.39643875953695745,0.02401992079253253,0.999709567796577,0.001954826647197018,221.29908108127455,0.000586974329814923,-1.1444406709576467e-05,-0.001359708303494131,1.9830155081832699,-0.04932065341232922,0.8565739943025629,1.9836419206493119,-0.049332868074264846,10.665123111975928
3.02762605509066,0.1006327295304403,0.09998959547030692,0.0029650399492305575,-0.03850247849442212,0.0007472208019692061,0.09099667259624145,1.965894820659372,-0.04849252667104964,0.8275013399640159,-53.19484808862899,2.518824424337737,-82.7930182039288,-0.38966220862556805,0.007562206886719517,0.9209268028437693,0.9206307902734736,-0.022713360934050967,0.38977307659139193,0.0238648875108894,0.9997134081734672,0.0018885378845399006,218.52060447211682,0.0016885875042650593,-3.277055811653549e-05,-0.003990803976371866,1.9641680684683778,-0.048459011740208835,0.8315818231129068,1.965894820659372,-0.04849252667104964,10.637501339964016
3.027959679502868,0.10061999357088977,0.09998984206267142,0.0029954447132594267,-0.03784956842329734,0.0007311826904867758,0.09126813959563229,1.948147720797202,-0.04765218543821592,0.7998795679095281,-53.53480933023184,2.5319297448161393,-83.16807326400158,-0.3830622338505057,0.007400044080774402,0.9236928950387477,0.9234009291398428,-0.02259397399822194,0.38317128859381233,0.023705377678929152,0.9997173272747735,0.0018216905714562607,215.76255146097938,0.0029769192361722508,-5.750849764317176e-05,-0.007178361385083991,1.9451338559431313,-0.04759395661988186,0.8071460863305098,1.948147720797202,-0.04765218543821592,10.609879567909529
3.0282933039150755,0.10060747445040524,0.09999008335109758,0.0030259385080823116,-0.03720257921793291,0.0007154249372547383,0.09153039129760288,1.9301737820684792,-0.046803099525319025,0.772007540849728,-55.488440077679115,2.545852438257228,-82.16200664650864,-0.3765266530138653,0.007240803266063137,0.9263774880351089,0.926089309134455,-0.022466854622999605,0.3766348788285771,0.0235399274104396,0.9997213582257527,0.001753739080700212,212.99472024037092,0.004492098330556073,-8.638538600923271e-05,-0.011052016461936896,1.9256450881104146,-0.046716000091292224,0.7831481232681119,1.9301737820684792,-0.046803099525319025,10.582007540849728
3.028626928327283,0.10059517019364139,0.09999031942911976,0.0030565182592510215,-0.03656166223629498,0.0006999533773495159,0.091783260719704,1.9111231243867337,-0.04595346839165404,0.7450570655630457,-59.50057239402804,2.4842333951632085,-75.45037597489147,-0.37005784028548755,0.007084558504163436,0.9289817026583685,0.9286948138654989,-0.022344426775145424,0.37017113514078426,0.023380062693957312,0.9997252202409938,0.0016893375734842375,210.18233562144312,0.005701582770966682,-0.0001091537384428383,-0.014313076210827048,1.9053804503471063,-0.04584351426963017,0.7594710702047668,1.9111231243867337,-0.04595346839165404,10.555057065563046
3.029004317322312,0.1005815083624632,0.0999905803126252,0.00309120920693539,-0.035844673116869785,0.0006827906453423793,0.09205893467000292,1.8876443723097012,-0.04504259970588409,0.7188584894286549,-64.1685521651084,2.349458566253439,-64.39313795335033,-0.3628242311473763,0.006911291675704462,0.9318319651845436,0.931543064423577,-0.022241671907245547,0.3629501717248553,0.02323395534285597,0.9997287213767324,0.0016316516824676705,206.99823607392938,0.005565397785671155,-0.00010601300598489876,-0.014293465293802666,1.8820278069610443,-0.044935598365108666,0.7332804481241493,1.8876443723097012,-0.04504259970588409,10.528858489428655
3.0294411057722863,0.10056603192244179,0.09999087425327481,0.003131487912848225,-0.03502635114638508,0.0006633364484116555,0.09236705020786529,1.8586280212405413,-0.044048812709621465,0.6932738868452333,-67.68994921545936,2.272773558347886,-57.338488101040525,-0.3545628171627893,0.006714785645031976,0.9350080857079941,0.9347183222439885,-0.022162045542264117,0.3546977611978484,0.023103411213062048,0.9997318266091831,0.0015814041292028956,203.3181840266515,0.003928370150033162,-7.439630501272743e-05,-0.010359399452336066,1.8546424585181422,-0.04397332292751053,0.7037815694888496,1.8586280212405413,-0.044048812709621465,10.503273886845234
3.029877894222261,0.10055091015121223,0.09999115978802343,0.003171898928313415,-0.034221018611916065,0.0006443106200890725,0.09266456272288881,1.828511996316351,-0.04305715722649639,0.6687689107455839,-69.38091930894689,2.28284802438359,-56.36592115966528,-0.34642382591024845,0.006522440276168146,0.9380554304594956,0.9377681961219292,-0.022087723019235637,0.34655871484360135,0.02297991704443217,0.9997347447830401,0.0015351764618742542,199.56926212590633,0.002209716605894941,-4.160436872763132e-05,-0.005983527999235553,1.8262464754689245,-0.04301449599360074,0.6749020004554268,1.828511996316351,-0.04305715722649639,10.478768910745584
3.0303146826722354,0.10053613723108967,0.0999914371081489,0.00321243753428682,-0.03342900530512338,0.0006257227104811136,0.09295127127969671,1.7980184528350165,-0.042054569409425646,0.6440339201758007,-69.81307199752382,2.29536251106731,-56.62922283955925,-0.3384128598021653,0.0063343976275783,0.9409764140121768,0.9406925454897457,-0.02200461041630131,0.3385459082317342,0.02285030379919564,0.9997377871219499,0.001487922511382204,195.77544088917574,0.000919883397853184,-1.721833861874002e-05,-0.0025577886772011117,1.7970454176308033,-0.0420363534344563,0.6467388053221564,1.7980184528350165,-0.042054569409425646,10.454033920175801
3.0307514711222105,0.1005217073443894,0.09999170640492909,0.003253099011724297,-0.032650311225836504,0.0006075727197156766,0.09322717587833829,1.7675249093048038,-0.04105198155981793,0.6192989298108529,-69.81307217967492,2.2953624551080765,-56.62922271475918,-0.33053175345192215,0.0061506940931779965,0.943774829565914,0.9434944604031335,-0.02191342982544194,0.3306629776402034,0.022715150322115327,0.9997409373644013,0.0014399385798012582,191.98430706607164,-1.0366168685252277e-06,1.9289866052322277e-08,2.9598757099742693e-06,1.7674753249826531,-0.04105105872657535,0.6194404719818207,1.7675249093048038,-0.04105198155981793,10.429298929810853
3.0311882595721853,0.1005076146734266,0.09999196786964187,0.0032938786415817062,-0.03188493637426859,0.0005898606476932855,0.09349227651894321,1.7370313656643148,-0.04004939379163086,0.594563939350067,-69.81307212279648,2.2953624178413605,-56.62922304261804,-0.3227821682578933,0.005971362043742247,0.9464544440648349,0.9461777092503683,-0.021813964654981484,0.32291158768888584,0.02257414578859042,0.9997442002249137,0.001391189149983334,188.1986614311256,-0.0005828744577315673,1.0782982318850609e-05,0.0017090910685349865,1.7375660250894482,-0.04005928641779947,0.5929966415298763,1.7370313656643148,-0.04004939379163086,10.404563939350068
3.031625048022159,0.10049385340051649,0.0999922216935651,0.0033347717048148526,-0.031132880750305958,0.000572586494442362,0.09374657320129698,1.7065378221838827,-0.039046805974581544,0.5698289486987846,-69.81307196025273,2.295362529687722,-56.629223104841,-0.3151656009325819,0.0057964300847756925,0.9490189910571215,0.9487460274855003,-0.021705973035753747,0.3152932382165112,0.02242695584182864,0.999747580666228,0.001341636019111368,184.42106693878497,-0.000854144050689347,1.5709158161607195e-05,0.0025719777881979093,1.7073460297431948,-0.03906167278774022,0.5673959551646848,1.7065378221838827,-0.039046805974581544,10.379828948698785
3.032061836472134,0.10048041770797429,0.09999246806797664,0.0033757734823797003,-0.030394144353920183,0.0005557502599771169,0.09399006592544845,1.6760442786853886,-0.03804421810868808,0.5450939581836423,-69.81307199746652,2.2953625669300664,-56.62922290056213,-0.30768339209261625,0.005625923307956456,0.9514721641841732,0.9512031111228881,-0.021589185639880312,0.3078092728517863,0.02227322054629279,0.9997510839074122,0.0012912381167286234,180.65385418338917,-0.0008420387575464862,1.5396493909094406e-05,0.0026038988764416123,1.6768425306243078,-0.038058816523170405,0.5426261478782475,1.6760442786853886,-0.03804421810868808,10.355093958183643
3.0324986249221086,0.10046730177811518,0.09999270718415436,0.003416879255232054,-0.029668727185153898,0.000539351944325972,0.09422275469146824,1.6455507351723853,-0.037041630259102676,0.520358967710763,-69.81307208855628,2.29536251101851,-56.62922290048061,-0.30033673485851914,0.005459863542090674,0.9538176112782911,0.9535526108440079,-0.02146330300439328,0.30046088759889783,0.022112551847817994,0.999754715437555,0.0012399512082059468,176.89912746886412,-0.0005724329557504406,1.0406338827867102e-05,0.001817948226440105,1.6460814014229805,-0.037051279066150515,0.518674138487043,1.6455507351723853,-0.037041630259102676,10.330358967710763
3.0329354133720834,0.10045449979325444,0.09999293923337615,0.0034580843043277745,-0.028956629243978682,0.0005233915474462947,0.09444463949932214,1.6150571915943175,-0.03603904244205225,0.4956239771956916,-69.8130721444104,2.295362492396613,-56.62922288649065,-0.29312668342497494,0.005298269599784317,0.9560589290433527,0.9557981266865228,-0.02132799254437635,0.2932491393961133,0.021944530711046406,0.9997584810299704,0.0011877275604916292,173.1587712414117,-6.988907223318182e-05,1.2632461243159823e-06,0.00022794946802647957,1.615087204550395,-0.03603958502888556,0.49552611535868174,1.6150571915943175,-0.03603904244205225,10.305623977195692
3.033372201822058,0.10044200593570723,0.09999316440691984,0.003499383910622719,-0.0282578505304798,0.0005078690693522958,0.09465572034900749,1.5845636480325211,-0.0350364546087345,0.47088898673503365,-69.90751918142587,2.2984553977380244,-56.705183125013264,-0.28605416157084246,0.0051411575223895235,0.9581996582901355,0.9579432032879519,-0.02118288528095895,0.2861749546092236,0.0217687039584227,0.9997623867551887,0.001134515583090281,169.434456866363,0.0006423310566167154,-1.1544405176470762e-05,-0.002151625397020669,1.5838832026038756,-0.035024222797382765,0.4731676179294591,1.5845636480325211,-0.0350364546087345,10.280888986735034
3.033808990272033,0.1004298143877888,0.09999338289606334,0.0035407733550727465,-0.027572391044557776,0.0004927845100439754,0.09485599724057447,1.5539875977046478,-0.03403116490102409,0.4460876391102744,-70.76753116907048,2.3113444283876916,-56.59229461644452,-0.2791199710720572,0.004988540818456913,0.9602432797001167,0.9599912166127811,-0.021027045400472608,0.2792395519765044,0.02158407694091548,0.9997664499934182,0.0010801129344777775,165.71762831892732,0.0015536045239933466,-2.776662506058854e-05,-0.005344792412188875,1.5523973150096637,-0.03400273695988041,0.4515569759714565,1.5539875977046478,-0.03403116490102409,10.256087639110275
3.034245778722007,0.10041791933181433,0.09999359489208445,0.0035822479186337153,-0.026900322862317694,0.0004781402298164039,0.09504541220588703,1.5227427675367977,-0.033017317508269084,0.4214512654429967,-70.54352050580064,2.2317964866690545,-52.60844476903327,-0.2723256292889608,0.004840456363277338,0.9621929752469444,0.9619441826388196,-0.0208640031635704,0.2724483122710138,0.021393971446313862,0.999770593202655,0.0010255539510344858,161.95840228317905,0.002539233414755397,-4.513364596784737e-05,-0.008971731968706752,1.5201662657234303,-0.03297151160080908,0.4305517315272178,1.5227427675367977,-0.033017317508269084,10.231451265442997
3.034696775835801,0.10040594227679464,0.09999380717379264,0.003625155956199086,-0.026220981631908558,0.000463486936482127,0.09522980318674712,1.4913886570636343,-0.032052388414393895,0.3994922191711652,-67.18271593089753,2.0023851435690005,-43.61873852474611,-0.2654621375174519,0.0046923579977736045,0.9641098668311026,0.9638605146298306,-0.020722193232880846,0.26560026175652995,0.021224762470665143,0.9997742456146071,0.0009781791150887589,158.2807281685029,0.002894395227266181,-5.1161867076005674e-05,-0.010511913387018228,1.488451307988465,-0.03200045561957355,0.41015587941727527,1.4913886570636343,-0.032052388414393895,10.209492219171166
3.0352984300663426,0.10039043587960257,0.09999408024787007,0.003682523143297098,-0.025335657373801723,0.0004445544321924899,0.09546264700873186,1.4528452948041846,-0.03095773559721976,0.3773192064865185,-63.632015066853455,1.7699721809859135,-34.6457626157536,-0.25651564776464797,0.004500975303621671,0.9665295979292094,0.9662786562834067,-0.020595143207260948,0.2566737199002004,0.021061097557767923,0.9997777466695397,0.0009337801322678845,153.90134138479843,0.002084628527514474,-3.657812535544262e-05,-0.007854706681983572,1.4507117373991616,-0.03092028970101462,0.3853542409529467,1.4528452948041846,-0.03095773559721976,10.187319206486519
3.035900084296884,0.10037545566590965,0.0999943421099023,0.003740026967062048,-0.024472760596026433,0.0004262352313020301,0.09568383458044138,1.414819714937945,-0.02992256591313247,0.3578026798749647,-63.82434845988405,1.7336760979936408,-32.556831048445076,-0.2477881831279441,0.004315657530135673,0.9688046198291145,0.9685563905700367,-0.020487063807379417,0.24794918532331395,0.02091802583205459,0.9997807838885817,0.0008964946381321993,149.6400672762236,0.001006974730274725,-1.753819743342057e-05,-0.003937079478231631,1.4137655246869398,-0.029904200514218986,0.36192214877443046,1.414819714937945,-0.02992256591313247,10.167802679874965
3.0365017385274258,0.10036098759971132,0.09999459314033032,0.0037976603110366275,-0.02363319283990961,0.0004085483554518987,0.09589319400082363,1.3760449162792838,-0.028871588479726318,0.3381432962198687,-64.44698080476837,1.7468129934936663,-32.675551310599076,-0.23929112122566312,0.004136639290053688,0.9709390544817676,0.9706949013856978,-0.020367493059286656,0.23945056619329644,0.020766115073288544,0.9997839842042159,0.0008583455829857473,145.29911957321573,0.0002580108439946483,-4.460248207544906e-06,-0.0010468955288899372,1.3757430043796977,-0.028866367849532948,0.33936764359730776,1.3760449162792838,-0.028871588479726318,10.14814329621987
3.037103392757967,0.10034701764500298,0.09999483371959518,0.00385541605876353,-0.02281695410543705,0.00039149380459946315,0.0960907252698413,1.3372701176443016,-0.027820611058131495,0.3184839125123631,-64.44698081535284,1.7468130131383752,-32.675551310787995,-0.23102659173222537,0.0039639593848919364,0.9729393613882555,0.9726994676099718,-0.02023568382305584,0.23118447787749663,0.020604499176782448,0.9997873608245743,0.0008192398816995808,140.96021918303856,-0.00018720019467652197,3.21198509218231e-06,0.0007883700161730209,1.3374164767410734,-0.02782312303467763,0.3178678925772,1.3372701176443016,-0.027820611058131495,10.128483912512364
3.037705046988509,0.1003335317657801,0.09999506422813786,0.003913287093785447,-0.022024044392594533,0.0003750715787731451,0.09627642838746864,1.298495318972904,-0.026769633601086695,0.2988245288570397,-64.44698085421555,1.7468130131302146,-32.6755512569938,-0.22299642942810743,0.0037976504839636934,0.974811864060505,0.9745764210859159,-0.020090879918939743,0.22315276383556265,0.02043228430597538,0.9997909272605215,0.0007790938687958948,136.62664182694564,-0.00036486999798249133,6.213770901963092e-06,0.0015950013360538304,1.2988221537019011,-0.026775201371081785,0.29739664028244134,1.298495318972904,-0.026769633601086695,10.10882452885704
3.038306701219051,0.10032051592603806,0.09999528504639944,0.003971266299645126,-0.021254463701438908,0.0003592816779871555,0.09645030335379445,1.2597205202911006,-0.025718656179500143,0.2791651452142361,-64.4469808330291,1.7468130032838687,-32.6755513314786,-0.2152021978306981,0.003637739715723932,0.9765627378200531,0.9763319473480541,-0.01993220743018986,0.21535699592656965,0.020248463755964494,0.9997946983650141,0.0007378133459961253,132.30123654908127,-0.00030862063654841387,5.216868405532697e-06,0.0014004848315377863,1.259993659601136,-0.02572327480639204,0.2779264267191823,1.2597205202911006,-0.025718656179500143,10.089165145214237
3.0389083554495926,0.10030795608977236,0.0999954965548209,0.00402934655988515,-0.020508212031927542,0.00034412410218465084,0.09661235016874459,1.2209457216452257,-0.02466767873430431,0.25950576146929905,-64.55148789602094,1.7496373487312447,-32.72812214237939,-0.20764521246904205,0.0034842492462339794,0.978197999254689,0.9779720752141169,-0.01975865582247939,0.20779849764009994,0.020051899352282423,0.9997986904946315,0.0006952918204587407,127.98644039504846,-4.9530555053811624e-05,8.311137880798641e-07,0.00023333400890635173,1.2209620767614844,-0.02466795326619935,0.2594287624940873,1.2209457216452257,-0.02466767873430431,10.0695057614693
3.039510009680134,0.10029583822097837,0.09999569913384326,0.004087520758048265,-0.019785289384060434,0.0003295988514508963,0.09676256883227019,1.1820451687303386,-0.023613302753945464,0.2397831189249615,-65.07981480477895,1.7560992393588002,-32.60271364597298,-0.20032656369792368,0.0033371968450021223,0.9797234972144945,0.9795025164507409,-0.019568338880542588,0.2004791769239945,0.019840599879442925,0.9998029355536897,0.0006512653776445192,123.67035983022456,0.00039117631485989225,-6.516521522120631e-06,-0.001913099392050242,1.1816226773207783,-0.023606261944616288,0.2418480175450469,1.1820451687303386,-0.023613302753945464,10.049783118924962
3.0401116639106758,0.10028414828365155,0.0999958931639076,0.004145781777677165,-0.019085847079011842,0.0003157100151867098,0.09690088322457191,1.142634629844908,-0.022554549661082113,0.22027464028482768,-63.290818519883715,1.6719556000618212,-29.911319048226886,-0.19324876001025693,0.0031966393058206273,0.9811445858035637,0.9809275165628839,-0.019365209839881856,0.19340681450670408,0.01961832261261567,0.9998073490223633,0.0006066313332896657,119.32169858661848,0.0009205507910764819,-1.5227362088135357e-05,-0.004673734644268557,1.1416830361106334,-0.022538802502334025,0.2251025437273934,1.142634629844908,-0.022554549661082113,10.030274640284828
3.0407368691862886,0.10027243907933235,0.09999608613986795,0.004206407705153609,-0.01838439277776871,0.00030195303405378127,0.09703235309285985,1.1045024945865674,-0.02156626373387932,0.2032068369886204,-57.474330956986364,1.4570205424124527,-24.09552738308821,-0.1861539614120666,0.0030574713088960745,0.9825158291446454,0.9822991491695825,-0.019183330196058414,0.18633405857036292,0.01941763661128489,0.9998112861632932,0.0005677014437329665,115.163545351522,0.0011205573183807748,-1.8404506812180373e-05,-0.005914272757999025,1.103347802705939,-0.02154729059706179,0.20929599121275094,1.1045024945865674,-0.02156626373387932,10.013206836988621
3.0415895474743904,0.10025716336204764,0.0999963358088504,0.004289218021470795,-0.017462907188921406,0.0002840729325512825,0.09719739449958231,1.0595854127381816,-0.020467767127775816,0.1863870721603007,-51.554720021202456,1.2412665727396206,-18.326357104151455,-0.1768322694015472,0.002876569221559185,0.9842367976497386,0.9840196984308412,-0.01901017501057389,0.17704193386354383,0.019219787153045516,0.9998151237521619,0.0005310116109262537,110.33640160656967,0.0007035722905176079,-1.1445164408590347e-05,-0.003916037160398978,1.0588448926787273,-0.020455715216853076,0.19050426303488624,1.0595854127381816,-0.020467767127775816,9.996387072160301
3.042442225762492,0.10024265859571808,0.09999657058551159,0.00437216392105332,-0.01657742182610633,0.0002670481927822266,0.09735020951208773,1.0165833137640785,-0.019449461621236203,0.17195386338320162,-50.89030863965695,1.203132223649492,-16.98226291062312,-0.16786932933967533,0.002704232388725677,0.9858055464412012,0.9855922295980225,-0.018857220116959315,0.16808439013025434,0.019044091433590527,0.9998185003107146,0.0005002784648892675,105.74365805291431,0.0002002148463719979,-3.2252912094939062e-06,-0.0011757532290726806,1.0163487565503018,-0.019445681126852698,0.17332965477424112,1.0165833137640785,-0.019449461621236203,9.981953863383202
3.043294904050594,0.10022889294672,0.09999679122124211,0.004455234841457024,-0.01572927014953507,0.00025090466527188937,0.09749063715130646,0.9727992902345157,-0.01841599767813279,0.15742625842685243,-51.34881952149976,1.2120209579960655,-17.037615670835407,-0.1592810146933856,0.002540763131148338,0.9872300151843829,0.9870219295765061,-0.018685136486673613,0.15949475292167123,0.018851765965296054,0.9998221606067678,0.00046839857097889705,101.07027522623628,-6.70061409759069e-05,1.0688451029762427e-06,0.0004153067062036897,0.9728354635398917,-0.018416575022926363,0.15720233486332846,0.9727992902345157,-0.01841599767813279,9.967426258426853
3.044147582338695,0.1002158345814297,0.0999969984674325,0.004538420220237528,-0.014918452159179196,0.00023564235003448175,0.09761867741716301,0.929015266712824,-0.017382533710021658,0.14289865345612185,-51.34881953399952,1.2120209775469934,-17.037615646748407,-0.1510693746534142,0.0023861954364794297,0.9885202831066064,0.988317701346123,-0.018491803409198673,0.1512817715806868,0.01864051061418114,0.999826136563095,0.00043522598849755727,96.40067293173698,-0.00013157898730573246,2.0783377158067012e-06,0.0008609852134540736,0.929119080768353,-0.01738417450370719,0.1422202398647821,0.929015266712824,-0.017382533710021658,9.952898653456122
3.0450002606267974,0.10020345166622355,0.09999719307547338,0.004621709494950673,-0.014144967855052926,0.00022126124709842543,0.09773433030970846,0.8852312431619218,-0.016349069733576402,0.12837104854084203,-51.83658363463212,1.2214081377986794,-17.104877156352686,-0.1432360248037009,0.002240555213857662,0.9896860214789169,0.9894892495873732,-0.018274562387247048,0.14344708195209807,0.01840748005068323,0.9998304685087956,0.00040057037415740324,91.7379224514813,-3.0566139056093936e-05,4.781277777255103e-07,0.00021119603532599102,0.8852366849326345,-0.016349154913029414,0.1283335006858226,0.8852312431619218,-0.016349069733576402,9.938371048540843
3.045852938914899,0.10019171236747788,0.0999973757967553,0.00470509210315208,-0.013408817237191784,0.00020776135644950955,0.09783759582898632,0.8406154079235577,-0.01529959730999765,0.11372873871237488,-50.77061042390278,1.1815501676735263,-16.09731390868376,-0.13578220354342754,0.002103861533114162,0.9907364770550949,0.9905448950336362,-0.018029105945327716,0.13599912595900976,0.018148216238369357,0.999835220673228,0.00036406243169063513,86.99830297274984,0.000203346168355155,-3.1507235141587515e-06,-0.0014837177568296296,0.8403883411223511,-0.01529607644568051,0.11538303860008368,0.8406154079235577,-0.01529959730999765,9.923728738712375
3.0467056172030005,0.100180584851569,0.09999754738266887,0.004788557482397533,-0.012711418841092836,0.00019516997821256155,0.09792827836217488,0.7986492487976733,-0.01433410538502046,0.10091938840746195,-45.89473331152641,1.0375485093443082,-13.193151825455708,-0.1287232059126297,0.001976404491700246,0.9916785921279434,0.9914891352617553,-0.0177963986786806,0.12896737126872826,0.017903199278479855,0.9998396432543647,0.0003312259112157284,82.56346912224151,0.00035442965216343124,-5.4418809068740875e-06,-0.002730512311077723,0.7982701684277831,-0.01432828022556983,0.10383452679710596,0.7986492487976733,-0.01433410538502046,9.910919388407462
3.0478666745629663,0.10016636156912159,0.09999776440281852,0.004902324463048211,-0.011814562704365983,0.00017921142443810822,0.09803686559041358,0.7506150163687035,-0.013279258776456526,0.08849349989129962,-39.600040608529184,0.855367542857425,-9.609565079323136,-0.11964555515460379,0.0018148661870507584,0.9928150116675662,0.9926266364659384,-0.017561596570763567,0.1199331101247835,0.017653079250577026,0.9998440892067656,0.0002996824522222359,77.52432654480842,0.0002362012987208644,-3.5828639838065693e-06,-0.0019599908650382147,0.7503532403166412,-0.01327528438983033,0.09066067189551176,0.7506150163687035,-0.013279258776456526,9.8984934998913
3.0490924987196437,0.10015244290497347,0.09999797411327399,0.00502256668164288,-0.010922696682477806,0.0001635359520761881,0.09813883201085427,0.704364455496731,-0.012299521786539001,0.07812797794527171,-37.87463064178627,0.7996218553412433,-8.368847320361159,-0.11061525906585065,0.0016561452021740548,0.9938619228267396,0.9936779960155202,-0.01735166865697012,0.11091870820289405,0.01742886026209036,0.9998480254337188,0.0002736842781085175,72.69230405668814,3.1570051589337576e-05,-4.726706777492891e-07,-0.0002836522957256713,0.7043097543841867,-0.012298701932568042,0.07861815240374048,0.704364455496731,-0.012299521786539001,9.888127977945272
3.050318322876321,0.10013958295822271,0.09999816533545959,0.0051429263650222285,-0.010087708775060378,0.00014905732259506976,0.09822840791576892,0.6577597420368337,-0.011318867203487563,0.0679760294736127,-38.43553621325711,0.8081232774531548,-8.348554796196058,-0.10215903265014989,0.0015095154137855765,0.9947669342168552,0.9945894735860158,-0.017115024515763497,0.10246392032182217,0.017180131333675058,0.9998523364251363,0.00024710620754702555,67.82755439300622,-4.159113580119075e-05,6.14556138014238e-07,0.00040499097904767316,0.6577814244544732,-0.011319187971054384,0.06776551054926173,0.6577597420368337,-0.011318867203487563,9.877976029473613
3.051544147032999,0.10012771139076948,0.09999833954940754,0.005263388192233142,-0.009310101120320269,0.00013578607038766677,0.09830548532886185,0.610134037966596,-0.010318287716387889,0.05766025766022409,-37.918606149586054,0.7905570870940508,-7.98492596278362,-0.09428384454035402,0.0013751121051986958,0.9955444067068975,0.9953732487040554,-0.016833379646303073,0.09459774359898064,0.016888459455198197,0.9998573092843506,0.00021836594617689973,62.86129204238767,1.2881491024112931e-05,-1.8787411912000004e-07,-0.00013601584027061973,0.6101034036403482,-0.010317840297949552,0.057982676771329136,0.610134037966596,-0.010318287716387889,9.867660257660225
3.0527699711896767,0.1001167578645139,0.09999849823515004,0.005383936842322342,-0.0085918746899587,0.0001237605099184691,0.09836977058920926,0.564796655225404,-0.009380699254302079,0.04839979920468451,-34.434421192059744,0.7014484876170308,-6.633312051526039,-0.08701130105769062,0.0012533426494399887,0.9962065361261443,0.9960395924977292,-0.016543587033609117,0.08735811298911561,0.01659031918263699,0.9998622953557869,0.00019110013014723916,58.14538187914293,8.172560116756421e-05,-1.1772054922672293e-06,-0.0009356896984908363,0.5646978100083063,-0.00937927311115615,0.049527082520591896,0.564796655225404,-0.009380699254302079,9.858399799204685
3.0543451739938448,0.10010391976007002,0.09999868166198318,0.005538947620672725,-0.007744948469476043,0.00010985335176982858,0.09843782705451365,0.515718693528908,-0.008404138250258805,0.039815569231780756,-29.384192788065207,0.5753734042922489,-4.789956258660283,-0.07843613370491656,0.0011125280202070116,0.996918519845443,0.9967550175781293,-0.016243402830495513,0.07883899287350897,0.016281059695687546,0.9998673625586947,0.0001651518298979649,53.05856005840911,6.0195959346093026e-05,-8.538117358986145e-07,-0.0007650870059167887,0.5156420299514003,-0.008403048954984069,0.04078504507897662,0.515718693528908,-0.008404138250258805,9.849815569231781
3.0561178740586743,0.10009099860605236,0.09999886324599004,0.00571351012015442,-0.006874509317093214,9.580252793028876e-05,0.09850164655780502,0.46716521083757834,-0.007473120037474745,0.032640381935948426,-27.499274534790416,0.5236119905189913,-3.933396021066497,-0.06962142472329132,0.0009702377550082203,0.9975730127956538,0.9974152710667942,-0.015955444459484647,0.0700585529029397,0.015984694253029497,0.9998721332336503,0.000143110821951904,48.03808108698888,-2.033355238221391e-06,2.8336651099961328e-08,2.913500146166565e-05,0.46715309709534636,-0.007472950847051837,0.03281288237307803,0.46716521083757834,-0.007473120037474745,9.842640381935949
3.057890574123504,0.10007954687384585,0.09999902132027813,0.005888175371150401,-0.006088660870400275,8.335815102000765e-05,0.09855355026886148,0.418222762027731,-0.006547724231181717,0.025870106468691034,-26.550520490265015,0.4970887438472804,-3.5232682885974116,-0.06166264183133347,0.0008442059624403128,0.9980966916680335,0.9979463441404066,-0.015623963054412009,0.06212073724024561,0.015646668532121613,0.9998774733194923,0.00012094258389135104,42.98239931683565,-1.6414392408191712e-06,2.2472485007590183e-08,2.656900559526796e-05,0.41821261565854717,-0.006547584942120722,0.02603313911657079,0.418222762027731,-0.006547724231181717,9.835870106468692
3.0596632741883334,0.100069411867013,0.09999915878398948,0.006062921890056006,-0.005391742282373713,7.258822559208511e-05,0.09859336643663341,0.3730329920488764,-0.005710741540586522,0.02014898608873139,-23.61604035672689,0.4311191811892483,-2.7996141834309656,-0.05460505817538837,0.0007351397885358517,0.9985077602057753,0.9983625433245042,-0.015283996067735001,0.055123783894329814,0.015301712367423326,0.9998827844346894,0.00010064746544938556,38.321101503223325,1.3911591735331624e-05,-1.8728969345038254e-07,-0.0002543872814845574,0.37300835120290643,-0.005710408719895741,0.020595355745238544,0.3730329920488764,-0.005710741540586522,9.830148986088732
3.062208573281126,0.10005687795479956,0.09999932542825055,0.006313933237732989,-0.004515743771303704,5.93854997319454e-05,0.09863620302168097,0.31977923409258846,-0.004763371240575466,0.01458633654296193,-19.765595416654293,0.3457675172389605,-1.8974319052490864,-0.045733896914099195,0.0006014358786678816,0.998953476868635,0.9988134408439606,-0.014878200376131086,0.04637186154356797,0.014890519696577302,0.9998889254097476,7.971584285001337e-05,32.83730389548142,2.585967646199376e-06,-3.4007461170866404e-08,-5.6484610880475385e-05,0.3197671896558635,-0.004763212154406217,0.014845815282950394,0.31977923409258846,-0.004763371240575466,9.824586336542962
3.0647712514421324,0.10004635980099262,0.09999946191151504,0.006566754019485421,-0.0037591676662280804,4.827181201427777e-05,0.09866779487105537,0.2721111257872297,-0.00394549094453696,0.010466992576693812,-17.554197710448612,0.2969581875451373,-1.4145385901131424,-0.03807161065576809,0.0004888809959626067,0.9992748938392515,0.9991428754802412,-0.014487150749066178,0.03877675644312072,0.01449560324611645,0.9998946843995585,6.308719875614357e-05,27.933928542857846,-3.722078031417502e-06,4.7795540658961794e-08,9.769429413784534e-05,0.2721074975263581,-0.003945444073472212,0.010560497819548658,0.2721111257872297,-0.00394549094453696,9.820466992576694
3.067787418121445,0.10003624692447691,0.09999958980664818,0.00686439827694147,-0.003020500273434479,3.776047636172564e-05,0.09869275984089809,0.22288041572457384,-0.0031285965200498443,0.006885279625798546,-14.877569082078427,0.24241859088607476,-0.9840435119687628,-0.030590759065813666,0.0003824272570842918,0.9995319200551679,0.9994082851528063,-0.01402882630639572,0.0314049613977145,0.014034269807398329,0.9999011837854159,4.695147631679665e-05,22.87412624244509,-1.9204635646802806e-06,2.4008479547399105e-08,6.274982029936156e-05,0.22287669901832996,-0.003128549707583149,0.007003578250354904,0.22288041572457384,-0.0031285965200498443,9.816885279625799
3.071463194599123,0.10002663322813969,0.09999970780797994,0.0072272146993072614,-0.0022998935733511416,2.7857005422404768e-05,0.09871183395229399,0.17466556773929331,-0.0023648313929813293,0.004179589207778278,-11.832162407420352,0.18387049757386487,-0.5970595014153186,-0.023292744134503635,0.00028212875029347604,0.9997286474209153,0.9996138356491225,-0.013533978916987013,0.02426954868808783,0.013537153574344167,0.9999078922445819,3.3223705807389995e-05,17.922439775935853,-2.5470033411693842e-06,3.085007354599266e-08,0.00010931782835634029,0.17466408534607852,-0.0023648132552042895,0.004240656113582378,0.17466556773929331,-0.0023648313929813293,9.814179589207779
3.076032322597901,0.10001791677850277,0.09999981097793995,0.007678282209447044,-0.0016232339648363237,1.89227688744964e-05,0.09872519719963779,0.127899781301623,-0.0016605188937433048,0.0022411668157733544,-8.978381970420571,0.13248383524730795,-0.3309738523774769,-0.01643971969744507,0.00019164521130977363,0.9998648403101204,0.9997610185416546,-0.012979867761493624,0.0175905894570802,0.012981484558825869,0.999915075512422,2.1785976051169056e-05,13.121980131349101,-2.267187209185582e-06,2.642962165898198e-08,0.00013789047615074546,0.1278996194424399,-0.0016605169798776874,0.0022503674934341474,0.127899781301623,-0.0016605188937433048,9.812241166815774
3.0817674634685033,0.10001065497287731,0.09999989317682514,0.008244517503671773,-0.0010350817720858885,1.1521851175366749e-05,0.09873313017598057,0.08545472791669009,-0.0010566446600858374,0.0010144058381467147,-6.249752537764291,0.08709640217681922,-0.1591943738461971,-0.010483055553469237,0.00011669049654576671,0.9999450444547394,0.9998541835968457,-0.012363160328861698,0.011779805200761563,0.012363855495962769,0.9999227244173338,1.2930215386626056e-05,8.76649363652651,-1.2411951452911315e-06,1.381617001602988e-08,0.00011839362372971606,0.08545481765475979,-0.001056645687813042,0.0010067879116316836,0.08545472791669009,-0.0010566446600858374,9.811014405838147
3.0895244766908725,0.10000505059361205,0.09999995306359226,0.009010415693784732,-0.000551591106186855,5.77846447669117e-06,0.09873712942881752,0.04905250826072041,-0.0005719569723875831,0.0003535130597249747,-3.7609700163351913,0.049054566356314847,-0.05970560173975525,-0.005586373651500333,5.852281035108447e-05,0.9999843943804856,0.9999081277163491,-0.011659023588634345,0.00691399274985159,0.01165924626863478,0.999931147677483,6.614228450915914e-06,5.031840874215847,-4.4382862001360604e-07,4.649545443574819e-09,7.944719087557548e-05,0.049052607352208503,-0.0005719580532959263,0.00033918053288461243,0.04905250826072041,-0.0005719569723875831,9.810353513059725
3.0998590572520897,0.10000170320319553,0.09999998604462759,0.010030834987620188,-0.00022746002429485657,2.1869282313957683e-06,0.09873855158774064,0.02301468788008077,-0.0002499009890790493,8.749558030451965e-05,-1.906380943405885,0.023115763903051513,-0.016939210468577732,-0.0023036536088079313,2.214861766623283e-05,0.9999973463412237,0.999935368543869,-0.010857623566837562,0.0033720536054132892,0.010857669440735549,0.9999404831000598,2.8650175440016185e-06,2.360790951731354,-7.941141904852037e-08,7.635059160430061e-10,3.4471852892329626e-05,0.02301472120685817,-0.0002499013308466812,7.761188979261817e-05,0.02301468788008077,-0.0002499009890790493,9.810087495580305
3.1131944331143746,0.10000032946165655,0.09999999792493458,0.0113475543849369,-6.42167621873746e-05,5.342878921510419e-07,0.09873885600174254,0.008142366270019087,-8.011545173203242e-05,1.3053339792179486e-05,-0.7786850875710419,0.008688625017044656,-0.003325869173328536,-0.0006503695830147922,5.411119804113121e-06,0.9999997884950402,0.9999508140828722,-0.00983884869384839,0.0012515875441929288,0.009838853385373238,0.9999514165827847,9.880342691409423e-07,0.8352099335665792,-5.045148491882806e-09,4.1975983551644025e-11,7.757354520520573e-06,0.00814236985184344,-8.011548553527251e-05,1.0191389959641243e-05,0.008142366270019087,-8.011545173203242e-05,9.810013053339793
3.1281250789303745,0.1000000192417186,0.09999999994102618,0.01282178972305618,-1.1167998297256787e-05,7.053340445040135e-08,0.09873888750342441,0.0021424222908693375,-1.798018302718017e-05,1.1163773390165943e-06,-0.2610118880162448,0.0026156729226255917,-0.00044073179449913047,-0.00011310638096292319,7.143427051147233e-07,0.999999993603218,0.9999647303101958,-0.008392159159987504,0.00033136126921593764,0.008392159343010196,0.9999647613927134,2.3488924058193207e-07,0.21975761345999925,-9.885982425411636e-11,6.243661381757155e-13,8.740428504572022e-07,0.0021424224255420696,-1.7980184138592717e-05,7.099408535179908e-07,0.0021424222908693375,-1.798018302718017e-05,9.81000111637734
3.143580634811605,0.1000000003740788,0.09999999999927632,0.014347854137368466,-6.235828826639533e-07,1.9118719940536266e-09,0.09873888886288984,0.00036166468727206834,-2.2865530306635448e-06,4.4431034407210745e-08,-0.06872673535984196,0.0005804731888289179,-3.618689498802212e-05,-6.315473972139113e-06,1.936290772595537e-08,0.9999999999800572,0.9999800132494746,-0.0063221746837578245,5.6646701340021804e-05,0.006322174684728587,0.999980013587283,2.0565008938240163e-08,0.03709695942821773,-2.6617768919376293e-13,8.160866559348922e-16,4.2146906212060214e-08,0.0003616646886283625,-2.2865530392205477e-06,2.0487521080935557e-08,0.00036166468727206834,-2.2865530306635448e-06,9.810000044431035
3.159119752909593,0.1000000000140444,0.09999999999997285,0.015882169392433452,-1.2040209274033487e-08,2.3292923145845634e-11,0.09873888887325549,2.0050358351761628e-05,-6.14898125432126e-08,3.3479663485991296e-10,-0.011624763948767406,7.35499694648992e-05,-1.4296101129803319e-06,-1.2193989026439833e-07,2.3590424615518034e-10,0.9999999999999926,0.9999952974928756,-0.003066754334668894,3.16005694938243e-06,0.0030667543346696163,0.9999952974932536,1.3805655022361073e-10,0.0020565899530402883,-4.052692761483409e-17,7.840317296688826e-20,3.3235168185702444e-10,2.005035835261938e-05,-6.148981254584171e-08,6.336057220334511e-11,2.0050358351761628e-05,-6.14898125432126e-08,9.810000000334798
3.1746588710075816,0.09999999999989034,0.10000000000000023,0.01741648464749978,-4.5310999396974694e-10,8.770761894538737e-13,0.09873888887329474,3.875275498208514e-07,-7.497074266720646e-10,1.2736478538499796e-12,-0.000644687161761106,1.9776390603975894e-06,-1.0772475224185323e-08,-4.588971975886764e-09,8.882783667733683e-12,1.0,0.9999981286835005,-0.0019345876804855956,6.155367134504756e-08,0.0019345876804855962,0.9999981286835008,-4.998394589870404e-15,3.974906558207109e-05,-5.836573465522508e-21,1.1297741569897622e-23,1.2718694941244788e-12,3.875275498209283e-07,-7.497074266722131e-10,2.385378807681617e-14,3.875275498208514e-07,-7.497074266720646e-10,9.810000000001274
3.1901979891055694,0.09999999999996252,0.10000000000000009,0.01895079990256598,3.4634517476206383e-12,-6.661338147750939e-15,0.09873888887329507,1.461846603516462e-08,-2.827871378386222e-11,7.105427357601002e-15,-1.247293732601705e-05,2.413012639701677e-08,-4.11963273566826e-11,3.5076875860584695e-11,-6.746417975493914e-14,1.0,0.9999981289539174,-0.0019344478965892485,0.0,0.0019344478965892485,0.9999981289539174,-3.903352010803624e-16,1.4994298218346411e-06,2.4925417979968006e-25,-4.793964222330043e-28,7.10594012962719e-15,1.4618466035164623e-08,-2.8278713783862225e-11,0.0,1.461846603516462e-08,-2.827871378386222e-11,9.810000000000008
3.2057371072035568,0.09999999999999798,0.1,0.020485115157632183,1.20614629395277e-12,-1.7763568394002505e-15,0.09873888887329496,-1.0934245471152993e-10,2.1434093317733684e-13,-6.661338147750939e-15,-4.7162463312410246e-07,9.112995278080803e-10,-2.429197242677241e-13,1.2215514147627662e-11,-1.799044793465046e-14,1.0,-0.9999980786727245,0.001960268058035959,0.0,-0.001960268058035959,-0.9999980786727245,5.955268826968716e-15,1.1215359069574924e-08,-8.137168670197888e-26,1.1984048115166256e-28,-6.6613394834290975e-15,-1.0934245471152992e-10,2.1434093317733674e-13,0.0,-1.0934245471152993e-10,2.1434093317733684e-13,9.809999999999993
3.2212762253015463,0.09999999999999999,0.10000000000000002,0.02201943041269856,6.52811138479592e-14,0.0,0.09873888887329485,-3.8795708905090436e-11,4.28681866354543e-14,-4.440892098500626e-16,3.4497882730286853e-09,-7.816393528120482e-12,1.00025768816041e-13,6.611489615984051e-13,0.0,1.0,-0.9999993895185835,0.001104971701125384,0.0,-0.001104971701125384,-0.9999993895185835,7.3055089279467095e-16,3.979307365264421e-09,-2.936091369077258e-28,-0.0,-4.440892354998052e-16,-3.879570890509043e-11,4.2868186635454283e-14,0.0,-3.8795708905090436e-11,4.28681866354543e-14,9.81
3.2368153433995337,0.10000000000000002,0.10000000000000002,0.02355374566776476,4.440892098500626e-16,-4.440892098500626e-16,0.09873888887329496,-2.1291199362282507e-12,-2.85787910903113e-14,-3.552713678800501e-15,1.2474044495170452e-09,-1.3793635637858793e-12,1.386071367880053e-12,4.497611983662615e-15,-4.497611983662615e-15,1.0,-0.9999099261392516,-0.01342160974683524,0.0,0.01342160974683524,-0.9999099261392516,-4.557572059224507e-15,2.1840510001591978e-10,-1.5978727616337716e-29,1.5978727616337716e-29,-3.552713678809948e-15,-2.1291199362282503e-12,-2.857879109031133e-14,0.0,-2.1291199362282507e-12,-2.85787910903113e-14,9.809999999999997
3.2523544614975215,0.10000000000000002,0.10000000000000002,0.025088060922830963,-8.881784197001252e-16,-8.881784197001252e-16,0.09873888887329474,-2.857879109031457e-14,-2.4486242498060206e-27,4.263256414560601e-14,6.942796604390468e-11,1.8391514183813433e-12,1.943357794141146e-12,-8.99522396732525e-15,-8.99522396732525e-15,1.0,-1.0,-7.893023086096285e-14,0.0,7.893023086096285e-14,-1.0,-8.99522396732454e-15,2.9313480191325e-12,-3.8348946279108864e-28,-3.8348946279108864e-28,4.263256414560627e-14,-2.857879109031457e-14,-2.255730578485757e-27,0.0,-2.857879109031457e-14,-2.4486242498060206e-27,9.810000000000043
3.2678935795955106,0.10000000000000002,0.10000000000000002,0.026622376177897335,-4.440892098500626e-16,-4.440892098500626e-16,0.0987388888732963,2.8578791090310084e-14,2.8578791090310084e-14,5.684341886080802e-14,1.8391514183813167e-12,9.195757091906912e-13,-1.4860971366963987e-12,-4.497611983662554e-15,-4.497611983662554e-15,1.0,0.7071067811865476,0.7071067811865476,0.0,-0.7071067811865476,0.7071067811865476,0.0,4.145552124692e-12,-2.55659641860719e-28,-2.55659641860719e-28,5.6843418860807756e-14,2.8578791090310084e-14,2.8578791090310084e-14,0.0,2.8578791090310084e-14,2.8578791090310084e-14,9.810000000000057
3.283432697693498,0.10000000000000002,0.10000000000000002,0.028156691432963545,0.0,0.0,0.09873888887329652,2.857879109031171e-14,2.857879109031171e-14,-3.552713678800501e-15,0.0,0.0,-3.4294549308374056e-12,0.0,0.0,1.0,0.7071067811865476,0.7071067811865476,0.0,-0.7071067811865476,0.7071067811865476,0.0,4.145552124692181e-12,-0.0,-0.0,-3.552713678800501e-15,2.857879109031171e-14,2.857879109031171e-14,0.0,2.857879109031171e-14,2.857879109031171e-14,9.809999999999997
3.2989718157914854,0.10000000000000002,0.10000000000000002,0.029691006688029743,4.440892098500626e-16,4.440892098500626e-16,0.09873888887329618,2.8578791090310084e-14,2.8578791090310084e-14,-4.973799150320701e-14,-9.195757091906912e-13,-9.195757091906912e-13,1.1574410391570863e-12,4.497611983662559e-15,4.497611983662559e-15,1.0,0.7071067811865476,0.7071067811865476,0.0,-0.7071067811865476,0.7071067811865476,0.0,4.145552124692005e-12,-2.237021866281292e-28,-2.237021866281292e-28,-4.9737991503206754e-14,2.8578791090310084e-14,2.8578791090310084e-14,0.0,2.8578791090310084e-14,2.8578791090310084e-14,9.80999999999995
3.3145109338894745,0.10000000000000002,0.10000000000000002,0.031225321943096115,8.881784197001252e-16,8.881784197001252e-16,0.09873888887329496,-2.4486242498060206e-27,-2.4486242498060206e-27,3.241851231905457e-14,-1.8391514183813433e-12,-1.8391514183813433e-12,4.815526298717139e-12,8.99522396732523e-15,8.99522396732523e-15,1.0,-0.7071067811865475,-0.7071067811865475,0.0,0.7071067811865475,-0.7071067811865475,0.0,3.97490266661958e-25,2.916117789973879e-28,2.916117789973879e-28,3.241851231905457e-14,-2.4486242498060203e-27,-2.4486242498060203e-27,0.0,-2.4486242498060206e-27,-2.4486242498060206e-27,9.810000000000032
3.3300500519874623,0.10000000000000002,0.10000000000000002,0.03275963719816232,4.440892098500626e-16,4.440892098500626e-16,0.09873888887329718,-2.85787910903113e-14,-2.85787910903113e-14,9.992007221626409e-14,-4.597878545952603e-13,-4.597878545952603e-13,-1.7290168609640076e-12,4.497611983662514e-15,4.497611983662514e-15,1.0,-0.7071067811865476,-0.7071067811865476,0.0,0.7071067811865476,-0.7071067811865476,0.0,4.14555212469213e-12,4.49401714208292e-28,4.49401714208292e-28,9.992007221626384e-14,-2.85787910903113e-14,-2.85787910903113e-14,0.0,-2.85787910903113e-14,-2.85787910903113e-14,9.8100000000001
3.3455891700854496,0.10000000000000002,0.10000000000000002,0.03429395245322858,0.0,0.0,0.09873888887329807,-1.4289395545155856e-14,-1.4289395545155856e-14,-2.1316282072803006e-14,9.195757091907569e-13,9.195757091907569e-13,-3.2151139976600675e-12,0.0,0.0,1.0,-0.7071067811865476,-0.7071067811865476,0.0,0.7071067811865476,-0.7071067811865476,0.0,2.072776062346025e-12,-0.0,-0.0,-2.1316282072803006e-14,-1.4289395545155856e-14,-1.4289395545155856e-14,0.0,-1.4289395545155856e-14,-1.4289395545155856e-14,9.80999999999998
3.361128288183437,0.10000000000000002,0.10000000000000002,0.03582826770829478,0.0,0.0,0.09873888887329652,0.0,0.0,0.0,4.59787854595385e-13,4.59787854595385e-13,2.0719623540475992e-12,0.0,0.0,1.0,0.0,0.0,0.0,0.0,0.0,0.0,0.0,0.0,0.0,0.0,0.0,0.0,0.0,0.0,0.0,9.81
3.3766674062814244,0.10000000000000002,0.10000000000000002,0.03736258296336099,0.0,0.0,0.09873888887329807,0.0,0.0,4.3076653355456074e-14,0.0,0.0,-1.61470169660276e-12,0.0,0.0,1.0,0.0,0.0,0.0,0.0,0.0,0.0,0.0,0.0,0.0,4.3076653355456074e-14,0.0,0.0,0.0,0.0,0.0,9.810000000000043
3.3922065243794113,0.10000000000000002,0.10000000000000002,0.03889689821842719,0.0,0.0,0.09873888887329785,0.0,0.0,-5.0182080713057076e-14,0.0,0.0,-1.857621420870406e-12,0.0,0.0,1.0,0.0,0.0,0.0,0.0,0.0,0.0,0.0,-0.0,-0.0,-5.0182080713057076e-14,0.0,0.0,0.0,0.0,0.0,9.80999999999995
3.4077456424773986,0.10000000000000002,0.10000000000000002,0.0404312134734934,0.0,0.0,0.09873888887329652,0.0,0.0,-1.4654943925052066e-14,0.0,0.0,4.158214103639564e-12,0.0,0.0,1.0,0.0,0.0,0.0,0.0,0.0,0.0,0.0,-0.0,-0.0,-1.4654943925052066e-14,0.0,0.0,0.0,0.0,0.0,9.809999999999986
3.423284760575389,0.10000000000000002,0.10000000000000002,0.04196552872855991,0.0,0.0,0.0987388888732974,0.0,0.0,7.904787935331115e-14,4.597878545954507e-13,4.597878545954507e-13,-1.829042629781339e-12,0.0,0.0,1.0,0.0,0.0,0.0,0.0,0.0,0.0,0.0,0.0,0.0,7.904787935331115e-14,0.0,0.0,0.0,0.0,0.0,9.81000000000008
3.4388238786733765,0.10000000000000002,0.10000000000000002,0.04349984398362614,0.0,0.0,0.09873888887329896,1.4289395545156468e-14,1.4289395545156468e-14,-7.149836278586008e-14,4.597878545954114e-13,4.597878545954114e-13,-7.816299363200311e-12,0.0,0.0,1.0,0.7071067811865476,0.7071067811865476,0.0,-0.7071067811865476,0.7071067811865476,0.0,2.0727760623460763e-12,-0.0,-0.0,-7.149836278586008e-14,1.428939554515647e-14,1.428939554515647e-14,0.0,1.4289395545156468e-14,1.4289395545156468e-14,9.80999999999993
3.4543629967713634,0.10000000000000002,0.10000000000000002,0.04503415923869235,4.440892098500626e-16,4.440892098500626e-16,0.09873888887329518,1.4289395545156878e-14,1.4289395545156878e-14,-1.638689184346731e-13,-9.195757091907108e-13,-9.195757091907108e-13,3.4437443263817064e-12,4.4976119836626044e-15,4.4976119836626044e-15,1.0,0.7066810241882105,0.7066810241882105,0.034696687228085575,-0.7066810241882104,0.7066810241882104,0.0,2.072776062346401e-12,-7.370188113016151e-28,-7.370188113016151e-28,-1.6386891843467298e-13,1.0254210728662331e-14,1.0254210728662331e-14,5.034621423887554e-16,1.4289395545156878e-14,1.4289395545156878e-14,9.809999999999837
3.4699021148693516,0.10000000000000002,0.10000000000000002,0.046568474493758547,4.440892098500626e-16,4.440892098500626e-16,0.09873888887329385,-1.4289395545156266e-14,-1.4289395545156266e-14,3.552713678800501e-14,-9.195757091907242e-13,-9.195757091907242e-13,7.344749310209587e-12,4.497611983662665e-15,4.497611983662665e-15,1.0,-0.7071067811865476,-0.7071067811865476,0.0,0.7071067811865476,-0.7071067811865476,0.0,2.0727760623462847e-12,1.5978727616295348e-28,1.5978727616295348e-28,3.552713678800488e-14,-1.428939554515627e-14,-1.428939554515627e-14,0.0,-1.4289395545156266e-14,-1.4289395545156266e-14,9.810000000000036
3.485441232967339,0.10000000000000002,0.10000000000000002,0.04810278974882475,0.0,0.0,0.0987388888732963,-1.4289395545155856e-14,-1.4289395545155856e-14,6.439293542825908e-14,4.597878545953982e-13,4.597878545953982e-13,-9.145213148899748e-13,0.0,0.0,1.0,-0.7071067811865475,-0.7071067811865475,0.0,0.7071067811865475,-0.7071067811865475,0.0,2.0727760623460993e-12,0.0,0.0,6.439293542825908e-14,-1.4289395545155853e-14,-1.4289395545155853e-14,0.0,-1.4289395545155856e-14,-1.4289395545155856e-14,9.810000000000064
3.5009803510653263,0.10000000000000002,0.10000000000000002,0.04963710500389095,0.0,0.0,0.09873888887329585,0.0,0.0,7.105427357601002e-15,1.5762071975039993e-25,1.5762071975039993e-25,-2.9721942733922417e-12,0.0,0.0,1.0,0.0,0.0,0.0,0.0,0.0,0.0,0.0,0.0,0.0,7.105427357601002e-15,0.0,0.0,0.0,0.0,0.0,9.810000000000008
3.5165194691633173,0.10000000000000002,0.10000000000000002,0.051171420258957497,0.0,0.0,0.09873888887329652,-1.428939554515749e-14,-1.428939554515749e-14,-2.7977620220553945e-14,4.597878545956019e-13,4.597878545956019e-13,-2.0719623540473197e-12,0.0,0.0,1.0,-0.7071067811865475,-0.7071067811865475,0.0,0.7071067811865475,-0.7071067811865475,0.0,2.072776062346327e-12,-0.0,-0.0,-2.7977620220553945e-14,-1.4289395545157487e-14,-1.4289395545157487e-14,0.0,-1.428939554515749e-14,-1.428939554515749e-14,9.809999999999972
3.5320585872613046,0.10000000000000002,0.10000000000000002,0.05270573551402371,-4.440892098500626e-16,-4.440892098500626e-16,0.09873888887329496,1.4289395545154426e-14,1.4289395545154426e-14,-5.728750807065808e-14,9.195757091907898e-13,9.195757091907898e-13,2.743563944669753e-12,-4.497611983662615e-15,-4.497611983662615e-15,1.0,0.7071067811865475,0.7071067811865475,0.0,-0.7071067811865475,0.7071067811865475,0.0,2.0727760623459107e-12,2.576569828127611e-28,2.576569828127611e-28,-5.72875080706582e-14,1.4289395545154423e-14,1.4289395545154423e-14,0.0,1.4289395545154426e-14,1.4289395545154426e-14,9.809999999999944
3.5475977053592924,0.10000000000000002,0.10000000000000002,0.0542400507690899,4.440892098500626e-16,4.440892098500626e-16,0.09873888887329474,1.4289395545154426e-14,1.4289395545154426e-14,5.728750807065808e-14,-9.195757091907373e-13,-9.195757091907373e-13,3.686664050650053e-12,4.497611983662625e-15,4.497611983662625e-15,1.0,0.7071067811865476,0.7071067811865476,0.0,-0.7071067811865476,0.7071067811865476,0.0,2.07277606234592e-12,2.5765698281276167e-28,2.5765698281276167e-28,5.72875080706582e-14,1.428939554515443e-14,1.428939554515443e-14,0.0,1.4289395545154426e-14,1.4289395545154426e-14,9.810000000000057
3.56313682345728,0.10000000000000002,0.10000000000000002,0.055774366024156107,0.0,0.0,0.09873888887329674,-1.4289395545155856e-14,-1.4289395545155856e-14,5.728750807065808e-14,-4.597878545953391e-13,-4.597878545953391e-13,-2.986483668937574e-12,0.0,0.0,1.0,-0.7071067811865476,-0.7071067811865476,0.0,0.7071067811865476,-0.7071067811865476,0.0,2.0727760623460807e-12,0.0,0.0,5.728750807065808e-14,-1.4289395545155856e-14,-1.4289395545155856e-14,0.0,-1.4289395545155856e-14,-1.4289395545155856e-14,9.810000000000057
3.578675941555267,0.10000000000000002,0.10000000000000002,0.05730868127922231,0.0,0.0,0.09873888887329652,0.0,0.0,-3.552713678800501e-14,4.59787854595385e-13,4.59787854595385e-13,-2.3148820783152485e-12,0.0,0.0,1.0,0.0,0.0,0.0,0.0,0.0,0.0,0.0,-0.0,-0.0,-3.552713678800501e-14,0.0,0.0,0.0,0.0,0.0,9.809999999999965
3.5942150596532545,0.10000000000000002,0.10000000000000002,0.05884299653428852,0.0,0.0,0.09873888887329563,0.0,0.0,-1.4654943925052066e-14,0.0,0.0,1.8433320253247802e-12,0.0,0.0,1.0,0.0,0.0,0.0,0.0,0.0,0.0,0.0,-0.0,-0.0,-1.4654943925052066e-14,0.0,0.0,0.0,0.0,0.0,9.809999999999986
3.6097541777512454,0.10000000000000002,0.10000000000000002,0.06037731178935505,0.0,0.0,0.09873888887329607,0.0,0.0,2.1760371282653068e-14,-4.597878545954376e-13,-4.597878545954376e-13,-2.143409331778982e-13,0.0,0.0,1.0,0.0,0.0,0.0,0.0,0.0,0.0,0.0,0.0,0.0,2.1760371282653068e-14,0.0,0.0,0.0,0.0,0.0,9.810000000000022
3.6252932958492328,0.10000000000000002,0.10000000000000002,0.06191162704442126,0.0,0.0,0.0987388888732963,-1.4289395545155856e-14,-1.4289395545155856e-14,-2.1316282072803006e-14,-4.597878545953917e-13,-4.597878545953917e-13,-2.429197242676496e-13,0.0,0.0,1.0,-0.7071067811865475,-0.7071067811865475,0.0,0.7071067811865475,-0.7071067811865475,0.0,2.0727760623460993e-12,-0.0,-0.0,-2.1316282072803006e-14,-1.4289395545155853e-14,-1.4289395545155853e-14,0.0,-1.4289395545155856e-14,-1.4289395545155856e-14,9.80999999999998
3.64083241394722,0.10000000000000002,0.10000000000000002,0.06344594229948745,-4.440892098500626e-16,-4.440892098500626e-16,0.0987388888732954,-1.428939554515606e-14,-1.428939554515606e-14,1.4210854715202004e-14,9.195757091907573e-13,9.195757091907573e-13,4.801236903172227e-12,-4.497611983662594e-15,-4.497611983662594e-15,1.0,-0.7071067811865476,-0.7071067811865476,0.0,0.7071067811865476,-0.7071067811865476,0.0,2.0727760623461567e-12,-6.39149104651812e-29,-6.39149104651812e-29,1.4210854715202133e-14,-1.428939554515606e-14,-1.428939554515606e-14,0.0,-1.428939554515606e-14,-1.428939554515606e-14,9.810000000000015
3.656371532045208,0.10000000000000002,0.10000000000000002,0.06498025755455368,-4.440892098500626e-16,-4.440892098500626e-16,0.09873888887329674,1.4289395545156676e-14,1.4289395545156676e-14,1.2789769243681803e-13,1.3793635637861484e-12,1.3793635637861484e-12,1.829042629779636e-12,-4.4976119836625334e-15,-4.4976119836625334e-15,1.0,0.7066810241882105,0.7066810241882105,-0.034696687228086616,-0.7066810241882104,0.7066810241882104,0.0,2.072776062346283e-12,-5.752341941866172e-28,-5.752341941866172e-28,1.278976924368179e-13,1.1136206861576903e-14,1.1136206861576903e-14,-5.467664662812548e-16,1.4289395545156676e-14,1.4289395545156676e-14,9.810000000000128
3.671910650143195,0.10000000000000002,0.10000000000000002,0.06651457280961987,0.0,0.0,0.0987388888732994,2.8578791090312116e-14,2.8578791090312116e-14,7.105427357601002e-14,-9.19575709190481e-13,-9.19575709190481e-13,-1.0088313254879995e-11,0.0,0.0,1.0,0.7071067811865476,0.7071067811865476,0.0,-0.7071067811865476,0.7071067811865476,0.0,4.145552124691997e-12,0.0,0.0,7.105427357601002e-14,2.857879109031212e-14,2.857879109031212e-14,0.0,2.8578791090312116e-14,2.8578791090312116e-14,9.810000000000072
3.687449768241182,0.10000000000000002,0.10000000000000002,0.06804888806468613,4.440892098500626e-16,4.440892098500626e-16,0.09873888887329896,-1.428939554514728e-14,-1.428939554514728e-14,-1.8562928971732617e-13,-9.195757091908094e-13,-9.195757091908094e-13,-7.816299363201075e-12,4.4976119836624325e-15,4.4976119836624325e-15,1.0,-0.7071067811865475,-0.7071067811865475,0.0,0.7071067811865475,-0.7071067811865475,0.0,2.0727760623446222e-12,-8.348885179513923e-28,-8.348885179513923e-28,-1.856292897173263e-13,-1.4289395545147276e-14,-1.4289395545147276e-14,0.0,-1.428939554514728e-14,-1.428939554514728e-14,9.809999999999814
3.7029888863391722,0.10000000000000002,0.10000000000000002,0.06958320331975261,-4.440892098500626e-16,-4.440892098500626e-16,0.09873888887329363,6.531768295229978e-27,6.531768295229978e-27,-1.7186252421197423e-13,4.597878545948988e-13,4.597878545948988e-13,7.816299363200153e-12,-4.4976119836626754e-15,-4.4976119836626754e-15,1.0,0.7071067811865476,0.7071067811865476,0.0,-0.7071067811865476,0.7071067811865476,0.0,8.353535494634167e-25,7.72970948438292e-28,7.72970948438292e-28,-1.7186252421197423e-13,6.531768295229978e-27,6.531768295229978e-27,0.0,6.531768295229978e-27,6.531768295229978e-27,9.809999999999828
3.7185280044371605,0.10000000000000002,0.10000000000000002,0.07111751857481881,4.440892098500626e-16,4.440892098500626e-16,0.09873888887329363,-3.269039591235873e-27,-3.269039591235873e-27,5.728750807065808e-14,-4.597878545956413e-13,-4.597878545956413e-13,8.273560020644634e-12,4.4976119836626754e-15,4.4976119836626754e-15,1.0,-0.7071067811865476,-0.7071067811865476,0.0,0.7071067811865476,-0.7071067811865476,0.0,5.115718306450362e-25,2.57656982812764e-28,2.57656982812764e-28,5.728750807065808e-14,-3.269039591235873e-27,-3.269039591235873e-27,0.0,-3.269039591235873e-27,-3.269039591235873e-27,9.810000000000057
3.734067122535148,0.10000000000000002,0.10000000000000002,0.072651833829885,-4.440892098500626e-16,-4.440892098500626e-16,0.0987388888732954,-1.4289395545156878e-14,-1.4289395545156878e-14,8.526512829121202e-14,7.890706137852918e-26,7.890706137852918e-26,-1.4289395545104094e-14,-4.497611983662594e-15,-4.497611983662594e-15,1.0,-0.7071067811865475,-0.7071067811865475,0.0,0.7071067811865475,-0.7071067811865475,0.0,2.0727760623462294e-12,-3.8348946279108424e-28,-3.8348946279108424e-28,8.526512829121215e-14,-1.4289395545156875e-14,-1.4289395545156875e-14,0.0,-1.4289395545156878e-14,-1.4289395545156878e-14,9.810000000000086
3.7496062406331356,0.10000000000000002,0.10000000000000002,0.07418614908495123,0.0,0.0,0.0987388888732963,0.0,0.0,5.684341886080802e-14,5.917087877881765e-26,5.917087877881765e-26,-1.371781972334923e-12,0.0,0.0,1.0,0.7071067811865475,0.7071067811865475,0.0,-0.7071067811865475,0.7071067811865475,0.0,0.0,0.0,0.0,5.684341886080802e-14,0.0,0.0,0.0,0.0,0.0,9.810000000000057
3.7651453587311234,0.10000000000000002,0.10000000000000002,0.07572046434001749,-4.440892098500626e-16,-4.440892098500626e-16,0.09873888887329718,-1.428939554515504e-14,-1.428939554515504e-14,4.263256414560601e-14,9.19575709190586e-13,9.19575709190586e-13,-9.14521314889975e-13,-4.497611983662514e-15,-4.497611983662514e-15,1.0,-0.7066810241882103,-0.7066810241882103,-0.034696687228091355,0.7066810241882104,-0.7066810241882104,0.0,2.0727760623459155e-12,-1.9174473139553898e-28,-1.9174473139553898e-28,4.263256414560614e-14,-1.322686436181782e-14,-1.322686436181782e-14,-6.494137525449597e-16,-1.428939554515504e-14,-1.428939554515504e-14,9.810000000000043
3.7806844768291104,0.10000000000000002,0.10000000000000002,0.07725477959508367,-4.440892098500626e-16,-4.440892098500626e-16,0.09873888887329763,2.8578791090302725e-14,2.8578791090302725e-14,2.842170943040401e-14,1.3793635637860368e-12,1.3793635637860368e-12,-9.002319193447449e-13,-4.497611983662493e-15,-4.497611983662493e-15,1.0,0.7071067811865476,0.7071067811865476,0.0,-0.7071067811865476,0.7071067811865476,0.0,4.145552124690801e-12,-1.2782982093035721e-28,-1.2782982093035721e-28,2.8421709430403752e-14,2.8578791090302725e-14,2.8578791090302725e-14,0.0,2.8578791090302725e-14,2.8578791090302725e-14,9.810000000000029
3.796223594927101,0.10000000000000002,0.10000000000000002,0.07878909485015019,4.440892098500626e-16,4.440892098500626e-16,0.09873888887329807,2.8578791090302725e-14,2.8578791090302725e-14,1.4654943925052066e-14,-9.19575709190612e-13,-9.19575709190612e-13,-1.8147532342348503e-12,4.497611983662473e-15,4.497611983662473e-15,1.0,0.7071067811865475,0.7071067811865475,0.0,-0.7071067811865475,0.7071067811865475,0.0,4.145552124690736e-12,6.591225141721688e-29,6.591225141721688e-29,1.4654943925052322e-14,2.857879109030272e-14,2.857879109030272e-14,0.0,2.8578791090302725e-14,2.8578791090302725e-14,9.810000000000015
3.8117627130250877,0.10000000000000002,0.10000000000000002,0.08032341010521638,4.440892098500626e-16,4.440892098500626e-16,0.09873888887329807,3.1554436208840472e-30,3.1554436208840472e-30,-2.7977620220553945e-14,-1.379363563785899e-12,-1.379363563785899e-12,-2.3005926827701186e-12,4.497611983662473e-15,4.497611983662473e-15,1.0,1.8829382497642655e-13,1.8829382497642655e-13,1.0,-1.8379621299276407e-13,1.8379621299276407e-13,0.0,1.8710594127180333e-26,-1.2583247997832094e-28,-1.2583247997832094e-28,-2.7977620220553945e-14,-5.268013125065917e-27,-5.268013125065917e-27,-2.7977620220553945e-14,3.1554436208840472e-30,3.1554436208840472e-30,9.809999999999972
3.8273018311230755,0.10000000000000002,0.10000000000000002,0.08185772536028263,4.440892098500626e-16,4.440892098500626e-16,0.09873888887329718,-1.428939554515606e-14,-1.428939554515606e-14,-5.684341886080802e-14,-4.597878545953655e-13,-4.597878545953655e-13,1.8290426297800287e-12,4.497611983662514e-15,4.497611983662514e-15,1.0,-0.7071067811865476,-0.7071067811865476,0.0,0.7071067811865476,-0.7071067811865476,0.0,2.072776062346055e-12,-2.5565964186071846e-28,-2.5565964186071846e-28,-5.684341886080814e-14,-1.428939554515606e-14,-1.428939554515606e-14,0.0,-1.428939554515606e-14,-1.428939554515606e-14,9.809999999999944
3.842840949221063,0.10000000000000002,0.10000000000000002,0.08339204061534884,0.0,0.0,0.0987388888732963,-1.4289395545155856e-14,-1.4289395545155856e-14,2.886579864025407e-14,9.195757091907965e-13,9.195757091907965e-13,4.58689596999503e-12,0.0,0.0,1.0,-0.7071067811865476,-0.7071067811865476,0.0,0.7071067811865476,-0.7071067811865476,0.0,2.0727760623460993e-12,0.0,0.0,2.886579864025407e-14,-1.4289395545155856e-14,-1.4289395545155856e-14,0.0,-1.4289395545155856e-14,-1.4289395545155856e-14,9.810000000000029
3.8583800673190503,0.10000000000000002,0.10000000000000002,0.08492635587041504,0.0,0.0,0.09873888887329807,1.4289395545156468e-14,1.4289395545156468e-14,8.570921750106208e-14,2.561715349178505e-25,2.561715349178505e-25,-2.300592682770296e-12,0.0,0.0,1.0,0.7071067811865476,0.7071067811865476,0.0,-0.7071067811865476,0.7071067811865476,0.0,2.0727760623461134e-12,0.0,0.0,8.570921750106208e-14,1.428939554515647e-14,1.428939554515647e-14,0.0,1.4289395545156468e-14,1.4289395545156468e-14,9.810000000000086
3.873919185417037,0.10000000000000002,0.10000000000000002,0.08646067112548125,4.440892098500626e-16,4.440892098500626e-16,0.09873888887329896,-1.428939554514626e-14,-1.428939554514626e-14,-4.263256414560601e-14,-4.597878545953851e-13,-4.597878545953851e-13,-5.058446022985452e-12,4.4976119836624325e-15,4.4976119836624325e-15,1.0,-0.7066810241882099,-0.7066810241882099,0.03469668722811234,0.70668102418821,-0.70668102418821,0.0,2.0727760623445677e-12,-1.917447313955355e-28,-1.917447313955355e-28,-4.263256414560614e-14,-1.3226864361808404e-14,-1.3226864361808404e-14,6.494137525448905e-16,-1.428939554514626e-14,-1.428939554514626e-14,9.809999999999958
3.889458303515027,0.10000000000000002,0.10000000000000002,0.08799498638054773,-4.440892098500626e-16,-4.440892098500626e-16,0.09873888887329674,8.166288090847914e-27,8.166288090847914e-27,-7.149836278586008e-14,4.597878545949119e-13,4.597878545949119e-13,-1.4289395544890836e-14,-4.4976119836625334e-15,-4.4976119836625334e-15,1.0,0.7071067811865476,0.7071067811865476,0.0,-0.7071067811865476,0.7071067811865476,0.0,1.1379305652809031e-24,3.2157189327793563e-28,3.2157189327793563e-28,-7.149836278586008e-14,8.166288090847916e-27,8.166288090847916e-27,0.0,8.166288090847914e-27,8.166288090847914e-27,9.80999999999993
3.904997421613015,0.10000000000000002,0.10000000000000002,0.08952930163561398,4.440892098500626e-16,4.440892098500626e-16,0.09873888887329674,-1.6345197956179365e-27,-1.6345197956179365e-27,-4.3076653355456074e-14,-9.195757091910592e-13,-9.195757091910592e-13,1.8290426297799233e-12,4.4976119836625334e-15,4.4976119836625334e-15,1.0,-0.7071067811865476,-0.7071067811865476,0.0,0.7071067811865476,-0.7071067811865476,0.0,2.0899481482746765e-25,-1.9374207234757613e-28,-1.9374207234757613e-28,-4.3076653355456074e-14,-1.6345197956179365e-27,-1.6345197956179365e-27,0.0,-1.6345197956179365e-27,-1.6345197956179365e-27,9.809999999999958
3.9205365397110024,0.10000000000000002,0.10000000000000002,0.0910636168906802,-4.440892098500626e-16,-4.440892098500626e-16,0.0987388888732954,-2.857879109031212e-14,-2.857879109031212e-14,-1.4654943925052066e-14,4.597878545953918e-13,4.597878545953918e-13,5.9729673378749445e-12,-4.497611983662594e-15,-4.497611983662594e-15,1.0,-0.7071067811865476,-0.7071067811865476,0.0,0.7071067811865476,-0.7071067811865476,0.0,4.1455521246923416e-12,6.591225141721636e-29,6.591225141721636e-29,-1.465494392505181e-14,-2.857879109031212e-14,-2.857879109031212e-14,0.0,-2.857879109031212e-14,-2.857879109031212e-14,9.809999999999986
3.93607565780899,0.10000000000000002,0.10000000000000002,0.0925979321457464,-4.440892098500626e-16,-4.440892098500626e-16,0.0987388888732963,1.4289395545156676e-14,1.4289395545156676e-14,1.425526363618701e-13,1.3793635637861026e-12,1.3793635637861026e-12,1.4289395544578523e-14,-4.497611983662554e-15,-4.497611983662554e-15,1.0,0.7066810241882105,0.7066810241882105,-0.034696687228086616,-0.7066810241882104,0.7066810241882104,0.0,2.0727760623463117e-12,-6.411464456038368e-28,-6.411464456038368e-28,1.4255263636186997e-13,1.0776875103722687e-14,1.0776875103722687e-14,-5.291239639546807e-16,1.4289395545156676e-14,1.4289395545156676e-14,9.810000000000143
3.951614775906977,0.10000000000000002,0.10000000000000002,0.09413224740081262,0.0,0.0,0.09873888887329985,1.4289395545156263e-14,1.4289395545156263e-14,-1.4210854715202004e-14,-4.597878545954245e-13,-4.597878545954245e-13,-9.63105259743532e-12,0.0,0.0,1.0,0.7071067811865475,0.7071067811865475,0.0,-0.7071067811865475,0.7071067811865475,0.0,2.0727760623460092e-12,-0.0,-0.0,-1.4210854715202004e-14,1.428939554515626e-14,1.428939554515626e-14,0.0,1.4289395545156263e-14,1.4289395545156263e-14,9.809999999999986
3.967153894004964,0.10000000000000002,0.10000000000000002,0.09566656265587882,0.0,0.0,0.09873888887329585,0.0,0.0,-1.567634910770721e-13,-4.597878545954769e-13,-4.597878545954769e-13,3.2151139976561594e-12,0.0,0.0,1.0,0.0,0.0,0.0,0.0,0.0,0.0,0.0,-0.0,-0.0,-1.567634910770721e-13,0.0,0.0,0.0,0.0,0.0,9.809999999999844
3.9826930121029553,0.10000000000000002,0.10000000000000002,0.09720087791094535,0.0,0.0,0.09873888887329496,0.0,0.0,8.570921750106208e-14,4.597878545954769e-13,4.597878545954769e-13,7.802009967651976e-12,0.0,0.0,1.0,0.0,0.0,0.0,0.0,0.0,0.0,0.0,0.0,0.0,8.570921750106208e-14,0.0,0.0,0.0,0.0,0.0,9.810000000000086
3.9982321302009423,0.10000000000000002,0.10000000000000002,0.09873519316601154,0.0,0.0,0.09873888887329851,1.4289395545156263e-14,1.4289395545156263e-14,8.570921750106208e-14,-4.597878545953194e-13,-4.597878545953194e-13,-4.115345917005004e-12,0.0,0.0,1.0,0.7071067811865475,0.7071067811865475,0.0,-0.7071067811865475,0.7071067811865475,0.0,2.0727760623460658e-12,0.0,0.0,8.570921750106208e-14,1.428939554515626e-14,1.428939554515626e-14,0.0,1.4289395545156263e-14,1.4289395545156263e-14,9.810000000000086
4.013771248298929,0.10000000000000002,0.10000000000000002,0.10026950842107774,4.440892098500626e-16,4.440892098500626e-16,0.09873888887329763,-1.4289395545153407e-14,-1.4289395545153407e-14,-4.218847493575595e-14,-4.597878545953719e-13,-4.597878545953719e-13,-3.2436927887506647e-12,4.497611983662493e-15,4.497611983662493e-15,1.0,-0.7066810241882103,-0.7066810241882103,0.03469668722809515,0.7066810241882104,-0.7066810241882104,0.0,2.072776062345661e-12,-1.8974739044350125e-28,-1.8974739044350125e-28,-4.2188474935756075e-14,-1.323775320296318e-14,-1.323775320296318e-14,6.49948373827569e-16,-1.4289395545153407e-14,-1.4289395545153407e-14,9.809999999999958
4.029310366396917,0.10000000000000002,0.10000000000000002,0.10180382367614396,-4.440892098500626e-16,-4.440892098500626e-16,0.09873888887329718,3.265884147614989e-27,3.265884147614989e-27,-1.509903313490213e-14,4.597878545953852e-13,4.597878545953852e-13,2.300592682770125e-12,-4.497611983662514e-15,-4.497611983662514e-15,1.0,4.742872761198669e-12,4.742872761198669e-12,-1.0,-4.738375149215006e-12,4.738375149215006e-12,0.0,4.638884188738338e-25,6.790959236925318e-29,6.790959236925318e-29,-1.509903313490213e-14,7.161279297596345e-26,7.161279297596345e-26,-1.509903313490213e-14,3.265884147614989e-27,3.265884147614989e-27,9.809999999999985
4.044849484494904,0.10000000000000002,0.10000000000000002,0.10333813893121017,4.440892098500626e-16,4.440892098500626e-16,0.09873888887329718,3.265884147614989e-27,3.265884147614989e-27,2.930988785010413e-14,-9.195757091908492e-13,-9.195757091908492e-13,4.615474761085242e-12,4.497611983662514e-15,4.497611983662514e-15,1.0,4.835243316847482e-12,4.835243316847482e-12,1.0,-4.830745704863819e-12,4.830745704863819e-12,0.0,4.546171172277591e-25,1.3182450283443265e-28,1.3182450283443265e-28,2.930988785010413e-14,1.4172043934476521e-25,1.4172043934476521e-25,2.930988785010413e-14,3.265884147614989e-27,3.265884147614989e-27,9.81000000000003
4.060388602592892,0.10000000000000002,0.10000000000000002,0.10487245418627637,-4.440892098500626e-16,-4.440892098500626e-16,0.09873888887329807,-2.857879109031253e-14,-2.857879109031253e-14,1.283417816466681e-13,9.19575709190376e-13,9.19575709190376e-13,-2.3434608694043634e-12,-4.497611983662473e-15,-4.497611983662473e-15,1.0,-0.7070002697978388,-0.7070002697978388,-0.017356180788587916,0.7070002697978389,-0.7070002697978389,0.0,4.1455521246920855e-12,-5.7723153513864795e-28,-5.7723153513864795e-28,1.2834178164666835e-13,-2.699532262206212e-14,-2.699532262206212e-14,-6.627093650314185e-16,-2.857879109031253e-14,-2.857879109031253e-14,9.810000000000128
4.075927720690881,0.10000000000000002,0.10000000000000002,0.1064067694413429,-4.440892098500626e-16,-4.440892098500626e-16,0.09873888887330118,2.857879109031498e-14,2.857879109031498e-14,-4.3520742565306136e-14,1.3793635637857872e-12,1.3793635637857872e-12,-1.1931645280204608e-11,-4.4976119836623315e-15,-4.4976119836623315e-15,1.0,0.7071067811865476,0.7071067811865476,0.0,-0.7071067811865476,0.7071067811865476,0.0,4.145552124692235e-12,1.9573941329960536e-28,1.9573941329960536e-28,-4.3520742565306395e-14,2.857879109031499e-14,2.857879109031499e-14,0.0,2.857879109031498e-14,2.857879109031498e-14,9.809999999999956
4.091466838788868,0.10000000000000002,0.10000000000000002,0.1079410846964091,4.440892098500626e-16,4.440892098500626e-16,0.09873888887329674,1.4289395545158308e-14,1.4289395545158308e-14,-2.424727085781342e-13,-1.839151418381567e-12,-1.839151418381567e-12,4.858394485345394e-13,4.4976119836625334e-15,4.4976119836625334e-15,1.0,0.7066810241882105,0.7066810241882105,0.03469668722808468,-0.7066810241882104,0.7066810241882104,0.0,2.0727760623465945e-12,-1.0905481598121289e-27,-1.0905481598121289e-27,-2.4247270857813404e-13,8.326885845627727e-15,8.326885845627727e-15,4.0883417536447643e-16,1.4289395545158308e-14,1.4289395545158308e-14,9.809999999999757
4.107005956886856,0.10000000000000002,0.10000000000000002,0.1094753999514753,0.0,0.0,0.09873888887329363,-2.85787910903109e-14,-2.85787910903109e-14,-2.842170943040401e-14,0.0,0.0,1.19316452802048e-11,0.0,0.0,1.0,-0.7071067811865475,-0.7071067811865475,0.0,0.7071067811865475,-0.7071067811865475,0.0,4.1455521246923044e-12,-0.0,-0.0,-2.842170943040401e-14,-2.857879109031089e-14,-2.857879109031089e-14,0.0,-2.85787910903109e-14,-2.85787910903109e-14,9.809999999999972
4.122545074984844,0.10000000000000002,0.10000000000000002,0.11100971520654151,-4.440892098500626e-16,-4.440892098500626e-16,0.09873888887329585,1.4289395545158308e-14,1.4289395545158308e-14,1.283417816466681e-13,1.3793635637861293e-12,1.3793635637861293e-12,1.857621420869791e-12,-4.4976119836625745e-15,-4.4976119836625745e-15,1.0,0.7066810241882105,0.7066810241882105,-0.03469668722808343,-0.7066810241882104,0.7066810241882104,0.0,2.0727760623465573e-12,-5.772315351386593e-28,-5.772315351386593e-28,1.2834178164666797e-13,1.1125318020431724e-14,1.1125318020431724e-14,-5.462318449986754e-16,1.4289395545158308e-14,1.4289395545158308e-14,9.810000000000128
4.138084193082831,0.10000000000000002,0.10000000000000002,0.1125440304616077,4.440892098500626e-16,4.440892098500626e-16,0.09873888887329763,1.4289395545158308e-14,1.4289395545158308e-14,2.930988785010413e-14,-4.597878545955953e-13,-4.597878545955953e-13,-3.200824602115093e-12,4.497611983662493e-15,4.497611983662493e-15,1.0,0.7066810241882107,0.7066810241882107,0.034696687228082806,-0.7066810241882105,0.7066810241882105,0.0,2.07277606234638e-12,1.3182450283443263e-28,1.3182450283443263e-28,2.930988785010426e-14,1.499085662765095e-14,1.499085662765095e-14,7.36022400329954e-16,1.4289395545158308e-14,1.4289395545158308e-14,9.81000000000003
4.1536233111808185,0.10000000000000002,0.10000000000000002,0.11407834571667394,0.0,0.0,0.09873888887329674,-4.900403943232925e-27,-4.900403943232925e-27,2.886579864025407e-14,-4.597878545957004e-13,-4.597878545957004e-13,1.829042629779422e-12,0.0,0.0,1.0,-0.7071067811865475,-0.7071067811865475,0.0,0.7071067811865475,-0.7071067811865475,0.0,7.108376248149243e-25,0.0,0.0,2.886579864025407e-14,-4.9004039432329246e-27,-4.9004039432329246e-27,0.0,-4.900403943232925e-27,-4.900403943232925e-27,9.810000000000029
4.169162429278809,0.10000000000000002,0.10000000000000002,0.11561266097174046,4.440892098500626e-16,4.440892098500626e-16,0.09873888887329851,-6.533978401468321e-27,-6.533978401468321e-27,8.615330671091215e-14,1.57679602932842e-25,1.57679602932842e-25,-9.288107104361062e-13,4.497611983662453e-15,4.497611983662453e-15,1.0,-0.7071067811865475,-0.7071067811865475,0.0,0.7071067811865475,-0.7071067811865475,0.0,1.00400621123373e-24,3.874841446951453e-28,3.874841446951453e-28,8.615330671091215e-14,-6.53397840146832e-27,-6.53397840146832e-27,0.0,-6.533978401468321e-27,-6.533978401468321e-27,9.810000000000088
4.184701547376796,0.10000000000000002,0.10000000000000002,0.11714697622680667,0.0,0.0,0.0987388888732994,0.0,0.0,0.0,-4.597878545951091e-13,-4.597878545951091e-13,-5.501417284885161e-12,0.0,0.0,1.0,0.0,0.0,0.0,0.0,0.0,0.0,0.0,0.0,0.0,0.0,0.0,0.0,0.0,0.0,0.0,9.81
4.200240665474783,0.10000000000000002,0.10000000000000002,0.11868129148187287,4.440892098500626e-16,4.440892098500626e-16,0.09873888887329851,-1.4289395545153407e-14,-1.4289395545153407e-14,-8.482103908136196e-14,5.252516703181344e-26,5.252516703181344e-26,-9.288107104353897e-13,4.497611983662453e-15,4.497611983662453e-15,1.0,-0.7066810241882103,-0.7066810241882103,0.034696687228095005,0.7066810241882104,-0.7066810241882104,0.0,2.0727760623455956e-12,-3.814921218390354e-28,-3.814921218390354e-28,-8.482103908136209e-14,-1.2192424452841578e-14,-1.2192424452841578e-14,5.986247306956898e-16,-1.4289395545153407e-14,-1.4289395545153407e-14,9.809999999999915
4.215779783572771,0.10000000000000002,0.10000000000000002,0.12021560673693912,-4.440892098500626e-16,-4.440892098500626e-16,0.09873888887329674,3.265884147614989e-27,3.265884147614989e-27,-2.886579864025407e-14,9.195757091907702e-13,9.195757091907702e-13,2.2863032872248622e-12,-4.4976119836625334e-15,-4.4976119836625334e-15,1.0,4.835243316847482e-12,4.835243316847482e-12,-1.0,-4.830745704863819e-12,4.830745704863819e-12,0.0,4.549068454042031e-25,1.2982716188239638e-28,1.2982716188239638e-28,-2.886579864025407e-14,1.3957315996075362e-25,1.3957315996075362e-25,-2.886579864025407e-14,3.265884147614989e-27,3.265884147614989e-27,9.809999999999972
4.2313189016707575,0.10000000000000002,0.10000000000000002,0.12174992199200531,4.440892098500626e-16,4.440892098500626e-16,0.09873888887329763,1.4289395545158308e-14,1.4289395545158308e-14,-1.3766765505351941e-14,-2.102047699645939e-25,-2.102047699645939e-25,3.229403393205095e-12,4.497611983662493e-15,4.497611983662493e-15,1.0,0.7066810241882107,0.7066810241882107,0.034696687228083126,-0.7066810241882105,0.7066810241882105,0.0,2.072776062346408e-12,-6.191756951314175e-29,-6.191756951314175e-29,-1.3766765505351813e-14,1.393463903638261e-14,1.393463903638261e-14,6.841641359154963e-16,1.4289395545158308e-14,1.4289395545158308e-14,9.809999999999986
4.246858019768745,0.10000000000000002,0.10000000000000002,0.12328423724707155,0.0,0.0,0.0987388888732963,-4.900403943232925e-27,-4.900403943232925e-27,7.149836278586008e-14,-4.597878545957531e-13,-4.597878545957531e-13,5.529996075974677e-12,0.0,0.0,1.0,-0.7071067811865475,-0.7071067811865475,0.0,0.7071067811865475,-0.7071067811865475,0.0,7.108376248149308e-25,0.0,0.0,7.149836278586008e-14,-4.9004039432329246e-27,-4.9004039432329246e-27,0.0,-4.900403943232925e-27,-4.900403943232925e-27,9.810000000000072
4.262397137866736,0.10000000000000002,0.10000000000000002,0.12481855250213805,4.440892098500626e-16,4.440892098500626e-16,0.09873888887329985,-8.167473001835867e-27,-8.167473001835867e-27,1.580957587066223e-13,1.0508589120127105e-25,1.0508589120127105e-25,-2.7721427357624626e-12,4.497611983662392e-15,4.497611983662392e-15,1.0,-1.1641508726752153e-11,-1.1641508726752153e-11,1.0,1.1646006338735816e-11,-1.1646006338735816e-11,0.0,1.2878919120681137e-24,7.110533789251024e-28,7.110533789251024e-28,1.580957587066223e-13,-1.840473154645646e-24,-1.840473154645646e-24,1.580957587066223e-13,-8.167473001835867e-27,-8.167473001835867e-27,9.810000000000159
4.277936255964722,0.10000000000000002,0.10000000000000002,0.12635286775720422,0.0,0.0,0.09873888887330118,-1.6345197956179365e-27,-1.6345197956179365e-27,-1.4654943925052066e-14,3.1536434501625304e-25,3.1536434501625304e-25,-1.1502963413851101e-11,0.0,0.0,1.0,-0.7071067811865475,-0.7071067811865475,0.0,0.7071067811865475,-0.7071067811865475,0.0,2.3709844794211057e-25,-0.0,-0.0,-1.4654943925052066e-14,-1.634519795617936e-27,-1.634519795617936e-27,0.0,-1.6345197956179365e-27,-1.6345197956179365e-27,9.809999999999986
4.293475374062709,0.10000000000000002,0.10000000000000002,0.12788718301227045,4.440892098500626e-16,4.440892098500626e-16,0.0987388888732994,1.63349460036736e-27,1.63349460036736e-27,-1.9939605522267811e-13,-9.19575709190639e-13,-9.19575709190639e-13,-3.2008246021154093e-12,4.497611983662412e-15,4.497611983662412e-15,1.0,2.328301745350707e-12,2.328301745350707e-12,1.0,-2.3238041333670444e-12,2.3238041333670444e-12,0.0,3.670376874726141e-25,-8.968060874645291e-28,-8.968060874645291e-28,-1.9939605522267811e-13,-4.642541833910074e-25,-4.642541833910074e-25,-1.9939605522267811e-13,1.63349460036736e-27,1.63349460036736e-27,9.809999999999802
4.3090144921606965,0.10000000000000002,0.10000000000000002,0.1294214982673367,0.0,0.0,0.09873888887329496,-2.85787910903109e-14,-2.85787910903109e-14,-1.141309269314661e-13,4.597878545951223e-13,4.597878545951223e-13,1.0074023859334591e-11,0.0,0.0,1.0,-0.7071067811865475,-0.7071067811865475,0.0,0.7071067811865475,-0.7071067811865475,0.0,4.145552124692193e-12,-0.0,-0.0,-1.141309269314661e-13,-2.857879109031089e-14,-2.857879109031089e-14,0.0,-2.85787910903109e-14,-2.85787910903109e-14,9.809999999999887
4.324553610258684,0.10000000000000002,0.10000000000000002,0.1309558135224029,-4.440892098500626e-16,-4.440892098500626e-16,0.09873888887329585,1.428939554514973e-14,1.428939554514973e-14,1.1368683772161603e-13,9.195757091906652e-13,9.195757091906652e-13,4.6011853655409416e-12,-4.4976119836625745e-15,-4.4976119836625745e-15,1.0,0.7066810241882101,0.7066810241882101,-0.034696687228104546,-0.70668102418821,0.70668102418821,0.0,2.0727760623453036e-12,-5.113192837214421e-28,-5.113192837214421e-28,1.136868377216159e-13,1.1484649778275627e-14,1.1484649778275627e-14,-5.638743473250851e-16,1.428939554514973e-14,1.428939554514973e-14,9.810000000000114
4.340092728356674,0.10000000000000002,0.10000000000000002,0.13249012877746938,4.440892098500626e-16,4.440892098500626e-16,0.09873888887329851,-6.534923738850862e-27,-6.534923738850862e-27,2.886579864025407e-14,-4.597878545949909e-13,-4.597878545949909e-13,-3.672374655104536e-12,4.497611983662453e-15,4.497611983662453e-15,1.0,-9.130474154517287e-12,-9.130474154517287e-12,1.0,9.13497176650095e-12,-9.13497176650095e-12,0.0,9.667684042256106e-25,1.2982716188239405e-28,1.2982716188239405e-28,2.886579864025407e-14,-2.6355842843434004e-25,-2.6355842843434004e-25,2.886579864025407e-14,-6.534923738850862e-27,-6.534923738850862e-27,9.810000000000029
4.355631846454662,0.10000000000000002,0.10000000000000002,0.1340244440325356,-4.440892098500626e-16,-4.440892098500626e-16,0.09873888887329674,3.265884147614989e-27,3.265884147614989e-27,-4.440892098500626e-16,3.1535920586557293e-25,3.1535920586557293e-25,-9.002319193447627e-13,-4.4976119836625334e-15,-4.4976119836625334e-15,1.0,4.654054919228656e-12,4.654054919228656e-12,-1.0,-4.649557307244993e-12,4.649557307244993e-12,0.0,4.734494486963527e-25,1.9973409520368672e-30,1.9973409520368672e-30,-4.440892098500626e-16,2.066815571679051e-27,2.066815571679051e-27,-4.440892098500626e-16,3.265884147614989e-27,3.265884147614989e-27,9.81
4.371170964552649,0.10000000000000002,0.10000000000000002,0.1355587592876018,4.440892098500626e-16,4.440892098500626e-16,0.09873888887329851,3.265884147614989e-27,3.265884147614989e-27,8.881784197001252e-16,-4.597878545953852e-13,-4.597878545953852e-13,4.897248499612041e-27,4.497611983662453e-15,4.497611983662453e-15,1.0,4.650502205549856e-12,4.650502205549856e-12,1.0,-4.646004593566194e-12,4.646004593566194e-12,0.0,4.731597205198958e-25,3.994681904073663e-30,3.994681904073663e-30,8.881784197001252e-16,4.130475699737218e-27,4.130475699737218e-27,8.881784197001252e-16,3.265884147614989e-27,3.265884147614989e-27,9.810000000000002
4.3867100826506364,0.10000000000000002,0.10000000000000002,0.13709307454266806,-4.440892098500626e-16,-4.440892098500626e-16,0.09873888887329674,-1.4289395545153407e-14,-1.4289395545153407e-14,-4.440892098500626e-16,9.195757091907963e-13,9.195757091907963e-13,1.8147532342349024e-12,-4.4976119836625334e-15,-4.4976119836625334e-15,1.0,-0.7066810241882103,-0.7066810241882103,-0.03469668722809562,0.7066810241882104,-0.7066810241882104,0.0,2.072776062345726e-12,1.997340952036289e-30,1.997340952036289e-30,-4.440892098499341e-16,-1.428308195308479e-14,-1.428308195308479e-14,-7.012720169594556e-16,-1.4289395545153407e-14,-1.4289395545153407e-14,9.81
4.402249200748623,0.10000000000000002,0.10000000000000002,0.13862738979773426,0.0,0.0,0.09873888887329851,2.8578791090312526e-14,2.8578791090312526e-14,5.728750807065808e-14,9.195757091907702e-13,9.195757091907702e-13,9.431001059803132e-13,0.0,0.0,1.0,0.7071067811865475,0.7071067811865475,0.0,-0.7071067811865475,0.7071067811865475,0.0,4.1455521246921316e-12,0.0,0.0,5.728750807065808e-14,2.857879109031252e-14,2.857879109031252e-14,0.0,2.8578791090312526e-14,2.8578791090312526e-14,9.810000000000057
4.41778831884661,0.10000000000000002,0.10000000000000002,0.14016170505280046,4.440892098500626e-16,4.440892098500626e-16,0.09873888887329851,1.428939554515749e-14,1.428939554515749e-14,2.886579864025407e-14,-1.83915141838133e-12,-1.83915141838133e-12,-1.829042629779845e-12,4.497611983662453e-15,4.497611983662453e-15,1.0,0.7071067811865476,0.7071067811865476,0.0,-0.7071067811865476,0.7071067811865476,0.0,2.0727760623462245e-12,1.298271618823946e-28,1.298271618823946e-28,2.8865798640254196e-14,1.4289395545157494e-14,1.4289395545157494e-14,0.0,1.428939554515749e-14,1.428939554515749e-14,9.810000000000029
4.4333274369446,0.10000000000000002,0.10000000000000002,0.14169602030786693,4.440892098500626e-16,4.440892098500626e-16,0.0987388888732994,-2.857879109031253e-14,-2.857879109031253e-14,4.440892098500626e-16,-9.195757091904548e-13,-9.195757091904548e-13,-9.573895015252606e-13,4.497611983662412e-15,4.497611983662412e-15,1.0,-0.7070002697978389,-0.7070002697978389,0.017356180788587798,0.707000269797839,-0.707000269797839,0.0,4.145552124692058e-12,1.9973409520356572e-30,1.9973409520356572e-30,4.4408920984980555e-16,-2.8575631441446816e-14,-2.8575631441446816e-14,7.015044359001752e-16,-2.857879109031253e-14,-2.857879109031253e-14,9.81
4.448866555042588,0.10000000000000002,0.10000000000000002,0.1432303355629332,-4.440892098500626e-16,-4.440892098500626e-16,0.09873888887329851,-1.4289395545153407e-14,-1.4289395545153407e-14,-8.881784197001252e-16,1.379363563786221e-12,1.379363563786221e-12,-1.4289395545151776e-14,-4.497611983662453e-15,-4.497611983662453e-15,1.0,-0.7066810241882102,-0.7066810241882102,-0.034696687228095935,0.7066810241882103,-0.7066810241882103,0.0,2.0727760623456518e-12,3.994681904073085e-30,3.994681904073085e-30,-8.881784196999966e-16,-1.4293970794231883e-14,-1.4293970794231883e-14,-7.018066382420856e-16,-1.4289395545153407e-14,-1.4289395545153407e-14,9.809999999999999
4.464405673140575,0.10000000000000002,0.10000000000000002,0.1447646508179994,0.0,0.0,0.0987388888732994,1.4289395545156263e-14,1.4289395545156263e-14,0.0,9.195757091907306e-13,9.195757091907306e-13,-2.7292745491248465e-12,0.0,0.0,1.0,0.7071067811865475,0.7071067811865475,0.0,-0.7071067811865475,0.7071067811865475,0.0,2.0727760623460282e-12,0.0,0.0,0.0,1.428939554515626e-14,1.428939554515626e-14,0.0,1.4289395545156263e-14,1.4289395545156263e-14,9.81
4.4799447912385615,0.10000000000000002,0.10000000000000002,0.1462989660730656,0.0,0.0,0.09873888887329851,1.4289395545156263e-14,1.4289395545156263e-14,-8.570921750106208e-14,-4.597878545953586e-13,-4.597878545953586e-13,-2.7435639446700027e-12,0.0,0.0,1.0,0.7071067811865476,0.7071067811865476,0.0,-0.7071067811865476,0.7071067811865476,0.0,2.0727760623460658e-12,-0.0,-0.0,-8.570921750106208e-14,1.4289395545156266e-14,1.4289395545156266e-14,0.0,1.4289395545156263e-14,1.4289395545156263e-14,9.809999999999915
4.495483909336548,0.10000000000000002,0.10000000000000002,0.14783328132813178,4.440892098500626e-16,4.440892098500626e-16,0.09873888887329674,1.63349460036736e-27,1.63349460036736e-27,-8.526512829121202e-14,-9.195757091908094e-13,-9.195757091908094e-13,2.7721427357600792e-12,4.4976119836625334e-15,4.4976119836625334e-15,1.0,2.32830174535077e-12,2.32830174535077e-12,1.0,-2.3238041333671074e-12,2.3238041333671074e-12,0.0,2.9257754612759913e-25,-3.834894627910785e-28,-3.834894627910785e-28,-8.526512829121202e-14,-1.9852294701798625e-25,-1.9852294701798625e-25,-8.526512829121202e-14,1.63349460036736e-27,1.63349460036736e-27,9.809999999999915
4.511023027434536,0.10000000000000002,0.10000000000000002,0.149367596583198,0.0,0.0,0.09873888887329585,-1.4289395545156673e-14,-1.4289395545156673e-14,4.440892098500626e-16,-4.597878545954902e-13,-4.597878545954902e-13,5.501417284884378e-12,0.0,0.0,1.0,-0.7071067811865476,-0.7071067811865476,0.0,0.7071067811865476,-0.7071067811865476,0.0,2.0727760623462366e-12,0.0,0.0,4.440892098500626e-16,-1.4289395545156676e-14,-1.4289395545156676e-14,0.0,-1.4289395545156673e-14,-1.4289395545156673e-14,9.81
4.526562145532527,0.10000000000000002,0.10000000000000002,0.1509019118382645,0.0,0.0,0.09873888887329674,-1.4289395545156673e-14,-1.4289395545156673e-14,8.570921750106208e-14,4.597878545954903e-13,4.597878545954903e-13,2.7149851535788268e-12,0.0,0.0,1.0,-0.7071067811865476,-0.7071067811865476,0.0,0.7071067811865476,-0.7071067811865476,0.0,2.072776062346199e-12,0.0,0.0,8.570921750106208e-14,-1.4289395545156676e-14,-1.4289395545156676e-14,0.0,-1.4289395545156673e-14,-1.4289395545156673e-14,9.810000000000086
4.5421012636305145,0.10000000000000002,0.10000000000000002,0.15243622709333077,-4.440892098500626e-16,-4.440892098500626e-16,0.09873888887329851,1.63349460036736e-27,1.63349460036736e-27,8.482103908136196e-14,9.195757091908094e-13,9.195757091908094e-13,-2.757853340215235e-12,-4.497611983662453e-15,-4.497611983662453e-15,1.0,2.328301745350728e-12,2.328301745350728e-12,-1.0,-2.3238041333670654e-12,2.3238041333670654e-12,0.0,2.922878179511478e-25,-3.814921218390348e-28,-3.814921218390348e-28,8.482103908136196e-14,-1.9748897333559736e-25,-1.9748897333559736e-25,8.482103908136196e-14,1.63349460036736e-27,1.63349460036736e-27,9.810000000000086
4.557640381728501,0.10000000000000002,0.10000000000000002,0.153970542348397,0.0,0.0,0.0987388888732994,1.4289395545156263e-14,1.4289395545156263e-14,0.0,-5.2560724169378e-26,-5.2560724169378e-26,-2.729274549124846e-12,0.0,0.0,1.0,0.7071067811865475,0.7071067811865475,0.0,-0.7071067811865475,0.7071067811865475,0.0,2.0727760623460282e-12,0.0,0.0,0.0,1.428939554515626e-14,1.428939554515626e-14,0.0,1.4289395545156263e-14,1.4289395545156263e-14,9.81
4.573179499826488,0.10000000000000002,0.10000000000000002,0.15550485760346316,0.0,0.0,0.09873888887329851,0.0,0.0,0.0,-4.597878545954113e-13,-4.597878545954113e-13,-1.843332025325158e-12,0.0,0.0,1.0,0.0,0.0,0.0,0.0,0.0,0.0,0.0,0.0,0.0,0.0,0.0,0.0,0.0,0.0,0.0,9.81
4.588718617924475,0.10000000000000002,0.10000000000000002,0.1570391728585294,0.0,0.0,0.0987388888732994,0.0,0.0,-5.728750807065808e-14,0.0,0.0,-4.58689596999516e-12,0.0,0.0,1.0,0.0,0.0,0.0,0.0,0.0,0.0,0.0,-0.0,-0.0,-5.728750807065808e-14,0.0,0.0,0.0,0.0,0.0,9.809999999999944
4.604257736022462,0.10000000000000002,0.10000000000000002,0.1585734881135956,0.0,0.0,0.09873888887329674,0.0,0.0,-1.425526363618701e-13,0.0,0.0,3.686664050647168e-12,0.0,0.0,1.0,0.0,0.0,0.0,0.0,0.0,0.0,0.0,-0.0,-0.0,-1.425526363618701e-13,0.0,0.0,0.0,0.0,0.0,9.809999999999858
4.6197968541204535,0.10000000000000002,0.10000000000000002,0.16010780336866212,0.0,0.0,0.09873888887329496,0.0,0.0,5.728750807065808e-14,0.0,0.0,9.188081335533115e-12,0.0,0.0,1.0,0.0,0.0,0.0,0.0,0.0,0.0,0.0,0.0,0.0,5.728750807065808e-14,0.0,0.0,0.0,0.0,0.0,9.810000000000057
4.63533597221844,0.10000000000000002,0.10000000000000002,0.16164211862372832,0.0,0.0,0.09873888887329851,0.0,0.0,1.4299672557172016e-13,4.597878545954113e-13,4.597878545954113e-13,-2.772142735760315e-12,0.0,0.0,1.0,0.0,0.0,0.0,0.0,0.0,0.0,0.0,0.0,0.0,1.4299672557172016e-13,0.0,0.0,0.0,0.0,0.0,9.810000000000144
4.650875090316427,0.10000000000000002,0.10000000000000002,0.16317643387879452,0.0,0.0,0.0987388888732994,1.4289395545156263e-14,1.4289395545156263e-14,-2.886579864025407e-14,-4.597878545953194e-13,-4.597878545953194e-13,-8.259270625100319e-12,0.0,0.0,1.0,0.7071067811865475,0.7071067811865475,0.0,-0.7071067811865475,0.7071067811865475,0.0,2.0727760623460282e-12,-0.0,-0.0,-2.886579864025407e-14,1.428939554515626e-14,1.428939554515626e-14,0.0,1.4289395545156263e-14,1.4289395545156263e-14,9.809999999999972
4.666414208414414,0.10000000000000002,0.10000000000000002,0.16471074913386075,4.440892098500626e-16,4.440892098500626e-16,0.09873888887329763,-1.4289395545153407e-14,-1.4289395545153407e-14,-1.1368683772161603e-13,-1.3793635637861422e-12,-1.3793635637861422e-12,9.145213148896105e-13,4.497611983662493e-15,4.497611983662493e-15,1.0,-0.7066810241882103,-0.7066810241882103,0.034696687228094686,0.7066810241882104,-0.7066810241882104,0.0,2.0727760623456142e-12,-5.11319283721434e-28,-5.11319283721434e-28,-1.1368683772161616e-13,-1.14846497782801e-14,-1.14846497782801e-14,5.638743473251443e-16,-1.4289395545153407e-14,-1.4289395545153407e-14,9.809999999999887
4.681953326512402,0.10000000000000002,0.10000000000000002,0.16624506438892694,-4.440892098500626e-16,-4.440892098500626e-16,0.09873888887329585,-2.8578791090310084e-14,-2.8578791090310084e-14,-4.440892098500626e-16,9.195757091906519e-13,9.195757091906519e-13,8.244981229554984e-12,-4.4976119836625745e-15,-4.4976119836625745e-15,1.0,-0.7070002697978388,-0.7070002697978388,-0.017356180788589127,0.7070002697978389,-0.7070002697978389,0.0,4.145552124691999e-12,1.9973409520357294e-30,1.9973409520357294e-30,-4.4408920984980555e-16,-2.857563144144436e-14,-2.857563144144436e-14,-7.015044359001688e-16,-2.8578791090310084e-14,-2.8578791090310084e-14,9.81
4.697492444610389,0.10000000000000002,0.10000000000000002,0.16777937964399314,-4.440892098500626e-16,-4.440892098500626e-16,0.09873888887329763,1.4289395545151363e-14,1.4289395545151363e-14,1.425526363618701e-13,9.195757091903758e-13,9.195757091903758e-13,-9.002319193424319e-13,-4.497611983662493e-15,-4.497611983662493e-15,1.0,0.7071067811865476,0.7071067811865476,0.0,-0.7071067811865476,0.7071067811865476,0.0,2.0727760623454846e-12,-6.411464456038281e-28,-6.411464456038281e-28,1.4255263636186997e-13,1.4289395545151363e-14,1.4289395545151363e-14,0.0,1.4289395545151363e-14,1.4289395545151363e-14,9.810000000000143
4.713031562708379,0.10000000000000002,0.10000000000000002,0.16931369489905967,0.0,0.0,0.09873888887330029,-2.1236135568549638e-26,-2.1236135568549638e-26,-2.842170943040401e-14,-4.597878545940842e-13,-4.597878545940842e-13,-1.0116892045971424e-11,0.0,0.0,1.0,-0.7071067811865475,-0.7071067811865475,0.0,0.7071067811865475,-0.7071067811865475,0.0,3.080448947201608e-24,-0.0,-0.0,-2.842170943040401e-14,-2.1236135568549635e-26,-2.1236135568549635e-26,0.0,-2.1236135568549638e-26,-2.1236135568549638e-26,9.809999999999972
4.728570680806358,0.10000000000000002,0.10000000000000002,0.17084801015412515,-4.440892098500626e-16,-4.440892098500626e-16,0.09873888887329674,2.7769408206302267e-26,2.7769408206302267e-26,-1.7186252421197423e-13,1.787069343992869e-24,1.787069343992869e-24,1.8433320253377623e-12,-4.4976119836625334e-15,-4.4976119836625334e-15,1.0,0.7071067811865476,0.7071067811865476,0.0,-0.7071067811865476,0.7071067811865476,0.0,3.9160207119956266e-24,7.729709484382676e-28,7.729709484382676e-28,-1.7186252421197423e-13,2.776940820630227e-26,2.776940820630227e-26,0.0,2.7769408206302267e-26,2.7769408206302267e-26,9.809999999999828
4.744109798904322,0.10000000000000002,0.10000000000000002,0.17238232540918896,0.0,0.0,0.09873888887329496,3.430282760263048e-26,3.430282760263048e-26,2.886579864025407e-14,4.597878545940448e-13,4.597878545940448e-13,8.273560020658381e-12,0.0,0.0,1.0,0.7071067811865476,0.7071067811865476,0.0,-0.7071067811865476,0.7071067811865476,0.0,4.9758633737046494e-24,0.0,0.0,2.886579864025407e-14,3.4302827602630483e-26,3.4302827602630483e-26,0.0,3.430282760263048e-26,3.430282760263048e-26,9.810000000000029
4.759648917002305,0.10000000000000002,0.10000000000000002,0.1739166406642547,-4.440892098500626e-16,-4.440892098500626e-16,0.09873888887329763,1.4289395545146055e-14,1.4289395545146055e-14,8.526512829121202e-14,4.597878545945704e-13,4.597878545945704e-13,-4.601185365538622e-12,-4.497611983662493e-15,-4.497611983662493e-15,1.0,0.7066810241882099,0.7066810241882099,-0.03469668722811315,-0.7066810241882098,0.7066810241882098,0.0,2.0727760623446776e-12,-3.834894627910745e-28,-3.834894627910745e-28,8.52651282912119e-14,1.2181535611686026e-14,1.2181535611686026e-14,-5.980901094129641e-16,1.4289395545146055e-14,1.4289395545146055e-14,9.810000000000086
4.7751880351002916,0.10000000000000002,0.10000000000000002,0.1754509559193209,4.440892098500626e-16,4.440892098500626e-16,0.09873888887329763,1.4289395545158308e-14,1.4289395545158308e-14,-1.141309269314661e-13,-4.597878545952011e-13,-4.597878545952011e-13,-3.658085259560423e-12,4.497611983662493e-15,4.497611983662493e-15,1.0,0.7066810241882105,0.7066810241882105,0.03469668722808343,-0.7066810241882104,0.7066810241882104,0.0,2.0727760623464733e-12,-5.133166246734697e-28,-5.133166246734697e-28,-1.1413092693146597e-13,1.1473760937138811e-14,1.1473760937138811e-14,5.63339726042623e-16,1.4289395545158308e-14,1.4289395545158308e-14,9.809999999999887
4.790727153198279,0.10000000000000002,0.10000000000000002,0.1769852711743871,0.0,0.0,0.09873888887329407,-4.900403943232925e-27,-4.900403943232925e-27,-2.842170943040401e-14,-3.811775894027929e-25,-3.811775894027929e-25,9.202370731078687e-12,0.0,0.0,1.0,-0.7071067811865476,-0.7071067811865476,0.0,0.7071067811865476,-0.7071067811865476,0.0,7.108376248149628e-25,-0.0,-0.0,-2.842170943040401e-14,-4.900403943232926e-27,-4.900403943232926e-27,0.0,-4.900403943232925e-27,-4.900403943232925e-27,9.809999999999972
4.80626627129627,0.10000000000000002,0.10000000000000002,0.17851958642945356,4.440892098500626e-16,4.440892098500626e-16,0.09873888887329674,1.4289395545151363e-14,1.4289395545151363e-14,1.7186252421197423e-13,-9.195757091909015e-13,-9.195757091909015e-13,2.772142735757685e-12,4.4976119836625334e-15,4.4976119836625334e-15,1.0,0.7071067811865476,0.7071067811865476,0.0,-0.7071067811865476,0.7071067811865476,0.0,2.0727760623453165e-12,7.729709484382681e-28,7.729709484382681e-28,1.7186252421197436e-13,1.4289395545151363e-14,1.4289395545151363e-14,0.0,1.4289395545151363e-14,1.4289395545151363e-14,9.810000000000173
4.821805389394257,0.10000000000000002,0.10000000000000002,0.18005390168451976,4.440892098500626e-16,4.440892098500626e-16,0.0987388888732994,-2.8578791090310084e-14,-2.8578791090310084e-14,5.773159728050814e-14,-4.597878545952668e-13,-4.597878545952668e-13,-7.387617496845575e-12,4.497611983662412e-15,4.497611983662412e-15,1.0,-0.7070002697978389,-0.7070002697978389,0.017356180788589134,0.707000269797839,-0.707000269797839,0.0,4.14555212469174e-12,2.596543237647846e-28,2.596543237647846e-28,5.773159728050789e-14,-2.9278596399032784e-14,-2.9278596399032784e-14,7.187615536314482e-16,-2.8578791090310084e-14,-2.8578791090310084e-14,9.81000000000006
4.8373445074922445,0.10000000000000002,0.10000000000000002,0.18158821693958602,-4.440892098500626e-16,-4.440892098500626e-16,0.09873888887329851,3.265884147614989e-27,3.265884147614989e-27,-5.773159728050814e-14,1.3793635637861555e-12,1.3793635637861555e-12,-6.444517390865235e-12,-4.497611983662453e-15,-4.497611983662453e-15,1.0,5.019984428145108e-12,5.019984428145108e-12,-1.0,-5.015486816161446e-12,5.015486816161446e-12,0.0,4.360745139355985e-25,2.596543237647881e-28,2.596543237647881e-28,-5.773159728050814e-14,2.898117193600953e-25,2.898117193600953e-25,-5.773159728050814e-14,3.265884147614989e-27,3.265884147614989e-27,9.809999999999942
4.8528836255902315,0.10000000000000002,0.10000000000000002,0.18312253219465227,4.440892098500626e-16,4.440892098500626e-16,0.09873888887329763,1.4289395545158308e-14,1.4289395545158308e-14,-1.425526363618701e-13,-9.195757091912957e-13,-9.195757091912957e-13,-3.1221221362475117e-25,4.497611983662493e-15,4.497611983662493e-15,1.0,0.7066810241882105,0.7066810241882105,0.03469668722808374,-0.7066810241882104,0.7066810241882104,0.0,2.0727760623464923e-12,-6.411464456038281e-28,-6.411464456038281e-28,-1.4255263636186997e-13,1.0776875103724607e-14,1.0776875103724607e-14,5.291239639547312e-16,1.4289395545158308e-14,1.4289395545158308e-14,9.809999999999858
4.868422743688219,0.10000000000000002,0.10000000000000002,0.18465684744971844,0.0,0.0,0.09873888887329407,-2.8578791090328044e-14,-2.8578791090328044e-14,-5.773159728050814e-14,-1.3793835042573667e-12,-1.3793835042573667e-12,3.65808525955983e-12,0.0,0.0,1.0,-0.7071067811865476,-0.7071067811865476,0.0,0.7071067811865476,-0.7071067811865476,0.0,4.145552124694755e-12,-0.0,-0.0,-5.773159728050814e-14,-2.8578791090328044e-14,-2.8578791090328044e-14,0.0,-2.8578791090328044e-14,-2.8578791090328044e-14,9.809999999999942
4.883961861786188,0.10000000000000002,0.10000000000000002,0.18619116270478284,-4.440892098500626e-16,-4.440892098500626e-16,0.09873888887329585,-2.8579410805010385e-14,-2.8579410805010385e-14,-2.886579864025407e-14,1.8401698882596234e-12,1.8401698882596234e-12,8.274017673901838e-12,-4.4976119836625745e-15,-4.4976119836625745e-15,1.0,-0.7071067811865475,-0.7071067811865475,0.0,0.7071067811865475,-0.7071067811865475,0.0,4.145642018613158e-12,1.2982716188239638e-28,1.2982716188239638e-28,-2.886579864025381e-14,-2.857941080501038e-14,-2.857941080501038e-14,0.0,-2.8579410805010385e-14,-2.8579410805010385e-14,9.809999999999972
4.899500306014298,0.10000000000000002,0.10000000000000002,0.18772541142268606,-8.881784197001252e-16,-8.881784197001252e-16,0.09873888887329318,2.860672323261335e-14,2.860672323261335e-14,1.9939605522267811e-13,2.2982061186814197e-12,2.2982061186814197e-12,8.28736567295089e-12,-8.99522396732539e-15,-8.99522396732539e-15,1.0,0.7070004776488563,0.7070004776488563,-0.01733923898497368,-0.7070004776488562,0.7070004776488562,0.0,4.1496038759197e-12,-1.7936121749291666e-27,-1.7936121749291666e-27,1.993960552226776e-13,2.6153756263605747e-14,2.6153756263605747e-14,-6.414228059894521e-16,2.860672323261335e-14,2.860672323261335e-14,9.8100000000002
4.915032947683483,0.10000000000000002,0.10000000000000002,0.1892590872023684,4.440892098500626e-16,4.440892098500626e-16,0.09873888887330207,4.284438528410699e-14,4.284438528410699e-14,2.2870594307278225e-13,-1.3929288229577564e-12,-1.3929288229577564e-12,-1.4813877902448042e-11,4.497611983662291e-15,4.497611983662291e-15,1.0,0.7071067811865475,0.7071067811865475,0.0,-0.7071067811865475,0.7071067811865475,0.0,6.2148756357244004e-12,1.028630590298933e-27,1.028630590298933e-27,2.2870594307278265e-13,4.284438528410698e-14,4.284438528410698e-14,0.0,4.284438528410699e-14,4.284438528410699e-14,9.81000000000023
4.930535430267816,0.10000000000000002,0.10000000000000002,0.19078978510752323,4.440892098500626e-16,4.440892098500626e-16,0.09873888887330029,-1.448382283811408e-14,-1.448382283811408e-14,-2.5934809855243657e-13,-2.3221249285307173e-12,-2.3221249285307173e-12,-9.845613952834913e-12,4.497611983662372e-15,4.497611983662372e-15,1.0,-0.7071067811865476,-0.7071067811865476,0.0,0.7071067811865476,-0.7071067811865476,0.0,2.1009790914687925e-12,-1.1664471159894891e-27,-1.1664471159894891e-27,-2.593480985524367e-13,-1.4483822838114084e-14,-1.4483822838114084e-14,0.0,-1.448382283811408e-14,-1.448382283811408e-14,9.809999999999741
4.945922990335757,0.10000000000000002,0.10000000000000002,0.19230913569110278,0.0,0.0,0.09873888887329407,-2.920121909662488e-14,-2.920121909662488e-14,-8.038014698286133e-14,5.747310674440283e-13,5.747310674440283e-13,1.6652707112755394e-11,0.0,0.0,1.0,-0.7071067811865475,-0.7071067811865475,0.0,0.7071067811865475,-0.7071067811865475,0.0,4.235839629712649e-12,-0.0,-0.0,-8.038014698286133e-14,-2.920121909662487e-14,-2.920121909662487e-14,0.0,-2.920121909662488e-14,-2.920121909662488e-14,9.80999999999992
4.960959337296308,0.10000000000000002,0.10000000000000002,0.19379380788270098,-4.440892098500626e-16,-4.440892098500626e-16,0.09873888887329763,1.938475949991129e-15,1.938475949991129e-15,2.438049762076844e-13,2.906746492440454e-12,2.906746492440454e-12,8.667745726200282e-12,-4.497611983662493e-15,-4.497611983662493e-15,1.0,0.6850296330060436,0.6850296330060436,-0.24792902977910994,-0.6850296330060425,0.6850296330060425,0.0,2.8118939908130076e-13,-1.0965401826682302e-27,-1.0965401826682302e-27,2.438049762076844e-13,-3.958820793080759e-14,-3.958820793080759e-14,1.4327943653923946e-14,1.938475949991129e-15,1.938475949991129e-15,9.810000000000244
4.975069565716137,0.10000000000000002,0.10000000000000002,0.1951870361586233,0.0,0.0,0.09873888887330118,5.402008904574064e-14,5.402008904574064e-14,1.9539925233402755e-13,8.51950306383792e-12,8.51950306383792e-12,2.3884655083657872e-11,0.0,0.0,1.0,0.7071067811865476,0.7071067811865476,0.0,-0.7071067811865476,0.7071067811865476,0.0,7.835989080571258e-12,0.0,0.0,1.9539925233402755e-13,5.4020089045740644e-14,5.4020089045740644e-14,0.0,5.402008904574064e-14,5.402008904574064e-14,9.810000000000196
4.987175840157581,0.10000000000000002,0.10000000000000002,0.19638239624536682,8.881784197001252e-16,8.881784197001252e-16,0.09873888887330295,2.0731226978204713e-13,2.0731226978204713e-13,7.682743330406083e-13,-4.156631659328728e-11,-4.156631659328728e-11,-2.0826730808370713e-12,8.9952239673245e-15,8.9952239673245e-15,1.0,0.7070986830628299,0.7070986830628299,0.004785898204480429,-0.7070986830628299,0.7070986830628299,0.0,3.007208449628684e-11,6.91079969404716e-27,6.91079969404716e-27,7.682743330406121e-13,2.0990744028252955e-13,2.0990744028252955e-13,1.4207290518542472e-15,2.0731226978204713e-13,2.0731226978204713e-13,9.81000000000077
4.995934429039782,0.10000000000000002,0.10000000000000002,0.19724720957969333,3.552713678800501e-15,3.552713678800501e-15,0.09873888887331361,-5.003756529800667e-13,-5.003756529800667e-13,4.369837824924616e-13,-8.835593796551041e-11,-8.835593796551041e-11,-7.33581972317521e-11,3.598089586929412e-14,3.598089586929412e-14,1.0,-0.7071067811865476,-0.7071067811865476,0.0,0.7071067811865476,-0.7071067811865476,0.0,7.258296352704381e-11,1.5723067974430237e-26,1.5723067974430237e-26,4.369837824924256e-13,-5.003756529800668e-13,-5.003756529800668e-13,0.0,-5.003756529800667e-13,-5.003756529800667e-13,9.810000000000437
5.0,0.10000000000000002,0.10000000000000002,0.1976486395389409,0.0,0.0,0.0987388888733139,-8.738535653574304e-13,-8.738535653574304e-13,7.168330028322672e-14,-9.186358226970868e-11,-9.186358226970868e-11,-8.985219684607574e-11,0.0,0.0,1.0,-0.7071067811865476,-0.7071067811865476,0.0,0.7071067811865476,-0.7071067811865476,0.0,1.267585284866766e-10,0.0,0.0,7.168330028322672e-14,-8.738535653574306e-13,-8.738535653574306e-13,0.0,-8.738535653574304e-13,-8.738535653574304e-13,9.810000000000072
