t,x,y,z,vx,vy,vz,ax,ay,az,jx,jy,jz,tx,ty,tz,nx,ny,nz,bx,by,bz,kappa,ftx,fty,ftz,fnx,fny,fnz,fx,fy,fz
0.000000000000000000e+00,0.000000000000000000e+00,0.000000000000000000e+00,0.000000000000000000e+00,0.000000000000000000e+00,0.000000000000000000e+00,0.000000000000000000e+00,0.000000000000000000e+00,0.000000000000000000e+00,9.810000000000000497e+00,2.332933539528800448e+00,5.360544575404111356e+02,0.000000000000000000e+00,1.002337839724796271e-03,9.999994976593015172e-01,0.000000000000000000e+00,9.999994976593015172e-01,-1.002337839724796271e-03,0.000000000000000000e+00,0.000000000000000000e+00,0.000000000000000000e+00,-1.000000000000000222e+00,4.183377145746398629e-01,0.000000000000000000e+00,0.000000000000000000e+00,0.000000000000000000e+00,0.000000000000000000e+00,-0.000000000000000000e+00,0.000000000000000000e+00,0.000000000000000000e+00,0.000000000000000000e+00,9.810000000000000497e+00
2.901279815745682472e-02,2.403202399995990513e-06,2.397595997602410597e-03,0.000000000000000000e+00,4.826104701539207483e-04,2.404208792054070842e-01,0.000000000000000000e+00,6.768492989711040464e-02,1.555243977802495792e+01,9.810000000000000497e+00,1.330290642504128940e+01,4.337734301035895896e+02,0.000000000000000000e+00,2.007352686742584248e-03,9.999979852655658252e-01,0.000000000000000000e+00,9.999979852655658252e-01,-2.007352686742584248e-03,0.000000000000000000e+00,0.000000000000000000e+00,0.000000000000000000e+00,-9.999999999999997780e-01,6.308655267564945435e-01,3.121944160940250124e-02,1.555251297726832327e+01,0.000000000000000000e+00,3.646548828770790340e-02,-7.319924336474685413e-05,0.000000000000000000e+00,6.768492989711040464e-02,1.555243977802495792e+01,9.810000000000000497e+00
3.682998024646418761e-02,9.606390361519864904e-06,4.785592024081766066e-03,0.000000000000000000e+00,1.509008679760906252e-03,3.746760567276034015e-01,0.000000000000000000e+00,1.947817261629732344e-01,1.872789579526065395e+01,9.810000000000000497e+00,2.069067132689772848e+01,3.803136818466653040e+02,-2.273736754432320595e-13,4.027469634553952453e-03,9.999918897112829441e-01,0.000000000000000000e+00,9.999918897112829441e-01,-4.027469634553952453e-03,0.000000000000000000e+00,0.000000000000000000e+00,0.000000000000000000e+00,-1.000000000000000000e+00,8.501948498858985515e-01,7.542857936686944709e-02,1.872837649033374063e+01,0.000000000000000000e+00,1.193531467961037873e-01,-4.806950730855959566e-04,0.000000000000000000e+00,1.947817261629732344e-01,1.872789579526065395e+01,9.810000000000000497e+00
4.237989536319265033e-02,2.159993502687548338e-05,7.164007337153455342e-03,0.000000000000000000e+00,2.934679253894748475e-03,4.842811764804196839e-01,0.000000000000000000e+00,3.270764302975505133e-01,2.073654739456506491e+01,9.810000000000000497e+00,2.862976253960107442e+01,3.440006418699576898e+02,0.000000000000000000e+00,6.059755188273164422e-03,9.999816395149753179e-01,0.000000000000000000e+00,9.999816395149753179e-01,-6.059755188273164422e-03,0.000000000000000000e+00,0.000000000000000000e+00,0.000000000000000000e+00,-9.999999999999998890e-01,8.587648677679207143e-01,1.256681039654453380e-01,2.073776790212462728e+01,0.000000000000000000e+00,2.014083263321051476e-01,-1.220507559563158628e-03,0.000000000000000000e+00,3.270764302975505133e-01,2.073654739456506491e+01,9.810000000000000497e+00
4.683599741140892503e-02,3.837420753836668920e-05,9.532861194532876031e-03,0.000000000000000000e+00,4.700677939746120658e-03,5.800049534275564245e-01,0.000000000000000000e+00,4.718005417338992369e-01,2.220531935234593490e+01,9.810000000000000497e+00,3.698278257104477973e+01,3.154921933780346990e+02,0.000000000000000000e+00,8.104281766250762131e-03,9.999671597692861846e-01,0.000000000000000000e+00,9.999671597692861846e-01,-8.104281766250762131e-03,0.000000000000000000e+00,0.000000000000000000e+00,0.000000000000000000e+00,-9.999999999999998890e-01,8.674278588102067866e-01,1.799832424417984744e-01,2.220768439963236318e+01,0.000000000000000000e+00,2.918172992921007625e-01,-2.365047286428048710e-03,0.000000000000000000e+00,4.718005417338992369e-01,2.220531935234593490e+01,9.810000000000000497e+00
5.062420363675887436e-02,5.991957903829736544e-05,1.189217285393541837e-02,0.000000000000000000e+00,6.771003420851153670e-03,6.663293646466138531e-01,0.000000000000000000e+00,6.264070730820907595e-01,2.335500639407390722e+01,9.810000000000000497e+00,4.513369995607281737e+01,2.916745068133454879e+02,0.000000000000000000e+00,1.016112184669163733e-02,9.999483744688105746e-01,0.000000000000000000e+00,9.999483744688105746e-01,-1.016112184669163733e-02,0.000000000000000000e+00,0.000000000000000000e+00,0.000000000000000000e+00,-1.000000000000000000e+00,8.761847646575859905e-01,2.373654898136523250e-01,2.335895969709629583e+01,0.000000000000000000e+00,3.890415832684384623e-01,-3.953303022388917135e-03,0.000000000000000000e+00,6.264070730820907595e-01,2.335500639407390722e+01,9.810000000000000497e+00
5.395375292464351519e-02,8.622642066897134774e-05,1.424196157307647259e-02,0.000000000000000000e+00,9.120476323443132277e-03,7.456692323757088126e-01,0.000000000000000000e+00,7.893273340624054057e-01,2.429157054669630256e+01,9.810000000000000497e+00,5.312380177767440159e+01,2.710348644500036244e+02,0.000000000000000000e+00,1.223034795470634081e-02,9.999252064974193388e-01,0.000000000000000000e+00,9.999252064974193388e-01,-1.223034795470634081e-02,0.000000000000000000e+00,0.000000000000000000e+00,0.000000000000000000e+00,-9.999999999999998890e-01,8.850365320454404161e-01,2.971902081210426871e-01,2.429759000520438050e+01,0.000000000000000000e+00,4.921371259413627186e-01,-6.019458508077460412e-03,0.000000000000000000e+00,7.893273340624054057e-01,2.429157054669630256e+01,9.810000000000000497e+00
5.694492178928106663e-02,1.172851035726924819e-04,1.658224660967142980e-02,0.000000000000000000e+00,1.173011764243699767e-02,8.195143557527452272e-01,0.000000000000000000e+00,9.594947175196700817e-01,2.507472806807651722e+01,9.810000000000000497e+00,6.098705508528357200e+01,2.527099884327963082e+02,0.000000000000000000e+00,1.431203264895210964e-02,9.998975776155553108e-01,0.000000000000000000e+00,9.998975776155553108e-01,-1.431203264895210964e-02,0.000000000000000000e+00,0.000000000000000000e+00,0.000000000000000000e+00,-1.000000000000000000e+00,8.939841126480145839e-01,3.590301078275628388e-01,2.508332281746969628e+01,0.000000000000000000e+00,6.004646096921072429e-01,-8.594749393180278751e-03,0.000000000000000000e+00,9.594947175196700817e-01,2.507472806807651722e+01,9.810000000000000497e+00
5.967406832441880804e-02,1.530859988917646205e-04,1.891304722143568803e-02,0.000000000000000000e+00,1.458494231380857119e-02,8.888673907869618640e-01,0.000000000000000000e+00,1.136139487780420287e+00,2.574171796101390086e+01,9.810000000000000497e+00,6.875062018153306553e+01,2.361547843008947893e+02,-2.273736754432320595e-13,1.640624850785495775e-02,9.998654084475062653e-01,0.000000000000000000e+00,9.998654084475062653e-01,-1.640624850785495775e-02,0.000000000000000000e+00,0.000000000000000000e+00,0.000000000000000000e+00,-1.000000000000000000e+00,9.030284629186515755e-01,4.225739894811370578e-01,2.575342646977200189e+01,0.000000000000000000e+00,7.135654982992832851e-01,-1.170850875810053489e-02,0.000000000000000000e+00,1.136139487780420287e+00,2.574171796101390086e+01,9.810000000000000497e+00
6.219305779181049515e-02,1.936194777684916433e-04,2.123438266608464187e-02,0.000000000000000000e+00,1.767270861168903501e-02,9.544436246697497461e-01,0.000000000000000000e+00,1.318680557007476661e+00,2.631743063939579130e+01,9.810000000000000497e+00,7.643649006909106447e+01,2.210005197498148846e+02,0.000000000000000000e+00,1.851306811540412087e-02,9.998286184686624445e-01,0.000000000000000000e+00,9.998286184686624445e-01,-1.851306811540412087e-02,0.000000000000000000e+00,0.000000000000000000e+00,0.000000000000000000e+00,-9.999999999999996669e-01,9.121705439216521993e-01,4.875848424138371495e-01,2.633281940832126722e+01,0.000000000000000000e+00,8.310957145936396229e-01,-1.538876892547636106e-02,0.000000000000000000e+00,1.318680557007476661e+00,2.631743063939579130e+01,9.810000000000000497e+00
6.453893319416507957e-02,2.388759113451774027e-04,2.354627220133366852e-02,0.000000000000000000e+00,2.098316720975227159e-02,1.016776218000528420e+00,0.000000000000000000e+00,1.506665221894123885e+00,2.681937933800661966e+01,9.810000000000000497e+00,8.406263060015947985e+01,2.069846794524055440e+02,0.000000000000000000e+00,2.063256404650967366e-02,9.997871259927619825e-01,0.000000000000000000e+00,9.997871259927619825e-01,-2.063256404650967366e-02,0.000000000000000000e+00,0.000000000000000000e+00,0.000000000000000000e+00,-1.000000000000000222e+00,9.214113211555752248e-01,5.538761589534476615e-01,2.683904200504128212e+01,0.000000000000000000e+00,9.527890629406763345e-01,-1.966266703466209784e-02,0.000000000000000000e+00,1.506665221894123885e+00,2.681937933800661966e+01,9.810000000000000497e+00
6.673920291086524181e-02,2.888456707641258057e-04,2.584873508489817992e-02,0.000000000000000000e+00,2.450758050931357152e-02,1.076276523299172450e+00,0.000000000000000000e+00,1.699732952507836625e+00,2.726038431320014865e+01,9.810000000000000497e+00,9.164405841431988620e+01,1.939127960269206596e+02,-4.547473508864641190e-13,2.276480885191499784e-02,9.997408481591295581e-01,0.000000000000000000e+00,9.997408481591295581e-01,-2.276480885191499784e-02,0.000000000000000000e+00,0.000000000000000000e+00,0.000000000000000000e+00,-9.999999999999998890e-01,9.307517643678351327e-01,6.212974780279977294e-01,2.728494105456053731e+01,0.000000000000000000e+00,1.078435474479839007e+00,-2.455674136038711250e-02,0.000000000000000000e+00,1.699732952507836625e+00,2.726038431320014865e+01,9.810000000000000497e+00
6.881492096045140061e-02,3.435191271676405421e-04,2.814179057449355328e-02,0.000000000000000000e+00,2.823838388176991288e-02,1.133270298983395152e+00,0.000000000000000000e+00,1.897590873720995663e+00,2.765012612969093908e+01,9.810000000000000497e+00,9.919367437464904924e+01,1.816362669854106571e+02,4.547473508864641190e-13,2.490987504265483599e-02,9.996897009199201545e-01,0.000000000000000000e+00,9.996897009199201545e-01,-2.490987504265483599e-02,0.000000000000000000e+00,0.000000000000000000e+00,0.000000000000000000e+00,-1.000000000000000000e+00,9.401928473599977520e-01,6.897249235360314312e-01,2.768022325868976452e+01,0.000000000000000000e+00,1.207865950184964232e+00,-3.009712899882639042e-02,0.000000000000000000e+00,1.897590873720995663e+00,2.765012612969093908e+01,9.810000000000000497e+00
7.078259695162020249e-02,4.028866516980256544e-04,3.042545792783517972e-02,0.000000000000000000e+00,3.216894084427875805e-02,1.188020912093369796e+00,0.000000000000000000e+00,2.099996857326280608e+00,2.799610062299999313e+01,9.810000000000000497e+00,1.067223291658992821e+02,1.700386740537405785e+02,0.000000000000000000e+00,2.706783507404916453e-02,9.996335990273657046e-01,0.000000000000000000e+00,9.996335990273657046e-01,-2.706783507404916453e-02,0.000000000000000000e+00,0.000000000000000000e+00,0.000000000000000000e+00,-1.000000000000000000e+00,9.497355477838165250e-01,7.590547778400916767e-01,2.803241032596185889e+01,0.000000000000000000e+00,1.340942079486188820e+00,-3.630970296186597501e-02,0.000000000000000000e+00,2.099996857326280608e+00,2.799610062299999313e+01,9.810000000000000497e+00
7.265547789864702788e-02,4.669386154975849407e-04,3.269975640263846073e-02,0.000000000000000000e+00,3.629339461277863998e-02,1.240746048779264754e+00,0.000000000000000000e+00,2.306750453315759231e+00,2.830424068308690266e+01,9.810000000000000497e+00,1.142398780386081398e+02,1.590266292960395731e+02,4.547473508864641190e-13,2.923876132922501730e-02,9.995724560210392795e-01,0.000000000000000000e+00,9.995724560210392795e-01,-2.923876132922501730e-02,0.000000000000000000e+00,0.000000000000000000e+00,0.000000000000000000e+00,-9.999999999999998890e-01,9.593808469278044537e-01,8.291991635653553905e-01,2.834746093115643362e+01,0.000000000000000000e+00,1.477551289750403729e+00,-4.322024806953197323e-02,0.000000000000000000e+00,2.306750453315759231e+00,2.830424068308690266e+01,9.810000000000000497e+00
7.444432666455008674e-02,5.356653897086221996e-04,3.496470525661878742e-02,0.000000000000000000e+00,4.060649009930591968e-02,1.291626889455090188e+00,0.000000000000000000e+00,2.517680451080215320e+00,2.857931688521268754e+01,9.810000000000000497e+00,1.217546436491444410e+02,1.485241925131849712e+02,0.000000000000000000e+00,3.142272610215606637e-02,9.995061842151397036e-01,0.000000000000000000e+00,9.995061842151397036e-01,-3.142272610215606637e-02,0.000000000000000000e+00,0.000000000000000000e+00,0.000000000000000000e+00,-9.999999999999998890e-01,9.691297294937543105e-01,9.000825070697120456e-01,2.863017133508081713e+01,0.000000000000000000e+00,1.617597944010503053e+00,-5.085444986812809320e-02,0.000000000000000000e+00,2.517680451080215320e+00,2.857931688521268754e+01,9.810000000000000497e+00
7.615808320119885066e-02,6.090573454734411751e-04,3.722032374749156131e-02,0.000000000000000000e+00,4.510353448451455416e-02,1.340818062510956254e+00,0.000000000000000000e+00,2.732644189392443579e+00,2.882523401516517936e+01,9.810000000000000497e+00,1.292743180160492784e+02,1.384682325870944624e+02,-4.547473508864641190e-13,3.361980158021111997e-02,9.994346946858044811e-01,0.000000000000000000e+00,9.994346946858044811e-01,-3.361980158021111997e-02,0.000000000000000000e+00,0.000000000000000000e+00,0.000000000000000000e+00,-1.000000000000000000e+00,9.789831833630179281e-01,9.716394947700248697e-01,2.888447213120200274e+01,0.000000000000000000e+00,1.761004694622418709e+00,-5.923811603682454380e-02,0.000000000000000000e+00,2.732644189392443579e+00,2.882523401516517936e+01,9.810000000000000497e+00
7.780420486015297843e-02,6.871048539343459910e-04,3.946663113297214920e-02,0.000000000000000000e+00,4.978025172041516261e-02,1.388451147601261759e+00,0.000000000000000000e+00,2.951517216414656808e+00,2.904521995903411735e+01,9.810000000000000497e+00,1.368058559053055205e+02,1.288059200707830314e+02,9.094947017729282379e-13,3.583005982620120905e-02,9.993578972584600262e-01,0.000000000000000000e+00,9.993578972584600262e-01,-3.583005982620120905e-02,0.000000000000000000e+00,0.000000000000000000e+00,0.000000000000000000e+00,-9.999999999999998890e-01,9.889421993523868082e-01,1.043812875325289102e+00,2.911361703765775033e+01,0.000000000000000000e+00,1.907704341089367484e+00,-6.839707862363335333e-02,0.000000000000000000e+00,2.951517216414656808e+00,2.904521995903411735e+01,9.810000000000000497e+00
7.938902771837033634e-02,7.697982862336405540e-04,4.170364667077596649e-02,0.000000000000000000e+00,5.463276865439988667e-02,1.434640539839738382e+00,0.000000000000000000e+00,3.174193948417636246e+00,2.924198028017449857e+01,9.810000000000000497e+00,1.443550982957139013e+02,1.194922964489342121e+02,0.000000000000000000e+00,3.805357275991732430e-02,9.992757004952164124e-01,0.000000000000000000e+00,9.992757004952164124e-01,-3.805357275991732430e-02,0.000000000000000000e+00,0.000000000000000000e+00,0.000000000000000000e+00,-9.999999999999997780e-01,9.990077709595144295e-01,1.116552320394137876e+00,2.932033764978433155e+01,0.000000000000000000e+00,2.057641628023498370e+00,-7.835736960983147315e-02,0.000000000000000000e+00,3.174193948417636246e+00,2.924198028017449857e+01,9.810000000000000497e+00
8.091797941199335709e-02,8.571280135136286624e-04,4.393138961861839387e-02,0.000000000000000000e+00,5.965755327250584633e-02,1.479486281508321843e+00,0.000000000000000000e+00,3.400583895272334622e+00,2.941780363541202803e+01,9.810000000000000497e+00,1.519279545524229889e+02,1.104886589672933042e+02,0.000000000000000000e+00,4.029041213914871800e-02,9.991880116823147473e-01,0.000000000000000000e+00,9.991880116823147473e-01,-4.029041213914871800e-02,0.000000000000000000e+00,0.000000000000000000e+00,0.000000000000000000e+00,-1.000000000000000000e+00,1.009180894097037484e+00,1.189813245836940592e+00,2.950694888092084511e+01,0.000000000000000000e+00,2.210770649435394031e+00,-8.914524550881583465e-02,0.000000000000000000e+00,3.400583895272334622e+00,2.941780363541202803e+01,9.810000000000000497e+00
8.239572843456006990e-02,9.490844069166135726e-04,4.614987923421482591e-02,0.000000000000000000e+00,6.485134487298230277e-02,1.523075882444095752e+00,0.000000000000000000e+00,3.630607251179399420e+00,2.957464045895652660e+01,9.810000000000000497e+00,1.595296928283835314e+02,1.017615371379142744e+02,4.547473508864641190e-13,4.254064954017165723e-02,9.990947368176354981e-01,0.000000000000000000e+00,9.990947368176354981e-01,-4.254064954017165723e-02,0.000000000000000000e+00,0.000000000000000000e+00,0.000000000000000000e+00,-1.000000000000000000e+00,1.019462566815341420e+00,1.263555816189685599e+00,2.967542760338709229e+01,0.000000000000000000e+00,2.367051434989714043e+00,-1.007871444305664804e-01,0.000000000000000000e+00,3.630607251179399420e+00,2.957464045895652660e+01,9.810000000000000497e+00
8.382634668050271964e-02,1.045657837584899842e-03,4.835913477528065718e-02,0.000000000000000000e+00,7.021115171199966698e-02,1.565487154475972309e+00,0.000000000000000000e+00,3.864195693920210672e+00,2.971416897914600241e+01,9.810000000000000497e+00,1.671648578119102240e+02,9.328161366870881466e+01,4.547473508864641190e-13,4.480435633769988546e-02,9.989957805982788708e-01,0.000000000000000000e+00,9.989957805982788708e-01,-4.480435633769988546e-02,0.000000000000000000e+00,0.000000000000000000e+00,0.000000000000000000e+00,-1.000000000000000000e+00,1.029853789013754239e+00,1.337744377315466693e+00,2.982747879211760278e+01,0.000000000000000000e+00,2.526451316604743980e+00,-1.133098129716014618e-01,0.000000000000000000e+00,3.864195693920210672e+00,2.971416897914600241e+01,9.810000000000000497e+00
8.521340441018608602e-02,1.146838676660791052e-03,5.055917549953126838e-02,0.000000000000000000e+00,7.573421298628812970e-02,1.606789517325333705e+00,0.000000000000000000e+00,4.101290180730143398e+00,2.983784232901152222e+01,9.810000000000000497e+00,1.748381314319462945e+02,8.502296271650993731e+01,0.000000000000000000e+00,4.708160368428604414e-02,9.988910464082234597e-01,0.000000000000000000e+00,9.988910464082234597e-01,-4.708160368428604414e-02,0.000000000000000000e+00,0.000000000000000000e+00,0.000000000000000000e+00,-9.999999999999997780e-01,1.040355562139928525e+00,1.412346831665323599e+00,2.996458264322836129e+01,0.000000000000000000e+00,2.688943349064819799e+00,-1.267403142168403163e-01,0.000000000000000000e+00,4.101290180730143398e+00,2.983784232901152222e+01,9.810000000000000497e+00
8.656003935653026893e-02,1.252617295286591326e-03,5.275002066468206796e-02,0.000000000000000000e+00,8.141795514207965379e-02,1.647044863881318211e+00,0.000000000000000000e+00,4.341838332590281624e+00,2.994692540571607964e+01,9.810000000000000497e+00,1.825538348785682956e+02,7.696259532350813970e+01,0.000000000000000000e+00,4.937246248916657421e-02,9.987804363060761581e-01,0.000000000000000000e+00,9.987804363060761581e-01,-4.937246248916657421e-02,0.000000000000000000e+00,0.000000000000000000e+00,0.000000000000000000e+00,-1.000000000000000000e+00,1.050968888877029439e+00,1.487334100170795814e+00,3.008803139659985604e+01,0.000000000000000000e+00,2.854504232419485810e+00,-1.411059908837752896e-01,0.000000000000000000e+00,4.341838332590281624e+00,2.994692540571607964e+01,9.810000000000000497e+00
8.786903746975052720e-02,1.362984064604604246e-03,5.493168952844844355e-02,0.000000000000000000e+00,8.725998973205723042e-02,1.686309028340484240e+00,0.000000000000000000e+00,4.585794877027283611e+00,3.004252671598132096e+01,9.810000000000000497e+00,1.903155207311720005e+02,6.907997321288530657e+01,-4.547473508864641190e-13,5.167700339653810010e-02,9.986638510129193236e-01,0.000000000000000000e+00,9.986638510129193236e-01,-5.167700339653810010e-02,0.000000000000000000e+00,0.000000000000000000e+00,0.000000000000000000e+00,-1.000000000000000000e+00,1.061694772818456034e+00,1.562679796845075408e+00,3.019896126411105186e+01,0.000000000000000000e+00,3.023115080182208203e+00,-1.564345481297294838e-01,0.000000000000000000e+00,4.585794877027283611e+00,3.004252671598132096e+01,9.810000000000000497e+00
8.914289125311533613e-02,1.477929355757132959e-03,5.710420134854580360e-02,0.000000000000000000e+00,9.325810487787011827e-02,1.724632784608718383e+00,0.000000000000000000e+00,4.833121457785789055e+00,3.012562293484055687e+01,9.810000000000000497e+00,1.981268436414927692e+02,6.135651543891071924e+01,-4.547473508864641190e-13,5.399529676325849625e-02,9.985411899002701874e-01,0.000000000000000000e+00,9.985411899002701874e-01,-5.399529676325849625e-02,0.000000000000000000e+00,0.000000000000000000e+00,0.000000000000000000e+00,-9.999999999999997780e-01,1.072534218129065575e+00,1.638359916134500827e+00,3.029837704781463970e+01,0.000000000000000000e+00,3.194761541651288450e+00,-1.727541129740829962e-01,0.000000000000000000e+00,4.833121457785789055e+00,3.012562293484055687e+01,9.810000000000000497e+00
9.038382667578709340e-02,1.597443539886483650e-03,5.926757538268950798e-02,0.000000000000000000e+00,9.941022442153732430e-02,1.762062044593446952e+00,0.000000000000000000e+00,5.083784086869462371e+00,3.019707728083347931e+01,9.810000000000000497e+00,2.059913785957469372e+02,5.377540418701755698e+01,-9.094947017729282379e-13,5.632741263595730102e-02,9.984123509781610561e-01,0.000000000000000000e+00,9.984123509781610561e-01,-5.632741263595730102e-02,0.000000000000000000e+00,0.000000000000000000e+00,0.000000000000000000e+00,-1.000000000000000000e+00,1.083488229193753760e+00,1.714352478621060882e+00,3.038717044660862499e+01,0.000000000000000000e+00,3.369431608248401044e+00,-1.900931657751460946e-01,0.000000000000000000e+00,5.083784086869462371e+00,3.019707728083347931e+01,9.810000000000000497e+00
9.159384910428204629e-02,1.721516988134957730e-03,6.142183088859497209e-02,0.000000000000000000e+00,1.057144093802506873e-01,1.798638745653120319e+00,0.000000000000000000e+00,5.337753635898144111e+00,3.025765654019735962e+01,9.810000000000000497e+00,2.139124423054304316e+02,4.632130194116507482e+01,9.094947017729282379e-13,5.867342072755393073e-02,9.982772308833489650e-01,0.000000000000000000e+00,9.982772308833489650e-01,-5.867342072755393073e-02,0.000000000000000000e+00,0.000000000000000000e+00,0.000000000000000000e+00,-9.999999999999997780e-01,1.094557810253120378e+00,1.790637337713692379e+00,3.046613715108816223e+01,0.000000000000000000e+00,3.547116298184452177e+00,-2.084806108908032196e-01,0.000000000000000000e+00,5.337753635898144111e+00,3.025765654019735962e+01,9.810000000000000497e+00
9.277476738561302172e-02,1.850140071644859868e-03,6.356698712397754192e-02,0.000000000000000000e+00,1.121688363043712305e-01,1.834401169769507955e+00,0.000000000000000000e+00,5.595004632005441181e+00,3.030804403655038826e+01,9.810000000000000497e+00,2.218931327144296120e+02,3.898017561747292348e+01,-9.094947017729282379e-13,6.103339039316826864e-02,9.981357248676729910e-01,0.000000000000000000e+00,9.981357248676729910e-01,-6.103339039316826864e-02,0.000000000000000000e+00,0.000000000000000000e+00,0.000000000000000000e+00,-9.999999999999998890e-01,1.105743965024073239e+00,1.867195953034122002e+00,3.053598979256955204e+01,0.000000000000000000e+00,3.727808678971319623e+00,-2.279457560191634202e-01,0.000000000000000000e+00,5.595004632005441181e+00,3.030804403655038826e+01,9.810000000000000497e+00
9.392822479432612337e-02,1.983303161558493642e-03,6.570306334655266756e-02,0.000000000000000000e+00,1.187717973101384550e-01,1.869384544485217736e+00,0.000000000000000000e+00,5.855515542645203908e+00,3.034885110482122528e+01,9.810000000000000497e+00,2.299361157742446267e+02,3.173912576666953100e+01,0.000000000000000000e+00,6.340739060541475403e-02,9.979877267865633339e-01,0.000000000000000000e+00,9.979877267865633339e-01,-6.340739060541475403e-02,0.000000000000000000e+00,0.000000000000000000e+00,0.000000000000000000e+00,-9.999999999999997780e-01,1.117047696307556626e+00,1.944011239409182856e+00,3.059736947288637765e+01,0.000000000000000000e+00,3.911504303236020608e+00,-2.485183680651515403e-01,0.000000000000000000e+00,5.855515542645203908e+00,3.034885110482122528e+01,9.810000000000000497e+00
9.505572088571166700e-02,2.120996629018163937e-03,6.783007881403574357e-02,0.000000000000000000e+00,1.255216937198302962e-01,1.903621426755287782e+00,0.000000000000000000e+00,6.119268559501901628e+00,3.038062632254009898e+01,9.810000000000000497e+00,2.380444979375301955e+02,2.458611069183643849e+01,0.000000000000000000e+00,6.579548992907494065e-02,9.978331290877211490e-01,0.000000000000000000e+00,9.978331290877211490e-01,-6.579548992907494065e-02,0.000000000000000000e+00,0.000000000000000000e+00,0.000000000000000000e+00,-9.999999999999997780e-01,1.128470005580814339e+00,2.021067415332939099e+00,3.065085502536440387e+01,0.000000000000000000e+00,4.098201144168962529e+00,-2.702287028243051670e-01,0.000000000000000000e+00,6.119268559501901628e+00,3.038062632254009898e+01,9.810000000000000497e+00
9.615861521234414511e-02,2.263210845166173900e-03,6.994805278414213678e-02,0.000000000000000000e+00,1.324169998563307360e-01,1.937141577755626454e+00,0.000000000000000000e+00,6.386247378240033967e+00,3.040386273597839306e+01,9.810000000000000497e+00,2.462212488530849441e+02,1.750997804896360321e+01,0.000000000000000000e+00,6.819775649512987981e-02,9.976718227999781252e-01,0.000000000000000000e+00,9.976718227999781252e-01,-6.819775649512987981e-02,0.000000000000000000e+00,0.000000000000000000e+00,0.000000000000000000e+00,-1.000000000000000000e+00,1.140011892575023333e+00,2.098349824636605909e+00,3.069697013517907891e+01,0.000000000000000000e+00,4.287897553603428058e+00,-2.931073992006864581e-01,0.000000000000000000e+00,6.386247378240033967e+00,3.040386273597839306e+01,9.810000000000000497e+00
9.723815577566873036e-02,2.409936181144827112e-03,7.205700451458724176e-02,0.000000000000000000e+00,1.394562807709154029e-01,1.969972633042742949e+00,0.000000000000000000e+00,6.656438611762741431e+00,3.041900516310431257e+01,9.810000000000000497e+00,2.544680633042216868e+02,1.050047614526374673e+01,0.000000000000000000e+00,7.061425797415371575e-02,9.975036975223499081e-01,0.000000000000000000e+00,9.975036975223499081e-01,-7.061425797415371575e-02,0.000000000000000000e+00,0.000000000000000000e+00,0.000000000000000000e+00,-1.000000000000000000e+00,1.151674354838212455e+00,2.175844870172100709e+00,3.073619075663337341e+01,0.000000000000000000e+00,4.480593741590641166e+00,-3.171855935290616713e-01,0.000000000000000000e+00,6.656438611762741431e+00,3.041900516310431257e+01,9.810000000000000497e+00
9.829550256387337148e-02,2.561163008096428023e-03,7.415695326308641144e-02,0.000000000000000000e+00,1.466382107524115685e-01,2.002140656843395483e+00,0.000000000000000000e+00,6.929833132613775426e+00,3.042645598360600800e+01,9.810000000000000497e+00,2.627876353351134640e+02,3.547753234008268919e+00,9.094947017729282379e-13,7.304506154904917559e-02,9.973286414132984667e-01,0.000000000000000000e+00,9.973286414132984667e-01,-7.304506154904917559e-02,0.000000000000000000e+00,0.000000000000000000e+00,0.000000000000000000e+00,-1.000000000000000000e+00,1.163458387282674256e+00,2.253539935416490891e+00,3.076895103511343166e+01,0.000000000000000000e+00,4.676293197197284535e+00,-3.424950515074227098e-01,0.000000000000000000e+00,6.929833132613775426e+00,3.042645598360600800e+01,9.810000000000000497e+00
9.933170745287722703e-02,2.716881697163279347e-03,7.624791828735510979e-02,0.000000000000000000e+00,1.539614999379776972e-01,2.033669379904428975e+00,0.000000000000000000e+00,7.206421407739892260e+00,3.042657903805160302e+01,9.810000000000000497e+00,2.711825457874228960e+02,-3.357379551731355605e+00,9.094947017729282379e-13,7.549023388712626514e-02,9.971465411802152845e-01,0.000000000000000000e+00,9.971465411802152845e-01,-7.549023388712626514e-02,0.000000000000000000e+00,0.000000000000000000e+00,0.000000000000000000e+00,-9.999999999999997780e-01,1.175364981717362811e+00,2.331423208232022315e+00,3.079564691231268014e+01,0.000000000000000000e+00,4.874998199507869501e+00,-3.690678742610779550e-01,0.000000000000000000e+00,7.206421407739892260e+00,3.042657903805160302e+01,9.810000000000000497e+00
1.003477516647632295e-01,2.877082619487687266e-03,7.832991884510871750e-02,0.000000000000000000e+00,1.614249492286998489e-01,2.064581227445720035e+00,0.000000000000000000e+00,7.486197240852968449e+00,3.041970460337078208e+01,9.810000000000000497e+00,2.796549069719335421e+02,-1.022361059448303422e+01,-9.094947017729282379e-13,7.794984111150693451e-02,9.969572820691420256e-01,0.000000000000000000e+00,9.969572820691420256e-01,-7.794984111150693451e-02,0.000000000000000000e+00,0.000000000000000000e+00,0.000000000000000000e+00,-1.000000000000000000e+00,1.187395126361475040e+00,2.409483678788790773e+00,3.081664138556692123e+01,0.000000000000000000e+00,5.076713562064178120e+00,-3.969367821961403697e-01,0.000000000000000000e+00,7.486197240852968449e+00,3.041970460337078208e+01,9.810000000000000497e+00
1.013445366576545548e-01,3.041756146211953629e-03,8.040297419406258750e-02,0.000000000000000000e+00,1.690274060301838466e-01,2.094896933257502702e+00,0.000000000000000000e+00,7.769155027647771661e+00,3.040613258011455500e+01,9.810000000000000497e+00,2.882068244331399001e+02,-1.705915565374743892e+01,-1.818989403545856476e-12,8.042394877184334823e-02,9.967607478547417799e-01,0.000000000000000000e+00,9.967607478547417799e-01,-8.042394877184334823e-02,0.000000000000000000e+00,0.000000000000000000e+00,0.000000000000000000e+00,-1.000000000000000222e+00,1.199549805344006348e+00,2.487711026860532915e+00,3.083226752039469787e+01,0.000000000000000000e+00,5.281444000787239190e+00,-4.261349402801442032e-01,0.000000000000000000e+00,7.769155027647771661e+00,3.040613258011455500e+01,9.810000000000000497e+00
1.023229048254832990e-01,3.210892648478382884e-03,8.246710359193214213e-02,0.000000000000000000e+00,1.767677914857650190e-01,2.124636086200670793e+00,0.000000000000000000e+00,8.055291611479818314e+00,3.038613581790477980e+01,9.810000000000000497e+00,2.968403038903211382e+02,-2.387187206160524511e+01,0.000000000000000000e+00,8.291262181435590795e-02,9.965568208305384257e-01,0.000000000000000000e+00,9.965568208305384257e-01,-8.291262181435590795e-02,0.000000000000000000e+00,0.000000000000000000e+00,0.000000000000000000e+00,-1.000000000000000222e+00,1.211829998186520374e+00,2.566095587073715656e+00,3.084283193851047145e+01,0.000000000000000000e+00,5.489196024406102659e+00,-4.566961206056925904e-01,0.000000000000000000e+00,8.055291611479818314e+00,3.038613581790477980e+01,9.810000000000000497e+00
1.032836343299990550e-01,3.384482497429278612e-03,8.452232629643273432e-02,0.000000000000000000e+00,1.846450683916514290e-01,2.153816892233744174e+00,0.000000000000000000e+00,8.344604345761048592e+00,3.035996270320002210e+01,9.810000000000000497e+00,3.055571947825628740e+02,-3.066922159237947199e+01,0.000000000000000000e+00,8.541592455116558957e-02,9.963453817994387673e-01,0.000000000000000000e+00,9.963453817994387673e-01,-8.541592455116558957e-02,0.000000000000000000e+00,0.000000000000000000e+00,0.000000000000000000e+00,-9.999999999999997780e-01,1.224236679267578287e+00,2.644628272314752504e+00,3.084861727532603837e+01,0.000000000000000000e+00,5.699976073446295644e+00,-4.886545721260170949e-01,0.000000000000000000e+00,8.344604345761048592e+00,3.035996270320002210e+01,9.810000000000000497e+00
1.042274555316089063e-01,3.562516064206944395e-03,8.656866156527981415e-02,0.000000000000000000e+00,1.926582649455273744e-01,2.182456612772714521e+00,0.000000000000000000e+00,8.637092675428871047e+00,3.032783957525321128e+01,9.810000000000000497e+00,3.143591552817797492e+02,-3.745836430819690577e+01,9.094947017729282379e-13,8.793392062892464722e-02,9.961263100645549873e-01,0.000000000000000000e+00,9.961263100645549873e-01,-8.793392062892464722e-02,0.000000000000000000e+00,0.000000000000000000e+00,0.000000000000000000e+00,-1.000000000000000000e+00,1.236770817270437028e+00,2.723300538444315855e+00,3.084988474476174147e+01,0.000000000000000000e+00,5.913792136984556080e+00,-5.220451695085315258e-01,0.000000000000000000e+00,8.637092675428871047e+00,3.032783957525321128e+01,9.810000000000000497e+00
1.051550475682300201e-01,3.744983719953685116e-03,8.860612865618872069e-02,0.000000000000000000e+00,2.008064501358010900e-01,2.210571399756815936e+00,0.000000000000000000e+00,8.932756674726888946e+00,3.028997277979410541e+01,9.810000000000000497e+00,3.232485152941817432e+02,-4.424631768505787477e+01,9.094947017729282379e-13,9.046667299672697671e-02,9.958994834203416247e-01,0.000000000000000000e+00,9.958994834203416247e-01,-9.046667299672697671e-02,0.000000000000000000e+00,0.000000000000000000e+00,0.000000000000000000e+00,-1.000000000000000000e+00,1.249433374612470615e+00,2.802104327657001015e+00,3.084687609219887605e+01,0.000000000000000000e+00,6.130652347069888819e+00,-5.569033124047708672e-01,0.000000000000000000e+00,8.932756674726888946e+00,3.028997277979410541e+01,9.810000000000000497e+00
1.060670409380029405e-01,3.931875835811803055e-03,9.063474682687490402e-02,0.000000000000000000e+00,2.090887243891490777e-01,2.238176323455660199e+00,0.000000000000000000e+00,9.231596566289706374e+00,3.024655060517363481e+01,9.810000000000000497e+00,3.322266395137912696e+02,-5.103965182722458849e+01,-9.094947017729282379e-13,9.301424387329901289e-02,9.956647781440692846e-01,0.000000000000000000e+00,9.956647781440692846e-01,-9.301424387329901289e-02,0.000000000000000000e+00,0.000000000000000000e+00,0.000000000000000000e+00,-1.000000000000000222e+00,1.262225306857282403e+00,2.881032032807833154e+00,3.083981549835531766e+01,0.000000000000000000e+00,6.350564533481873220e+00,-5.932648931816839610e-01,0.000000000000000000e+00,9.231596566289706374e+00,3.024655060517363481e+01,9.810000000000000497e+00
1.069640338335485913e-01,4.123182782923604829e-03,9.265453533505370320e-02,0.000000000000000000e+00,2.175042517652921448e-01,2.265285830975001691e+00,0.000000000000000000e+00,9.533614752487570954e+00,3.019774472646224339e+01,9.810000000000000497e+00,3.412952172472732855e+02,-5.784484427635470638e+01,0.000000000000000000e+00,9.557669471345700551e-02,9.954220689876485118e-01,0.000000000000000000e+00,9.954220689876485118e-01,-9.557669471345700551e-02,0.000000000000000000e+00,0.000000000000000000e+00,0.000000000000000000e+00,-1.000000000000000222e+00,1.275147562106350829e+00,2.960076462383252949e+00,3.082891122549263230e+01,0.000000000000000000e+00,6.573538290104317561e+00,-6.311664990303891276e-01,0.000000000000000000e+00,9.533614752487570954e+00,3.019774472646224339e+01,9.810000000000000497e+00
1.078465797635115991e-01,4.318894932431391852e-03,9.466551343844051281e-02,0.000000000000000000e+00,2.260522123036274311e-01,2.291913324692129272e+00,0.000000000000000000e+00,9.838812973351213742e+00,3.014371189002828899e+01,9.810000000000000497e+00,3.504552678781701616e+02,-6.466799501112836879e+01,0.000000000000000000e+00,9.815408617382077872e-02,9.951712291698259216e-01,0.000000000000000000e+00,9.951712291698259216e-01,-9.815408617382077872e-02,0.000000000000000000e+00,0.000000000000000000e+00,0.000000000000000000e+00,-1.000000000000000000e+00,1.288201080375067642e+00,3.039230806907824878e+00,3.081435705575299622e+01,0.000000000000000000e+00,6.799582166443389752e+00,-6.706451657247081144e-01,0.000000000000000000e+00,9.838812973351213742e+00,3.014371189002828899e+01,9.810000000000000497e+00
1.087152106054123935e-01,4.519002655477468572e-03,9.666770039475076903e-02,0.000000000000000000e+00,2.347318586929733331e-01,2.318071837879212449e+00,0.000000000000000000e+00,1.014719577454499877e+01,3.008459473196194267e+01,9.810000000000000497e+00,3.597086819552405359e+02,-7.151530806867958745e+01,0.000000000000000000e+00,1.007464780777927310e-01,9.949121303687682438e-01,0.000000000000000000e+00,9.949121303687682438e-01,-1.007464780777927310e-01,0.000000000000000000e+00,0.000000000000000000e+00,0.000000000000000000e+00,-1.000000000000000000e+00,1.301386792948613813e+00,3.118488597170619325e+00,3.079633345937911315e+01,0.000000000000000000e+00,7.028707177374379000e+00,-7.117387274171697031e-01,0.000000000000000000e+00,1.014719577454499877e+01,3.008459473196194267e+01,9.810000000000000497e+00
1.095704118846810016e-01,4.723496323204138571e-03,9.866111546169983870e-02,0.000000000000000000e+00,2.435424308699791762e-01,2.343773242026697456e+00,0.000000000000000000e+00,1.045876543858113017e+01,3.002052365093131314e+01,9.810000000000000497e+00,3.690567602395221911e+02,-7.839262334104205365e+01,0.000000000000000000e+00,1.033539293797720304e-01,9.946446427150558156e-01,0.000000000000000000e+00,9.946446427150558156e-01,-1.033539293797720304e-01,0.000000000000000000e+00,0.000000000000000000e+00,0.000000000000000000e+00,-1.000000000000000000e+00,1.314705621714326478e+00,3.197843700544317880e+00,3.077500898199049217e+01,0.000000000000000000e+00,7.260921738036812734e+00,-7.544853310591796980e-01,0.000000000000000000e+00,1.045876543858113017e+01,3.002052365093131314e+01,9.810000000000000497e+00
1.104126549902331306e-01,4.932366306753708032e-03,1.006457778970030886e-01,0.000000000000000000e+00,2.524832452146335560e-01,2.369029211981686700e+00,0.000000000000000000e+00,1.077352735263123051e+01,2.995161694755119086e+01,9.810000000000000497e+00,3.785010452342130520e+02,-8.530580970492519555e+01,0.000000000000000000e+00,1.059764981286053231e-01,9.943686347851069529e-01,0.000000000000000000e+00,9.943686347851069529e-01,-1.059764981286053231e-01,0.000000000000000000e+00,0.000000000000000000e+00,0.000000000000000000e+00,-9.999999999999996669e-01,1.328158478479623206e+00,3.277290262369718654e+00,3.075054093627833396e+01,0.000000000000000000e+00,7.496237090261510971e+00,-7.989239887271425422e-01,0.000000000000000000e+00,1.077352735263123051e+01,2.995161694755119086e+01,9.810000000000000497e+00
1.112423701353600358e-01,5.145602977268477936e-03,1.026217069583759550e-01,0.000000000000000000e+00,2.615535999821347879e-01,2.393850369476904216e+00,0.000000000000000000e+00,1.109148444667157563e+01,2.987798275533296888e+01,9.810000000000000497e+00,3.880419105619848779e+02,-9.226024980916190543e+01,0.000000000000000000e+00,1.086142414302805753e-01,9.940839735950502964e-01,0.000000000000000000e+00,9.940839735950502964e-01,-1.086142414302805753e-01,0.000000000000000000e+00,0.000000000000000000e+00,0.000000000000000000e+00,-1.000000000000000000e+00,1.341746264270637479e+00,3.356822729569203467e+00,3.072307676895512785e+01,0.000000000000000000e+00,7.734661717102373046e+00,-8.450940136221593013e-01,0.000000000000000000e+00,1.109148444667157563e+01,2.987798275533296888e+01,9.810000000000000497e+00
1.120599837384589209e-01,5.363196705890751863e-03,1.045889219035338324e-01,0.000000000000000000e+00,2.707528890248386833e-01,2.418247411229942578e+00,0.000000000000000000e+00,1.141264390968854414e+01,2.979971841267536092e+01,9.810000000000000497e+00,3.976809938934493402e+02,-9.926166490280957078e+01,-9.094947017729282379e-13,1.112672154098460209e-01,9.937905245950673372e-01,0.000000000000000000e+00,9.937905245950673372e-01,-1.112672154098460209e-01,0.000000000000000000e+00,0.000000000000000000e+00,0.000000000000000000e+00,-1.000000000000000222e+00,1.355469868603863981e+00,3.436435752750845563e+00,3.069275416738169326e+01,0.000000000000000000e+00,7.976208156937699023e+00,-8.930357547063323409e-01,0.000000000000000000e+00,1.141264390968854414e+01,2.979971841267536092e+01,9.810000000000000497e+00
1.128658770132557332e-01,5.585137863762834262e-03,1.065474419901920461e-01,0.000000000000000000e+00,2.800804561646415003e-01,2.442229817279616633e+00,0.000000000000000000e+00,1.173700870571494903e+01,2.971691311615338194e+01,9.810000000000000497e+00,4.074197608565882547e+02,-1.063155113350694592e+02,0.000000000000000000e+00,1.139354751725340786e-01,9.934881516642303234e-01,0.000000000000000000e+00,9.934881516642303234e-01,-1.139354751725340786e-01,0.000000000000000000e+00,0.000000000000000000e+00,0.000000000000000000e+00,-9.999999999999997780e-01,1.369330168741323073e+00,3.516124274437926633e+00,3.065970279356122674e+01,0.000000000000000000e+00,8.220884431277022841e+00,-9.427896774078442510e-01,0.000000000000000000e+00,1.173700870571494903e+01,2.971691311615338194e+01,9.810000000000000497e+00
1.136604276841473721e-01,5.811416822027031318e-03,1.084972864760660738e-01,0.000000000000000000e+00,2.895357285284521631e-01,2.465807115400125316e+00,0.000000000000000000e+00,1.206458537634638617e+01,2.962964671802285110e+01,9.810000000000000497e+00,4.172587934889279495e+02,-1.134270805268206459e+02,-9.094947017729282379e-13,1.166190747641173836e-01,9.931767171058538679e-01,0.000000000000000000e+00,9.931767171058538679e-01,-1.166190747641173836e-01,0.000000000000000000e+00,0.000000000000000000e+00,0.000000000000000000e+00,-1.000000000000000000e+00,1.383328028927574005e+00,3.595883401906480703e+00,3.062404396042918364e+01,0.000000000000000000e+00,8.468701974439905911e+00,-9.943972424063329818e-01,0.000000000000000000e+00,1.206458537634638617e+01,2.962964671802285110e+01,9.810000000000000497e+00
1.144439818192330427e-01,6.042023951825645743e-03,1.104384746188712407e-01,0.000000000000000000e+00,2.991181128365138497e-01,2.488988001579780285e+00,0.000000000000000000e+00,1.239537805313298335e+01,2.953799183396778005e+01,9.810000000000000497e+00,4.271983118280895724e+02,-1.206014083329391724e+02,9.094947017729282379e-13,1.193180671304673729e-01,9.928560816433816827e-01,0.000000000000000000e+00,9.928560816433816827e-01,-1.193180671304673729e-01,0.000000000000000000e+00,0.000000000000000000e+00,0.000000000000000000e+00,-1.000000000000000222e+00,1.397464299600157389e+00,3.675708484168740409e+00,3.058589206666119154e+01,0.000000000000000000e+00,8.719669568964242501e+00,-1.047900232693411926e+00,0.000000000000000000e+00,1.239537805313298335e+01,2.953799183396778005e+01,9.810000000000000497e+00
1.152168832911901197e-01,6.276949624300979386e-03,1.123710256763229692e-01,0.000000000000000000e+00,3.088270945105358045e-01,2.511781228886563966e+00,0.000000000000000000e+00,1.272939417246053040e+01,2.944201275317132627e+01,9.810000000000000497e+00,4.372397321297803501e+02,-1.278439037294847367e+02,0.000000000000000000e+00,1.220325040763156482e-01,9.925261044168379732e-01,0.000000000000000000e+00,9.925261044168379732e-01,-1.220325040763156482e-01,0.000000000000000000e+00,0.000000000000000000e+00,0.000000000000000000e+00,-1.000000000000000000e+00,1.411739816581714324e+00,3.755594985428361898e+00,3.054535419779254113e+01,0.000000000000000000e+00,8.973799187032168945e+00,-1.103341444621215306e+00,0.000000000000000000e+00,1.272939417246053040e+01,2.944201275317132627e+01,9.810000000000000497e+00
1.159794406180155862e-01,6.516184210595337561e-03,1.142949589061366400e-01,0.000000000000000000e+00,3.186621106085479327e-01,2.534194580842304312e+00,0.000000000000000000e+00,1.306663723320271231e+01,2.934176807510487350e+01,9.810000000000000497e+00,4.473840313683522254e+02,-1.351596960253846191e+02,0.000000000000000000e+00,1.247624362232218065e-01,9.921866429798610332e-01,0.000000000000000000e+00,9.921866429798610332e-01,-1.247624362232218065e-01,0.000000000000000000e+00,0.000000000000000000e+00,0.000000000000000000e+00,-9.999999999999996669e-01,1.426155400249278227e+00,3.835538622059530667e+00,3.050253188894145850e+01,0.000000000000000000e+00,9.231098611143181643e+00,-1.160763813836585889e+00,0.000000000000000000e+00,1.306663723320271231e+01,2.934176807510487350e+01,9.810000000000000497e+00
1.167319620142644176e-01,6.759718081851028189e-03,1.162102935660276892e-01,0.000000000000000000e+00,3.286226738363806632e-01,2.556235932282511225e+00,0.000000000000000000e+00,1.340711388244321434e+01,2.923730897360439940e+01,9.810000000000000497e+00,4.576307179626546713e+02,-1.425535894222339266e+02,9.094947017729282379e-13,1.275079129667306410e-01,9.918375532973474629e-01,0.000000000000000000e+00,9.918375532973474629e-01,-1.275079129667306410e-01,0.000000000000000000e+00,0.000000000000000000e+00,0.000000000000000000e+00,-9.999999999999998890e-01,1.440711854681972381e+00,3.915535191458159314e+00,3.045752027294826547e+01,0.000000000000000000e+00,9.491578690985054578e+00,-1.220211299343866074e+00,0.000000000000000000e+00,1.340711388244321434e+01,2.923730897360439940e+01,9.810000000000000497e+00
1.174747343954398865e-01,7.007541609210345308e-03,1.181170489137114421e-01,0.000000000000000000e+00,3.387082893470547695e-01,2.577912597886229396e+00,0.000000000000000000e+00,1.375082919601692311e+01,2.912868105834227705e+01,9.810000000000000497e+00,4.679810942450185394e+02,-1.500307971503498266e+02,-9.094947017729282379e-13,1.302689824327311618e-01,9.914786897437285473e-01,0.000000000000000000e+00,9.914786897437285473e-01,-1.302689824327311618e-01,0.000000000000000000e+00,0.000000000000000000e+00,0.000000000000000000e+00,-1.000000000000000000e+00,1.455409966787004628e+00,3.995580665498704054e+00,3.041040936233383718e+01,0.000000000000000000e+00,9.755248530518219496e+00,-1.281728303991561235e+00,0.000000000000000000e+00,1.375082919601692311e+01,2.912868105834227705e+01,9.810000000000000497e+00
1.182080323156860929e-01,7.259645163815601175e-03,1.200152442069033487e-01,0.000000000000000000e+00,3.489184833762075666e-01,2.599231596473305927e+00,0.000000000000000000e+00,1.409778831982322345e+01,2.901592421926951104e+01,9.810000000000000497e+00,4.784363885027087235e+02,-1.575965295416135632e+02,1.818989403545856476e-12,1.330456914330013785e-01,9.911099051019087725e-01,0.000000000000000000e+00,9.911099051019087725e-01,-1.330456914330013785e-01,0.000000000000000000e+00,0.000000000000000000e+00,0.000000000000000000e+00,-1.000000000000000000e+00,1.470250505400936936e+00,4.075671139905129969e+00,3.036128410616082363e+01,0.000000000000000000e+00,1.002211717991809259e+01,-1.345359886891313472e+00,0.000000000000000000e+00,1.409778831982322345e+01,2.901592421926951104e+01,9.810000000000000497e+00
1.189321122174568507e-01,7.516019116809095901e-03,1.219048987033187481e-01,0.000000000000000000e+00,3.592527750527579888e-01,2.620199468693352074e+00,0.000000000000000000e+00,1.444799491071436748e+01,2.889907353351051356e+01,9.810000000000000497e+00,4.889956030303765147e+02,-1.652552970064461988e+02,-9.094947017729282379e-13,1.358380854199411347e-01,9.907310505628884600e-01,0.000000000000000000e+00,9.907310505628884600e-01,-1.358380854199411347e-01,0.000000000000000000e+00,0.000000000000000000e+00,0.000000000000000000e+00,-9.999999999999998890e-01,1.485234220370748703e+00,4.155802871194587134e+00,3.031022508733372689e+01,0.000000000000000000e+00,1.029219203951978123e+01,-1.411151553823214888e+00,0.000000000000000000e+00,1.444799491071436748e+01,2.889907353351051356e+01,9.810000000000000497e+00
1.196472312963872409e-01,7.776653839333133936e-03,1.237860316606730626e-01,0.000000000000000000e+00,3.697107496433946761e-01,2.640822842307691598e+00,0.000000000000000000e+00,1.480145521557493637e+01,2.877815801889905956e+01,9.810000000000000497e+00,4.996585760789748747e+02,-1.730119214626829489e+02,9.094947017729282379e-13,1.386462084404965767e-01,9.903419757260994993e-01,0.000000000000000000e+00,9.903419757260994993e-01,-1.386462084404965767e-01,0.000000000000000000e+00,0.000000000000000000e+00,0.000000000000000000e+00,-9.999999999999998890e-01,1.500361841613111702e+00,4.235972133207355661e+00,3.025730785362000574e+01,0.000000000000000000e+00,1.056548308236758160e+01,-1.479149834720946854e+00,0.000000000000000000e+00,1.480145521557493637e+01,2.877815801889905956e+01,9.810000000000000497e+00
1.203536259455453561e-01,8.041539702530020595e-03,1.256586623366817146e-01,0.000000000000000000e+00,3.802919663455208710e-01,2.661107771533629318e+00,0.000000000000000000e+00,1.515817294615151312e+01,2.865320282393217610e+01,9.810000000000000497e+00,5.104270000792912469e+02,-1.808717132673627930e+02,-9.094947017729282379e-13,1.414701030892748790e-01,9.899425286004788216e-01,0.000000000000000000e+00,9.899425286004788216e-01,-1.414701030892748790e-01,0.000000000000000000e+00,0.000000000000000000e+00,0.000000000000000000e+00,-9.999999999999998890e-01,1.515634078146711694e+00,4.316175368495811071e+00,3.020260440098437371e+01,0.000000000000000000e+00,1.084199757765570205e+01,-1.549401577052196055e+00,0.000000000000000000e+00,1.515817294615151312e+01,2.865320282393217610e+01,9.810000000000000497e+00
1.210515227989290149e-01,8.310667077542060327e-03,1.275228099890600431e-01,0.000000000000000000e+00,3.909959989697315841e-01,2.681060066927114516e+00,0.000000000000000000e+00,1.551815155753316589e+01,2.852422864843919470e+01,9.810000000000000497e+00,5.213003271021079854e+02,-1.888393320267205127e+02,0.000000000000000000e+00,1.443098104608334376e-01,9.895325556063117034e-01,0.000000000000000000e+00,9.895325556063117034e-01,-1.443098104608334376e-01,0.000000000000000000e+00,0.000000000000000000e+00,0.000000000000000000e+00,-1.000000000000000000e+00,1.531051617101635953e+00,4.396409109620234013e+00,3.014618290912454412e+01,0.000000000000000000e+00,1.112174244791293098e+01,-1.621954260685350535e+00,0.000000000000000000e+00,1.551815155753316589e+01,2.852422864843919470e+01,9.810000000000000497e+00
1.217411412185622349e-01,8.584026335511554112e-03,1.293784938755234426e-01,0.000000000000000000e+00,4.018224435773484760e-01,2.700685364975801139e+00,0.000000000000000000e+00,1.588139466429430158e+01,2.839125178172201203e+01,9.810000000000000497e+00,5.322775117131732259e+02,-1.969192879534093663e+02,-9.094947017729282379e-13,1.471653701011625681e-01,9.891119015778688794e-01,0.000000000000000000e+00,9.891119015778688794e-01,-1.471653701011625681e-01,0.000000000000000000e+00,0.000000000000000000e+00,0.000000000000000000e+00,-9.999999999999998890e-01,1.546615122712184487e+00,4.476669950562822464e+00,3.008810785101078622e+01,0.000000000000000000e+00,1.140472471373147911e+01,-1.696856069288775304e+00,0.000000000000000000e+00,1.588139466429430158e+01,2.839125178172201203e+01,9.810000000000000497e+00
1.224226935578328762e-01,8.861607847580808134e-03,1.312257332537873633e-01,0.000000000000000000e+00,4.127709171326114368e-01,2.719989130693055923e+00,0.000000000000000000e+00,1.624790595646566516e+01,2.825428431458151834e+01,9.810000000000000497e+00,5.433593638329239184e+02,-2.051167074459008290e+02,0.000000000000000000e+00,1.500368199583693996e-01,9.886804097668668856e-01,0.000000000000000000e+00,9.886804097668668856e-01,-1.500368199583693996e-01,0.000000000000000000e+00,0.000000000000000000e+00,0.000000000000000000e+00,-1.000000000000000000e+00,1.562325235278468671e+00,4.556954534844001259e+00,3.002844020586847762e+01,0.000000000000000000e+00,1.169095142162166390e+01,-1.774155891286959941e+00,0.000000000000000000e+00,1.624790595646566516e+01,2.825428431458151834e+01,9.810000000000000497e+00
1.230963767002832276e-01,9.143401984892121637e-03,1.330645473815670887e-01,0.000000000000000000e+00,4.238410157781522525e-01,2.738976399230151682e+00,0.000000000000000000e+00,1.661768693049391032e+01,2.811333532193084039e+01,9.810000000000000497e+00,5.545448521190119209e+02,-2.134360869966149039e+02,0.000000000000000000e+00,1.529241963325276010e-01,9.882379218467840509e-01,0.000000000000000000e+00,9.882379218467840509e-01,-1.529241963325276010e-01,0.000000000000000000e+00,0.000000000000000000e+00,0.000000000000000000e+00,-9.999999999999998890e-01,1.578182570105619797e+00,4.637259641874631910e+00,2.996723828834263870e+01,0.000000000000000000e+00,1.198042728861927664e+01,-1.853902966411800080e+00,0.000000000000000000e+00,1.661768693049391032e+01,2.811333532193084039e+01,9.810000000000000497e+00
1.237623887861691169e-01,9.429399118587806009e-03,1.348949555165781522e-01,0.000000000000000000e+00,4.350323878156833191e-01,2.757652274422737637e+00,0.000000000000000000e+00,1.699074085400964407e+01,2.796840929992248803e+01,9.810000000000000497e+00,5.658347996325410350e+02,-2.218826454914269561e+02,9.094947017729282379e-13,1.558275338247410713e-01,9.877842779180580068e-01,0.000000000000000000e+00,9.877842779180580068e-01,-1.558275338247410713e-01,0.000000000000000000e+00,0.000000000000000000e+00,0.000000000000000000e+00,-1.000000000000000000e+00,1.594187716425800261e+00,4.717582009309693625e+00,2.990455681488380080e+01,0.000000000000000000e+00,1.227315884469994955e+01,-1.936147514961311433e+00,0.000000000000000000e+00,1.699074085400964407e+01,2.796840929992248803e+01,9.810000000000000497e+00
1.244209062942801258e-01,9.719589619810162229e-03,1.367169769165358650e-01,0.000000000000000000e+00,4.463446244955062148e-01,2.776021238557430770e+00,0.000000000000000000e+00,1.736706685175284548e+01,2.781950898353579404e+01,9.810000000000000497e+00,5.772281723921569210e+02,-2.304608875236117456e+02,0.000000000000000000e+00,1.587468652854010231e-01,9.873193165141957994e-01,0.000000000000000000e+00,9.873193165141957994e-01,-1.587468652854010231e-01,0.000000000000000000e+00,0.000000000000000000e+00,0.000000000000000000e+00,-1.000000000000000000e+00,1.610341236287909039e+00,4.797918587554340419e+00,2.984044876752943765e+01,0.000000000000000000e+00,1.256914826419850506e+01,-2.020939783993644934e+00,0.000000000000000000e+00,1.736706685175284548e+01,2.781950898353579404e+01,9.810000000000000497e+00
1.250721135026638120e-01,1.001396385970148781e-02,1.385306308391555941e-01,0.000000000000000000e+00,4.577773952405116975e-01,2.794088031002606165e+00,0.000000000000000000e+00,1.774666720398728259e+01,2.766663217431607080e+01,9.810000000000000497e+00,5.887225093120032398e+02,-2.391749698094026826e+02,-9.094947017729282379e-13,1.616822217616336876e-01,9.868428746088314663e-01,0.000000000000000000e+00,9.868428746088314663e-01,-1.616822217616336876e-01,0.000000000000000000e+00,0.000000000000000000e+00,0.000000000000000000e+00,-9.999999999999998890e-01,1.626643663427185471e+00,4.878266198351276728e+00,2.977496341796575763e+01,0.000000000000000000e+00,1.286840100563600586e+01,-2.108331243649687714e+00,0.000000000000000000e+00,1.774666720398728259e+01,2.766663217431607080e+01,9.810000000000000497e+00
1.257161809096080940e-01,1.031251220940409587e-02,1.403359365421527616e-01,0.000000000000000000e+00,4.693303439510328467e-01,2.811856999454592110e+00,0.000000000000000000e+00,1.812954174071042246e+01,2.750977442790583893e+01,9.810000000000000497e+00,6.003194871623727522e+02,-2.480304434693607618e+02,0.000000000000000000e+00,1.646336324439677257e-01,9.863547876237558354e-01,0.000000000000000000e+00,9.863547876237558354e-01,-1.646336324439677257e-01,0.000000000000000000e+00,0.000000000000000000e+00,0.000000000000000000e+00,-1.000000000000000000e+00,1.643095502115720086e+00,4.958621782023831415e+00,2.970814809895700392e+01,0.000000000000000000e+00,1.317091995868658927e+01,-2.198373671051163214e+00,0.000000000000000000e+00,1.812954174071042246e+01,2.750977442790583893e+01,9.810000000000000497e+00
1.263532692074972319e-01,1.061522504006028392e-02,1.421329132832427899e-01,0.000000000000000000e+00,4.810031036351682943e-01,2.829332217493926827e+00,0.000000000000000000e+00,1.851568864279551363e+01,2.734892886184664107e+01,9.810000000000000497e+00,6.120174791666577221e+02,-2.570317328616329178e+02,9.094947017729282379e-13,1.676011246122175447e-01,9.858548894379537408e-01,0.000000000000000000e+00,9.858548894379537408e-01,-1.676011246122175447e-01,0.000000000000000000e+00,0.000000000000000000e+00,0.000000000000000000e+00,-1.000000000000000000e+00,1.659697225983090441e+00,5.038982362086691147e+00,2.964004812586231097e+01,0.000000000000000000e+00,1.347670628070882159e+01,-2.291119264015669899e+00,0.000000000000000000e+00,1.851568864279551363e+01,2.734892886184664107e+01,9.810000000000000497e+00
1.269835388279434985e-01,1.092209272281236161e-02,1.439215803201410460e-01,0.000000000000000000e+00,4.927953414459702586e-01,2.846517765739716488e+00,0.000000000000000000e+00,1.890510683580021833e+01,2.718408510553790336e+01,9.810000000000000497e+00,6.238136231205680815e+02,-2.661828726704225119e+02,0.000000000000000000e+00,1.705847235805788009e-01,9.853430123976814059e-01,0.000000000000000000e+00,9.853430123976814059e-01,-1.705847235805788009e-01,0.000000000000000000e+00,0.000000000000000000e+00,0.000000000000000000e+00,-9.999999999999997780e-01,1.676449276813984257e+00,5.119344912645082957e+00,2.957070616786900885e+01,0.000000000000000000e+00,1.378576192315513360e+01,-2.386621062331106380e+00,0.000000000000000000e+00,1.890510683580021833e+01,2.718408510553790336e+01,9.810000000000000497e+00
1.276071452239243564e-01,1.123310562880262993e-02,1.457019569105629520e-01,0.000000000000000000e+00,5.047067341297920562e-01,2.863417588603689001e+00,0.000000000000000000e+00,1.929779465819336437e+01,2.701523002383222405e+01,9.810000000000000497e+00,6.357090347789544467e+02,-2.754893938062814414e+02,0.000000000000000000e+00,1.735844526419592360e-01,9.848189873276160800e-01,0.000000000000000000e+00,9.848189873276160800e-01,-1.735844526419592360e-01,0.000000000000000000e+00,0.000000000000000000e+00,0.000000000000000000e+00,-9.999999999999997780e-01,1.693352063325084256e+00,5.199706412825237045e+00,2.950016275041475922e+01,0.000000000000000000e+00,1.409808824536812644e+01,-2.484932726582536944e+00,0.000000000000000000e+00,1.929779465819336437e+01,2.701523002383222405e+01,9.810000000000000497e+00
1.282242293561124957e-01,1.154825412917338638e-02,1.474740623122237915e-01,0.000000000000000000e+00,5.167369158515267014e-01,2.880035212149885560e+00,0.000000000000000000e+00,1.969374709863539863e+01,2.684234923984640631e+01,9.810000000000000497e+00,6.477022932294930797e+02,-2.849558704325136205e+02,-9.094947017729282379e-13,1.766003330115478442e-01,9.842826435431087928e-01,0.000000000000000000e+00,9.842826435431087928e-01,-1.766003330115478442e-01,0.000000000000000000e+00,0.000000000000000000e+00,0.000000000000000000e+00,-1.000000000000000222e+00,1.710405959916515339e+00,5.280063999528692875e+00,2.942845725660702172e+01,0.000000000000000000e+00,1.441368309910670575e+01,-2.586108016760613637e+00,0.000000000000000000e+00,1.969374709863539863e+01,2.684234923984640631e+01,9.810000000000000497e+00
1.288349357429988962e-01,1.186752859506694409e-02,1.492379157828390701e-01,0.000000000000000000e+00,5.288855691619649413e-01,2.896374275542126675e+00,0.000000000000000000e+00,2.009296060034604281e+01,2.666542479629590190e+01,9.810000000000000497e+00,6.597900527642723318e+02,-2.945862591055811208e+02,-9.094947017729282379e-13,1.796323837696343906e-01,9.837338088635760869e-01,0.000000000000000000e+00,9.837338088635760869e-01,-1.796323837696343906e-01,0.000000000000000000e+00,0.000000000000000000e+00,0.000000000000000000e+00,-1.000000000000000000e+00,1.727611305403847552e+00,5.360414690099761792e+00,2.935562647179826712e+01,0.000000000000000000e+00,1.473254591024628191e+01,-2.690201675502366996e+00,0.000000000000000000e+00,2.009296060034604281e+01,2.666542479629590190e+01,9.810000000000000497e+00
1.294394017676277764e-01,1.219091939762560750e-02,1.509935365801241824e-01,0.000000000000000000e+00,5.411523682586319994e-01,2.912438213247924068e+00,0.000000000000000000e+00,2.049543004119635725e+01,2.648443676045145168e+01,9.810000000000000497e+00,6.719717724011716200e+02,-3.043855861065967474e+02,0.000000000000000000e+00,1.826806218037021201e-01,9.831723096270627016e-01,0.000000000000000000e+00,9.831723096270627016e-01,-1.826806218037021201e-01,0.000000000000000000e+00,0.000000000000000000e+00,0.000000000000000000e+00,-1.000000000000000222e+00,1.744968401724521501e+00,5.440755542252508903e+00,2.928170563345562272e+01,0.000000000000000000e+00,1.505467449894384835e+01,-2.797268873004169265e+00,0.000000000000000000e+00,2.049543004119635725e+01,2.648443676045145168e+01,9.810000000000000497e+00
1.300377584599688718e-01,1.251841690799166719e-02,1.527409439617944675e-01,0.000000000000000000e+00,5.535369804278796879e-01,2.928230277324165076e+00,0.000000000000000000e+00,2.090114880464217251e+01,2.629936328858696371e+01,9.810000000000000497e+00,6.842457844745731563e+02,-3.143584864977965481e+02,-1.818989403545856476e-12,1.857450617497849454e-01,9.825979707060098489e-01,0.000000000000000000e+00,9.825979707060098489e-01,-1.857450617497849454e-01,0.000000000000000000e+00,0.000000000000000000e+00,0.000000000000000000e+00,-1.000000000000000000e+00,1.762477512615350905e+00,5.521083647262371663e+00,2.920672849545849559e+01,0.000000000000000000e+00,1.538006515737980173e+01,-2.907365206871533214e+00,0.000000000000000000e+00,2.090114880464217251e+01,2.629936328858696371e+01,9.810000000000000497e+00
1.306301334902286171e-01,1.285001149730744495e-02,1.544801571855653199e-01,0.000000000000000000e+00,5.660390802284362977e-01,2.943753624018203841e+00,0.000000000000000000e+00,2.131010951098522455e+01,2.611018031738548117e+01,9.810000000000000497e+00,6.966094127704454877e+02,-3.245092430950899143e+02,1.818989403545856476e-12,1.888257159331073187e-01,9.820106155242668278e-01,0.000000000000000000e+00,9.820106155242668278e-01,-1.888257159331073187e-01,0.000000000000000000e+00,0.000000000000000000e+00,0.000000000000000000e+00,-1.000000000000000000e+00,1.780138862276147371e+00,5.601396078553068314e+00,2.913072715606038443e+01,0.000000000000000000e+00,1.570871343243215534e+01,-3.020546838674904588e+00,0.000000000000000000e+00,2.131010951098522455e+01,2.611018031738548117e+01,9.810000000000000497e+00
1.312166512665150220e-01,1.318569353671523135e-02,1.562111955091521343e-01,0.000000000000000000e+00,5.786583486463100501e-01,2.959011315095750660e+00,0.000000000000000000e+00,2.172230395428059069e+01,2.591686165791502816e+01,9.810000000000000497e+00,7.090626185947330669e+02,-3.348432787199817540e+02,0.000000000000000000e+00,1.919225943080467289e-01,9.814100660753733996e-01,0.000000000000000000e+00,9.814100660753733996e-01,-1.919225943080467289e-01,0.000000000000000000e+00,0.000000000000000000e+00,0.000000000000000000e+00,-9.999999999999998890e-01,1.797952634014626794e+00,5.681689886040813597e+00,2.905373213916225339e+01,0.000000000000000000e+00,1.604061406823977620e+01,-3.136870481247227005e+00,0.000000000000000000e+00,2.172230395428059069e+01,2.591686165791502816e+01,9.810000000000000497e+00
1.317974253564469234e-01,1.352545339735733258e-02,1.579340781902703050e-01,0.000000000000000000e+00,5.913944280493993455e-01,2.974006096885687622e+00,0.000000000000000000e+00,2.213772074976232318e+01,2.571938037147186407e+01,9.810000000000000497e+00,7.216011528044182342e+02,-3.453642567088645592e+02,0.000000000000000000e+00,1.950357043974229321e-01,9.807961429421513389e-01,0.000000000000000000e+00,9.807961429421513389e-01,-1.950357043974229321e-01,0.000000000000000000e+00,0.000000000000000000e+00,0.000000000000000000e+00,-9.999999999999998890e-01,1.815918968856997662e+00,5.761962249460128582e+00,2.897577326935553899e+01,0.000000000000000000e+00,1.637575850030219371e+01,-3.256392897883676696e+00,0.000000000000000000e+00,2.213772074976232318e+01,2.571938037147186407e+01,9.810000000000000497e+00
1.323725772977834003e-01,1.386928145037606003e-02,1.596488244866352546e-01,0.000000000000000000e+00,6.042470276460938372e-01,2.988740945643945768e+00,0.000000000000000000e+00,2.255635079168016688e+01,2.551770580000715682e+01,9.810000000000000497e+00,7.342224708641042525e+02,-3.560767121394565038e+02,0.000000000000000000e+00,1.981650512311025070e-01,9.801686653176454600e-01,0.000000000000000000e+00,9.801686653176454600e-01,-1.981650512311025070e-01,0.000000000000000000e+00,0.000000000000000000e+00,0.000000000000000000e+00,-9.999999999999998890e-01,1.834037964145760480e+00,5.842210100963128205e+00,2.889687783789965536e+01,0.000000000000000000e+00,1.671414069071703778e+01,-3.379172037892497205e+00,0.000000000000000000e+00,2.255635079168016688e+01,2.551770580000715682e+01,9.810000000000000497e+00
1.329422140082150428e-01,1.421716806691370599e-02,1.613554536559623775e-01,0.000000000000000000e+00,6.172157927911949837e-01,3.003218411125149867e+00,0.000000000000000000e+00,2.297818045682132748e+01,2.531180741128769540e+01,9.810000000000000497e+00,7.469243744103951030e+02,-3.669852231086697429e+02,1.818989403545856476e-12,2.013106372839976455e-01,9.795274510274383228e-01,0.000000000000000000e+00,9.795274510274383228e-01,-2.013106372839976455e-01,0.000000000000000000e+00,0.000000000000000000e+00,0.000000000000000000e+00,-9.999999999999998890e-01,1.852309672115840966e+00,5.922430582335020510e+00,2.881707300949819839e+01,0.000000000000000000e+00,1.705574987448630608e+01,-3.505265598210501210e+00,0.000000000000000000e+00,2.297818045682132748e+01,2.531180741128769540e+01,9.810000000000000497e+00
1.335064478477921146e-01,1.456910361811258880e-02,1.630539849559670407e-01,0.000000000000000000e+00,6.303004194302394003e-01,3.017441196774865553e+00,0.000000000000000000e+00,2.340319751028678752e+01,2.510165153136515315e+01,9.810000000000000497e+00,7.597037323541953810e+02,-3.780941471256155637e+02,0.000000000000000000e+00,2.044724624134185986e-01,9.788723165533863568e-01,0.000000000000000000e+00,9.788723165533863568e-01,-2.044724624134185986e-01,0.000000000000000000e+00,0.000000000000000000e+00,0.000000000000000000e+00,-9.999999999999998890e-01,1.870734098443361137e+00,6.002620626353557753e+00,2.873638380717345697e+01,0.000000000000000000e+00,1.740057688393322977e+01,-3.634732275808305157e+00,0.000000000000000000e+00,2.340319751028678752e+01,2.510165153136515315e+01,9.810000000000000497e+00
1.340653801845423654e-01,1.492507847511499904e-02,1.647444376443646108e-01,0.000000000000000000e+00,6.435005561816766750e-01,3.031411684590107125e+00,0.000000000000000000e+00,2.383138603356395180e+01,2.488720428687316755e+01,9.810000000000000497e+00,7.725597041988767160e+02,-3.894088046505894454e+02,0.000000000000000000e+00,2.076505237958408689e-01,9.782030770588042712e-01,0.000000000000000000e+00,9.782030770588042712e-01,-2.076505237958408689e-01,0.000000000000000000e+00,0.000000000000000000e+00,0.000000000000000000e+00,-1.000000000000000000e+00,1.889311200786589984e+00,6.082777312803393066e+00,2.865483493939033011e+01,0.000000000000000000e+00,1.774860872076055784e+01,-3.767630652517163004e+00,0.000000000000000000e+00,2.383138603356395180e+01,2.488720428687316755e+01,9.810000000000000497e+00
1.346191111439465626e-01,1.528508300906324287e-02,1.664268309788704825e-01,0.000000000000000000e+00,6.568158598692012129e-01,3.045132216266792646e+00,0.000000000000000000e+00,2.426272927446246896e+01,2.466843003780237353e+01,9.810000000000000497e+00,7.854867476169856673e+02,-4.009325112454644113e+02,0.000000000000000000e+00,2.108448158631139047e-01,9.775195464151340552e-01,0.000000000000000000e+00,9.775195464151340552e-01,-2.108448158631139047e-01,0.000000000000000000e+00,0.000000000000000000e+00,0.000000000000000000e+00,-9.999999999999997780e-01,1.908040887303529942e+00,6.162897659572897702e+00,2.857244983770319990e+01,0.000000000000000000e+00,1.809983161488957037e+01,-3.904019799900826815e+00,0.000000000000000000e+00,2.426272927446246896e+01,2.466843003780237353e+01,9.810000000000000497e+00
1.351677416267069165e-01,1.564910759109963342e-02,1.681011842172001614e-01,0.000000000000000000e+00,6.702460074613413310e-01,3.058605149436976145e+00,0.000000000000000000e+00,2.469721022959093304e+01,2.444529105771431432e+01,9.810000000000000497e+00,7.984814122964999115e+02,-4.126695744556272984e+02,0.000000000000000000e+00,2.140553302381211220e-01,9.768215372301375377e-01,0.000000000000000000e+00,9.768215372301375377e-01,-2.140553302381211220e-01,0.000000000000000000e+00,0.000000000000000000e+00,0.000000000000000000e+00,-1.000000000000000000e+00,1.926923015142971041e+00,6.242978564642537975e+00,2.848925047381454689e+01,0.000000000000000000e+00,1.845423166494839506e+01,-4.043959416100234350e+00,0.000000000000000000e+00,2.469721022959093304e+01,2.444529105771431432e+01,9.810000000000000497e+00
1.357113660256597520e-01,1.601714259236646301e-02,1.697675166170688754e-01,0.000000000000000000e+00,6.837906501575985452e-01,3.071832648795068010e+00,0.000000000000000000e+00,2.513480927339608684e+01,2.421774897711409125e+01,9.810000000000000497e+00,8.115423029949524789e+02,-4.246252674521019799e+02,-1.818989403545856476e-12,2.172820556699044947e-01,9.761088608776484765e-01,0.000000000000000000e+00,9.761088608776484765e-01,-2.172820556699044947e-01,0.000000000000000000e+00,0.000000000000000000e+00,0.000000000000000000e+00,-1.000000000000000000e+00,1.945957388920667608e+00,6.323016981383497104e+00,2.840525824362008223e+01,0.000000000000000000e+00,1.881179229201259062e+01,-4.187509266505990091e+00,0.000000000000000000e+00,2.513480927339608684e+01,2.421774897711409125e+01,9.810000000000000497e+00
1.362500744475046710e-01,1.638917838400604648e-02,1.714258474361921303e-01,0.000000000000000000e+00,6.974494248247420369e-01,3.084816750180503941e+00,0.000000000000000000e+00,2.557550473197318297e+01,2.398576451026105616e+01,9.810000000000000497e+00,8.246636332846683217e+02,-4.368028524956534966e+02,0.000000000000000000e+00,2.205249779683126632e-01,9.753813275289184848e-01,0.000000000000000000e+00,9.753813275289184848e-01,-2.205249779683126632e-01,0.000000000000000000e+00,0.000000000000000000e+00,0.000000000000000000e+00,-1.000000000000000222e+00,1.965143759191133821e+00,6.403009873557602205e+00,2.832049379707358128e+01,0.000000000000000000e+00,1.917249485841557899e+01,-4.334729286812526006e+00,0.000000000000000000e+00,2.557550473197318297e+01,2.398576451026105616e+01,9.810000000000000497e+00
1.367839601284683571e-01,1.676520533716067615e-02,1.730761959322852650e-01,0.000000000000000000e+00,7.112220001627967969e-01,3.097559570321811062e+00,0.000000000000000000e+00,2.601927520685446993e+01,2.374929607887519722e+01,9.810000000000000497e+00,8.378395245910287485e+02,-4.492056067633311613e+02,0.000000000000000000e+00,2.237840799382125878e-01,9.746387461855842149e-01,0.000000000000000000e+00,9.746387461855842149e-01,-2.237840799382125878e-01,0.000000000000000000e+00,0.000000000000000000e+00,0.000000000000000000e+00,-1.000000000000000000e+00,1.984481820890503734e+00,6.482954016470461767e+00,2.823497621428715476e+01,0.000000000000000000e+00,1.953632119038400816e+01,-4.485680135411956648e+00,0.000000000000000000e+00,2.601927520685446993e+01,2.374929607887519722e+01,9.810000000000000497e+00
1.373131120163839369e-01,1.714521382297265820e-02,1.747185813630636742e-01,0.000000000000000000e+00,7.251080290664000394e-01,3.110063095315447335e+00,0.000000000000000000e+00,2.646609712463753539e+01,2.350830132360335156e+01,9.810000000000000497e+00,8.510715460038882156e+02,-4.618404566828321549e+02,0.000000000000000000e+00,2.270593413132442340e-01,9.738809247143079828e-01,0.000000000000000000e+00,9.738809247143079828e-01,-2.270593413132442340e-01,0.000000000000000000e+00,0.000000000000000000e+00,0.000000000000000000e+00,-1.000000000000000000e+00,2.003971211759095095e+00,6.562846185456470138e+00,2.814872391897187143e+01,0.000000000000000000e+00,1.990325093918106703e+01,-4.640422595368518976e+00,0.000000000000000000e+00,2.646609712463753539e+01,2.350830132360335156e+01,9.810000000000000497e+00
1.378376064335053997e-01,1.752919421258430921e-02,1.763530229862427801e-01,0.000000000000000000e+00,7.391070913124447861e-01,3.122328947212877015e+00,0.000000000000000000e+00,2.691594183132691853e+01,2.326273898389138139e+01,9.810000000000000497e+00,8.643512131573334045e+02,-4.747093422751604521e+02,0.000000000000000000e+00,2.303507386891937292e-01,9.731076698831134797e-01,0.000000000000000000e+00,9.731076698831134797e-01,-2.303507386891937292e-01,0.000000000000000000e+00,0.000000000000000000e+00,0.000000000000000000e+00,-9.999999999999997780e-01,2.023611510768651645e+00,6.642683408201142115e+00,2.806175578124627634e+01,0.000000000000000000e+00,2.027325842312577819e+01,-4.799016797354893171e+00,0.000000000000000000e+00,2.691594183132691853e+01,2.326273898389138139e+01,9.810000000000000497e+00
1.383575352046282070e-01,1.791713687713791803e-02,1.779795400595380050e-01,0.000000000000000000e+00,7.532188773861667741e-01,3.134359175187542146e+00,0.000000000000000000e+00,2.736878485925800675e+01,2.301256316193166640e+01,9.810000000000000497e+00,8.776732735861405672e+02,-4.878160685387665580e+02,-1.818989403545856476e-12,2.336582454570390599e-01,9.723187873994506569e-01,0.000000000000000000e+00,9.723187873994506569e-01,-2.336582454570390599e-01,0.000000000000000000e+00,0.000000000000000000e+00,0.000000000000000000e+00,-1.000000000000000000e+00,2.043402236524614501e+00,6.722462158043555291e+00,2.797408771542537664e+01,0.000000000000000000e+00,2.064632270121445146e+01,-4.961524553493709355e+00,0.000000000000000000e+00,2.736878485925800675e+01,2.301256316193166640e+01,9.810000000000000497e+00
1.388729721368497649e-01,1.830903218777579430e-02,1.795981518406646604e-01,0.000000000000000000e+00,7.674429664187433220e-01,3.146155312872254584e+00,0.000000000000000000e+00,2.782459468908086464e+01,2.275773037605023319e+01,9.810000000000000497e+00,8.910367103636381216e+02,-5.011663528130593477e+02,1.818989403545856476e-12,2.369818317356504889e-01,9.715140819500330815e-01,0.000000000000000000e+00,9.715140819500330815e-01,-2.369818317356504889e-01,0.000000000000000000e+00,0.000000000000000000e+00,0.000000000000000000e+00,-9.999999999999997780e-01,2.063342845640964374e+00,6.802179320638745530e+00,2.788573684974057798e+01,0.000000000000000000e+00,2.102241536844211822e+01,-5.128006473690345679e+00,0.000000000000000000e+00,2.782459468908086464e+01,2.275773037605023319e+01,9.810000000000000497e+00
1.393839965003339787e-01,1.870487051564024422e-02,1.812088775873381130e-01,0.000000000000000000e+00,7.817789803518078173e-01,3.157719037941384421e+00,0.000000000000000000e+00,2.828334051017935025e+01,2.249819474338296033e+01,9.810000000000000497e+00,9.044325268780012266e+02,-5.147620501583951409e+02,-1.818989403545856476e-12,2.403214643041938214e-01,9.706933572424858436e-01,0.000000000000000000e+00,9.706933572424858436e-01,-2.403214643041938214e-01,0.000000000000000000e+00,0.000000000000000000e+00,0.000000000000000000e+00,-1.000000000000000000e+00,2.083432731138413985e+00,6.881831511768908172e+00,2.779671867212203651e+01,0.000000000000000000e+00,2.140150899841044208e+01,-5.298523928739074407e+00,0.000000000000000000e+00,2.828334051017935025e+01,2.249819474338296033e+01,9.810000000000000497e+00
1.398906855531705795e-01,1.910464223187356703e-02,1.828117365572738962e-01,0.000000000000000000e+00,7.962265338257671354e-01,3.169051961597633582e+00,0.000000000000000000e+00,2.874498966559421831e+01,2.223390960772696090e+01,9.810000000000000497e+00,9.178565702000414603e+02,-5.286074785773125768e+02,0.000000000000000000e+00,2.436771065343825149e-01,9.698564160488042374e-01,0.000000000000000000e+00,9.698564160488042374e-01,-2.436771065343825149e-01,0.000000000000000000e+00,0.000000000000000000e+00,0.000000000000000000e+00,-1.000000000000000000e+00,2.103671220815550580e+00,6.961415290471110850e+00,2.770704798766567478e+01,0.000000000000000000e+00,2.178357437512310923e+01,-5.473138379938712994e+00,0.000000000000000000e+00,2.874498966559421831e+01,2.223390960772696090e+01,9.810000000000000497e+00
1.403931122779506768e-01,1.950833770761806890e-02,1.844067480081872656e-01,0.000000000000000000e+00,8.107852171824896370e-01,3.180155566038609827e+00,0.000000000000000000e+00,2.920950678131418243e+01,2.196482814658295268e+01,9.810000000000000497e+00,9.313042475072070374e+02,-5.427067543250923336e+02,0.000000000000000000e+00,2.470487183224565619e-01,9.690030602507050395e-01,0.000000000000000000e+00,9.690030602507050395e-01,-2.470487183224565619e-01,0.000000000000000000e+00,0.000000000000000000e+00,0.000000000000000000e+00,-1.000000000000000000e+00,2.124057575593637726e+00,7.040927235387560046e+00,2.761673925864242918e+01,0.000000000000000000e+00,2.216857954592662239e+01,-5.651911112059476494e+00,0.000000000000000000e+00,2.920950678131418243e+01,2.196482814658295268e+01,9.810000000000000497e+00
1.408913482263712269e-01,1.991594731401605603e-02,1.859939311977937548e-01,0.000000000000000000e+00,8.254546147539361112e-01,3.191031283830513043e+00,0.000000000000000000e+00,2.967685466335540667e+01,2.169090283728326796e+01,9.810000000000000497e+00,9.447692581825540401e+02,-5.570631329030256893e+02,0.000000000000000000e+00,2.504362560210494082e-01,9.681330908868672758e-01,0.000000000000000000e+00,9.681330908868672758e-01,-2.504362560210494082e-01,0.000000000000000000e+00,0.000000000000000000e+00,0.000000000000000000e+00,-9.999999999999998890e-01,2.144590987886870970e+00,7.120363856993781937e+00,2.752580628154385067e+01,0.000000000000000000e+00,2.255649080636162296e+01,-5.834903444260583605e+00,0.000000000000000000e+00,2.967685466335540667e+01,2.169090283728326796e+01,9.810000000000000497e+00
1.413854635516653413e-01,2.032746142220982072e-02,1.875733053838085918e-01,0.000000000000000000e+00,8.402343042552734564e-01,3.201680498657159646e+00,0.000000000000000000e+00,3.014699424381546677e+01,2.141208552616864225e+01,9.810000000000000497e+00,9.582450555304749287e+02,-5.716797439651563764e+02,1.818989403545856476e-12,2.538396723709755443e-01,9.672463082021021119e-01,0.000000000000000000e+00,9.672463082021021119e-01,-2.538396723709755443e-01,0.000000000000000000e+00,0.000000000000000000e+00,0.000000000000000000e+00,-1.000000000000000000e+00,2.165270579935483219e+00,7.199721594910855949e+00,2.743426221643965945e+01,0.000000000000000000e+00,2.294727264890461171e+01,-6.022176690271016319e+00,0.000000000000000000e+00,3.014699424381546677e+01,2.141208552616864225e+01,9.810000000000000497e+00
1.418755270401944324e-01,2.074287040334168997e-02,1.891448898239472265e-01,0.000000000000000000e+00,8.551238561812615213e-01,3.212104546086855805e+00,0.000000000000000000e+00,3.061988452770151170e+01,2.112832749827643397e+01,9.810000000000000497e+00,9.717255581075660302e+02,-5.865599919560918352e+02,0.000000000000000000e+00,2.572589164329036615e-01,9.663425116985013830e-01,0.000000000000000000e+00,9.663425116985013830e-01,-2.572589164329036615e-01,0.000000000000000000e+00,0.000000000000000000e+00,0.000000000000000000e+00,-1.000000000000000000e+00,2.186095402163721779e+00,7.278996815350161853e+00,2.734211961522206025e+01,0.000000000000000000e+00,2.334088771235134985e+01,-6.213792116945626276e+00,0.000000000000000000e+00,3.061988452770151170e+01,2.112832749827643397e+01,9.810000000000000497e+00
1.423616050297711599e-01,2.116216462855394220e-02,1.907087037759251369e-01,0.000000000000000000e+00,8.701228250210171211e-01,3.222304684042025080e+00,0.000000000000000000e+00,3.109548213510437265e+01,2.083957982173243195e+01,9.810000000000000497e+00,9.852072026760615699e+02,-6.017087556025544473e+02,0.000000000000000000e+00,2.606939335191480467e-01,9.654215001885517733e-01,0.000000000000000000e+00,9.654215001885517733e-01,-2.606939335191480467e-01,0.000000000000000000e+00,0.000000000000000000e+00,0.000000000000000000e+00,-9.999999999999997780e-01,2.207064431534305982e+00,7.358185850128243111e+00,2.724939060223742970e+01,0.000000000000000000e+00,2.373729628497612865e+01,-6.409810780504997751e+00,0.000000000000000000e+00,3.109548213510437265e+01,2.083957982173243195e+01,9.810000000000000497e+00
1.428437583819199275e-01,2.158533446898889402e-02,1.922647664974576620e-01,0.000000000000000000e+00,8.852307254808170489e-01,3.232282011081087703e+00,0.000000000000000000e+00,3.157374010753427740e+01,2.054579420732714112e+01,9.810000000000000497e+00,9.986787895048109931e+02,-6.171264799352902628e+02,1.818989403545856476e-12,2.641446651254401035e-01,9.644830718502886979e-01,0.000000000000000000e+00,9.644830718502886979e-01,-2.641446651254401035e-01,0.000000000000000000e+00,0.000000000000000000e+00,0.000000000000000000e+00,-1.000000000000000000e+00,2.228176569856834099e+00,7.437285116156974851e+00,2.715608733438189049e+01,0.000000000000000000e+00,2.413645499137730255e+01,-6.610293127054748474e+00,0.000000000000000000e+00,3.157374010753427740e+01,2.054579420732714112e+01,9.810000000000000497e+00
1.433220568525709337e-01,2.201237029578885160e-02,1.938130972462601687e-01,0.000000000000000000e+00,9.004471380403477054e-01,3.242037857287239255e+00,0.000000000000000000e+00,3.205461310519741858e+01,2.024691951574578752e+01,9.810000000000000497e+00,1.012134556852855894e+03,-6.328169283142087806e+02,0.000000000000000000e+00,2.676110488627919670e-01,9.635270242845067612e-01,0.000000000000000000e+00,9.635270242845067612e-01,-2.676110488627919670e-01,0.000000000000000000e+00,0.000000000000000000e+00,0.000000000000000000e+00,-1.000000000000000000e+00,2.249430642149368609e+00,7.516290572045807750e+00,2.706222003656562336e+01,0.000000000000000000e+00,2.453832253315160727e+01,-6.815300520819834951e+00,0.000000000000000000e+00,3.205461310519741858e+01,2.024691951574578752e+01,9.810000000000000497e+00
1.437965567295621250e-01,2.244326248009610725e-02,1.953537152800480514e-01,0.000000000000000000e+00,9.157715423192928084e-01,3.251573176486903360e+00,0.000000000000000000e+00,3.253804914930324088e+01,1.994290741306822312e+01,9.810000000000000497e+00,1.025567832381530025e+03,-6.487830574041145155e+02,0.000000000000000000e+00,2.710930183896186896e-01,9.625531545740244610e-01,0.000000000000000000e+00,9.625531545740244610e-01,-2.710930183896186896e-01,0.000000000000000000e+00,0.000000000000000000e+00,0.000000000000000000e+00,-1.000000000000000000e+00,2.270825394986919932e+00,7.595198565153858716e+00,2.696780013713887669e+01,0.000000000000000000e+00,2.494285058414938305e+01,-7.024892724070653571e+00,0.000000000000000000e+00,3.253804914930324088e+01,1.994290741306822312e+01,9.810000000000000497e+00
1.442673232386207094e-01,2.287800139305297756e-02,1.968866398565366493e-01,0.000000000000000000e+00,9.312034834046971632e-01,3.260889154230274922e+00,0.000000000000000000e+00,3.302399781298110781e+01,1.963370681587109345e+01,9.810000000000000497e+00,1.038972308715077816e+03,-6.650283813379719504e+02,1.818989403545856476e-12,2.745905033440171894e-01,9.615612593450711953e-01,0.000000000000000000e+00,9.615612593450711953e-01,-2.745905033440171894e-01,0.000000000000000000e+00,0.000000000000000000e+00,0.000000000000000000e+00,-1.000000000000000000e+00,2.292359494846271772e+00,7.674004970085133159e+00,2.687283716440359882e+01,0.000000000000000000e+00,2.534999284289597554e+01,-7.239130348532504478e+00,0.000000000000000000e+00,3.302399781298110781e+01,1.963370681587109345e+01,9.810000000000000497e+00
1.447344086153526110e-01,2.331657740580176524e-02,1.984118902334415235e-01,0.000000000000000000e+00,9.467424050661975565e-01,3.269986615932461316e+00,0.000000000000000000e+00,3.351240198938040749e+01,1.931926961622075112e+01,9.810000000000000497e+00,1.052339278529987496e+03,-6.815546369125258934e+02,-1.818989403545856476e-12,2.781034292764038574e-01,9.605511348307825825e-01,0.000000000000000000e+00,9.605511348307825825e-01,-2.781034292764038574e-01,0.000000000000000000e+00,0.000000000000000000e+00,0.000000000000000000e+00,-1.000000000000000000e+00,2.314031526470920141e+00,7.752706059370701119e+00,2.677734187857371495e+01,0.000000000000000000e+00,2.575969593000970548e+01,-7.458072262352964721e+00,0.000000000000000000e+00,3.351240198938040749e+01,1.931926961622075112e+01,9.810000000000000497e+00
1.451978760602169738e-01,2.375898088948476608e-02,1.999294856684779020e-01,0.000000000000000000e+00,9.623878319355213540e-01,3.278866671830131807e+00,0.000000000000000000e+00,3.400320682635293679e+01,1.899954451646435416e+01,9.810000000000000497e+00,1.065657141845724254e+03,-6.983620429838483687e+02,-1.818989403545856476e-12,2.816317175824727403e-01,9.595225769368567192e-01,0.000000000000000000e+00,9.595225769368567192e-01,-2.816317175824727403e-01,0.000000000000000000e+00,0.000000000000000000e+00,0.000000000000000000e+00,-9.999999999999997780e-01,2.335839991225204582e+00,7.831297532260219185e+00,2.668132287590473695e+01,0.000000000000000000e+00,2.617190929409272115e+01,-7.681778359440381898e+00,0.000000000000000000e+00,3.400320682635293679e+01,1.899954451646435416e+01,9.810000000000000497e+00
1.456577804459395775e-01,2.420520221524428972e-02,2.014394454193613182e-01,0.000000000000000000e+00,9.781392209047896635e-01,3.287530198471019460e+00,0.000000000000000000e+00,3.449635240791584323e+01,1.867448217093678409e+01,9.810000000000000497e+00,1.078922247335241991e+03,-7.154555169967825350e+02,0.000000000000000000e+00,2.851752854365885437e-01,9.584753813093793706e-01,0.000000000000000000e+00,9.584753813093793706e-01,-2.851752854365885437e-01,0.000000000000000000e+00,0.000000000000000000e+00,0.000000000000000000e+00,-1.000000000000000000e+00,2.357783305478974523e+00,7.909775302009475872e+00,2.658478937632491323e+01,0.000000000000000000e+00,2.658657710590636469e+01,-7.910307205388128260e+00,0.000000000000000000e+00,3.449635240791584323e+01,1.867448217093678409e+01,9.810000000000000497e+00
1.461141757252544526e-01,2.465523175422264235e-02,2.029417887438070278e-01,0.000000000000000000e+00,9.939960167176482564e-01,3.295978038616112826e+00,0.000000000000000000e+00,3.499177647078951026e+01,1.834403335112758526e+01,9.810000000000000497e+00,1.092126354638865450e+03,-7.328372290114311909e+02,-1.818989403545856476e-12,2.887340457256925008e-01,9.574093434048330797e-01,0.000000000000000000e+00,9.574093434048330797e-01,-2.887340457256925008e-01,0.000000000000000000e+00,0.000000000000000000e+00,0.000000000000000000e+00,-9.999999999999998890e-01,2.379859798989318431e+00,7.988135198305640117e+00,2.648775019245436724e+01,0.000000000000000000e+00,2.700364127248386836e+01,-8.143716841326780198e+00,0.000000000000000000e+00,3.499177647078951026e+01,1.834403335112758526e+01,9.810000000000000497e+00
1.465671139673894452e-01,2.510905987756210933e-02,2.044365348995303977e-01,0.000000000000000000e+00,1.009957643523568205e+00,3.304210975982206033e+00,0.000000000000000000e+00,3.548941397570597900e+01,1.800814930140102632e+01,9.810000000000000497e+00,1.105258436053401965e+03,-7.505074706580126076e+02,-1.818989403545856476e-12,2.923079069837323241e-01,9.563242585623297209e-01,0.000000000000000000e+00,9.563242585623297209e-01,-2.923079069837323241e-01,0.000000000000000000e+00,0.000000000000000000e+00,0.000000000000000000e+00,-1.000000000000000000e+00,2.402067713318750464e+00,8.066373010441411751e+00,2.639021389499011150e+01,0.000000000000000000e+00,2.742304096526456902e+01,-8.382064593589085177e+00,0.000000000000000000e+00,3.548941397570597900e+01,1.800814930140102632e+01,9.810000000000000497e+00
1.470166495109854476e-01,2.556667695640502114e-02,2.059237031442469890e-01,0.000000000000000000e+00,1.026023537650723405e+00,3.312229845110416626e+00,0.000000000000000000e+00,3.598919868473074501e+01,1.766678064782819391e+01,9.810000000000000497e+00,1.118308704380746349e+03,-7.684673344784350775e+02,0.000000000000000000e+00,2.958967733268182965e-01,9.552199220780404065e-01,0.000000000000000000e+00,9.552199220780404065e-01,-2.958967733268182965e-01,0.000000000000000000e+00,0.000000000000000000e+00,0.000000000000000000e+00,-1.000000000000000000e+00,2.424405200267430782e+00,8.144484297140431650e+00,2.629218821216255364e+01,0.000000000000000000e+00,2.784471438759031514e+01,-8.625407564334359733e+00,0.000000000000000000e+00,3.598919868473074501e+01,1.766678064782819391e+01,9.810000000000000497e+00
1.474628330314676217e-01,2.602807336189367007e-02,2.074033127356721407e-01,0.000000000000000000e+00,1.042193099395185341e+00,3.320035374645750270e+00,0.000000000000000000e+00,3.649106079741594044e+01,1.731987914932452455e+01,9.810000000000000497e+00,1.131270111633013585e+03,-7.867196220365549379e+02,0.000000000000000000e+00,2.995005443890292884e-01,9.540961292818849193e-01,0.000000000000000000e+00,9.540961292818849193e-01,-2.995005443890292884e-01,0.000000000000000000e+00,0.000000000000000000e+00,0.000000000000000000e+00,-1.000000000000000222e+00,2.446870320295248646e+00,8.222464653546930791e+00,2.619368093340134962e+01,0.000000000000000000e+00,2.826859614386901143e+01,-8.873801784076825072e+00,0.000000000000000000e+00,3.649106079741594044e+01,1.731987914932452455e+01,9.810000000000000497e+00
1.479057136409432371e-01,2.649323946517035538e-02,2.088753829315211918e-01,0.000000000000000000e+00,1.058465708705362385e+00,3.327628243758777860e+00,0.000000000000000000e+00,3.699492770467446690e+01,1.696739722058846667e+01,9.810000000000000497e+00,1.144131434784190787e+03,-8.052643111569814209e+02,-1.818989403545856476e-12,3.031191152590119731e-01,9.529526756164723444e-01,0.000000000000000000e+00,9.529526756164723444e-01,-3.031191152590119731e-01,0.000000000000000000e+00,0.000000000000000000e+00,0.000000000000000000e+00,-9.999999999999997780e-01,2.469461040997586565e+00,8.300309622060263237e+00,2.609469962337623627e+01,0.000000000000000000e+00,2.869461808261420188e+01,-9.127302402787771385e+00,0.000000000000000000e+00,3.699492770467446690e+01,1.696739722058846667e+01,9.810000000000000497e+00
1.483453417304547162e-01,2.696216563737738672e-02,2.103399329895095371e-01,0.000000000000000000e+00,1.074840748071238083e+00,3.335009156665951657e+00,0.000000000000000000e+00,3.750072508225079559e+01,1.660928718003748372e+01,9.810000000000000497e+00,1.156881253260464291e+03,-8.241011830702991574e+02,0.000000000000000000e+00,3.067523764174799883e-01,9.517893567182965642e-01,0.000000000000000000e+00,9.517893567182965642e-01,-3.067523764174799883e-01,0.000000000000000000e+00,0.000000000000000000e+00,0.000000000000000000e+00,-1.000000000000000000e+00,2.492175235606430395e+00,8.378014554018644588e+00,2.599525120579158965e+01,0.000000000000000000e+00,2.912271052823215101e+01,-9.385964025754107709e+00,0.000000000000000000e+00,3.750072508225079559e+01,1.660928718003748372e+01,9.810000000000000497e+00
1.487817661008221104e-01,2.743484224965706333e-02,2.117969821673525432e-01,0.000000000000000000e+00,1.091317578445609948e+00,3.342178767585116450e+00,0.000000000000000000e+00,3.800837571026717399e+01,1.624550216814884251e+01,9.810000000000000497e+00,1.169509572944210959e+03,-8.432308660263806814e+02,-1.818989403545856476e-12,3.104002136756597863e-01,9.506059685012001603e-01,0.000000000000000000e+00,9.506059685012001603e-01,-3.104002136756597863e-01,0.000000000000000000e+00,0.000000000000000000e+00,0.000000000000000000e+00,-1.000000000000000000e+00,2.515010681511057111e+00,8.455574744343241633e+00,2.589534241583865537e+01,0.000000000000000000e+00,2.955280096592393591e+01,-9.649840247689812855e+00,0.000000000000000000e+00,3.800837571026717399e+01,1.624550216814884251e+01,9.810000000000000497e+00
1.492150347519317632e-01,2.791125967315169487e-02,2.132465497227656603e-01,0.000000000000000000e+00,1.107895545047065111e+00,3.349137701805973144e+00,0.000000000000000000e+00,3.851779974382726834e+01,1.587599600953233292e+01,9.810000000000000497e+00,1.182012414467477356e+03,-8.626583148625140893e+02,-3.637978807091712952e-12,3.140625081147777609e-01,9.494023072421170495e-01,0.000000000000000000e+00,9.494023072421170495e-01,-3.140625081147777609e-01,0.000000000000000000e+00,0.000000000000000000e+00,0.000000000000000000e+00,-1.000000000000000000e+00,2.537965058820477626e+00,8.532985394227642573e+00,2.579497969869844809e+01,0.000000000000000000e+00,2.998481434959962399e+01,-9.918983689166115170e+00,0.000000000000000000e+00,3.851779974382726834e+01,1.587599600953233292e+01,9.810000000000000497e+00
1.496451873290973733e-01,2.839140827900358405e-02,2.146886549134643385e-01,0.000000000000000000e+00,1.124573911697958284e+00,3.355886361955089381e+00,0.000000000000000000e+00,3.902891155369144371e+01,1.550072567388085965e+01,9.810000000000000497e+00,1.194372724876731809e+03,-8.823788501120616274e+02,-1.818989403545856476e-12,3.177391360266924591e-01,9.481781696690823047e-01,0.000000000000000000e+00,9.481781696690823047e-01,-3.177391360266924591e-01,0.000000000000000000e+00,0.000000000000000000e+00,0.000000000000000000e+00,-1.000000000000000000e+00,2.561035948945469265e+00,8.610242010017667980e+00,2.569417041777488819e+01,0.000000000000000000e+00,3.041866954367377218e+01,-1.019344474389402855e+01,0.000000000000000000e+00,3.902891155369144371e+01,1.550072567388085965e+01,9.810000000000000497e+00
1.500722767313788508e-01,2.887527843835503011e-02,2.161233169971638612e-01,0.000000000000000000e+00,1.141352045010340266e+00,3.362425485220035259e+00,0.000000000000000000e+00,3.954162856518686908e+01,1.511964465951060355e+01,9.810000000000000497e+00,1.206579161039284372e+03,-9.023921992030918773e+02,0.000000000000000000e+00,3.214299688556948031e-01,9.469333530515370301e-01,0.000000000000000000e+00,9.469333530515370301e-01,-3.214299688556948031e-01,0.000000000000000000e+00,0.000000000000000000e+00,0.000000000000000000e+00,-9.999999999999998890e-01,2.584220833207202528e+00,8.687339278247751650e+00,2.559291948144590734e+01,0.000000000000000000e+00,3.085428928693911388e+01,-1.047327482193530379e+01,0.000000000000000000e+00,3.954162856518686908e+01,1.511964465951060355e+01,9.810000000000000497e+00
1.504963416531162890e-01,2.936286052234834271e-02,2.175505552315795954e-01,0.000000000000000000e+00,1.158229178533175974e+00,3.368755436696180716e+00,0.000000000000000000e+00,4.005585992762252090e+01,1.473271163598968947e+01,9.810000000000000497e+00,1.218622584839322371e+03,-9.226990398078596627e+02,1.818989403545856476e-12,3.251348731416045523e-01,9.456676552929114132e-01,0.000000000000000000e+00,9.456676552929114132e-01,-3.251348731416045523e-01,0.000000000000000000e+00,0.000000000000000000e+00,0.000000000000000000e+00,-1.000000000000000000e+00,2.607517091526848407e+00,8.764272500857387627e+00,2.549123367220062164e+01,0.000000000000000000e+00,3.129158742676513683e+01,-1.075852203621093217e+01,0.000000000000000000e+00,4.005585992762252090e+01,1.473271163598968947e+01,9.810000000000000497e+00
1.509174303925358840e-01,2.985414490212581068e-02,2.189703888744269911e-01,0.000000000000000000e+00,1.175204617475591018e+00,3.374876821120538217e+00,0.000000000000000000e+00,4.057151632471384062e+01,1.433988304995229868e+01,9.810000000000000497e+00,1.230492873869276082e+03,-9.432998169112361211e+02,0.000000000000000000e+00,3.288537104643302067e-01,9.443808750254540918e-01,0.000000000000000000e+00,9.443808750254540918e-01,-3.288537104643302067e-01,0.000000000000000000e+00,0.000000000000000000e+00,0.000000000000000000e+00,-9.999999999999997780e-01,2.630922001149399669e+00,8.841036332950524823e+00,2.538911790429462911e+01,0.000000000000000000e+00,3.173047999176331402e+01,-1.104923485434233044e+01,0.000000000000000000e+00,4.057151632471384062e+01,1.433988304995229868e+01,9.810000000000000497e+00
1.513355789634700521e-01,3.034912194882976103e-02,2.203828371834215261e-01,0.000000000000000000e+00,1.192277546901712837e+00,3.380789924554326031e+00,0.000000000000000000e+00,4.108850080291146867e+01,1.394112024667292005e+01,9.810000000000000497e+00,1.242177059569236008e+03,-9.641921569080932386e+02,-1.818989403545856476e-12,3.325863373898784725e-01,9.430728117073388095e-01,0.000000000000000000e+00,9.430728117073388095e-01,-3.325863373898784725e-01,0.000000000000000000e+00,0.000000000000000000e+00,0.000000000000000000e+00,-9.999999999999997780e-01,2.654432735379224972e+00,8.917625976989640435e+00,2.528657872682043362e+01,0.000000000000000000e+00,3.217087482592182823e+01,-1.134545848014751357e+01,0.000000000000000000e+00,4.108850080291146867e+01,1.394112024667292005e+01,9.810000000000000497e+00
1.517508348590254630e-01,3.084778203360248952e-02,2.217879194162785395e-01,0.000000000000000000e+00,1.209447240463146001e+00,3.386495319230182766e+00,0.000000000000000000e+00,4.160671872886899791e+01,1.353638184211444795e+01,9.810000000000000497e+00,1.253658110498610768e+03,-9.853708513178207795e+02,0.000000000000000000e+00,3.363326054179153757e-01,9.417432657220315972e-01,0.000000000000000000e+00,9.417432657220315972e-01,-3.363326054179153757e-01,0.000000000000000000e+00,0.000000000000000000e+00,0.000000000000000000e+00,-1.000000000000000222e+00,2.678046362377374923e+00,8.994035863795060592e+00,2.518362052904983983e+01,0.000000000000000000e+00,3.261268286507393555e+01,-1.164723868693539188e+01,0.000000000000000000e+00,4.160671872886899791e+01,1.353638184211444795e+01,9.810000000000000497e+00
1.521632379320540795e-01,3.135011552758629194e-02,2.231856548307133148e-01,0.000000000000000000e+00,1.226712891074720257e+00,3.391993378238101098e+00,0.000000000000000000e+00,4.212606971586534854e+01,1.312563005684918593e+01,9.810000000000000497e+00,1.264933029440959217e+03,-1.006841197909068796e+03,-1.818989403545856476e-12,3.400923609310029239e-01,9.403920384798971632e-01,0.000000000000000000e+00,9.403920384798971632e-01,-3.400923609310029239e-01,0.000000000000000000e+00,0.000000000000000000e+00,0.000000000000000000e+00,-9.999999999999998890e-01,2.701759844040874103e+00,9.070260719386309844e+00,2.508024862451495451e+01,0.000000000000000000e+00,3.305580899647903692e+01,-1.195461856766576858e+01,0.000000000000000000e+00,4.212606971586534854e+01,1.312563005684918593e+01,9.810000000000000497e+00
1.525728246979495828e-01,3.185611280192347794e-02,2.245760626844413577e-01,0.000000000000000000e+00,1.244073647067115651e+00,3.397284387074305023e+00,0.000000000000000000e+00,4.264644936622025284e+01,1.270882948661002487e+01,9.810000000000000497e+00,1.275985775096822181e+03,-1.028598141420188767e+03,-1.818989403545856476e-12,3.438654451456655825e-01,9.390189325220090755e-01,0.000000000000000000e+00,9.390189325220090755e-01,-3.438654451456655825e-01,0.000000000000000000e+00,0.000000000000000000e+00,0.000000000000000000e+00,-1.000000000000000222e+00,2.725570034934232222e+00,9.146295343403789246e+00,2.497646859007841513e+01,0.000000000000000000e+00,3.350015402281646715e+01,-1.226763910346839026e+01,0.000000000000000000e+00,4.264644936622025284e+01,1.270882948661002487e+01,9.810000000000000497e+00
1.529796370153143625e-01,3.236576422775634676e-02,2.259591622351780071e-01,0.000000000000000000e+00,1.261528690696708921e+00,3.402368761456088464e+00,0.000000000000000000e+00,4.316775299147039391e+01,1.228594422946014575e+01,9.810000000000000497e+00,1.286799797185216448e+03,-1.050636109004213722e+03,0.000000000000000000e+00,3.476516940653073262e-01,9.376237516261638483e-01,0.000000000000000000e+00,9.376237516261638483e-01,-3.476516940653073262e-01,0.000000000000000000e+00,0.000000000000000000e+00,0.000000000000000000e+00,-1.000000000000000222e+00,2.749473681239023914e+00,9.222134091765692432e+00,2.487228485501512054e+01,0.000000000000000000e+00,3.394561889970470503e+01,-1.258634062555497479e+01,0.000000000000000000e+00,4.316775299147039391e+01,1.228594422946014575e+01,9.810000000000000497e+00
1.533837138020725521e-01,3.287906017622721500e-02,2.273349727406386578e-01,0.000000000000000000e+00,1.279077162877149787e+00,3.407246839557133367e+00,0.000000000000000000e+00,4.368987204961174342e+01,1.185694078326410406e+01,9.810000000000000497e+00,1.297364966105385975e+03,-1.072954376136440260e+03,-1.818989403545856476e-12,3.514509384350439358e-01,9.362063009150959347e-01,0.000000000000000000e+00,9.362063009150959347e-01,-3.514509384350439358e-01,0.000000000000000000e+00,0.000000000000000000e+00,0.000000000000000000e+00,-1.000000000000000222e+00,2.773467419806943113e+00,9.297771361992628769e+00,2.476770206483385195e+01,0.000000000000000000e+00,3.439210068761911288e+01,-1.291076128156974789e+01,0.000000000000000000e+00,4.368987204961174342e+01,1.185694078326410406e+01,9.810000000000000497e+00
1.537850927184905014e-01,3.339599101847837148e-02,2.287035134585387597e-01,0.000000000000000000e+00,1.296718177573133790e+00,3.411918925259717739e+00,0.000000000000000000e+00,4.421269484124274385e+01,1.142178759585076797e+01,9.810000000000000497e+00,1.307668557299017266e+03,-1.095549966293046964e+03,0.000000000000000000e+00,3.552630036987032280e-01,9.347663869668053627e-01,0.000000000000000000e+00,9.347663869668053627e-01,-3.552630036987032280e-01,0.000000000000000000e+00,0.000000000000000000e+00,0.000000000000000000e+00,-1.000000000000000000e+00,2.797547777289400184e+00,9.373201499531626624e+00,2.466272482304354696e+01,0.000000000000000000e+00,3.483949334171111900e+01,-1.324093722719277899e+01,0.000000000000000000e+00,4.421269484124274385e+01,1.142178759585076797e+01,9.810000000000000497e+00
1.541838109073513097e-01,3.391654712565213281e-02,2.300648036465937074e-01,0.000000000000000000e+00,1.314450828060191201e+00,3.416385307226248891e+00,0.000000000000000000e+00,4.473610681740128570e+01,1.098045491320288214e+01,9.810000000000000497e+00,1.317696898925205460e+03,-1.118418904762656894e+03,1.818989403545856476e-12,3.590877099579628529e-01,9.333038179270167767e-01,0.000000000000000000e+00,9.333038179270167767e-01,-3.590877099579628529e-01,0.000000000000000000e+00,0.000000000000000000e+00,0.000000000000000000e+00,-1.000000000000000000e+00,2.821711169287831389e+00,9.448418754235499151e+00,2.455735758189423734e+01,0.000000000000000000e+00,3.528768806316578832e+01,-1.357690266869135520e+01,0.000000000000000000e+00,4.473610681740128570e+01,1.098045491320288214e+01,9.810000000000000497e+00
1.545799050025563059e-01,3.444071886889078782e-02,2.314188625625187845e-01,0.000000000000000000e+00,1.332274186560865381e+00,3.420646259639517073e+00,0.000000000000000000e+00,4.525999057648764534e+01,1.053291487731204867e+01,9.810000000000000497e+00,1.327436125918888138e+03,-1.141556801504570103e+03,1.818989403545856476e-12,3.629248719337277995e-01,9.318184036237358026e-01,0.000000000000000000e+00,9.318184036237358026e-01,-3.629248719337277995e-01,0.000000000000000000e+00,0.000000000000000000e+00,0.000000000000000000e+00,-1.000000000000000222e+00,2.845953899603632653e+00,9.523417280224023784e+00,2.445160465255054660e+01,0.000000000000000000e+00,3.573657329626362156e+01,-1.391868977523849793e+01,0.000000000000000000e+00,4.525999057648764534e+01,1.053291487731204867e+01,9.810000000000000497e+00
1.549734111375553058e-01,3.496849661933663922e-02,2.327657094640293578e-01,0.000000000000000000e+00,1.350187303892021795e+00,3.424702042954886672e+00,0.000000000000000000e+00,4.578422586483283396e+01,1.007914162455121421e+01,9.810000000000000497e+00,1.336872666719056724e+03,-1.164959272252230221e+03,0.000000000000000000e+00,3.667742989299263012e-01,9.303099556838361206e-01,0.000000000000000000e+00,9.303099556838361206e-01,-3.667742989299263012e-01,0.000000000000000000e+00,0.000000000000000000e+00,0.000000000000000000e+00,-1.000000000000000000e+00,2.870272159606564344e+00,9.598191135848470168e+00,2.434547021502767805e+01,0.000000000000000000e+00,3.618603472898436024e+01,-1.426632859047646384e+01,0.000000000000000000e+00,4.578422586483283396e+01,1.007914162455121421e+01,9.810000000000000497e+00
1.553643645393564532e-01,3.549987074813201748e-02,2.341053636088410439e-01,0.000000000000000000e+00,1.368189205116951301e+00,3.428552894622951097e+00,0.000000000000000000e+00,4.630868939358317249e+01,9.619111541112197017e+00,9.810000000000000497e+00,1.345996091235640051e+03,-1.188624558416418949e+03,-1.818989403545856476e-12,3.706357947998638602e-01,9.287782876516187391e-01,0.000000000000000000e+00,9.287782876516187391e-01,-3.706357947998638602e-01,0.000000000000000000e+00,0.000000000000000000e+00,0.000000000000000000e+00,-9.999999999999997780e-01,2.894662027642969981e+00,9.672734311937716711e+00,2.423895839850455403e+01,0.000000000000000000e+00,3.663595508164545578e+01,-1.461984685739235701e+01,0.000000000000000000e+00,4.630868939358317249e+01,9.619111541112197017e+00,9.810000000000000497e+00
1.557527971163741309e-01,3.603483162641921145e-02,2.354378442546690986e-01,0.000000000000000000e+00,1.386278865471923361e+00,3.432198971680345601e+00,0.000000000000000000e+00,4.683325374533995955e+01,9.152804296765152614e+00,9.810000000000000497e+00,1.354788235794789216e+03,-1.212543500168143510e+03,0.000000000000000000e+00,3.745091579150855443e-01,9.272232151093572350e-01,0.000000000000000000e+00,9.272232151093572350e-01,-3.745091579150855443e-01,0.000000000000000000e+00,0.000000000000000000e+00,0.000000000000000000e+00,-9.999999999999997780e-01,2.919119468506477855e+00,9.747040901690201764e+00,2.413207370677103469e+01,0.000000000000000000e+00,3.708621284364975423e+01,-1.497926941000588208e+01,0.000000000000000000e+00,4.683325374533995955e+01,9.152804296765152614e+00,9.810000000000000497e+00
1.561387463907669415e-01,3.657336962534051689e-02,2.367631706592289442e-01,0.000000000000000000e+00,1.404455296648297935e+00,3.435640567464409045e+00,0.000000000000000000e+00,4.735779140955207822e+01,8.680199561936397856e+00,9.810000000000000497e+00,1.363230878830123402e+03,-1.236706686481498764e+03,-1.818989403545856476e-12,3.783941811369559427e-01,9.256445557997370344e-01,0.000000000000000000e+00,9.256445557997370344e-01,-3.783941811369559427e-01,0.000000000000000000e+00,0.000000000000000000e+00,0.000000000000000000e+00,-9.999999999999998890e-01,2.943640333040664636e+00,9.821104489811995464e+00,2.402481950335405614e+01,0.000000000000000000e+00,3.753668691974008453e+01,-1.534461994141765828e+01,0.000000000000000000e+00,4.735779140955207822e+01,8.680199561936397856e+00,9.810000000000000497e+00
1.565222466015186720e-01,3.711547511603825039e-02,2.380813620802358921e-01,0.000000000000000000e+00,1.422717460633404096e+00,3.438877896169049375e+00,0.000000000000000000e+00,4.788217079797831843e+01,8.201280449191260757e+00,9.810000000000000497e+00,1.371317722937317740e+03,-1.261115350755722829e+03,0.000000000000000000e+00,3.822906517910750201e-01,9.240421297501294484e-01,0.000000000000000000e+00,9.240421297501294484e-01,-3.822906517910750201e-01,0.000000000000000000e+00,0.000000000000000000e+00,0.000000000000000000e+00,-1.000000000000000000e+00,2.968220357820338773e+00,9.894918754328271504e+00,2.391719953552747313e+01,0.000000000000000000e+00,3.798725204365004515e+01,-1.571591908633621237e+01,0.000000000000000000e+00,4.788217079797831843e+01,8.201280449191260757e+00,9.810000000000000497e+00
1.569033272509147425e-01,3.766113846965468692e-02,2.393924377754053090e-01,0.000000000000000000e+00,1.441064253812665674e+00,3.441911060371867226e+00,0.000000000000000000e+00,4.840625555868218299e+01,7.716034258867630058e+00,9.810000000000000497e+00,1.379032502720008779e+03,-1.285761011612505172e+03,-1.818989403545856476e-12,3.861983516445829379e-01,9.224157593986602732e-01,0.000000000000000000e+00,9.224157593986602732e-01,-3.861983516445829379e-01,0.000000000000000000e+00,0.000000000000000000e+00,0.000000000000000000e+00,-1.000000000000000000e+00,2.992855164940606549e+00,9.968477589212975332e+00,2.380921820703319725e+01,0.000000000000000000e+00,3.843777796946920944e+01,-1.609318394816556719e+01,0.000000000000000000e+00,4.840625555868218299e+01,7.716034258867630058e+00,9.810000000000000497e+00
1.572820228991636815e-01,3.821035005733217083e-02,2.406964170024527283e-01,0.000000000000000000e+00,1.459494603406970237e+00,3.444740286130555607e+00,0.000000000000000000e+00,4.892990906603090195e+01,7.224448759051075086e+00,9.810000000000000497e+00,1.386355588935242849e+03,-1.310631767335606128e+03,-1.818989403545856476e-12,3.901170568865494070e-01,9.207652697219725901e-01,0.000000000000000000e+00,9.207652697219725901e-01,-3.901170568865494070e-01,0.000000000000000000e+00,0.000000000000000000e+00,0.000000000000000000e+00,-1.000000000000000222e+00,3.017540261893953524e+00,1.004177440790469156e+01,2.370087889766492140e+01,0.000000000000000000e+00,3.888813465812621217e+01,-1.647643013861384631e+01,0.000000000000000000e+00,4.892990906603090195e+01,7.224448759051075086e+00,9.810000000000000497e+00
1.576583662109321549e-01,3.876310025021299094e-02,2.419933190190935168e-01,0.000000000000000000e+00,1.478007398827919872e+00,3.447365756608215648e+00,0.000000000000000000e+00,4.945299128018662316e+01,6.726514978638892472e+00,9.810000000000000497e+00,1.393278152269063867e+03,-1.335725722819597650e+03,0.000000000000000000e+00,3.940465381114255927e-01,9.190904883646662249e-01,0.000000000000000000e+00,9.190904883646662249e-01,-3.940465381114255927e-01,0.000000000000000000e+00,0.000000000000000000e+00,0.000000000000000000e+00,-9.999999999999997780e-01,3.042271041541706023e+00,1.011480263365506715e+01,2.359218516887331418e+01,0.000000000000000000e+00,3.933818864653155600e+01,-1.686567019023442171e+01,0.000000000000000000e+00,4.945299128018662316e+01,6.726514978638892472e+00,9.810000000000000497e+00
1.580323858752795685e-01,3.931937941943944997e-02,2.432831630830430969e-01,0.000000000000000000e+00,1.496601469637135251e+00,3.449787564678593821e+00,0.000000000000000000e+00,4.997535778868363820e+01,6.222228199263366122e+00,9.810000000000000497e+00,1.399782764423332992e+03,-1.361031974593769519e+03,-1.818989403545856476e-12,3.979865603057747836e-01,9.173912457702971812e-01,0.000000000000000000e+00,9.173912457702971812e-01,-3.979865603057747836e-01,0.000000000000000000e+00,0.000000000000000000e+00,0.000000000000000000e+00,-1.000000000000000000e+00,3.067042782201235607e+00,1.018755586759474951e+01,2.348314114312477230e+01,0.000000000000000000e+00,3.978780192108888514e+01,-1.726091294386140618e+01,0.000000000000000000e+00,4.997535778868363820e+01,6.222228199263366122e+00,9.810000000000000497e+00
1.584041155857849048e-01,3.987917793615384371e-02,2.445659684520167243e-01,0.000000000000000000e+00,1.515275676098698510e+00,3.452005925438986544e+00,0.000000000000000000e+00,5.049686399949455051e+01,5.711584415217984656e+00,9.810000000000000497e+00,1.405852661098513636e+03,-1.386540137375785889e+03,0.000000000000000000e+00,4.019368828382975933e-01,9.156673753138924177e-01,0.000000000000000000e+00,9.156673753138924177e-01,-4.019368828382975933e-01,0.000000000000000000e+00,0.000000000000000000e+00,0.000000000000000000e+00,-1.000000000000000222e+00,3.091850647830639787e+00,1.026002721707997623e+01,2.337374994345147883e+01,0.000000000000000000e+00,4.023683678241457784e+01,-1.766216552823349417e+01,0.000000000000000000e+00,5.049686399949455051e+01,5.711584415217984656e+00,9.810000000000000497e+00
1.587735846418286689e-01,4.044248617149846098e-02,2.458417543837297659e-01,0.000000000000000000e+00,1.534028813756661114e+00,3.454020955278999772e+00,0.000000000000000000e+00,5.101736081777030307e+01,5.194584253367874993e+00,9.810000000000000497e+00,1.411478227828658419e+03,-1.412246477695662179e+03,0.000000000000000000e+00,4.058972594533113432e-01,9.139187134358783826e-01,0.000000000000000000e+00,9.139187134358783826e-01,-4.058972594533113432e-01,0.000000000000000000e+00,0.000000000000000000e+00,0.000000000000000000e+00,-1.000000000000000000e+00,3.116689688379891798e+00,1.033221000271828238e+01,2.326401534553788153e+01,0.000000000000000000e+00,4.068515081505201891e+01,-1.806943109217000654e+01,0.000000000000000000e+00,5.101736081777030307e+01,5.194584253367874993e+00,9.810000000000000497e+00
1.591408215181948360e-01,4.100929449661564613e-02,2.471105401358978104e-01,0.000000000000000000e+00,1.552859648874175047e+00,3.455832757411575251e+00,0.000000000000000000e+00,5.153669632817352664e+01,4.671231654769055552e+00,9.810000000000000497e+00,1.416638974394882098e+03,-1.438135479751555067e+03,0.000000000000000000e+00,4.098674382678699213e-01,9.121450997772962976e-01,0.000000000000000000e+00,9.121450997772962976e-01,-4.098674382678699213e-01,0.000000000000000000e+00,0.000000000000000000e+00,0.000000000000000000e+00,-1.000000000000000000e+00,3.141554840216802091e+00,1.040409749923423455e+01,2.315394116604473140e+01,0.000000000000000000e+00,4.113259882893929387e+01,-1.848270951127567585e+01,0.000000000000000000e+00,5.153669632817352664e+01,4.671231654769055552e+00,9.810000000000000497e+00
1.595058588715525250e-01,4.157959328264768800e-02,2.483723449662361416e-01,0.000000000000000000e+00,1.571766970491101700e+00,3.457441538185129115e+00,0.000000000000000000e+00,5.205471820457148624e+01,4.141531834919721433e+00,9.810000000000000497e+00,1.421320107416177052e+03,-1.464197324451051827e+03,-1.818989403545856476e-12,4.138471617724213125e-01,9.103463773163000816e-01,0.000000000000000000e+00,9.103463773163000816e-01,-4.138471617724213125e-01,0.000000000000000000e+00,0.000000000000000000e+00,0.000000000000000000e+00,-1.000000000000000000e+00,3.166440926640134101e+00,1.047568253502214475e+01,2.304353038167568712e+01,0.000000000000000000e+00,4.157903566954934149e+01,-1.890199854675596569e+01,0.000000000000000000e+00,5.205471820457148624e+01,4.141531834919721433e+00,9.810000000000000497e+00
1.598687241611456977e-01,4.215337290073688931e-02,2.496271881324601816e-01,0.000000000000000000e+00,1.590749492914813601e+00,3.458847390178740877e+00,0.000000000000000000e+00,5.257126934387862605e+01,3.605495349482769285e+00,9.810000000000000497e+00,1.425513637232041219e+03,-1.490428890845759270e+03,1.818989403545856476e-12,4.178361668352328917e-01,9.085223925057871464e-01,0.000000000000000000e+00,9.085223925057871464e-01,-4.178361668352328917e-01,0.000000000000000000e+00,0.000000000000000000e+00,0.000000000000000000e+00,-1.000000000000000222e+00,3.191342658597760007e+00,1.054695823616243011e+01,2.293278679764328842e+01,0.000000000000000000e+00,4.202431110771619416e+01,-1.932729144816051914e+01,0.000000000000000000e+00,5.257126934387862605e+01,3.605495349482769285e+00,9.810000000000000497e+00
1.602294437325982590e-01,4.273062372202553888e-02,2.508750888922853250e-01,0.000000000000000000e+00,1.609805897163635979e+00,3.460050388789810416e+00,0.000000000000000000e+00,5.308618982205067027e+01,3.063136516050292357e+00,9.810000000000000497e+00,1.429198692539648619e+03,-1.516812438049063076e+03,1.818989403545856476e-12,4.218341847107584530e-01,9.066729954120227308e-01,0.000000000000000000e+00,9.066729954120227308e-01,-4.218341847107584530e-01,0.000000000000000000e+00,0.000000000000000000e+00,0.000000000000000000e+00,-1.000000000000000000e+00,3.216254635462094669e+00,1.061791771721799194e+01,2.282171433856033005e+01,0.000000000000000000e+00,4.246827210483267834e+01,-1.975857782251003769e+01,0.000000000000000000e+00,5.308618982205067027e+01,3.063136516050292357e+00,9.810000000000000497e+00
1.605880486671914242e-01,4.331133611765596025e-02,2.521160665034268278e-01,0.000000000000000000e+00,1.628934893051100730e+00,3.461050726223244833e+00,0.000000000000000000e+00,5.359931974581115099e+01,2.514470930395571457e+00,9.810000000000000497e+00,1.432357864529214567e+03,-1.543333593139301229e+03,0.000000000000000000e+00,4.258409410517829397e-01,9.047980398542714298e-01,0.000000000000000000e+00,9.047980398542714298e-01,-4.258409410517829397e-01,0.000000000000000000e+00,0.000000000000000000e+00,0.000000000000000000e+00,-9.999999999999997780e-01,3.241171345964537487e+00,1.068855359369728397e+01,2.271031600805762807e+01,0.000000000000000000e+00,4.291076615211386525e+01,-2.019584507766205661e+01,0.000000000000000000e+00,5.359931974581115099e+01,2.514470930395571457e+00,9.810000000000000497e+00
1.609445663760450951e-01,4.389550045877042839e-02,2.533501402236002509e-01,0.000000000000000000e+00,1.648135130391539249e+00,3.461848519429644888e+00,0.000000000000000000e+00,5.411049532106057569e+01,1.959519215244000634e+00,9.810000000000000497e+00,1.434980388244235655e+03,-1.569984633192824731e+03,0.000000000000000000e+00,4.298561559257838005e-01,9.028973835451669094e-01,0.000000000000000000e+00,9.028973835451669094e-01,-4.298561559257838005e-01,0.000000000000000000e+00,0.000000000000000000e+00,0.000000000000000000e+00,-1.000000000000000000e+00,3.266087169307048566e+00,1.075885867351783531e+01,2.259859539601117362e+01,0.000000000000000000e+00,4.335163664754274038e+01,-2.063907618076717299e+01,0.000000000000000000e+00,5.411049532106057569e+01,1.959519215244000634e+00,9.810000000000000497e+00
1.612990239668667947e-01,4.448310711651129457e-02,2.545773293105209611e-01,0.000000000000000000e+00,1.667405234152630866e+00,3.462443888405455361e+00,0.000000000000000000e+00,5.461955051352560986e+01,1.398305667057861967e+00,9.810000000000000497e+00,1.437051204438190325e+03,-1.596752517792953540e+03,-1.818989403545856476e-12,4.338795438353549860e-01,9.009708882318141487e-01,0.000000000000000000e+00,9.009708882318141487e-01,-4.338795438353549860e-01,0.000000000000000000e+00,0.000000000000000000e+00,0.000000000000000000e+00,-9.999999999999997780e-01,3.290996376324027306e+00,1.082882568668994239e+01,2.248655608697427155e+01,0.000000000000000000e+00,4.379072482683566392e+01,-2.108825041991640958e+01,0.000000000000000000e+00,5.461955051352560986e+01,1.398305667057861967e+00,9.810000000000000497e+00
1.616514482479825265e-01,4.507414646202082681e-02,2.557976530219043809e-01,0.000000000000000000e+00,1.686743804401535929e+00,3.462836957011821148e+00,0.000000000000000000e+00,5.512631712274352225e+01,8.308583461446801266e-01,9.810000000000000497e+00,1.438555363246254274e+03,-1.623623666326084731e+03,3.637978807091712952e-12,4.379108137428180392e-01,8.990184198374930880e-01,0.000000000000000000e+00,8.990184198374930880e-01,-4.379108137428180392e-01,0.000000000000000000e+00,0.000000000000000000e+00,0.000000000000000000e+00,-1.000000000000000000e+00,3.315893130823218904e+00,1.089844728698354714e+01,2.237420166650737841e+01,0.000000000000000000e+00,4.422786983575997510e+01,-2.154334332036269828e+01,0.000000000000000000e+00,5.512631712274352225e+01,8.308583461446801266e-01,9.810000000000000497e+00
1.620018657322921662e-01,4.566860886644133477e-02,2.570111306154657105e-01,0.000000000000000000e+00,1.706149416271287578e+00,3.463027853798477551e+00,0.000000000000000000e+00,5.563062486051181565e+01,2.572091649488754683e-01,9.810000000000000497e+00,1.439478049067009124e+03,-1.650583958767192371e+03,5.456968210637569427e-12,4.419496690991739363e-01,8.970398486038011487e-01,0.000000000000000000e+00,8.970398486038011487e-01,-4.419496690991739363e-01,0.000000000000000000e+00,0.000000000000000000e+00,0.000000000000000000e+00,-9.999999999999997780e-01,3.340771491051856668e+00,1.096771605370648750e+01,2.226153572736035713e+01,0.000000000000000000e+00,4.466290880680532638e+01,-2.200432656241148166e+01,0.000000000000000000e+00,5.563062486051181565e+01,2.572091649488754683e-01,9.810000000000000497e+00
1.623503026411508010e-01,4.626648470091514198e-02,2.582177813489204277e-01,0.000000000000000000e+00,1.725620619947513035e+00,3.463016712832288402e+00,0.000000000000000000e+00,5.613230143519275828e+01,-3.226060263272891859e-01,9.810000000000000497e+00,1.439804605026976787e+03,-1.677618736977854496e+03,0.000000000000000000e+00,4.459958078773733070e-01,8.950350492331622387e-01,0.000000000000000000e+00,8.950350492331622387e-01,-4.459958078773733070e-01,0.000000000000000000e+00,0.000000000000000000e+00,0.000000000000000000e+00,-1.000000000000000000e+00,3.365625411392306976e+00,1.103662449359143771e+01,2.214856187550879696e+01,0.000000000000000000e+00,4.509567694160131879e+01,-2.247116790183608614e+01,0.000000000000000000e+00,5.613230143519275828e+01,-3.226060263272891859e-01,9.810000000000000497e+00
1.626967849081774053e-01,4.686776433658450258e-02,2.594176244799840658e-01,0.000000000000000000e+00,1.745155940677136641e+00,3.462803674529145948e+00,0.000000000000000000e+00,5.663117263982468330e+01,-9.085473559908940899e-01,9.810000000000000497e+00,1.439520554524831823e+03,-1.704712805244588708e+03,0.000000000000000000e+00,4.500489226102965534e-01,8.930039010314072545e-01,0.000000000000000000e+00,8.930039010314072545e-01,-4.500489226102965534e-01,0.000000000000000000e+00,0.000000000000000000e+00,0.000000000000000000e+00,-1.000000000000000000e+00,3.390448744134263226e+00,1.110516504279901895e+01,2.203528373604032708e+01,0.000000000000000000e+00,4.552600759702566080e+01,-2.294383109203122117e+01,0.000000000000000000e+00,5.663117263982468330e+01,-9.085473559908940899e-01,9.810000000000000497e+00
1.630413381829914077e-01,4.747243814459178174e-02,2.606106792663719918e-01,0.000000000000000000e+00,1.764753878797609810e+00,3.462388886489492279e+00,0.000000000000000000e+00,5.712706244370313868e+01,-1.500570848967722526e+00,9.810000000000000497e+00,1.438611627677397337e+03,-1.731850433963686555e+03,-1.818989403545856476e-12,4.541087004330306987e-01,8.909462880505334414e-01,0.000000000000000000e+00,8.909462880505334414e-01,-4.541087004330306987e-01,0.000000000000000000e+00,0.000000000000000000e+00,0.000000000000000000e+00,-1.000000000000000222e+00,3.415235241300855318e+00,1.117333006902459758e+01,2.192170495889663684e+01,0.000000000000000000e+00,4.595373237467853755e+01,-2.342227580786435936e+01,0.000000000000000000e+00,5.712706244370313868e+01,-1.500570848967722526e+00,9.810000000000000497e+00
1.633839878348790076e-01,4.808049649607924747e-02,2.617969649657995168e-01,0.000000000000000000e+00,1.784412909788132273e+00,3.461772504336249501e+00,0.000000000000000000e+00,5.761979309084827605e+01,-2.098628348678722944e+00,9.810000000000000497e+00,1.437063788660219871e+03,-1.759015364660555861e+03,1.818989403545856476e-12,4.581748231297884111e-01,8.888620992313639446e-01,0.000000000000000000e+00,8.888620992313639446e-01,-4.581748231297884111e-01,0.000000000000000000e+00,0.000000000000000000e+00,0.000000000000000000e+00,-1.000000000000000000e+00,3.439978556785151298e+00,1.124111187371535969e+01,2.180782922446797656e+01,0.000000000000000000e+00,4.637868121713291458e+01,-2.390645757314669950e+01,0.000000000000000000e+00,5.761979309084827605e+01,-2.098628348678722944e+00,9.810000000000000497e+00
1.637247589563902705e-01,4.869192976218921637e-02,2.629765008359820078e-01,0.000000000000000000e+00,1.804131484343735936e+00,3.460954692554275347e+00,0.000000000000000000e+00,5.810918520222962513e+01,-2.702667441353678868e+00,9.810000000000000497e+00,1.434864445583210909e+03,-1.786192476560349860e+03,0.000000000000000000e+00,4.622469671856487272e-01,8.867512285459039356e-01,0.000000000000000000e+00,8.867512285459039356e-01,-4.622469671856487272e-01,0.000000000000000000e+00,0.000000000000000000e+00,0.000000000000000000e+00,-1.000000000000000222e+00,3.464672248565315194e+00,1.130850269439956257e+01,2.169366024903755985e+01,0.000000000000000000e+00,4.680068250783006079e+01,-2.439632769039123872e+01,0.000000000000000000e+00,5.810918520222962513e+01,-2.702667441353678868e+00,9.810000000000000497e+00
1.640636755152645732e-01,4.930672831406398421e-02,2.641493061346347759e-01,0.000000000000000000e+00,1.823908018784023755e+00,3.459935606954161358e+00,0.000000000000000000e+00,5.859505746407842963e+01,-3.312630962726142769e+00,9.810000000000000497e+00,1.432003320412739413e+03,-1.813369101948646858e+03,-1.818989403545856476e-12,4.663248038428909337e-01,8.846135751393878754e-01,0.000000000000000000e+00,8.846135751393878754e-01,-4.663248038428909337e-01,0.000000000000000000e+00,0.000000000000000000e+00,0.000000000000000000e+00,-1.000000000000000222e+00,3.489309781106639363e+00,1.137549478963865646e+01,2.157920194661577185e+01,0.000000000000000000e+00,4.721956267443977140e+01,-2.489183290934191461e+01,0.000000000000000000e+00,5.859505746407842963e+01,-3.312630962726142769e+00,9.810000000000000497e+00
1.644007597512877616e-01,4.992488252284586758e-02,2.653154001194735212e-01,0.000000000000000000e+00,1.843740887948942531e+00,3.458715382980983577e+00,0.000000000000000000e+00,5.907722643656487094e+01,-3.928456604671445973e+00,9.810000000000000497e+00,1.428462360911958967e+03,-1.840520552999870233e+03,1.818989403545856476e-12,4.704079991623580925e-01,8.824490434716709686e-01,0.000000000000000000e+00,8.824490434716709686e-01,-4.704079991623580925e-01,0.000000000000000000e+00,0.000000000000000000e+00,0.000000000000000000e+00,-1.000000000000000222e+00,3.513884527903055055e+00,1.144208050652436093e+01,2.146445854723517499e+01,0.000000000000000000e+00,4.763514593004050823e+01,-2.539291515190662096e+01,0.000000000000000000e+00,5.907722643656487094e+01,-3.928456604671445973e+00,9.810000000000000497e+00
1.647360385934750204e-01,5.054638275967713451e-02,2.664748020482133328e-01,0.000000000000000000e+00,1.863628498674035683e+00,3.457294274326535355e+00,0.000000000000000000e+00,5.955550983116383890e+01,-4.550080046948838941e+00,9.810000000000000497e+00,1.424225498094456270e+03,-1.867624102856105310e+03,0.000000000000000000e+00,4.744962140894777303e-01,8.802575434580225400e-01,0.000000000000000000e+00,8.802575434580225400e-01,-4.744962140894777303e-01,0.000000000000000000e+00,0.000000000000000000e+00,0.000000000000000000e+00,-1.000000000000000000e+00,3.538389774065193727e+00,1.150825165486526203e+01,2.134943342097587404e+01,0.000000000000000000e+00,4.804725817629857687e+01,-2.589951346792471298e+01,0.000000000000000000e+00,5.955550983116383890e+01,-4.550080046948838941e+00,9.810000000000000497e+00
1.650695360779016740e-01,5.117121939570013628e-02,2.676275311785697442e-01,0.000000000000000000e+00,1.883569203801191083e+00,3.455672489846520090e+00,0.000000000000000000e+00,6.002972290144749223e+01,-5.177431156352643171e+00,9.810000000000000497e+00,1.419290389597488684e+03,-1.894675888860349005e+03,0.000000000000000000e+00,4.785891045251740583e-01,8.780389906090684260e-01,0.000000000000000000e+00,8.780389906090684260e-01,-4.785891045251740583e-01,0.000000000000000000e+00,0.000000000000000000e+00,0.000000000000000000e+00,-9.999999999999997780e-01,3.562818719236941156e+00,1.157400024237355751e+01,2.123413047650825192e+01,0.000000000000000000e+00,4.845572265907393472e+01,-2.641156163286089509e+01,0.000000000000000000e+00,6.002972290144749223e+01,-5.177431156352643171e+00,9.810000000000000497e+00
1.654012713133933832e-01,5.179938280205716172e-02,2.687736067682581220e-01,0.000000000000000000e+00,1.903561277783797356e+00,3.453850152879059721e+00,0.000000000000000000e+00,6.049967754765045669e+01,-5.810432814859332495e+00,9.810000000000000497e+00,1.413640401013049996e+03,-1.921649668957883478e+03,1.818989403545856476e-12,4.826863214019315174e-01,8.757933061695957200e-01,0.000000000000000000e+00,8.757933061695957200e-01,-4.826863214019315174e-01,0.000000000000000000e+00,0.000000000000000000e+00,0.000000000000000000e+00,-1.000000000000000000e+00,3.587164480622421436e+00,1.163931870209656161e+01,2.111855454711040636e+01,0.000000000000000000e+00,4.886035884555389686e+01,-2.692898736196973886e+01,0.000000000000000000e+00,6.049967754765045669e+01,-5.810432814859332495e+00,9.810000000000000497e+00
1.657312710861521821e-01,5.243086334989047886e-02,2.699130480749938332e-01,0.000000000000000000e+00,1.923603062877101699e+00,3.451827569446331623e+00,0.000000000000000000e+00,6.096518868273150105e+01,-6.449007293268689267e+00,9.810000000000000497e+00,1.407259014494033181e+03,-1.948518917506335129e+03,-1.818989403545856476e-12,4.867875107647073318e-01,8.735204172562309743e-01,0.000000000000000000e+00,8.735204172562309743e-01,-4.867875107647073318e-01,0.000000000000000000e+00,0.000000000000000000e+00,0.000000000000000000e+00,-9.999999999999998890e-01,3.611420096066126462e+00,1.170419862385811172e+01,2.100270906601818410e+01,0.000000000000000000e+00,4.926099005887338933e+01,-2.745171635928687337e+01,0.000000000000000000e+00,6.096518868273150105e+01,-6.449007293268689267e+00,9.810000000000000497e+00
1.660595574740410529e-01,5.306565141034245980e-02,2.710458743564923001e-01,0.000000000000000000e+00,1.943692826154618691e+00,3.449604965730225903e+00,0.000000000000000000e+00,6.142606823976771580e+01,-7.093069904143163740e+00,9.810000000000000497e+00,1.400143350429061684e+03,-1.975276370341691290e+03,1.818989403545856476e-12,4.908923138568408451e-01,8.712202569937621544e-01,0.000000000000000000e+00,8.712202569937621544e-01,-4.908923138568408451e-01,0.000000000000000000e+00,0.000000000000000000e+00,0.000000000000000000e+00,-1.000000000000000000e+00,3.635578527403624527e+00,1.176863200189522374e+01,2.088659835922034347e+01,0.000000000000000000e+00,4.965743623787248850e+01,-2.797966826336350721e+01,0.000000000000000000e+00,6.142606823976771580e+01,-7.093069904143163740e+00,9.810000000000000497e+00
1.663861507267953010e-01,5.370373735455533787e-02,2.721721048704689450e-01,0.000000000000000000e+00,1.963828792377185994e+00,3.447182551240025816e+00,0.000000000000000000e+00,6.188212672761545718e+01,-7.742530368407827268e+00,9.810000000000000497e+00,1.392277120039958390e+03,-2.001892474246646088e+03,0.000000000000000000e+00,4.950003672111215614e-01,8.688927646498471047e-01,0.000000000000000000e+00,8.688927646498471047e-01,-4.950003672111215614e-01,0.000000000000000000e+00,0.000000000000000000e+00,0.000000000000000000e+00,-9.999999999999997780e-01,3.659632663933699792e+00,1.183261096211314367e+01,2.077022712088521317e+01,0.000000000000000000e+00,5.004951576550231351e+01,-2.851275748929304044e+01,0.000000000000000000e+00,6.188212672761545718e+01,-7.742530368407827268e+00,9.810000000000000497e+00
1.667110764376300014e-01,5.434511155367146434e-02,2.732917588746390791e-01,0.000000000000000000e+00,1.984009229065170521e+00,3.444560668613005028e+00,0.000000000000000000e+00,6.233317693847021701e+01,-8.397296566524239836e+00,9.810000000000000497e+00,1.383652490684646182e+03,-2.028350972155276395e+03,0.000000000000000000e+00,4.991113027458181639e-01,8.665378857680559044e-01,0.000000000000000000e+00,8.665378857680559044e-01,-4.991113027458181639e-01,0.000000000000000000e+00,0.000000000000000000e+00,0.000000000000000000e+00,-1.000000000000000000e+00,3.683575325999052463e+00,1.189612700740493345e+01,2.065359908524193600e+01,0.000000000000000000e+00,5.043704993106528178e+01,-2.905089565176617583e+01,0.000000000000000000e+00,6.233317693847021701e+01,-8.397296566524239836e+00,9.810000000000000497e+00
1.670343525418767350e-01,5.498976437883313501e-02,2.744048556267181804e-01,0.000000000000000000e+00,2.004232293067575998e+00,3.441739524101952163e+00,0.000000000000000000e+00,6.277902763053564428e+01,-9.057267628430821560e+00,9.810000000000000497e+00,1.374259916970215272e+03,-2.054630098382584038e+03,1.818989403545856476e-12,5.032247478657940754e-01,8.641555722989974209e-01,0.000000000000000000e+00,8.641555722989974209e-01,-5.032247478657940754e-01,0.000000000000000000e+00,0.000000000000000000e+00,0.000000000000000000e+00,-9.999999999999997780e-01,3.707399268790848801e+00,1.195917239526714049e+01,2.053671944649788372e+01,0.000000000000000000e+00,5.081985523526850557e+01,-2.959398707492870528e+01,0.000000000000000000e+00,6.277902763053564428e+01,-9.057267628430821560e+00,9.810000000000000497e+00
1.673560040587714626e-01,5.563768620118262481e-02,2.755114143844215047e-01,0.000000000000000000e+00,2.024496205756738831e+00,3.438719493678384698e+00,0.000000000000000000e+00,6.321949101100500457e+01,-9.722341742437464518e+00,9.810000000000000497e+00,1.364087170352533576e+03,-2.080703656718113052e+03,0.000000000000000000e+00,5.073403255687525260e-01,8.617457827293338868e-01,0.000000000000000000e+00,8.617457827293338868e-01,-5.073403255687525260e-01,0.000000000000000000e+00,0.000000000000000000e+00,0.000000000000000000e+00,-1.000000000000000000e+00,3.731097186275782907e+00,1.202173857161035642e+01,2.041959212200626084e+01,0.000000000000000000e+00,5.119775243939464815e+01,-3.014193386444372535e+01,0.000000000000000000e+00,6.321949101100500457e+01,-9.722341742437464518e+00,9.810000000000000497e+00
1.676760506054010835e-01,5.628886739186228505e-02,2.766114544054646407e-01,0.000000000000000000e+00,2.044799104776233722e+00,3.435500865991116370e+00,0.000000000000000000e+00,6.365437667576271963e+01,-1.039240945182880793e+01,9.810000000000000497e+00,1.353131036895167199e+03,-2.106558721673396576e+03,1.818989403545856476e-12,5.114576545565061583e-01,8.593084822085474972e-01,0.000000000000000000e+00,8.593084822085474972e-01,-5.114576545565061583e-01,0.000000000000000000e+00,0.000000000000000000e+00,0.000000000000000000e+00,-1.000000000000000000e+00,3.754661715270978473e+00,1.208381751380234448e+01,2.030222207950815871e+01,0.000000000000000000e+00,5.157055916196037515e+01,-3.069463153133696665e+01,0.000000000000000000e+00,6.365437667576271963e+01,-1.039240945182880793e+01,9.810000000000000497e+00
1.679945127591099263e-01,5.694329832201436986e-02,2.777049949475628443e-01,0.000000000000000000e+00,2.065139120068848921e+00,3.432083974551989325e+00,0.000000000000000000e+00,6.408349493340530501e+01,-1.106735703256720171e+01,9.810000000000000497e+00,1.341377682525213459e+03,-2.132162304807323380e+03,0.000000000000000000e+00,5.155763493513502160e-01,8.568436426732326527e-01,0.000000000000000000e+00,8.568436426732326527e-01,-5.155763493513502160e-01,0.000000000000000000e+00,0.000000000000000000e+00,0.000000000000000000e+00,-1.000000000000000000e+00,3.778085439660402667e+00,1.214540105330505426e+01,2.018461415721253616e+01,0.000000000000000000e+00,5.193809388010025430e+01,-3.125197118977973787e+01,0.000000000000000000e+00,6.408349493340530501e+01,-1.106735703256720171e+01,9.810000000000000497e+00
1.683114140111844348e-01,5.760096936278121665e-02,2.787920552684315934e-01,0.000000000000000000e+00,2.085514398484754839e+00,3.428469236965917766e+00,0.000000000000000000e+00,6.450665794156138588e+01,-1.174706760089480539e+01,9.810000000000000497e+00,1.328823451928270515e+03,-2.157499111188870302e+03,-1.818989403545856476e-12,5.196960204174196907e-01,8.543512429687786236e-01,0.000000000000000000e+00,8.543512429687786236e-01,-5.196960204174196907e-01,0.000000000000000000e+00,0.000000000000000000e+00,0.000000000000000000e+00,-1.000000000000000000e+00,3.801360894764546305e+00,1.220648064977654101e+01,2.006677270115454448e+01,0.000000000000000000e+00,5.230017729178484132e+01,-3.181384030204934987e+01,0.000000000000000000e+00,6.450665794156138588e+01,-1.174706760089480539e+01,9.810000000000000497e+00
1.686267715990809046e-01,5.826187088530512120e-02,2.798726546257861991e-01,0.000000000000000000e+00,2.105922992688824547e+00,3.424656970906016173e+00,0.000000000000000000e+00,6.492367530049961033e+01,-1.243141600879349795e+01,9.810000000000000497e+00,1.315463406556096743e+03,-2.182549028573223040e+03,0.000000000000000000e+00,5.238162742871222965e-01,8.518312689681907246e-01,0.000000000000000000e+00,8.518312689681907246e-01,-5.238162742871222965e-01,0.000000000000000000e+00,0.000000000000000000e+00,0.000000000000000000e+00,-9.999999999999997780e-01,3.824480571840493948e+00,1.226704842898565317e+01,1.994870328146654970e+01,0.000000000000000000e+00,5.265662687151395005e+01,-3.238011929026004765e+01,0.000000000000000000e+00,6.492367530049961033e+01,-1.243141600879349795e+01,9.810000000000000497e+00
1.689406072525698188e-01,5.892599326072840010e-02,2.809468122773420284e-01,0.000000000000000000e+00,2.126362992246175310e+00,3.420647611477599881e+00,0.000000000000000000e+00,6.533435957850903719e+01,-1.312027480933223345e+01,9.810000000000000497e+00,1.301285479243902955e+03,-2.207277331561446772e+03,-1.818989403545856476e-12,5.279367136924639770e-01,8.492837136879533011e-01,0.000000000000000000e+00,8.492837136879533011e-01,-5.279367136924639770e-01,0.000000000000000000e+00,0.000000000000000000e+00,0.000000000000000000e+00,-1.000000000000000222e+00,3.847436922785703928e+00,1.232709597647440702e+01,1.983041068817687247e+01,0.000000000000000000e+00,5.300726360203462662e+01,-3.295068549750910591e+01,0.000000000000000000e+00,6.533435957850903719e+01,-1.312027480933223345e+01,9.810000000000000497e+00
1.692529423136317213e-01,5.959332686019332831e-02,2.820145474808146147e-01,0.000000000000000000e+00,2.146832465062328943e+00,3.416441612927555660e+00,0.000000000000000000e+00,6.573852404852466691e+01,-1.381351157447953781e+01,9.810000000000000497e+00,1.286286559050524374e+03,-2.231664726248622173e+03,1.818989403545856476e-12,5.320569377015170742e-01,8.467085774005623788e-01,0.000000000000000000e+00,8.467085774005623788e-01,-5.320569377015170742e-01,0.000000000000000000e+00,0.000000000000000000e+00,0.000000000000000000e+00,-1.000000000000000222e+00,3.870222364918408431e+00,1.238661488493461249e+01,1.971189984541707574e+01,0.000000000000000000e+00,5.335190916359005087e+01,-3.352541141989661355e+01,0.000000000000000000e+00,6.573852404852466691e+01,-1.381351157447953781e+01,9.810000000000000497e+00
1.695637963633160050e-01,6.026386205484222242e-02,2.830758794939191580e-01,0.000000000000000000e+00,2.167329440729373058e+00,3.412039422516948139e+00,0.000000000000000000e+00,6.613598217607429319e+01,-1.451098810486622170e+01,9.810000000000000497e+00,1.270466120791548747e+03,-2.255696143234352348e+03,1.818989403545856476e-12,5.361765418595469956e-01,8.441058677438141311e-01,0.000000000000000000e+00,8.441058677438141311e-01,-5.361765418595469956e-01,0.000000000000000000e+00,0.000000000000000000e+00,0.000000000000000000e+00,-1.000000000000000000e+00,3.892829285840985420e+00,1.244559692299471543e+01,1.959317607189558430e+01,0.000000000000000000e+00,5.369038525307957599e+01,-3.410416417676180600e+01,0.000000000000000000e+00,6.613598217607429319e+01,-1.451098810486622170e+01,9.810000000000000497e+00
1.698731870360883911e-01,6.093758921581739207e-02,2.841308275743712475e-01,0.000000000000000000e+00,2.187851908265639356e+00,3.407441478487516218e+00,0.000000000000000000e+00,6.652654770614492463e+01,-1.521256030058887987e+01,9.810000000000000497e+00,1.253818533448764356e+03,-2.279343849474844319e+03,-1.818989403545856476e-12,5.402951183350794828e-01,8.414755998264492609e-01,0.000000000000000000e+00,8.414755998264492609e-01,-5.402951183350794828e-01,0.000000000000000000e+00,0.000000000000000000e+00,0.000000000000000000e+00,-1.000000000000000000e+00,3.915250048588717835e+00,1.250403407217059204e+01,1.947424511913633083e+01,0.000000000000000000e+00,5.402251363397432726e+01,-3.468680541972521070e+01,0.000000000000000000e+00,6.652654770614492463e+01,-1.521256030058887987e+01,9.810000000000000497e+00
1.701811348661115553e-01,6.161449871426114000e-02,2.851794109798861943e-01,0.000000000000000000e+00,2.208397877039430579e+00,3.402648305546252416e+00,0.000000000000000000e+00,6.691003725184012296e+01,-1.591808099473806593e+01,9.810000000000000497e+00,1.236337229194832616e+03,-2.302576297200896079e+03,-1.818989403545856476e-12,5.444122560708257730e-01,8.388177963299738860e-01,0.000000000000000000e+00,8.388177963299738860e-01,-5.444122560708257730e-01,0.000000000000000000e+00,0.000000000000000000e+00,0.000000000000000000e+00,-1.000000000000000000e+00,3.937476996743557223e+00,1.256191795329351102e+01,1.935511226604119273e+01,0.000000000000000000e+00,5.434811929854661372e+01,-3.527319326077925865e+01,0.000000000000000000e+00,6.691003725184012296e+01,-1.591808099473806593e+01,9.810000000000000497e+00
1.704876598123981346e-01,6.229458092131576197e-02,2.862216489681793097e-01,0.000000000000000000e+00,2.228965334391576736e+00,3.397660446808678181e+00,0.000000000000000000e+00,6.728626874234038269e+01,-1.662739799587718181e+01,9.810000000000000497e+00,1.218021434898269945e+03,-2.325372468786968966e+03,0.000000000000000000e+00,5.485275409390660828e-01,8.361324876066837941e-01,0.000000000000000000e+00,8.361324876066837941e-01,-5.485275409390660828e-01,0.000000000000000000e+00,0.000000000000000000e+00,0.000000000000000000e+00,-1.000000000000000000e+00,3.959502459713089451e+00,1.261924023767703318e+01,1.923578297193899544e+01,0.000000000000000000e+00,5.466702850466334951e+01,-3.586318096781617726e+01,0.000000000000000000e+00,6.728626874234038269e+01,-1.662739799587718181e+01,9.810000000000000497e+00
1.707927807569294409e-01,6.297782620812358845e-02,2.872575607969660716e-01,0.000000000000000000e+00,2.249552239758960237e+00,3.392478455041566754e+00,0.000000000000000000e+00,6.765506135748545091e+01,-1.734035381612875781e+01,9.810000000000000497e+00,1.198870656314145890e+03,-2.347710220270477294e+03,-1.818989403545856476e-12,5.526405559018394698e-01,8.334197117734292171e-01,0.000000000000000000e+00,8.334197117734292171e-01,-5.526405559018394698e-01,0.000000000000000000e+00,0.000000000000000000e+00,0.000000000000000000e+00,-1.000000000000000000e+00,3.981318758242807121e+00,1.267599271649693904e+01,1.911626297310946754e+01,0.000000000000000000e+00,5.497906864098851543e+01,-3.645661678923822535e+01,0.000000000000000000e+00,6.765506135748545091e+01,-1.734035381612875781e+01,9.810000000000000497e+00
1.710965164133240457e-01,6.366422494582688052e-02,2.882871657239619023e-01,0.000000000000000000e+00,2.270156536615330900e+00,3.387102911047101372e+00,0.000000000000000000e+00,6.801623616216321011e+01,-1.805678624131483900e+01,9.810000000000000497e+00,1.178884106754674576e+03,-2.369564868619134359e+03,0.000000000000000000e+00,5.567508811756525233e-01,8.306795148010660546e-01,0.000000000000000000e+00,8.306795148010660546e-01,-5.567508811756525233e-01,0.000000000000000000e+00,0.000000000000000000e+00,0.000000000000000000e+00,-1.000000000000000000e+00,4.002918209886945355e+00,1.273216719703270883e+01,1.899655811458048760e+01,0.000000000000000000e+00,5.528406896513049418e+01,-3.705334435589532660e+01,0.000000000000000000e+00,6.801623616216321011e+01,-1.805678624131483900e+01,9.810000000000000497e+00
1.713988853281719349e-01,6.435376750556794090e-02,2.893104830068821132e-01,0.000000000000000000e+00,2.290776153143246674e+00,3.381534424251997351e+00,0.000000000000000000e+00,6.836961629026232856e+01,-1.877652838270055824e+01,9.810000000000000497e+00,1.158061859524997999e+03,-2.390911679906090285e+03,0.000000000000000000e+00,5.608580944004871727e-01,8.279119505994910755e-01,0.000000000000000000e+00,8.279119505994910755e-01,-5.608580944004871727e-01,0.000000000000000000e+00,0.000000000000000000e+00,0.000000000000000000e+00,-9.999999999999998890e-01,4.024293134579544073e+00,1.278775550692414065e+01,1.887667435172484787e+01,0.000000000000000000e+00,5.558186078333819324e+01,-3.765320273442540611e+01,0.000000000000000000e+00,6.836961629026232856e+01,-1.877652838270055824e+01,9.810000000000000497e+00
1.716999058823411861e-01,6.504644425848915557e-02,2.903275319034421820e-01,0.000000000000000000e+00,2.311409002929218470e+00,3.375773633277365793e+00,0.000000000000000000e+00,6.871502713084302627e+01,-1.949940873674446351e+01,9.810000000000000497e+00,1.136404868003781303e+03,-2.411725905650695495e+03,0.000000000000000000e+00,5.649617708131206006e-01,8.251170810980117398e-01,0.000000000000000000e+00,8.251170810980117398e-01,-5.649617708131206006e-01,0.000000000000000000e+00,0.000000000000000000e+00,0.000000000000000000e+00,-9.999999999999997780e-01,4.045435860404134054e+00,1.284274949847890746e+01,1.875661775168694589e+01,0.000000000000000000e+00,5.587227763236412414e+01,-3.825602648843140940e+01,0.000000000000000000e+00,6.871502713084302627e+01,-1.949940873674446351e+01,9.810000000000000497e+00
1.719995962922568622e-01,6.574224557573271621e-02,2.913383316713573645e-01,0.000000000000000000e+00,2.332052985681933865e+00,3.369821206488153642e+00,0.000000000000000000e+00,6.905229651480716768e+01,-2.022525125200756690e+01,9.810000000000000497e+00,1.113914980484478292e+03,-2.431982817430773139e+03,0.000000000000000000e+00,5.690614834247187392e-01,8.222949763208203811e-01,0.000000000000000000e+00,8.222949763208203811e-01,-5.690614834247187392e-01,0.000000000000000000e+00,0.000000000000000000e+00,0.000000000000000000e+00,-1.000000000000000000e+00,4.066338729452868783e+00,1.289714105302868496e+01,1.863639449463719444e+01,0.000000000000000000e+00,5.615515546177848449e+01,-3.886164574664476135e+01,0.000000000000000000e+00,6.905229651480716768e+01,-2.022525125200756690e+01,9.810000000000000497e+00
1.722979746111534260e-01,6.644116182844099494e-02,2.923429015683432497e-01,0.000000000000000000e+00,2.352705987972810053e+00,3.363677842521537897e+00,0.000000000000000000e+00,6.938125490078105884e+01,-2.095387540256984948e+01,9.810000000000000497e+00,1.090594951928840601e+03,-2.451657741011782491e+03,0.000000000000000000e+00,5.731568032024975112e-01,8.194457144574578411e-01,0.000000000000000000e+00,8.194457144574578411e-01,-5.731568032024975112e-01,0.000000000000000000e+00,0.000000000000000000e+00,0.000000000000000000e+00,-1.000000000000000000e+00,4.086994103697032976e+00,1.295092208532753908e+01,1.851601087485416741e+01,0.000000000000000000e+00,5.643033281545352509e+01,-3.946988627742401690e+01,0.000000000000000000e+00,6.938125490078105884e+01,-2.095387540256984948e+01,9.810000000000000497e+00
1.725950587303008987e-01,6.714318338775629447e-02,2.933412608521151488e-01,0.000000000000000000e+00,2.373365883998048709e+00,3.357344270793557683e+00,0.000000000000000000e+00,6.970173555987311431e+01,-2.168509626790529055e+01,9.810000000000000497e+00,1.066448461502426653e+03,-2.470726096194302954e+03,-3.637978807091712952e-12,5.772472992552449833e-01,8.165693819281529819e-01,0.000000000000000000e+00,8.165693819281529819e-01,-5.772472992552449833e-01,0.000000000000000000e+00,0.000000000000000000e+00,0.000000000000000000e+00,-1.000000000000000222e+00,4.107394370859887012e+00,1.300408454798654745e+01,1.839547330163508931e+01,0.000000000000000000e+00,5.669765101188656331e+01,-4.008056956954037986e+01,0.000000000000000000e+00,6.970173555987311431e+01,-2.168509626790529055e+01,9.810000000000000497e+00
1.728908663802051493e-01,6.784830062482088975e-02,2.943334287803882621e-01,0.000000000000000000e+00,2.394030536361322348e+00,3.350821251983388205e+00,0.000000000000000000e+00,7.001357476332087515e+01,-2.241872462226150375e+01,9.810000000000000497e+00,1.041480126347567420e+03,-2.489163435952483269e+03,0.000000000000000000e+00,5.813325390224829414e-01,8.136660734439363774e-01,0.000000000000000000e+00,8.136660734439363774e-01,-5.813325390224829414e-01,0.000000000000000000e+00,0.000000000000000000e+00,0.000000000000000000e+00,-9.999999999999998890e-01,4.127531950598092081e+00,1.305662043593814836e+01,1.827478830003489563e+01,0.000000000000000000e+00,5.695695432738272501e+01,-4.069351292229639938e+01,0.000000000000000000e+00,7.001357476332087515e+01,-2.241872462226150375e+01,9.810000000000000497e+00
1.731854151317833990e-01,6.855650391077709738e-02,2.953194246108783450e-01,0.000000000000000000e+00,2.414697796878886749e+00,3.344109578492762580e+00,0.000000000000000000e+00,7.031661196701500671e+01,-2.315456702966864100e+01,9.810000000000000497e+00,1.015695506197123905e+03,-2.506945480740629137e+03,0.000000000000000000e+00,5.854120884676918823e-01,8.107358920609690767e-01,0.000000000000000000e+00,8.107358920609690767e-01,-5.854120884676918823e-01,0.000000000000000000e+00,0.000000000000000000e+00,0.000000000000000000e+00,-1.000000000000000000e+00,4.147399300573228587e+00,1.310852179093849657e+01,1.815396251142445294e+01,0.000000000000000000e+00,5.720809017607651725e+01,-4.130852954109309394e+01,0.000000000000000000e+00,7.031661196701500671e+01,-2.315456702966864100e+01,9.810000000000000497e+00
1.734787223975148007e-01,6.926778361676723395e-02,2.962992676013003202e-01,0.000000000000000000e+00,2.435365507402569296e+00,3.337210074882425825e+00,0.000000000000000000e+00,7.061068999373750898e+01,-2.389242594518830742e+01,9.810000000000000497e+00,9.891011187431140570e+02,-2.524048162107501412e+03,0.000000000000000000e+00,5.894855122744921960e-01,8.077789492296016949e-01,0.000000000000000000e+00,8.077789492296016949e-01,-5.894855122744921960e-01,0.000000000000000000e+00,0.000000000000000000e+00,0.000000000000000000e+00,-9.999999999999998890e-01,4.166988922488076952e+00,1.315978070608161232e+01,1.803300269388244459e+01,0.000000000000000000e+00,5.745090928765590377e+01,-4.192542863907075201e+01,0.000000000000000000e+00,7.061068999373750898e+01,-2.389242594518830742e+01,9.810000000000000497e+00
1.737708054325674822e-01,6.998213011393360217e-02,2.972729770093700541e-01,0.000000000000000000e+00,2.456031500663282685e+00,3.330123598282574537e+00,0.000000000000000000e+00,7.089565521892761524e+01,-2.463209982691832778e+01,9.810000000000000497e+00,9.617056404776958516e+02,-2.540452697512810118e+03,0.000000000000000000e+00,5.935523740464141440e-01,8.047953648374632785e-01,0.000000000000000000e+00,8.047953648374632785e-01,-5.935523740464141440e-01,0.000000000000000000e+00,0.000000000000000000e+00,0.000000000000000000e+00,-1.000000000000000000e+00,4.186293368526576408e+00,1.321038933033832841e+01,1.791191572240801122e+01,0.000000000000000000e+00,5.768526588858928505e+01,-4.254401554932633900e+01,0.000000000000000000e+00,7.089565521892761524e+01,-2.463209982691832778e+01,9.810000000000000497e+00
1.740616798029772094e-01,7.069953377341847700e-02,2.982405720928027471e-01,0.000000000000000000e+00,2.476693580806797357e+00,3.322851011504903251e+00,0.000000000000000000e+00,7.117135701094285594e+01,-2.537338225584126405e+01,9.810000000000000497e+00,9.335172228133451426e+02,-2.556134526258319966e+03,0.000000000000000000e+00,5.976122365099745259e-01,8.017852672465030084e-01,0.000000000000000000e+00,8.017852672465030084e-01,-5.976122365099745259e-01,0.000000000000000000e+00,0.000000000000000000e+00,0.000000000000000000e+00,-1.000000000000000000e+00,4.205305247365075161e+00,1.326034008637549633e+01,1.779070887507946708e+01,0.000000000000000000e+00,5.791101692456736316e+01,-4.316409113092073113e+01,0.000000000000000000e+00,7.117135701094285594e+01,-2.537338225584126405e+01,9.810000000000000497e+00
1.743513627692734047e-01,7.141998496636417504e-02,2.992020721093136548e-01,0.000000000000000000e+00,2.497349568914527307e+00,3.315393244099067438e+00,0.000000000000000000e+00,7.143764954544064949e+01,-2.611606423624693463e+01,9.810000000000000497e+00,9.045432593980513047e+02,-2.571062432479186100e+03,0.000000000000000000e+00,6.016646617200617220e-01,7.987487933244616922e-01,0.000000000000000000e+00,7.987487933244616922e-01,-6.016646617200617220e-01,0.000000000000000000e+00,0.000000000000000000e+00,0.000000000000000000e+00,-1.000000000000000000e+00,4.224017230487914887e+00,1.330962521030867407e+01,1.766938920085890885e+01,0.000000000000000000e+00,5.812802433513198253e+01,-4.378545343710584348e+01,0.000000000000000000e+00,7.143764954544064949e+01,-2.611606423624693463e+01,9.810000000000000497e+00
1.746398720524955928e-01,7.214347406391301287e-02,3.001574963166184773e-01,0.000000000000000000e+00,2.517997287863764644e+00,3.307751269888210111e+00,0.000000000000000000e+00,7.169439137692009467e+01,-2.685993355598111876e+01,9.810000000000000497e+00,8.747944384933070978e+02,-2.585214550945842348e+03,0.000000000000000000e+00,6.057092112688271524e-01,7.956860884696272951e-01,0.000000000000000000e+00,7.956860884696272951e-01,-6.057092112688271524e-01,0.000000000000000000e+00,0.000000000000000000e+00,0.000000000000000000e+00,-1.000000000000000222e+00,4.242422058576671873e+00,1.335823691893498477e+01,1.754796375081140170e+01,0.000000000000000000e+00,5.833615445798511701e+01,-4.440789730679252045e+01,0.000000000000000000e+00,7.169439137692009467e+01,-2.685993355598111876e+01,9.810000000000000497e+00
1.749272242981338155e-01,7.286999143720729322e-02,3.011068639724321927e-01,0.000000000000000000e+00,2.538634542778596792e+00,3.299926080111946991e+00,0.000000000000000000e+00,7.194144487289275958e+01,-2.760477391798686853e+01,9.810000000000000497e+00,8.442835267655609641e+02,-2.598575113723891263e+03,0.000000000000000000e+00,6.097454464965643695e-01,7.925973066297318237e-01,0.000000000000000000e+00,7.925973066297318237e-01,-6.097454464965643695e-01,0.000000000000000000e+00,0.000000000000000000e+00,0.000000000000000000e+00,-9.999999999999997780e-01,4.260512547633334535e+00,1.340616763020704028e+01,1.742643986434208614e+01,0.000000000000000000e+00,5.853527724268572285e+01,-4.503121378232895466e+01,0.000000000000000000e+00,7.194144487289275958e+01,-2.760477391798686853e+01,9.810000000000000497e+00
1.752134349254486079e-01,7.359952745738933266e-02,3.020501943344706119e-01,0.000000000000000000e+00,2.559259119693544804e+00,3.291918681634740995e+00,0.000000000000000000e+00,7.217867632464268013e+01,-2.835036496617018642e+01,9.810000000000000497e+00,8.130237760192248970e+02,-2.611128183182016073e+03,0.000000000000000000e+00,6.137729287051919558e-01,7.894826103142813523e-01,0.000000000000000000e+00,7.894826103142813523e-01,-6.137729287051919558e-01,0.000000000000000000e+00,0.000000000000000000e+00,0.000000000000000000e+00,-1.000000000000000000e+00,4.278281595498321543e+00,1.345340999594552933e+01,1.730482519591365431e+01,0.000000000000000000e+00,5.872526632869715257e+01,-4.565519016208384073e+01,0.000000000000000000e+00,7.217867632464268013e+01,-2.835036496617018642e+01,9.810000000000000497e+00
1.754985185206245635e-01,7.433207249560139229e-02,3.029875066604489353e-01,0.000000000000000000e+00,2.579868791541565454e+00,3.283730104581469966e+00,0.000000000000000000e+00,7.240595630734792110e+01,-2.909648267428129387e+01,9.810000000000000497e+00,7.810263359194796067e+02,-2.622839797675085720e+03,0.000000000000000000e+00,6.177912193740490165e-01,7.863421706002583500e-01,0.000000000000000000e+00,7.863421706002583500e-01,-6.177912193740490165e-01,0.000000000000000000e+00,0.000000000000000000e+00,0.000000000000000000e+00,-1.000000000000000222e+00,4.295722187884066123e+00,1.349995685643711241e+01,1.718312764020245353e+01,0.000000000000000000e+00,5.890599945091081224e+01,-4.627961031448374740e+01,0.000000000000000000e+00,7.240595630734792110e+01,-2.909648267428129387e+01,9.810000000000000497e+00
1.757824938547881966e-01,7.506761692298580257e-02,3.039188202080823631e-01,0.000000000000000000e+00,2.600461386919846518e+00,3.275361488566635337e+00,0.000000000000000000e+00,7.262316220274963996e+01,-2.984290287294837896e+01,9.810000000000000497e+00,7.483046127193520078e+02,-2.633685064907454944e+03,0.000000000000000000e+00,6.217998803769593241e-01,7.831761671317627460e-01,0.000000000000000000e+00,7.831761671317627460e-01,-6.217998803769593241e-01,0.000000000000000000e+00,0.000000000000000000e+00,0.000000000000000000e+00,-9.999999999999997780e-01,4.312827404739557835e+00,1.354580051087099513e+01,1.706135439975315649e+01,0.000000000000000000e+00,5.907736169187864306e+01,-4.690425727270153544e+01,0.000000000000000000e+00,7.262316220274963996e+01,-2.984290287294837896e+01,9.810000000000000497e+00
1.760653764006723521e-01,7.580615111068486622e-02,3.048441542350867617e-01,0.000000000000000000e+00,2.621034690333075456e+00,3.266813953456594088e+00,0.000000000000000000e+00,7.283017482192157388e+01,-3.058939642745453824e+01,9.810000000000000497e+00,7.148768342044058954e+02,-2.643664700221263047e+03,-3.637978807091712952e-12,6.257984742018611879e-01,7.799847881123209703e-01,0.000000000000000000e+00,7.799847881123209703e-01,-6.257984742018611879e-01,0.000000000000000000e+00,0.000000000000000000e+00,0.000000000000000000e+00,-9.999999999999997780e-01,4.329590426607661691e+00,1.359093380459908573e+01,1.693951337505077959e+01,0.000000000000000000e+00,5.923924101732249170e+01,-4.752890980250531783e+01,0.000000000000000000e+00,7.283017482192157388e+01,-3.058939642745453824e+01,9.810000000000000497e+00
1.763471785172871509e-01,7.654766542984087208e-02,3.057635279991769983e-01,0.000000000000000000e+00,2.641586444960845714e+00,3.258088604530658738e+00,0.000000000000000000e+00,7.302687867902173480e+01,-3.133572946615817401e+01,9.810000000000000497e+00,6.807573589894454926e+02,-2.652743240302464983e+03,0.000000000000000000e+00,6.297865641712493412e-01,7.767682302909748593e-01,0.000000000000000000e+00,7.767682302909748593e-01,-6.297865641712493412e-01,0.000000000000000000e+00,0.000000000000000000e+00,0.000000000000000000e+00,-1.000000000000000000e+00,4.346004540557214746e+00,1.363535012733797913e+01,1.681761312540502828e+01,0.000000000000000000e+00,5.939152855168376277e+01,-4.815334259156320229e+01,0.000000000000000000e+00,7.302687867902173480e+01,-3.133572946615817401e+01,9.810000000000000497e+00
1.766279198545753770e-01,7.729215025159619223e-02,3.066769607580689394e-01,0.000000000000000000e+00,2.662114495318285368e+00,3.249186708108268373e+00,0.000000000000000000e+00,7.321316697527444717e+01,-3.208167063754338244e+01,9.810000000000000497e+00,6.459622205037012463e+02,-2.660898447857172869e+03,-3.637978807091712952e-12,6.337637146640372476e-01,7.735266989414399941e-01,0.000000000000000000e+00,7.735266989414399941e-01,-6.337637146640372476e-01,0.000000000000000000e+00,0.000000000000000000e+00,0.000000000000000000e+00,-1.000000000000000444e+00,4.362063146558663007e+00,1.367904186365069563e+01,1.669566094215508301e+01,0.000000000000000000e+00,5.953412511162374443e+01,-4.877733157969846189e+01,0.000000000000000000e+00,7.321316697527444717e+01,-3.208167063754338244e+01,9.810000000000000497e+00
1.769076134516456011e-01,7.803959594709303227e-02,3.075844717694776187e-01,0.000000000000000000e+00,2.682616599109013400e+00,3.240109456683816891e+00,0.000000000000000000e+00,7.338893527748911083e+01,-3.282698184445666811e+01,9.810000000000000497e+00,6.105112965419830289e+02,-2.668126289350599109e+03,-3.637978807091712952e-12,6.377294913386591935e-01,7.702604078342174532e-01,0.000000000000000000e+00,7.702604078342174532e-01,-6.377294913386591935e-01,0.000000000000000000e+00,0.000000000000000000e+00,0.000000000000000000e+00,-1.000000000000000000e+00,4.377759763398729298e+00,1.372200246919599387e+01,1.657366542048816882e+01,0.000000000000000000e+00,5.966693280829311874e+01,-4.940064726494483693e+01,0.000000000000000000e+00,7.338893527748911083e+01,-3.282698184445666811e+01,9.810000000000000497e+00
1.771862745080097779e-01,7.878999288747376428e-02,3.084860802911185140e-01,0.000000000000000000e+00,2.703090547556865175e+00,3.230858117214213010e+00,0.000000000000000000e+00,7.355408573730488797e+01,-3.357142439071662210e+01,9.810000000000000497e+00,5.744220858392072842e+02,-2.674394059184713115e+03,0.000000000000000000e+00,6.416834613563668910e-01,7.669695792022730441e-01,0.000000000000000000e+00,7.669695792022730441e-01,-6.416834613563668910e-01,0.000000000000000000e+00,0.000000000000000000e+00,0.000000000000000000e+00,-9.999999999999997780e-01,4.393088034842166145e+00,1.376422516816766262e+01,1.645163483403551652e+01,0.000000000000000000e+00,5.978986056913722535e+01,-5.002305922475213862e+01,0.000000000000000000e+00,7.355408573730488797e+01,-3.357142439071662210e+01,9.810000000000000497e+00
1.774639200233661673e-01,7.954333144388063548e-02,3.093818055807073253e-01,0.000000000000000000e+00,2.723534161936940645e+00,3.221434023838754879e+00,0.000000000000000000e+00,7.370852702815008684e+01,-3.431475896420187865e+01,9.810000000000000497e+00,5.377147318680072203e+02,-2.679697994707312318e+03,0.000000000000000000e+00,6.456251936058732266e-01,7.636544436990979623e-01,0.000000000000000000e+00,7.636544436990979623e-01,-6.456251936058732266e-01,0.000000000000000000e+00,0.000000000000000000e+00,0.000000000000000000e+00,-1.000000000000000000e+00,4.408041735467746136e+00,1.380570299811273038e+01,1.632957720255053857e+01,0.000000000000000000e+00,5.990282403003735823e+01,-5.064433616675241723e+01,0.000000000000000000e+00,7.370852702815008684e+01,-3.431475896420187865e+01,9.810000000000000497e+00
1.777405612323700590e-01,8.029960198745600408e-02,3.102716668959587532e-01,0.000000000000000000e+00,2.743945190231126929e+00,3.211838454058190351e+00,0.000000000000000000e+00,7.385217104453823822e+01,-3.505674056491697854e+01,9.810000000000000497e+00,5.004101229294610675e+02,-2.684012159660378529e+03,0.000000000000000000e+00,6.495542589272111922e-01,7.603152403506858725e-01,0.000000000000000000e+00,7.603152403506858725e-01,-6.495542589272111922e-01,0.000000000000000000e+00,0.000000000000000000e+00,0.000000000000000000e+00,-9.999999999999997780e-01,4.422614776376804890e+00,1.384642998653789370e+01,1.620750168061514884e+01,0.000000000000000000e+00,6.000574105800034630e+01,-5.126424224553213094e+01,0.000000000000000000e+00,7.385217104453823822e+01,-3.505674056491697854e+01,9.810000000000000497e+00
1.780162175170585948e-01,8.105879488934215893e-02,3.111556834945889971e-01,0.000000000000000000e+00,2.764321500203135162e+00,3.202072855897003745e+00,0.000000000000000000e+00,7.398493931677595015e+01,-3.579712840879967928e+01,9.810000000000000497e+00,4.625287211272807326e+02,-2.687327167312934762e+03,0.000000000000000000e+00,6.534702303364192666e-01,7.569522164998706559e-01,0.000000000000000000e+00,7.569522164998706559e-01,-6.534702303364192666e-01,0.000000000000000000e+00,0.000000000000000000e+00,0.000000000000000000e+00,-9.999999999999998890e-01,4.436801211375229315e+00,1.388639899446898163e+01,1.608541599921610299e+01,0.000000000000000000e+00,6.009854032230696674e+01,-5.188254440801578227e+01,0.000000000000000000e+00,7.398493931677595015e+01,-3.579712840879967928e+01,9.810000000000000497e+00
1.782908982496937134e-01,8.182090052068138886e-02,3.120338746343129799e-01,0.000000000000000000e+00,2.784660829225765966e+00,3.192138552905352089e+00,0.000000000000000000e+00,7.410675495179526706e+01,-3.653567342169815646e+01,9.810000000000000497e+00,4.240939871688315179e+02,-2.689625970382010564e+03,-3.637978807091712952e-12,6.573726832499162676e-01,7.535656277437322581e-01,0.000000000000000000e+00,7.535656277437322581e-01,-6.573726832499162676e-01,0.000000000000000000e+00,0.000000000000000000e+00,0.000000000000000000e+00,-1.000000000000000000e+00,4.450595242078683178e+00,1.392560455870824399e+01,1.596332979507829997e+01,0.000000000000000000e+00,6.018115039308702308e+01,-5.249900321677645820e+01,0.000000000000000000e+00,7.410675495179526706e+01,-3.653567342169815646e+01,9.810000000000000497e+00
1.785646231539335660e-01,8.258590925261601046e-02,3.129062595728460128e-01,0.000000000000000000e+00,2.804961067696065236e+00,3.182037072610085282e+00,0.000000000000000000e+00,7.421755184638215042e+01,-3.727213276089999283e+01,9.810000000000000497e+00,3.851276033430767711e+02,-2.690893781107282848e+03,-3.637978807091712952e-12,6.612611957074735480e-01,7.501557378648265884e-01,0.000000000000000000e+00,7.501557378648265884e-01,-6.612611957074735480e-01,0.000000000000000000e+00,0.000000000000000000e+00,0.000000000000000000e+00,-1.000000000000000000e+00,4.463991223685025211e+00,1.396403968987543998e+01,1.584125087806637211e+01,0.000000000000000000e+00,6.025351215650670866e+01,-5.311338363896636139e+01,0.000000000000000000e+00,7.421755184638215042e+01,-3.727213276089999283e+01,9.810000000000000497e+00
1.788374017280050521e-01,8.335381145628829869e-02,3.137728575679039622e-01,0.000000000000000000e+00,2.825219973971395238e+00,3.171769816502281625e+00,0.000000000000000000e+00,7.431726564746972485e+01,-3.800625550598228841e+01,9.810000000000000497e+00,3.456545023641083390e+02,-2.691122424803877948e+03,3.637978807091712952e-12,6.651353485957902656e-01,7.467228187542930273e-01,0.000000000000000000e+00,7.467228187542930273e-01,-6.651353485957902656e-01,0.000000000000000000e+00,0.000000000000000000e+00,0.000000000000000000e+00,-1.000000000000000222e+00,4.476983670521709868e+00,1.400169914072249355e+01,1.571918899180881191e+01,0.000000000000000000e+00,6.031556650674723130e+01,-5.372544449779110209e+01,0.000000000000000000e+00,7.431726564746972485e+01,-3.800625550598228841e+01,9.810000000000000497e+00
1.791092521086155853e-01,8.412459750284059790e-02,3.146336878772016399e-01,0.000000000000000000e+00,2.845435438317567733e+00,3.161338360229102307e+00,0.000000000000000000e+00,7.440584216482675117e+01,-3.873779624079479333e+01,9.810000000000000497e+00,3.056984908201266080e+02,-2.690292049027353642e+03,-7.275957614183425903e-12,6.689947258699182608e-01,7.432671503290272375e-01,0.000000000000000000e+00,7.432671503290272375e-01,-6.689947258699182608e-01,0.000000000000000000e+00,0.000000000000000000e+00,0.000000000000000000e+00,-9.999999999999997780e-01,4.489567260816377470e+00,1.403857639538300006e+01,1.559715236694044549e+01,0.000000000000000000e+00,6.036726576944374756e+01,-5.433494860773524238e+01,0.000000000000000000e+00,7.440584216482675117e+01,-3.873779624079479333e+01,9.810000000000000497e+00
1.793801857977908865e-01,8.489825776341521080e-02,3.154887697584548012e-01,0.000000000000000000e+00,2.865605270592830767e+00,3.150744211662562133e+00,0.000000000000000000e+00,7.448323076166602164e+01,-3.946650441085595418e+01,9.810000000000000497e+00,2.652848313661816064e+02,-2.688403186695097247e+03,0.000000000000000000e+00,6.728389147737006137e-01,7.397890204417398863e-01,0.000000000000000000e+00,7.397890204417398863e-01,-6.728389147737006137e-01,0.000000000000000000e+00,0.000000000000000000e+00,0.000000000000000000e+00,-1.000000000000000222e+00,4.501736842287141549e+00,1.407466613052620374e+01,1.547515050203142728e+01,0.000000000000000000e+00,6.040856463113981079e+01,-5.494165491288737968e+01,0.000000000000000000e+00,7.448323076166602164e+01,-3.946650441085595418e+01,9.810000000000000497e+00
1.796502175253380518e-01,8.567478260915442623e-02,3.163381224693788685e-01,0.000000000000000000e+00,2.885727339256405344e+00,3.139988966026493244e+00,0.000000000000000000e+00,7.454938873622180040e+01,-4.019213157907037726e+01,9.810000000000000497e+00,2.244403736344829667e+02,-2.685431390217388980e+03,0.000000000000000000e+00,6.766675060592061142e-01,7.362887247837048843e-01,0.000000000000000000e+00,7.362887247837048843e-01,-6.766675060592061142e-01,0.000000000000000000e+00,0.000000000000000000e+00,0.000000000000000000e+00,-1.000000000000000000e+00,4.513487436855739610e+00,1.410996262472718854e+01,1.535319236505072560e+01,0.000000000000000000e+00,6.043942611149460475e+01,-5.554532394412110108e+01,0.000000000000000000e+00,7.454938873622180040e+01,-4.019213157907037726e+01,9.810000000000000497e+00
1.799193625678887631e-01,8.645416241120053302e-02,3.171817652676889310e-01,0.000000000000000000e+00,2.905799535068504191e+00,3.129074262723972044e+00,0.000000000000000000e+00,7.460428019868581373e+01,-4.091442975169955787e+01,9.810000000000000497e+00,1.831895338323374745e+02,-2.681385579228721326e+03,0.000000000000000000e+00,6.804800942033916167e-01,7.327665667816342099e-01,0.000000000000000000e+00,7.327665667816342099e-01,-6.804800942033916167e-01,0.000000000000000000e+00,0.000000000000000000e+00,0.000000000000000000e+00,-1.000000000000000000e+00,4.524814245310671446e+00,1.414446018846796171e+01,1.523128688050242729e+01,0.000000000000000000e+00,6.045982001021785379e+01,-5.614571663220198872e+01,0.000000000000000000e+00,7.460428019868581373e+01,-4.091442975169955787e+01,9.810000000000000497e+00
1.801876305335808615e-01,8.723638754069586165e-02,3.180197174111007996e-01,0.000000000000000000e+00,2.925819684096155004e+00,3.118001690689612637e+00,0.000000000000000000e+00,7.464787352803621445e+01,-4.163314708119602869e+01,9.810000000000000497e+00,1.415612664125801530e+02,-2.676248680662029074e+03,0.000000000000000000e+00,6.842762776234805333e-01,7.292228574871699731e-01,0.000000000000000000e+00,7.292228574871699731e-01,-6.842762776234805333e-01,0.000000000000000000e+00,0.000000000000000000e+00,0.000000000000000000e+00,-1.000000000000000000e+00,4.535712652192559702e+00,1.417815421195086500e+01,1.510944404537952401e+01,0.000000000000000000e+00,6.046971931608534589e+01,-5.674259112657555448e+01,0.000000000000000000e+00,7.464787352803621445e+01,-4.163314708119602869e+01,9.810000000000000497e+00
1.804550390039910412e-01,8.802144836878267320e-02,3.188519981573295081e-01,0.000000000000000000e+00,2.945785741669316948e+00,3.106772995866717402e+00,0.000000000000000000e+00,7.468014716781816276e+01,-4.234803800460248624e+01,9.810000000000000497e+00,9.958400643736240454e+01,-2.670003402850677958e+03,0.000000000000000000e+00,6.880556588896939996e-01,7.256579154600801829e-01,0.000000000000000000e+00,7.256579154600801829e-01,-6.880556588896939996e-01,0.000000000000000000e+00,0.000000000000000000e+00,0.000000000000000000e+00,-9.999999999999997780e-01,4.546178229924416669e+00,1.421103888533866844e+01,1.498767246634945494e+01,0.000000000000000000e+00,6.046910828247949610e+01,-5.733571047095194473e+01,0.000000000000000000e+00,7.468014716781816276e+01,-4.234803800460248624e+01,9.810000000000000497e+00
1.807216002632112961e-01,8.880933526660335364e-02,3.196786267640906454e-01,0.000000000000000000e+00,2.965695605698994264e+00,3.095389878600087741e+00,0.000000000000000000e+00,7.470108407955041230e+01,-4.305885382955857210e+01,9.810000000000000497e+00,5.728274777421029285e+01,-2.662667273179380572e+03,0.000000000000000000e+00,6.918178449352346826e-01,7.220720666451290182e-01,0.000000000000000000e+00,7.220720666451290182e-01,-6.918178449352346826e-01,0.000000000000000000e+00,0.000000000000000000e+00,0.000000000000000000e+00,-1.000000000000000000e+00,4.556206743187673602e+00,1.424310942277350378e+01,1.486598174887722656e+01,0.000000000000000000e+00,6.045797465677690496e+01,-5.792483557843579689e+01,0.000000000000000000e+00,7.470108407955041230e+01,-4.305885382955857210e+01,9.810000000000000497e+00
1.809873252744238492e-01,8.960003860530013631e-02,3.204996224890995227e-01,0.000000000000000000e+00,2.985547173598276149e+00,3.083854054991846727e+00,0.000000000000000000e+00,7.471067349235075028e+01,-4.376534582637052040e+01,9.810000000000000497e+00,1.468894309448660351e+01,-2.654221308466178016e+03,7.275957614183425903e-12,6.955624472638524125e-01,7.184656442421728517e-01,0.000000000000000000e+00,7.184656442421728517e-01,-6.955624472638524125e-01,0.000000000000000000e+00,0.000000000000000000e+00,0.000000000000000000e+00,-1.000000000000000000e+00,4.565794152953611906e+00,1.427436141307347484e+01,1.474438177209286138e+01,0.000000000000000000e+00,6.043631207927727900e+01,-5.850972759846337823e+01,0.000000000000000000e+00,7.471067349235075028e+01,-4.376534582637052040e+01,9.810000000000000497e+00
1.812522300770189054e-01,9.039354875601532391e-02,3.213150045900714513e-01,0.000000000000000000e+00,3.005338434606848796e+00,3.072167350717040613e+00,0.000000000000000000e+00,7.470891351945479641e+01,-4.446727017877484656e+01,9.810000000000000497e+00,-2.816704991160077043e+01,-2.644654653162157047e+03,0.000000000000000000e+00,6.992890821539030632e-01,7.148389885703994029e-01,0.000000000000000000e+00,7.148389885703994029e-01,-6.992890821539030632e-01,0.000000000000000000e+00,0.000000000000000000e+00,0.000000000000000000e+00,-9.999999999999997780e-01,4.574936620223418515e+00,1.430478971734509130e+01,1.462288154387159267e+01,0.000000000000000000e+00,6.040412380210970866e+01,-5.909015172264643923e+01,0.000000000000000000e+00,7.470891351945479641e+01,-4.446727017877484656e+01,9.810000000000000497e+00
1.815163274622264566e-01,9.118985608989127467e-02,3.221247923247220202e-01,0.000000000000000000e+00,3.025067352233626661e+00,3.060331576662220776e+00,0.000000000000000000e+00,7.469580776485784668e+01,-4.516438209597062325e+01,9.810000000000000497e+00,-7.126013587589841336e+01,-2.633986032418746618e+03,-3.637978807091712952e-12,7.029973708593715287e-01,7.111924469261545756e-01,0.000000000000000000e+00,7.111924469261545756e-01,-7.029973708593715287e-01,0.000000000000000000e+00,0.000000000000000000e+00,0.000000000000000000e+00,-1.000000000000000000e+00,4.583630509719605506e+00,1.433438989728787760e+01,1.450149068663449903e+01,0.000000000000000000e+00,6.036141786756997618e+01,-5.966587278260512051e+01,0.000000000000000000e+00,7.469580776485784668e+01,-4.516438209597062325e+01,9.810000000000000497e+00
1.817796274082245089e-01,9.198895097807022192e-02,3.229290049507664295e-01,0.000000000000000000e+00,3.044731870998801604e+00,3.048348536563342481e+00,0.000000000000000000e+00,7.467136556776064538e+01,-4.585643632555235172e+01,9.810000000000000497e+00,-1.145579832345829345e+02,-2.622205393012511195e+03,-3.637978807091712952e-12,7.066869398071540243e-01,7.075263734349410694e-01,0.000000000000000000e+00,7.075263734349410694e-01,-7.066869398071540243e-01,0.000000000000000000e+00,0.000000000000000000e+00,0.000000000000000000e+00,-9.999999999999997780e-01,4.591872393216868353e+00,1.436315816174207782e+01,1.438021934864540441e+01,0.000000000000000000e+00,6.030820740601856755e+01,-6.023665567419775613e+01,0.000000000000000000e+00,7.467136556776064538e+01,-4.585643632555235172e+01,9.810000000000000497e+00
1.820421449643578049e-01,9.279082379169451000e-02,3.237276617259202682e-01,0.000000000000000000e+00,3.064330030475831634e+00,3.036220140509211962e+00,0.000000000000000000e+00,7.463560512088307064e+01,-4.654319324472341179e+01,9.810000000000000497e+00,-1.580277382096683141e+02,-2.609301499549954315e+03,3.637978807091712952e-12,7.103574207906105942e-01,7.038411288975029434e-01,0.000000000000000000e+00,7.038411288975029434e-01,-7.103574207906105942e-01,0.000000000000000000e+00,0.000000000000000000e+00,0.000000000000000000e+00,-1.000000000000000000e+00,4.599659052742486764e+00,1.439108998380448767e+01,1.425907680248222142e+01,0.000000000000000000e+00,6.024451513707857941e+01,-6.080227004720563144e+01,0.000000000000000000e+00,7.463560512088307064e+01,-4.654319324472341179e+01,9.810000000000000497e+00
1.823038930160655879e-01,9.359546490190648327e-02,3.245207819078987921e-01,0.000000000000000000e+00,3.083859862641811667e+00,3.023948298928236245e+00,0.000000000000000000e+00,7.458855057085709461e+01,-4.722441372054488085e+01,9.810000000000000497e+00,-2.016408619849826209e+02,-2.595284463198593585e+03,0.000000000000000000e+00,7.140084511590596428e-01,7.001370806302439354e-01,0.000000000000000000e+00,7.001370806302439354e-01,-7.140084511590596428e-01,0.000000000000000000e+00,0.000000000000000000e+00,0.000000000000000000e+00,-1.000000000000000000e+00,4.606987483399198169e+00,1.441818136643634496e+01,1.413807272660043957e+01,0.000000000000000000e+00,6.017036920442074432e+01,-6.136248644714532219e+01,0.000000000000000000e+00,7.458855057085709461e+01,-4.722441372054488085e+01,9.810000000000000497e+00
1.825648839061697892e-01,9.440286467984837504e-02,3.253083847544173124e-01,0.000000000000000000e+00,3.103319415931866665e+00,3.011534945946155339e+00,0.000000000000000000e+00,7.453023266112047907e+01,-4.789986053187542581e+01,9.810000000000000497e+00,-2.453689884164487012e+02,-2.580163685408188030e+03,3.637978807091712952e-12,7.176396740028494481e-01,6.964146023002991681e-01,0.000000000000000000e+00,6.964146023002991681e-01,-7.176396740028494481e-01,0.000000000000000000e+00,0.000000000000000000e+00,0.000000000000000000e+00,-1.000000000000000000e+00,4.613854896202093769e+00,1.444442856546868725e+01,1.401721691161129435e+01,0.000000000000000000e+00,6.008580409565179536e+01,-6.191707744348671838e+01,0.000000000000000000e+00,7.453023266112047907e+01,-4.789986053187542581e+01,9.810000000000000497e+00
1.828251282805300748e-01,9.521301349666251579e-02,3.260904895231914735e-01,0.000000000000000000e+00,3.122706739388613428e+00,2.998982022963863514e+00,0.000000000000000000e+00,7.446068828310824017e+01,-4.856929771824191278e+01,9.810000000000000497e+00,-2.891799077142204624e+02,-2.563939165771182161e+03,-3.637978807091712952e-12,7.212507383343406131e-01,6.926740737548710003e-01,0.000000000000000000e+00,6.926740737548710003e-01,-7.212507383343406131e-01,0.000000000000000000e+00,0.000000000000000000e+00,0.000000000000000000e+00,-9.999999999999998890e-01,4.620258720577461453e+00,1.446982830456616398e+01,1.389651945647120002e+01,0.000000000000000000e+00,5.999085997854207619e+01,-6.246581717471310924e+01,0.000000000000000000e+00,7.446068828310824017e+01,-4.856929771824191278e+01,9.810000000000000497e+00
1.830846392530649791e-01,9.602590172349122211e-02,3.268671154719365313e-01,0.000000000000000000e+00,3.142019943728738163e+00,2.986291536322684070e+00,0.000000000000000000e+00,7.437996201279661079e+01,-4.923249392838076233e+01,9.810000000000000497e+00,-3.330396797849389259e+02,-2.546607263209109078e+03,0.000000000000000000e+00,7.248412992638604280e-01,6.889158808457520600e-01,0.000000000000000000e+00,6.889158808457520600e-01,-7.248412992638604280e-01,0.000000000000000000e+00,0.000000000000000000e+00,0.000000000000000000e+00,-9.999999999999997780e-01,4.626196606326791638e+00,1.449437702461127842e+01,1.377599003445521220e+01,0.000000000000000000e+00,5.988558498818532883e+01,-6.300848396283597452e+01,0.000000000000000000e+00,7.437996201279661079e+01,-4.923249392838076233e+01,9.810000000000000497e+00
1.833434296165274702e-01,9.684151973147675507e-02,3.276382818583677969e-01,0.000000000000000000e+00,3.161257162040784774e+00,2.973465516966908861e+00,0.000000000000000000e+00,7.428810499021042801e+01,-4.988922055189271987e+01,9.810000000000000497e+00,-3.769181573049863800e+02,-2.528177339532529004e+03,3.637978807091712952e-12,7.284110181707086351e-01,6.851404152489557475e-01,0.000000000000000000e+00,6.851404152489557475e-01,-7.284110181707086351e-01,0.000000000000000000e+00,0.000000000000000000e+00,0.000000000000000000e+00,-1.000000000000000000e+00,4.631666425761081562e+00,1.451807138341198211e+01,1.365563838013462217e+01,0.000000000000000000e+00,5.977003360679844945e+01,-6.354485893202734559e+01,0.000000000000000000e+00,7.428810499021042801e+01,-4.988922055189271987e+01,9.810000000000000497e+00
1.836015112692618023e-01,9.765985789176147291e-02,3.284040079402008039e-01,0.000000000000000000e+00,3.180416542271598868e+00,2.960506012091346228e+00,0.000000000000000000e+00,7.418517466376434299e+01,-5.053925149523190186e+01,9.810000000000000497e+00,-4.207850111143779941e+02,-2.508659128907165723e+03,0.000000000000000000e+00,7.319595628694000045e-01,6.813480742792460410e-01,0.000000000000000000e+00,6.813480742792460410e-01,-7.319595628694000045e-01,0.000000000000000000e+00,0.000000000000000000e+00,0.000000000000000000e+00,-1.000000000000000222e+00,4.636666275402087756e+00,1.454090836533907805e+01,1.353547438352478061e+01,0.000000000000000000e+00,5.964426629842525784e+01,-6.407472587875668069e+01,0.000000000000000000e+00,7.418517466376434299e+01,-5.053925149523190186e+01,9.810000000000000497e+00
1.838588960003155748e-01,9.848090657548765059e-02,3.291643129751507524e-01,0.000000000000000000e+00,3.199496259399059905e+00,2.947415095400814700e+00,0.000000000000000000e+00,7.407123502475178611e+01,-5.118236398142485655e+01,9.810000000000000497e+00,-4.646089630154892802e+02,-2.488060765763657400e+03,0.000000000000000000e+00,7.354866077702737481e-01,6.775392607004965262e-01,0.000000000000000000e+00,6.775392607004965262e-01,-7.354866077702737481e-01,0.000000000000000000e+00,0.000000000000000000e+00,0.000000000000000000e+00,-1.000000000000000000e+00,4.641194477406864749e+00,1.456288514114890376e+01,1.341550794801442414e+01,0.000000000000000000e+00,5.950834988360288236e+01,-6.459787192943927892e+01,0.000000000000000000e+00,7.407123502475178611e+01,-5.118236398142485655e+01,9.810000000000000497e+00
1.841155954896487312e-01,9.930465615379757693e-02,3.299192162209333423e-01,0.000000000000000000e+00,3.218494516246869885e+00,2.934194866341920171e+00,0.000000000000000000e+00,7.394635653749146798e+01,-5.181833875737190453e+01,9.810000000000000497e+00,-5.083600365721213166e+02,-2.466393886241407017e+03,0.000000000000000000e+00,7.389918340349492798e-01,6.737143825313973711e-01,0.000000000000000000e+00,6.737143825313973711e-01,-7.389918340349492798e-01,0.000000000000000000e+00,0.000000000000000000e+00,0.000000000000000000e+00,-1.000000000000000000e+00,4.645249580853628046e+00,1.458399906940131352e+01,1.329574898579393860e+01,0.000000000000000000e+00,5.936235746809015268e+01,-6.511408774316583958e+01,0.000000000000000000e+00,7.394635653749146798e+01,-5.181833875737190453e+01,9.810000000000000497e+00
1.843716205900428617e-01,1.001310969978336241e-01,3.306687369352637740e-01,0.000000000000000000e+00,3.237409533785607252e+00,2.920847439847925386e+00,0.000000000000000000e+00,7.381061580968039948e+01,-5.244695974425621898e+01,9.810000000000000497e+00,-5.520066852939489763e+02,-2.443668079166134703e+03,0.000000000000000000e+00,7.424749297259712888e-01,6.698738528472460985e-01,0.000000000000000000e+00,6.698738528472460985e-01,-7.424749297259712888e-01,0.000000000000000000e+00,0.000000000000000000e+00,0.000000000000000000e+00,-1.000000000000000000e+00,4.648830362465956156e+00,1.460424783390519110e+01,1.317620753611812567e+01,0.000000000000000000e+00,5.920636797577521548e+01,-6.562316728037434643e+01,0.000000000000000000e+00,7.381061580968039948e+01,-5.244695974425621898e+01,9.810000000000000497e+00
1.846269830047209681e-01,1.009602194787379836e-01,3.314128943758573587e-01,0.000000000000000000e+00,3.256239576359941879e+00,2.907374967856883430e+00,0.000000000000000000e+00,7.366409609449394225e+01,-5.306801551392604210e+01,9.810000000000000497e+00,-5.955155749840196222e+02,-2.419890407205166412e+03,0.000000000000000000e+00,7.459355899505086818e-01,6.660180895780433152e-01,0.000000000000000000e+00,6.660180895780433152e-01,-7.459355899505086818e-01,0.000000000000000000e+00,0.000000000000000000e+00,0.000000000000000000e+00,-1.000000000000000000e+00,4.651935827437085003e+00,1.462362912923799207e+01,1.305689347253040289e+01,0.000000000000000000e+00,5.904046696525594484e+01,-6.612490898645644677e+01,0.000000000000000000e+00,7.366409609449394225e+01,-5.306801551392604210e+01,9.810000000000000497e+00
1.848816947211814610e-01,1.017920139676530833e-01,3.321517078004296297e-01,0.000000000000000000e+00,3.274982944234901883e+00,2.893779630575986861e+00,0.000000000000000000e+00,7.350688698159854084e+01,-5.368129905364102683e+01,9.810000000000000497e+00,-6.388562210587260779e+02,-2.395074350002629217e+03,3.637978807091712952e-12,7.493735169984877542e-01,6.621475153025322413e-01,0.000000000000000000e+00,6.621475153025322413e-01,-7.493735169984877542e-01,0.000000000000000000e+00,0.000000000000000000e+00,0.000000000000000000e+00,-1.000000000000000000e+00,4.654565209893412714e+00,1.464214076442417678e+01,1.293781659739778789e+01,0.000000000000000000e+00,5.886474621717437117e+01,-6.661911565103881117e+01,0.000000000000000000e+00,7.350688698159854084e+01,-5.368129905364102683e+01,9.810000000000000497e+00
1.851357669807218442e-01,1.026264708357211286e-01,3.328851964666958430e-01,0.000000000000000000e+00,3.293637959236273005e+00,2.880063622182462701e+00,0.000000000000000000e+00,7.333908394270268616e+01,-5.428660716229597938e+01,9.810000000000000497e+00,-6.819990788685390726e+02,-2.369235743382479995e+03,0.000000000000000000e+00,7.527884204743106045e-01,6.582625570392048875e-01,0.000000000000000000e+00,6.582625570392048875e-01,-7.527884204743106045e-01,0.000000000000000000e+00,0.000000000000000000e+00,0.000000000000000000e+00,-1.000000000000000000e+00,4.656717972949278028e+00,1.465978086059203456e+01,1.281898681285177943e+01,0.000000000000000000e+00,5.867930308211064983e+01,-6.710559397514775526e+01,0.000000000000000000e+00,7.333908394270268616e+01,-5.428660716229597938e+01,9.810000000000000497e+00
1.853892109167100122e-01,1.034635804540844917e-01,3.336133796323715872e-01,0.000000000000000000e+00,3.312202974748329254e+00,2.866229158433095670e+00,0.000000000000000000e+00,7.316078844482629506e+01,-5.488374111820800749e+01,9.810000000000000497e+00,-7.249138077606912702e+02,-2.342389363354304805e+03,-3.637978807091712952e-12,7.561800174225232762e-01,6.543636460339712357e-01,0.000000000000000000e+00,6.543636460339712357e-01,-7.561800174225232762e-01,0.000000000000000000e+00,0.000000000000000000e+00,0.000000000000000000e+00,-1.000000000000000000e+00,4.658393808717402607e+00,1.467654773146843183e+01,1.270041400656197439e+01,0.000000000000000000e+00,5.848424071335785612e+01,-6.758415512476997833e+01,0.000000000000000000e+00,7.316078844482629506e+01,-5.488374111820800749e+01,9.810000000000000497e+00
1.856420375548104296e-01,1.043033331938854197e-01,3.343362765551721738e-01,0.000000000000000000e+00,3.330676376379465786e+00,2.852278475772342947e+00,0.000000000000000000e+00,7.297210782952782893e+01,-5.547250685070584808e+01,9.810000000000000497e+00,-7.675703844403033145e+02,-2.314551024516069447e+03,0.000000000000000000e+00,7.595480324471309830e-01,6.504512175449377320e-01,0.000000000000000000e+00,6.504512175449377320e-01,-7.595480324471309830e-01,0.000000000000000000e+00,0.000000000000000000e+00,0.000000000000000000e+00,-9.999999999999997780e-01,4.659592637782752789e+00,1.469243988387277611e+01,1.258210804704579999e+01,0.000000000000000000e+00,5.827966794565504927e+01,-6.805461489775164807e+01,0.000000000000000000e+00,7.297210782952782893e+01,-5.547250685070584808e+01,9.810000000000000497e+00
1.858942578132147805e-01,1.051457194262662431e-01,3.350539064928128585e-01,0.000000000000000000e+00,3.349056582599439391e+00,2.838213830424764161e+00,0.000000000000000000e+00,7.277315518794752336e+01,-5.605271510862628759e+01,9.810000000000000497e+00,-8.099391404589696322e+02,-2.285737563058239175e+03,-3.637978807091712952e-12,7.628921978242192425e-01,6.465257106248231134e-01,0.000000000000000000e+00,6.465257106248231134e-01,-7.628921978242192425e-01,0.000000000000000000e+00,0.000000000000000000e+00,0.000000000000000000e+00,-1.000000000000000222e+00,4.660314608654758217e+00,1.470745601805111313e+01,1.246407877898467120e+01,0.000000000000000000e+00,5.806569916989640490e+01,-6.851679388761095879e+01,0.000000000000000000e+00,7.277315518794752336e+01,-5.605271510862628759e+01,9.810000000000000497e+00
1.861458825028771413e-01,1.059907295223692786e-01,3.357662887030092302e-01,0.000000000000000000e+00,3.367342045350065316e+00,2.824037497469831237e+00,0.000000000000000000e+00,7.256404922911988820e+01,-5.662418162247525544e+01,9.810000000000000497e+00,-8.519908095702412538e+02,-2.255966805479722098e+03,0.000000000000000000e+00,7.662122536083647573e-01,6.425875679005867980e-01,0.000000000000000000e+00,6.425875679005867980e-01,-7.662122536083647573e-01,0.000000000000000000e+00,0.000000000000000000e+00,0.000000000000000000e+00,-1.000000000000000444e+00,4.660560096984230682e+00,1.472159502786222873e+01,1.234633601853961160e+01,0.000000000000000000e+00,5.784245420125765946e+01,-6.897051764101486526e+01,0.000000000000000000e+00,7.256404922911988820e+01,-5.662418162247525544e+01,9.810000000000000497e+00
1.863969223277535114e-01,1.068383538533368010e-01,3.364734424434764892e-01,0.000000000000000000e+00,3.385531250626370170e+00,2.809751769903268581e+00,0.000000000000000000e+00,7.234491413917363900e+01,-5.718672725669695467e+01,9.810000000000000497e+00,-8.936965700371365529e+02,-2.225257539931975771e+03,3.637978807091712952e-12,7.695079477321727923e-01,6.386372353511966526e-01,0.000000000000000000e+00,6.386372353511966526e-01,-7.695079477321727923e-01,0.000000000000000000e+00,0.000000000000000000e+00,0.000000000000000000e+00,-1.000000000000000000e+00,4.660329704329075895e+00,1.473485600080496027e+01,1.222888954868507660e+01,0.000000000000000000e+00,5.761005813836867873e+01,-6.941561680538202950e+01,0.000000000000000000e+00,7.234491413917363900e+01,-5.718672725669695467e+01,9.810000000000000497e+00
1.866473878850470891e-01,1.076885827903111548e-01,3.371753869719302799e-01,0.000000000000000000e+00,3.403622719028879473e+00,2.795358957684478618e+00,0.000000000000000000e+00,7.211587943640139997e+01,-5.774017815737529702e+01,9.810000000000000497e+00,-9.350280862754443660e+02,-2.193629485195269808e+03,-3.637978807091712952e-12,7.727790360991602103e-01,6.346751620834493179e-01,0.000000000000000000e+00,6.346751620834493179e-01,-7.727790360991602103e-01,0.000000000000000000e+00,0.000000000000000000e+00,0.000000000000000000e+00,-9.999999999999998890e-01,4.659624256849977719e+00,1.474723821789351952e+01,1.211174911456035375e+01,0.000000000000000000e+00,5.736864121850788223e+01,-6.985192727193565077e+01,0.000000000000000000e+00,7.211587943640139997e+01,-5.774017815737529702e+01,9.810000000000000497e+00
1.868972896654578497e-01,1.085414067044346148e-01,3.378721415460858024e-01,0.000000000000000000e+00,3.421615006286436778e+00,2.780861386771541710e+00,0.000000000000000000e+00,7.187707981760601683e+01,-5.828436588931308648e+01,9.810000000000000497e+00,-9.759575462407083251e+02,-2.161103261663170997e+03,0.000000000000000000e+00,7.760252826698680328e-01,6.307018001061603929e-01,0.000000000000000000e+00,6.307018001061603929e-01,-7.760252826698680328e-01,0.000000000000000000e+00,0.000000000000000000e+00,0.000000000000000000e+00,-9.999999999999997780e-01,4.658444803544940171e+00,1.475874115338056036e+01,1.199492441884512317e+01,0.000000000000000000e+00,5.711833866422545469e+01,-7.027929030815820965e+01,0.000000000000000000e+00,7.187707981760601683e+01,-5.828436588931308648e+01,9.810000000000000497e+00
1.871466380534385077e-01,1.093968159668494700e-01,3.385637254236584237e-01,0.000000000000000000e+00,3.439506703747972072e+00,2.766261398146340866e+00,0.000000000000000000e+00,7.162865500243024997e+01,-5.881912756994046276e+01,9.810000000000000497e+00,-1.016457696868543280e+03,-2.127700361764902482e+03,-3.637978807091712952e-12,7.792464595408927774e-01,6.267176041033023504e-01,0.000000000000000000e+00,6.267176041033023504e-01,-7.792464595408927774e-01,0.000000000000000000e+00,0.000000000000000000e+00,0.000000000000000000e+00,-9.999999999999997780e-01,4.656792614542422548e+00,1.476936447432447785e+01,1.187842511717093608e+01,0.000000000000000000e+00,5.685929052810576678e+01,-7.069755268711139706e+01,0.000000000000000000e+00,7.162865500243024997e+01,-5.881912756994046276e+01,9.810000000000000497e+00
1.873954433274555853e-01,1.102548009486980368e-01,3.392501578623637326e-01,0.000000000000000000e+00,3.457296438845804065e+00,2.751561346827289700e+00,0.000000000000000000e+00,7.137074956993332364e+01,-5.934430599274702445e+01,9.810000000000000497e+00,-1.056501890125393402e+03,-2.093443103946861811e+03,-3.637978807091712952e-12,7.824423470174727280e-01,6.227230312055183070e-01,0.000000000000000000e+00,6.227230312055183070e-01,-7.824423470174727280e-01,0.000000000000000000e+00,0.000000000000000000e+00,0.000000000000000000e+00,-1.000000000000000000e+00,4.654669178973222188e+00,1.477910804001563250e+01,1.176226081355852671e+01,0.000000000000000000e+00,5.659164152991769470e+01,-7.110656680630555115e+01,0.000000000000000000e+00,7.137074956993332364e+01,-5.934430599274702445e+01,9.810000000000000497e+00
1.876437156602567269e-01,1.111153520211226320e-01,3.399314581199168184e-01,0.000000000000000000e+00,3.474982875526027026e+00,2.736763600876109592e+00,0.000000000000000000e+00,7.110351278781031681e+01,-5.985974973972871283e+01,9.810000000000000497e+00,-1.096064108233375009e+03,-2.058354609122601687e+03,-3.637978807091712952e-12,7.856127336786402626e-01,6.187185407614467225e-01,0.000000000000000000e+00,6.187185407614467225e-01,-7.856127336786402626e-01,0.000000000000000000e+00,0.000000000000000000e+00,0.000000000000000000e+00,-1.000000000000000222e+00,4.652076202418483852e+00,1.478797190124456584e+01,1.164644105590835821e+01,0.000000000000000000e+00,5.631554088656575630e+01,-7.150619079563706748e+01,0.000000000000000000e+00,7.110351278781031681e+01,-5.985974973972871283e+01,9.810000000000000497e+00
1.878914651191440910e-01,1.119784595552655859e-01,3.406076454540333254e-01,0.000000000000000000e+00,3.492564714648733304e+00,2.721870540396000848e+00,0.000000000000000000e+00,7.082709844417256306e+01,-6.036531329493844567e+01,9.810000000000000497e+00,-1.135118998775491491e+03,-2.022458762082096655e+03,0.000000000000000000e+00,7.887574164356230266e-01,6.147045941082606157e-01,0.000000000000000000e+00,6.147045941082606157e-01,-7.887574164356230266e-01,0.000000000000000000e+00,0.000000000000000000e+00,0.000000000000000000e+00,-1.000000000000000222e+00,4.649015604733488516e+00,1.479595629942795298e+01,1.153097533153369803e+01,0.000000000000000000e+00,5.603114214474460653e+01,-7.189628862647214191e+01,0.000000000000000000e+00,7.082709844417256306e+01,-6.036531329493844567e+01,9.810000000000000497e+00
1.881387016662540435e-01,1.128441139222691458e-01,3.412787391224287314e-01,0.000000000000000000e+00,3.510040694358396607e+00,2.706884556521729657e+00,0.000000000000000000e+00,7.054166466699405191e+01,-6.086085713996807556e+01,9.810000000000000497e+00,-1.173641919530025916e+03,-1.985780156712775351e+03,0.000000000000000000e+00,7.918762005835935369e-01,6.106816543415169996e-01,0.000000000000000000e+00,6.106816543415169996e-01,-7.918762005835935369e-01,0.000000000000000000e+00,0.000000000000000000e+00,0.000000000000000000e+00,-9.999999999999996669e-01,4.645489517002286739e+00,1.480306166559620351e+01,1.141587306273828162e+01,0.000000000000000000e+00,5.573860300139784840e+01,-7.227673020270636073e+01,0.000000000000000000e+00,7.054166466699405191e+01,-6.086085713996807556e+01,9.810000000000000497e+00
1.883854351588434284e-01,1.137123054932756561e-01,3.419447583828181259e-01,0.000000000000000000e+00,3.527409590419782859e+00,2.691808050408526665e+00,0.000000000000000000e+00,7.024737374117385968e+01,-6.134624784284237364e+01,9.810000000000000497e+00,-1.211608956333482638e+03,-1.948344072250198224e+03,3.637978807091712952e-12,7.949688998457627997e-01,6.066501860858672934e-01,0.000000000000000000e+00,6.066501860858672934e-01,-7.949688998457627997e-01,0.000000000000000000e+00,0.000000000000000000e+00,0.000000000000000000e+00,-9.999999999999998890e-01,4.641500278404299351e+00,1.480928861922633111e+01,1.130114360246800587e+01,0.000000000000000000e+00,5.543808512194753035e+01,-7.264739144531037596e+01,0.000000000000000000e+00,7.024737374117385968e+01,-6.134624784284237364e+01,9.810000000000000497e+00
1.886316753495824727e-01,1.145830246394273916e-01,3.426057224929170975e-01,0.000000000000000000e+00,3.544670216524555606e+00,2.676643432214282470e+00,0.000000000000000000e+00,6.994439192654009219e+01,-6.182135814460391288e+01,9.810000000000000497e+00,-1.248996951389766764e+03,-1.910176433614338748e+03,0.000000000000000000e+00,7.980353364110208680e-01,6.026106552653618387e-01,0.000000000000000000e+00,6.026106552653618387e-01,-7.980353364110208680e-01,0.000000000000000000e+00,0.000000000000000000e+00,0.000000000000000000e+00,-1.000000000000000000e+00,4.637050433262535520e+00,1.481463796694483293e+01,1.118679623001271040e+01,0.000000000000000000e+00,5.512975395959526281e+01,-7.300815437461662327e+01,0.000000000000000000e+00,6.994439192654009219e+01,-6.182135814460391288e+01,9.810000000000000497e+00
1.888774318868546853e-01,1.154562617318666690e-01,3.432616507104407910e-01,0.000000000000000000e+00,3.561821424565465133e+00,2.661393120080062680e+00,0.000000000000000000e+00,6.963288926814739455e+01,-6.228606703174928327e+01,9.810000000000000497e+00,-1.285783533631765749e+03,-1.871303765756572830e+03,0.000000000000000000e+00,8.010753409644651990e-01,5.985635288744760585e-01,0.000000000000000000e+00,5.985635288744760585e-01,-8.010753409644651990e-01,0.000000000000000000e+00,0.000000000000000000e+00,0.000000000000000000e+00,-9.999999999999998890e-01,4.632142727525951464e+00,1.481911070109098283e+01,1.107284014677965267e+01,0.000000000000000000e+00,5.481377856705641705e+01,-7.335890717852893772e+01,0.000000000000000000e+00,6.963288926814739455e+01,-6.228606703174928327e+01,9.810000000000000497e+00
1.891227143150636669e-01,1.163320071417357909e-01,3.439125622931049620e-01,0.000000000000000000e+00,3.578862104879004580e+00,2.646059539109081538e+00,0.000000000000000000e+00,6.931303940632641059e+01,-6.274025980368514865e+01,9.810000000000000497e+00,-1.321948088803474093e+03,-1.831753754024524824e+03,3.637978807091712952e-12,8.040887527110402999e-01,5.945092747498591512e-01,0.000000000000000000e+00,5.945092747498591512e-01,-8.040887527110402999e-01,0.000000000000000000e+00,0.000000000000000000e+00,0.000000000000000000e+00,-1.000000000000000000e+00,4.626780105284992395e+00,1.482270799814633300e+01,1.095928447213799650e+01,0.000000000000000000e+00,5.449033140818008292e+01,-7.369954427582314338e+01,0.000000000000000000e+00,6.931303940632641059e+01,-6.274025980368514865e+01,9.810000000000000497e+00
1.893675317852927809e-01,1.172102512401770880e-01,3.445584764986249215e-01,0.000000000000000000e+00,3.595791182162719313e+00,2.630645117202996985e+00,0.000000000000000000e+00,6.898501931251246333e+01,-6.318382790381031811e+01,9.810000000000000497e+00,-1.357471841969469097e+03,-1.791555134654685389e+03,3.637978807091712952e-12,8.070754193924329911e-01,5.904483613429105660e-01,0.000000000000000000e+00,5.904483613429105660e-01,-8.070754193924329911e-01,0.000000000000000000e+00,0.000000000000000000e+00,0.000000000000000000e+00,-9.999999999999998890e-01,4.620965704743249525e+00,1.482543127900794389e+01,1.084613828467471741e+01,0.000000000000000000e+00,5.415958803350452655e+01,-7.402996618848503374e+01,0.000000000000000000e+00,6.898501931251246333e+01,-6.318382790381031811e+01,9.810000000000000497e+00
1.896118930534543834e-01,1.180909843983327934e-01,3.451994125847158701e-01,0.000000000000000000e+00,3.612607615618336432e+00,2.615152284183408504e+00,0.000000000000000000e+00,6.864900910129560430e+01,-6.361666896757224521e+01,9.810000000000000497e+00,-1.392331395380431786e+03,-1.750733716596994782e+03,0.000000000000000000e+00,8.100351972967042569e-01,5.863812574942084410e-01,0.000000000000000000e+00,5.863812574942084410e-01,-8.100351972967042569e-01,0.000000000000000000e+00,0.000000000000000000e+00,0.000000000000000000e+00,-9.999999999999997780e-01,4.614702854250470665e+00,1.482728220929345397e+01,1.073341061736895341e+01,0.000000000000000000e+00,5.382172689200214677e+01,-7.435007958494119862e+01,0.000000000000000000e+00,6.864900910129560430e+01,-6.361666896757224521e+01,9.810000000000000497e+00
1.898558081447414003e-01,1.189741969873452515e-01,3.458353898090932854e-01,0.000000000000000000e+00,3.629310423777514671e+00,2.599583488610244242e+00,0.000000000000000000e+00,6.830519221011093123e+01,-6.403868813936904303e+01,9.810000000000000497e+00,-1.426505901222844841e+03,-1.709316734762309352e+03,0.000000000000000000e+00,8.129679512616169168e-01,5.823084322088157849e-01,0.000000000000000000e+00,5.823084322088157849e-01,-8.129679512616169168e-01,0.000000000000000000e+00,0.000000000000000000e+00,0.000000000000000000e+00,-9.999999999999997780e-01,4.607995068301459440e+00,1.482826233917505832e+01,1.062111019469621631e+01,0.000000000000000000e+00,5.347692987093586936e+01,-7.465979833406525756e+01,0.000000000000000000e+00,6.830519221011093123e+01,-6.403868813936904303e+01,9.810000000000000497e+00
1.900992861939593548e-01,1.198598793783568206e-01,3.464664274294724788e-01,0.000000000000000000e+00,3.645898652594383282e+00,2.583941173297478855e+00,0.000000000000000000e+00,6.795375469493409071e+01,-6.444979644668781305e+01,9.810000000000000497e+00,-1.459979773164086509e+03,-1.667334774116781773e+03,0.000000000000000000e+00,8.158735546709976472e-01,5.782303544336898637e-01,0.000000000000000000e+00,5.782303544336898637e-01,-8.158735546709976472e-01,0.000000000000000000e+00,0.000000000000000000e+00,0.000000000000000000e+00,-1.000000000000000000e+00,4.600846043235601535e+00,1.482837356300637133e+01,1.050924576721928183e+01,0.000000000000000000e+00,5.312538113192771760e+01,-7.495904221390709665e+01,0.000000000000000000e+00,6.795375469493409071e+01,-6.444979644668781305e+01,9.810000000000000497e+00
1.903423362335185387e-01,1.207480219425097062e-01,3.470925447035691502e-01,0.000000000000000000e+00,3.662371387206847739e+00,2.568227782933763415e+00,0.000000000000000000e+00,6.759488521698888519e+01,-6.484991142690790866e+01,9.810000000000000497e+00,-1.492735832351405406e+03,-1.624817038471112028e+03,-3.637978807091712952e-12,8.187518894447636253e-01,5.741474928366662178e-01,0.000000000000000000e+00,5.741474928366662178e-01,-8.187518894447636253e-01,0.000000000000000000e+00,0.000000000000000000e+00,0.000000000000000000e+00,-1.000000000000000000e+00,4.593259652731831899e+00,1.482761794953242074e+01,1.039782598393420621e+01,0.000000000000000000e+00,5.276726726745646801e+01,-7.524773741084212020e+01,0.000000000000000000e+00,6.759488521698888519e+01,-6.484991142690790866e+01,9.810000000000000497e+00
1.905849671937864254e-01,1.216386150509462943e-01,3.477137608890983889e-01,0.000000000000000000e+00,3.678727751990509276e+00,2.552445763078568852e+00,0.000000000000000000e+00,6.722877483887131689e+01,-6.523895713802070873e+01,9.810000000000000497e+00,-1.524757822627056157e+03,-1.581793025815917645e+03,0.000000000000000000e+00,8.216028460220933249e-01,5.700603155880931139e-01,0.000000000000000000e+00,5.700603155880931139e-01,-8.216028460220933249e-01,0.000000000000000000e+00,0.000000000000000000e+00,0.000000000000000000e+00,-9.999999999999998890e-01,4.585239942986650163e+00,1.482599773958341416e+01,1.028685938863946525e+01,0.000000000000000000e+00,5.240277709928790983e+01,-7.552581652666017931e+01,0.000000000000000000e+00,6.722877483887131689e+01,-6.523895713802070873e+01,9.810000000000000497e+00
1.908271879034475760e-01,1.225316490748088738e-01,3.483300952437757836e-01,0.000000000000000000e+00,3.694966910582353048e+00,2.536597559164529780e+00,0.000000000000000000e+00,6.685561682553380081e+01,-6.561686416845955705e+01,9.810000000000000497e+00,-1.556030494085251121e+03,-1.538292516378744040e+03,0.000000000000000000e+00,8.244263233382395084e-01,5.659692901447855862e-01,0.000000000000000000e+00,5.659692901447855862e-01,-8.244263233382395084e-01,0.000000000000000000e+00,0.000000000000000000e+00,0.000000000000000000e+00,-9.999999999999998890e-01,4.576791128212097881e+00,1.482351534366034329e+01,1.017635441640275751e+01,0.000000000000000000e+00,5.203210148187345396e+01,-7.579321858486231633e+01,0.000000000000000000e+00,6.685561682553380081e+01,-6.561686416845955705e+01,9.810000000000000497e+00
1.910690070699356535e-01,1.234271143852396918e-01,3.489415670253165347e-01,0.000000000000000000e+00,3.711088065579914108e+00,2.520685615305241267e+00,0.000000000000000000e+00,6.647560643686907156e+01,-6.598356961719638036e+01,9.810000000000000497e+00,-1.586545702860166784e+03,-1.494347860151261557e+03,0.000000000000000000e+00,8.272222287952591957e-01,5.618748830362536584e-01,0.000000000000000000e+00,5.618748830362536584e-01,-8.272222287952591957e-01,0.000000000000000000e+00,0.000000000000000000e+00,0.000000000000000000e+00,-9.999999999999998890e-01,4.567917585613480824e+00,1.482017334384382146e+01,1.006631939312916835e+01,0.000000000000000000e+00,5.165543309302525188e+01,-7.604988901032554338e+01,0.000000000000000000e+00,6.647560643686907156e+01,-6.598356961719638036e+01,9.810000000000000497e+00
1.913104316505028490e-01,1.243250013533810650e-01,3.495481954914360090e-01,0.000000000000000000e+00,3.727090434364847660e+00,2.504712357103447751e+00,0.000000000000000000e+00,6.608894042666038615e+01,-6.633901585196009876e+01,9.810000000000000497e+00,-1.616283827129314886e+03,-1.449986800446611596e+03,-3.637978807091712952e-12,8.299904782261179337e-01,5.577775596543664838e-01,0.000000000000000000e+00,5.577775596543664838e-01,-8.299904782261179337e-01,0.000000000000000000e+00,0.000000000000000000e+00,0.000000000000000000e+00,-1.000000000000000444e+00,4.558623850462182325e+00,1.481597485461293573e+01,9.956762776325559727e+00,0.000000000000000000e+00,5.127296557204745397e+01,-7.629577862828566026e+01,0.000000000000000000e+00,6.608894042666038615e+01,-6.633901585196009876e+01,9.810000000000000497e+00
1.915514718003515637e-01,1.252253003503753792e-01,3.501499998998499064e-01,0.000000000000000000e+00,3.742973322361308419e+00,2.488680240300541691e+00,0.000000000000000000e+00,6.569581777549818469e+01,-6.668315423997624691e+01,9.810000000000000497e+00,-1.645226386933587492e+03,-1.405236857775249518e+03,0.000000000000000000e+00,8.327309958532139733e-01,5.536777840453006583e-01,0.000000000000000000e+00,5.536777840453006583e-01,-8.327309958532139733e-01,0.000000000000000000e+00,0.000000000000000000e+00,0.000000000000000000e+00,-1.000000000000000000e+00,4.548914611030274280e+00,1.481092242042106655e+01,9.847692407562430361e+00,0.000000000000000000e+00,5.088489535507711281e+01,-7.653084664753868083e+01,0.000000000000000000e+00,6.569581777549818469e+01,-6.668315423997624691e+01,9.810000000000000497e+00
1.917921359479029253e-01,1.261280017473648818e-01,3.507469995082733161e-01,0.000000000000000000e+00,3.758736049941094670e+00,2.472591700051282704e+00,0.000000000000000000e+00,6.529643853896631356e+01,-6.701594138115444821e+01,9.810000000000000497e+00,-1.673367771498829825e+03,-1.360130947840982117e+03,3.637978807091712952e-12,8.354437142404846917e-01,5.495760187053866375e-01,0.000000000000000000e+00,5.495760187053866375e-01,-8.354437142404846917e-01,0.000000000000000000e+00,0.000000000000000000e+00,0.000000000000000000e+00,-1.000000000000000222e+00,4.538794703177134515e+00,1.480501910383706843e+01,9.739116253140972290e+00,0.000000000000000000e+00,5.049141943512924513e+01,-7.675505763429542583e+01,0.000000000000000000e+00,6.529643853896631356e+01,-6.701594138115444821e+01,9.810000000000000497e+00
1.920324324217586864e-01,1.270330959154918060e-01,3.513392135744218270e-01,0.000000000000000000e+00,3.774377976412433444e+00,2.456449166526546879e+00,0.000000000000000000e+00,6.489100397101937290e+01,-6.733734031284126331e+01,9.810000000000000497e+00,-1.700697443593497155e+03,-1.314699398108234163e+03,0.000000000000000000e+00,8.381285742399071648e-01,5.454727243800374659e-01,0.000000000000000000e+00,5.454727243800374659e-01,-8.381285742399071648e-01,0.000000000000000000e+00,0.000000000000000000e+00,0.000000000000000000e+00,-9.999999999999998890e-01,4.528269105241521153e+00,1.479826812354085419e+01,9.631042154569875891e+00,0.000000000000000000e+00,5.009273584747852226e+01,-7.696838246741113210e+01,0.000000000000000000e+00,6.489100397101937290e+01,-6.733734031284126331e+01,9.810000000000000497e+00
1.922723694511092873e-01,1.279405732258986073e-01,3.519266613560106949e-01,0.000000000000000000e+00,3.789898499869589710e+00,2.440255063976007222e+00,0.000000000000000000e+00,6.447971632463736569e+01,-6.764732046478255256e+01,9.810000000000000497e+00,-1.727211478836543392e+03,-1.268973932100081583e+03,-7.275957614183425903e-12,8.407855249323410440e-01,5.413683598662261121e-01,0.000000000000000000e+00,5.413683598662261121e-01,-8.407855249323410440e-01,0.000000000000000000e+00,0.000000000000000000e+00,0.000000000000000000e+00,-1.000000000000000000e+00,4.517342932460613802e+00,1.479067285134494192e+01,9.523477825685542797e+00,0.000000000000000000e+00,4.968904347329242199e+01,-7.717079829046809891e+01,0.000000000000000000e+00,6.447971632463736569e+01,-6.764732046478255256e+01,9.810000000000000497e+00
1.925119537488036991e-01,1.288504240497274356e-01,3.525093621107552311e-01,0.000000000000000000e+00,3.805297036062472493e+00,2.424011796459722756e+00,0.000000000000000000e+00,6.406277843943327355e+01,-6.794585655452905826e+01,9.810000000000000497e+00,-1.752898237713379785e+03,-1.222984015645895852e+03,0.000000000000000000e+00,8.434145235625808423e-01,5.372633818191081545e-01,0.000000000000000000e+00,5.372633818191081545e-01,-8.434145235625808423e-01,0.000000000000000000e+00,0.000000000000000000e+00,0.000000000000000000e+00,-1.000000000000000000e+00,4.506021431667483590e+00,1.478223713288779528e+01,9.416431056131802535e+00,0.000000000000000000e+00,4.928054130654548004e+01,-7.736228761066085724e+01,0.000000000000000000e+00,6.406277843943327355e+01,-6.794585655452905826e+01,9.810000000000000497e+00
1.927511941036868515e-01,1.297626387581207463e-01,3.530873350963711355e-01,0.000000000000000000e+00,3.820573071322042491e+00,2.407721781132531103e+00,0.000000000000000000e+00,6.364039412549432484e+01,-6.823293122250721865e+01,9.810000000000000497e+00,-1.777742095925874310e+03,-1.176757577966578538e+03,0.000000000000000000e+00,8.460155354694827157e-01,5.331582445618602284e-01,0.000000000000000000e+00,5.331582445618602284e-01,-8.460155354694827157e-01,0.000000000000000000e+00,0.000000000000000000e+00,0.000000000000000000e+00,-1.000000000000000000e+00,4.494309975868215901e+00,1.477296446774201932e+01,9.309909182962259777e+00,0.000000000000000000e+00,4.886742965775230374e+01,-7.754284040546947665e+01,0.000000000000000000e+00,6.364039412549432484e+01,-6.823293122250721865e+01,9.810000000000000497e+00
1.929900990650620374e-01,1.306772077222206896e-01,3.536605995705736083e-01,0.000000000000000000e+00,3.835726128040771066e+00,2.391387424874651391e+00,0.000000000000000000e+00,6.321276757351505182e+01,-6.850853322004422807e+01,9.810000000000000497e+00,-1.801739280956418952e+03,-1.130325578862160910e+03,0.000000000000000000e+00,8.485885340105341346e-01,5.290533999000974763e-01,0.000000000000000000e+00,5.290533999000974763e-01,-8.485885340105341346e-01,0.000000000000000000e+00,0.000000000000000000e+00,0.000000000000000000e+00,-9.999999999999998890e-01,4.482214058302500526e+00,1.476285852855505532e+01,9.203919430614469377e+00,0.000000000000000000e+00,4.844990904495999473e+01,-7.771245265065869035e+01,0.000000000000000000e+00,6.321276757351505182e+01,-6.850853322004422807e+01,9.810000000000000497e+00
1.932286764711133031e-01,1.315941213131696652e-01,3.542291747910780164e-01,0.000000000000000000e+00,3.850755757453963923e+00,2.375011119198661813e+00,0.000000000000000000e+00,6.278010310991845699e+01,-6.877265699611527339e+01,9.810000000000000497e+00,-1.824888371218708926e+03,-1.083718828718207078e+03,-3.637978807091712952e-12,8.511335004812915495e-01,5.249492969406314158e-01,0.000000000000000000e+00,5.249492969406314158e-01,-8.511335004812915495e-01,0.000000000000000000e+00,0.000000000000000000e+00,0.000000000000000000e+00,-9.999999999999998890e-01,4.469739287090098934e+00,1.475192326789020925e+01,9.098468975339462972e+00,0.000000000000000000e+00,4.802817984202824420e+01,-7.787112597145473103e+01,0.000000000000000000e+00,6.278010310991845699e+01,-6.877265699611527339e+01,9.810000000000000497e+00
1.934669336026280662e-01,1.325133699021100175e-01,3.547930800155999487e-01,0.000000000000000000e+00,3.865661541650179611e+00,2.358595241089875838e+00,0.000000000000000000e+00,6.234260504919117807e+01,-6.902530273918239345e+01,9.810000000000000497e+00,-1.847190306369375321e+03,-1.036967665422707796e+03,3.637978807091712952e-12,8.536504240303361968e-01,5.208463819139260709e-01,0.000000000000000000e+00,5.208463819139260709e-01,-8.536504240303361968e-01,0.000000000000000000e+00,0.000000000000000000e+00,0.000000000000000000e+00,-1.000000000000000000e+00,4.456891379448965296e+00,1.474016288248341588e+01,8.993564918431534494e+00,0.000000000000000000e+00,4.760244216670776041e+01,-7.801886765761392439e+01,0.000000000000000000e+00,6.234260504919117807e+01,-6.902530273918239345e+01,9.810000000000000497e+00
1.937048767339874522e-01,1.334349438601838966e-01,3.553523345018542723e-01,0.000000000000000000e+00,3.880443086674284281e+00,2.342142148409168900e+00,0.000000000000000000e+00,6.190047747064188854e+01,-6.926647597121602473e+01,9.810000000000000497e+00,-1.868631769786166842e+03,-9.901001582900644280e+02,-3.637978807091712952e-12,8.561393015689742203e-01,5.167450980018959417e-01,0.000000000000000000e+00,5.167450980018959417e-01,-8.561393015689742203e-01,0.000000000000000000e+00,0.000000000000000000e+00,0.000000000000000000e+00,-1.000000000000000000e+00,4.443676156038406155e+00,1.472758191725510635e+01,8.889214345394483630e+00,0.000000000000000000e+00,4.717289555338678042e+01,-7.815569031661050303e+01,0.000000000000000000e+00,6.190047747064188854e+01,-6.926647597121602473e+01,9.810000000000000497e+00
1.939425152075990033e-01,1.343588335585337579e-01,3.559069575075571312e-01,0.000000000000000000e+00,3.895100082210306347e+00,2.325654215325795082e+00,0.000000000000000000e+00,6.145392455214150118e+01,-6.949619045602977963e+01,9.810000000000000497e+00,-1.889204181965062162e+03,-9.431444397542800289e+02,0.000000000000000000e+00,8.586001376769970550e-01,5.126458851693257435e-01,0.000000000000000000e+00,5.126458851693257435e-01,-8.586001376769970550e-01,0.000000000000000000e+00,0.000000000000000000e+00,0.000000000000000000e+00,-9.999999999999997780e-01,4.430099535455662263e+00,1.471418431038319241e+01,8.785423748882177364e+00,0.000000000000000000e+00,4.673974024175830522e+01,-7.828161420491196054e+01,0.000000000000000000e+00,6.145392455214150118e+01,-6.949619045602977963e+01,9.810000000000000497e+00
1.941798564774099567e-01,1.352850293683018346e-01,3.564569682904233372e-01,0.000000000000000000e+00,3.909632228149368505e+00,2.309133786832222590e+00,0.000000000000000000e+00,6.100314973911104488e+01,-6.971446444150298305e+01,9.810000000000000497e+00,-1.908914900685253087e+03,-8.961307083526917268e+02,7.275957614183425903e-12,8.610329445037195883e-01,5.085491800005725871e-01,0.000000000000000000e+00,5.085491800005725871e-01,-8.610329445037195883e-01,0.000000000000000000e+00,0.000000000000000000e+00,0.000000000000000000e+00,-1.000000000000000222e+00,4.416167528069403048e+00,1.469997454200757936e+01,8.682199731249601982e+00,0.000000000000000000e+00,4.630317519710346374e+01,-7.839666417275257970e+01,0.000000000000000000e+00,6.100314973911104488e+01,-6.971446444150298305e+01,9.810000000000000497e+00
1.944169074276623776e-01,1.362135216606304156e-01,3.570023861081685901e-01,0.000000000000000000e+00,3.924039253694976193e+00,2.292583190197953869e+00,0.000000000000000000e+00,6.054835577210729980e+01,-6.992132154764740903e+01,9.810000000000000497e+00,-1.927769323929431266e+03,-8.490876148906827439e+02,0.000000000000000000e+00,8.634377416647180947e-01,5.044554155412858121e-01,0.000000000000000000e+00,5.044554155412858121e-01,-8.634377416647180947e-01,0.000000000000000000e+00,0.000000000000000000e+00,0.000000000000000000e+00,-9.999999999999997780e-01,4.401886230665955857e+00,1.468495732783275898e+01,8.579548812327098872e+00,0.000000000000000000e+00,4.586339844427453727e+01,-7.850087035997451324e+01,0.000000000000000000e+00,6.054835577210729980e+01,-6.992132154764740903e+01,9.810000000000000497e+00
1.946536738041653447e-01,1.371443008066618729e-01,3.575432302185082012e-01,0.000000000000000000e+00,3.938320908658581754e+00,2.276004729615076272e+00,0.000000000000000000e+00,6.008974447577195832e+01,-7.011679025482391125e+01,9.810000000000000497e+00,-1.945756617197373998e+03,-8.020426760967238806e+02,0.000000000000000000e+00,8.658145561351341390e-01,5.003650211440849871e-01,0.000000000000000000e+00,5.003650211440849871e-01,-8.658145561351341390e-01,0.000000000000000000e+00,0.000000000000000000e+00,0.000000000000000000e+00,-1.000000000000000000e+00,4.387261820585782068e+00,1.466913775326484348e+01,8.477477503776526646e+00,0.000000000000000000e+00,4.542060672250711661e+01,-7.859426775860043790e+01,0.000000000000000000e+00,6.008974447577195832e+01,-7.011679025482391125e+01,9.810000000000000497e+00
1.948901647413500693e-01,1.380773571775384123e-01,3.580795198791573153e-01,0.000000000000000000e+00,3.952477029460045088e+00,2.259400723894178231e+00,0.000000000000000000e+00,5.962751705542331848e+01,-7.030090706662520006e+01,9.810000000000000497e+00,-1.962870896421634825e+03,-7.550230099188629538e+02,0.000000000000000000e+00,8.681634221384622041e-01,4.962784223204091405e-01,0.000000000000000000e+00,4.962784223204091405e-01,-8.681634221384622041e-01,0.000000000000000000e+00,0.000000000000000000e+00,0.000000000000000000e+00,-1.000000000000000000e+00,4.372300549914386103e+00,1.465252019439092557e+01,8.375991685043031154e+00,0.000000000000000000e+00,4.497499686103239469e+01,-7.867689875166823299e+01,0.000000000000000000e+00,5.962751705542331848e+01,-7.030090706662520006e+01,9.810000000000000497e+00
1.951263873162203122e-01,1.390126811444024613e-01,3.586112743478316878e-01,0.000000000000000000e+00,3.966507458693434796e+00,2.242773458898339456e+00,0.000000000000000000e+00,5.916187335758559129e+01,-7.047371244660030243e+01,9.810000000000000497e+00,-1.979127748987957602e+03,-7.080563512404332869e+02,0.000000000000000000e+00,8.704843810323399378e-01,4.921960405963707874e-01,0.000000000000000000e+00,4.921960405963707874e-01,-8.704843810323399378e-01,0.000000000000000000e+00,0.000000000000000000e+00,0.000000000000000000e+00,-1.000000000000000222e+00,4.357008740244638467e+00,1.463510960261492677e+01,8.275097356207906429e+00,0.000000000000000000e+00,4.452676375497066630e+01,-7.874880980280821063e+01,0.000000000000000000e+00,5.916187335758559129e+01,-7.047371244660030243e+01,9.810000000000000497e+00
1.953623471923129351e-01,1.399502630783961976e-01,3.591385128822466299e-01,0.000000000000000000e+00,3.980412054244038433e+00,2.226125193092459043e+00,0.000000000000000000e+00,5.869301182313299847e+01,-7.063525117940319831e+01,9.810000000000000497e+00,-1.994529266284182086e+03,-6.611693051077891141e+02,0.000000000000000000e+00,8.727774811907844654e-01,4.881182933739215413e-01,0.000000000000000000e+00,4.881182933739215413e-01,-8.727774811907844654e-01,0.000000000000000000e+00,0.000000000000000000e+00,0.000000000000000000e+00,-9.999999999999998890e-01,4.341392776507419171e+00,1.461691135591203583e+01,8.174800541039681789e+00,0.000000000000000000e+00,4.407610046722096087e+01,-7.881005172044288543e+01,0.000000000000000000e+00,5.869301182313299847e+01,-7.063525117940319831e+01,9.810000000000000497e+00
1.955980512907188607e-01,1.408900933506620212e-01,3.596612547401173421e-01,0.000000000000000000e+00,3.994190727926526296e+00,2.209458179083847451e+00,0.000000000000000000e+00,5.822112958607938538e+01,-7.078557416976897798e+01,9.810000000000000497e+00,-2.009067095478530973e+03,-6.143882450163655449e+02,3.637978807091712952e-12,8.750427778827811753e-01,4.840455937979248890e-01,0.000000000000000000e+00,4.840455937979248890e-01,-8.750427778827811753e-01,0.000000000000000000e+00,0.000000000000000000e+00,0.000000000000000000e+00,-1.000000000000000000e+00,4.325459101559726349e+00,1.459793061622086974e+01,8.075106922711032809e+00,0.000000000000000000e+00,4.362319896985851386e+01,-7.886068109248000724e+01,0.000000000000000000e+00,5.822112958607938538e+01,-7.078557416976897798e+01,9.810000000000000497e+00
1.958335076801056285e-01,1.418321623323422209e-01,3.601795191791595796e-01,0.000000000000000000e+00,4.007843443265943328e+00,2.192774661398448455e+00,0.000000000000000000e+00,5.774642228421662082e+01,-7.092473821804780698e+01,9.810000000000000497e+00,-2.022745878001354868e+03,-5.677388975509093143e+02,0.000000000000000000e+00,8.772803331484803069e-01,4.799783506272876643e-01,0.000000000000000000e+00,4.799783506272876643e-01,-8.772803331484803069e-01,0.000000000000000000e+00,0.000000000000000000e+00,0.000000000000000000e+00,-1.000000000000000000e+00,4.309214210722940308e+00,1.457817234596051748e+01,7.976021863686511892e+00,0.000000000000000000e+00,4.316824993825610335e+01,-7.890076008173431887e+01,0.000000000000000000e+00,5.774642228421662082e+01,-7.092473821804780698e+01,9.810000000000000497e+00
1.960687229083120098e-01,1.427764603945790023e-01,3.606933254570881542e-01,0.000000000000000000e+00,4.021370176013323139e+00,2.176076854207034117e+00,0.000000000000000000e+00,5.726908370798993531e+01,-7.105280398774031880e+01,9.810000000000000497e+00,-2.035586450530405273e+03,-5.212452264147286769e+02,0.000000000000000000e+00,8.794902156720164621e-01,4.759169681122852325e-01,0.000000000000000000e+00,4.759169681122852325e-01,-8.794902156720164621e-01,0.000000000000000000e+00,0.000000000000000000e+00,0.000000000000000000e+00,-1.000000000000000000e+00,4.292664646048727661e+00,1.455764194850050153e+01,7.877550762404712970e+00,0.000000000000000000e+00,4.271144175948943200e+01,-7.893035475014502822e+01,0.000000000000000000e+00,5.726908370798993531e+01,-7.105280398774031880e+01,9.810000000000000497e+00
1.963037012029363315e-01,1.437229779085148207e-01,3.612026928316190988e-01,0.000000000000000000e+00,4.034770902142531313e+00,2.159366935189926284e+00,0.000000000000000000e+00,5.678930566460835649e+01,-7.116983534347251350e+01,9.810000000000000497e+00,-2.047581957641945337e+03,-4.749330846164084505e+02,-7.275957614183425903e-12,8.816725006519920971e-01,4.718618458765904133e-01,0.000000000000000000e+00,4.718618458765904133e-01,-8.816725006519920971e-01,0.000000000000000000e+00,0.000000000000000000e+00,0.000000000000000000e+00,-1.000000000000000222e+00,4.275816991222294305e+00,1.453634546694884300e+01,7.779699150491805604e+00,0.000000000000000000e+00,4.225296019765951172e+01,-7.894953449396432177e+01,0.000000000000000000e+00,5.678930566460835649e+01,-7.116983534347251350e+01,9.810000000000000497e+00
1.965384516250882063e-01,1.446717052452918262e-01,3.617076405604673917e-01,0.000000000000000000e+00,4.048045701389793471e+00,2.142647100977260521e+00,0.000000000000000000e+00,5.630727829759090497e+01,-7.127590422724730956e+01,9.810000000000000497e+00,-2.058727824991234229e+03,-4.288271278212487232e+02,3.637978807091712952e-12,8.838272696695522734e-01,4.678133788044808172e-01,0.000000000000000000e+00,4.678133788044808172e-01,-8.838272696695522734e-01,0.000000000000000000e+00,0.000000000000000000e+00,0.000000000000000000e+00,-1.000000000000000000e+00,4.258677865754864733e+00,1.451428783502873721e+01,7.682471752183230862e+00,0.000000000000000000e+00,4.179299046256216599e+01,-7.895837597943054220e+01,0.000000000000000000e+00,5.630727829759090497e+01,-7.127590422724730956e+01,9.810000000000000497e+00
1.967729806115895153e-01,1.456226327760524186e-01,3.622081879013485106e-01,0.000000000000000000e+00,4.061194648080628689e+00,2.125919507607809678e+00,0.000000000000000000e+00,5.582318946400012294e+01,-7.137108526995618263e+01,9.810000000000000497e+00,-2.069051997082991875e+03,-3.829483290177304298e+02,-3.637978807091712952e-12,8.859546105537147165e-01,4.637719569342416137e-01,0.000000000000000000e+00,4.637719569342416137e-01,-8.859546105537147165e-01,0.000000000000000000e+00,0.000000000000000000e+00,0.000000000000000000e+00,-1.000000000000000444e+00,4.241253919862667310e+00,1.449147468796229532e+01,7.585873468956713772e+00,0.000000000000000000e+00,4.133171477603782762e+01,-7.895695873891290262e+01,0.000000000000000000e+00,5.582318946400012294e+01,-7.137108526995618263e+01,9.810000000000000497e+00
1.970072923065586679e-01,1.465757508719389701e-01,3.627043541119780445e-01,0.000000000000000000e+00,4.074217815642136031e+00,2.109186273687724267e+00,0.000000000000000000e+00,5.533722470487084877e+01,-7.145545592614331554e+01,9.810000000000000497e+00,-2.078554505051724846e+03,-3.373206184499140363e+02,0.000000000000000000e+00,8.880546172453045450e-01,4.597379653555875856e-01,0.000000000000000000e+00,4.597379653555875856e-01,-8.880546172453045450e-01,0.000000000000000000e+00,0.000000000000000000e+00,0.000000000000000000e+00,-9.999999999999998890e-01,4.223551829334829755e+00,1.446791228882802116e+01,7.489909324768014187e+00,0.000000000000000000e+00,4.086931241604282405e+01,-7.894536525091133683e+01,0.000000000000000000e+00,5.533722470487084877e+01,-7.145545592614331554e+01,9.810000000000000497e+00
1.972413945728677398e-01,1.475310499040936030e-01,3.631961584500710272e-01,0.000000000000000000e+00,4.087115363118896560e+00,2.092449525364323382e+00,0.000000000000000000e+00,5.484956741727499718e+01,-7.152910048520425335e+01,9.810000000000000497e+00,-2.087230767248911434e+03,-2.919678239165514242e+02,0.000000000000000000e+00,8.901273896584164236e-01,4.557117841134828429e-01,0.000000000000000000e+00,4.557117841134828429e-01,-8.901273896584164236e-01,0.000000000000000000e+00,0.000000000000000000e+00,0.000000000000000000e+00,-9.999999999999998890e-01,4.205578290122558016e+00,1.444360604279223992e+01,7.394583691351191312e+00,0.000000000000000000e+00,4.040596137448275726e+01,-7.892368417655544022e+01,0.000000000000000000e+00,5.484956741727499718e+01,-7.152910048520425335e+01,9.810000000000000497e+00
1.974752941706505727e-01,1.484885202436587726e-01,3.636836201733432139e-01,0.000000000000000000e+00,4.099887464604999643e+00,2.075711358804690043e+00,0.000000000000000000e+00,5.436039849061543805e+01,-7.159210657473281003e+01,9.810000000000000497e+00,-2.095105199754558271e+03,-2.469086019809474237e+02,3.637978807091712952e-12,8.921730335405022583e-01,4.516937881166154245e-01,0.000000000000000000e+00,4.516937881166154245e-01,-8.921730335405022583e-01,0.000000000000000000e+00,0.000000000000000000e+00,0.000000000000000000e+00,-1.000000000000000000e+00,4.187340013506629433e+00,1.441856167738181682e+01,7.299900914292755338e+00,0.000000000000000000e+00,3.994183681323362123e+01,-7.889200748902555915e+01,0.000000000000000000e+00,5.436039849061543805e+01,-7.159210657473281003e+01,9.810000000000000497e+00
1.977089952969157405e-01,1.494481522617767122e-01,3.641667585395096940e-01,0.000000000000000000e+00,4.112534287744825434e+00,2.058973829675494027e+00,0.000000000000000000e+00,5.386989619378715588e+01,-7.164456403931826856e+01,9.810000000000000497e+00,-2.102185475580539787e+03,-2.021642079512821510e+02,3.637978807091712952e-12,8.941916603308371903e-01,4.476843470513357515e-01,0.000000000000000000e+00,4.476843470513357515e-01,-8.941916603308371903e-01,0.000000000000000000e+00,0.000000000000000000e+00,0.000000000000000000e+00,-1.000000000000000222e+00,4.168843720872544623e+00,1.439278560884656954e+01,7.205865491031722136e+00,0.000000000000000000e+00,3.947711058494058989e+01,-7.885042953034998447e+01,0.000000000000000000e+00,5.386989619378715588e+01,-7.164456403931826856e+01,9.810000000000000497e+00
1.979425048527362896e-01,1.504099363295897385e-01,3.646455928062860008e-01,0.000000000000000000e+00,4.125056069117652768e+00,2.042238991305947771e+00,0.000000000000000000e+00,5.337823626028218627e+01,-7.168656839264235714e+01,9.810000000000000497e+00,-2.108468330544259516e+03,-1.577573892865329981e+02,0.000000000000000000e+00,8.961833870174987782e-01,4.436838253011304301e-01,0.000000000000000000e+00,4.436838253011304301e-01,-8.961833870174987782e-01,0.000000000000000000e+00,0.000000000000000000e+00,0.000000000000000000e+00,-1.000000000000000000e+00,4.150096139122660510e+00,1.436628362795661040e+01,7.112481404755532921e+00,0.000000000000000000e+00,3.901195263232557409e+01,-7.879904979739788473e+01,0.000000000000000000e+00,5.337823626028218627e+01,-7.168656839264235714e+01,9.810000000000000497e+00
1.981758297230950816e-01,1.513738628182401125e-01,3.651201422313876677e-01,0.000000000000000000e+00,4.137453074251339125e+00,2.025508873846406654e+00,0.000000000000000000e+00,5.288559167776427472e+01,-7.171821878887386958e+01,9.810000000000000497e+00,-2.113976718167628860e+03,-1.137044589075085241e+02,0.000000000000000000e+00,8.981483359936094368e-01,4.396925818704591760e-01,0.000000000000000000e+00,4.396925818704591760e-01,-8.981483359936094368e-01,0.000000000000000000e+00,0.000000000000000000e+00,0.000000000000000000e+00,-1.000000000000000000e+00,4.131103995665648121e+00,1.433906156905387341e+01,7.019752473205756793e+00,0.000000000000000000e+00,3.854653010871039953e+01,-7.873797126207962549e+01,0.000000000000000000e+00,5.288559167776427472e+01,-7.171821878887386958e+01,9.810000000000000497e+00
1.984089738571623018e-01,1.523399220988701785e-01,3.655904260725296728e-01,0.000000000000000000e+00,4.149725555195153959e+00,2.008785463604061849e+00,0.000000000000000000e+00,5.239213257243493871e+01,-7.173961592783717833e+01,9.810000000000000497e+00,-2.118721998938999604e+03,-7.002423094550613314e+01,-3.637978807091712952e-12,9.000866349119326371e-01,4.357109703150852664e-01,0.000000000000000000e+00,4.357109703150852664e-01,-9.000866349119326371e-01,0.000000000000000000e+00,0.000000000000000000e+00,0.000000000000000000e+00,-9.999999999999998890e-01,4.111874013651629411e+00,1.431112604422714973e+01,6.927682706500582377e+00,0.000000000000000000e+00,3.808100652820778720e+01,-7.866729863433775449e+01,0.000000000000000000e+00,5.239213257243493871e+01,-7.173961592783717833e+01,9.810000000000000497e+00
1.986419438243097191e-01,1.533081045426223643e-01,3.660564635874279937e-01,0.000000000000000000e+00,4.161873829644212819e+00,1.992070741941334822e+00,0.000000000000000000e+00,5.189802623695703687e+01,-7.175086564454514360e+01,9.810000000000000497e+00,-2.122702124251518399e+03,-2.673818029108224437e+01,3.637978807091712952e-12,9.019984165392234132e-01,4.317393386763979102e-01,0.000000000000000000e+00,4.317393386763979102e-01,-9.019984165392234132e-01,0.000000000000000000e+00,0.000000000000000000e+00,0.000000000000000000e+00,-9.999999999999997780e-01,4.092412907904434682e+00,1.428248304343955155e+01,6.836275619518580982e+00,0.000000000000000000e+00,3.761554319351748177e+01,-7.858714126406371747e+01,0.000000000000000000e+00,5.189802623695703687e+01,-7.175086564454514360e+01,9.810000000000000497e+00
1.988747463198488885e-01,1.542784005206387365e-01,3.665182740337976086e-01,0.000000000000000000e+00,4.173898244367599375e+00,1.975366666841726238e+00,0.000000000000000000e+00,5.140343697938722300e+01,-7.175207705138114989e+01,9.810000000000000497e+00,-2.125942319628113182e+03,1.614051411856780760e+01,0.000000000000000000e+00,9.038838186098172578e-01,4.277780294210247192e-01,0.000000000000000000e+00,4.277780294210247192e-01,-9.038838186098172578e-01,0.000000000000000000e+00,0.000000000000000000e+00,0.000000000000000000e+00,-1.000000000000000000e+00,4.072727379746409859e+00,1.425313855399489249e+01,6.745534545656868275e+00,0.000000000000000000e+00,3.715029842539232874e+01,-7.849761159703801638e+01,0.000000000000000000e+00,5.140343697938722300e+01,-7.175207705138114989e+01,9.810000000000000497e+00
1.991073847843758959e-01,1.552508004040618061e-01,3.669758766693538288e-01,0.000000000000000000e+00,4.185799126442527829e+00,1.958675149979988594e+00,0.000000000000000000e+00,5.090852607516640660e+01,-7.174336018787829516e+01,9.810000000000000497e+00,-2.128453458874733769e+03,5.859454635586007498e+01,3.637978807091712952e-12,9.057429836781659693e-01,4.238273793866711991e-01,0.000000000000000000e+00,4.238273793866711991e-01,-9.057429836781659693e-01,0.000000000000000000e+00,0.000000000000000000e+00,0.000000000000000000e+00,-9.999999999999997780e-01,4.052824113193649325e+00,1.422309941945501421e+01,6.655463042312296906e+00,0.000000000000000000e+00,3.668542665571138883e+01,-7.839882323019058674e+01,0.000000000000000000e+00,5.090852607516640660e+01,-7.174336018787829516e+01,9.810000000000000497e+00
1.993398660051794447e-01,1.562252945640337232e-01,3.674292907518126317e-01,0.000000000000000000e+00,4.197576876779399946e+00,1.941998101163447066e+00,0.000000000000000000e+00,5.041345171317104956e+01,-7.172483021571230211e+01,9.810000000000000497e+00,-2.130234582300225156e+03,1.006038616614823695e+02,-3.637978807091712952e-12,9.075760589721104665e-01,4.198877197307065434e-01,0.000000000000000000e+00,4.198877197307065434e-01,-9.075760589721104665e-01,0.000000000000000000e+00,0.000000000000000000e+00,0.000000000000000000e+00,-1.000000000000000000e+00,4.032709770716978781e+00,1.419237165887222396e+01,6.566064094026181408e+00,0.000000000000000000e+00,3.622108005429882382e+01,-7.829089430973849062e+01,0.000000000000000000e+00,5.041345171317104956e+01,-7.172483021571230211e+01,9.810000000000000497e+00
1.995721962143393868e-01,1.572018733716968319e-01,3.678785355388884959e-01,0.000000000000000000e+00,4.209231913689642113e+00,1.925337401226889567e+00,0.000000000000000000e+00,4.991836890732292176e+01,-7.169660467289914152e+01,9.810000000000000497e+00,-2.131316412993604899e+03,1.421596743937698193e+02,0.000000000000000000e+00,9.093831962448919448e-01,4.159593758859443935e-01,0.000000000000000000e+00,4.159593758859443935e-01,-9.093831962448919448e-01,0.000000000000000000e+00,0.000000000000000000e+00,0.000000000000000000e+00,-1.000000000000000000e+00,4.012390988576029827e+00,1.416096145171552045e+01,6.477340588350013917e+00,0.000000000000000000e+00,3.575740745560739953e+01,-7.817394526124915899e+01,0.000000000000000000e+00,4.991836890732292176e+01,-7.169660467289914152e+01,9.810000000000000497e+00
1.998043781203086844e-01,1.581805271981935324e-01,3.683236302882976765e-01,0.000000000000000000e+00,4.220764630358493363e+00,1.908694883004854681e+00,0.000000000000000000e+00,4.942342952840707682e+01,-7.165880145379871635e+01,9.810000000000000497e+00,-2.131705706632026704e+03,1.832447698302275967e+02,-3.637978807091712952e-12,9.111645516277234735e-01,4.120426675200635214e-01,0.000000000000000000e+00,4.120426675200635214e-01,-9.111645516277234735e-01,0.000000000000000000e+00,0.000000000000000000e+00,0.000000000000000000e+00,-1.000000000000000000e+00,3.991874373686173705e+00,1.412887590205795618e+01,6.389295660530139642e+00,0.000000000000000000e+00,3.529455362634912063e+01,-7.804809711432885422e+01,0.000000000000000000e+00,4.942342952840707682e+01,-7.165880145379871635e+01,9.810000000000000497e+00
2.000364192030823773e-01,1.591612464146660022e-01,3.687645942577550962e-01,0.000000000000000000e+00,4.232175511677645829e+00,1.892072384857889533e+00,0.000000000000000000e+00,4.892878211805989963e+01,-7.161154398976992752e+01,9.810000000000000497e+00,-2.131403721053138725e+03,2.238411514211911708e+02,0.000000000000000000e+00,9.129202854826721225e-01,4.081379084993651540e-01,0.000000000000000000e+00,4.081379084993651540e-01,-9.129202854826721225e-01,0.000000000000000000e+00,0.000000000000000000e+00,0.000000000000000000e+00,-9.999999999999997780e-01,3.971166499129840322e+00,1.409612090408812790e+01,6.301931718722782350e+00,0.000000000000000000e+00,3.483266121397176818e+01,-7.791347570849271165e+01,0.000000000000000000e+00,4.892878211805989963e+01,-7.161154398976992752e+01,9.810000000000000497e+00
2.002683247139772915e-01,1.601440213922566413e-01,3.692014467049762327e-01,0.000000000000000000e+00,4.243465034349430454e+00,1.875471704814523743e+00,0.000000000000000000e+00,4.843457194563306700e+01,-7.155495658449541452e+01,9.810000000000000497e+00,-2.130445543111258303e+03,2.639443483706272673e+02,0.000000000000000000e+00,9.146505622550568093e-01,4.042454068588888227e-01,0.000000000000000000e+00,4.042454068588888227e-01,-9.146505622550568093e-01,0.000000000000000000e+00,0.000000000000000000e+00,0.000000000000000000e+00,-1.000000000000000222e+00,3.950273900532848881e+00,1.406270293529613546e+01,6.215251271041403847e+00,0.000000000000000000e+00,3.437186901033692976e+01,-7.777020785553682458e+01,0.000000000000000000e+00,4.843457194563306700e+01,-7.155495658449541452e+01,9.810000000000000497e+00
2.005000972863789366e-01,1.611288425021076831e-01,3.696342068876766196e-01,0.000000000000000000e+00,4.254633661119981092e+00,1.858894598908336082e+00,0.000000000000000000e+00,4.794094104230428144e+01,-7.148916407862357403e+01,9.810000000000000497e+00,-2.128833296998345759e+03,3.035367054843227379e+02,3.637978807091712952e-12,9.163555503271074709e-01,4.003654647752526996e-01,0.000000000000000000e+00,4.003654647752526996e-01,-9.163555503271074709e-01,0.000000000000000000e+00,0.000000000000000000e+00,0.000000000000000000e+00,-1.000000000000000222e+00,3.929203072769126948e+00,1.402862916357885048e+01,6.129256960609869687e+00,0.000000000000000000e+00,3.391231187872543273e+01,-7.761842103923343927e+01,0.000000000000000000e+00,4.794094104230428144e+01,-7.148916407862357403e+01,9.810000000000000497e+00
2.007317446521693083e-01,1.621157001153613886e-01,3.700628940635714015e-01,0.000000000000000000e+00,4.265681948542002111e+00,1.842342828710035851e+00,0.000000000000000000e+00,4.744802790689400496e+01,-7.141429654751001976e+01,9.810000000000000497e+00,-2.126575300827316823e+03,3.426045943667995743e+02,3.637978807091712952e-12,9.180354218715849335e-01,3.964983785453111143e-01,0.000000000000000000e+00,3.964983785453111143e-01,-9.180354218715849335e-01,0.000000000000000000e+00,0.000000000000000000e+00,0.000000000000000000e+00,-9.999999999999997780e-01,3.907960466090267815e+00,1.399390543977857959e+01,6.043950684470157597e+00,0.000000000000000000e+00,3.345412246711542537e+01,-7.745824723198018091e+01,0.000000000000000000e+00,4.744802790689400496e+01,-7.141429654751001976e+01,9.810000000000000497e+00
2.009632706140624669e-01,1.631045846031602409e-01,3.704875274903762228e-01,0.000000000000000000e+00,4.276610419403165331e+00,1.825818105150757820e+00,0.000000000000000000e+00,4.695596777182697679e+01,-7.133048347986364490e+01,9.810000000000000497e+00,-2.123702004695092910e+03,3.811440588211116847e+02,0.000000000000000000e+00,9.196903527063111650e-01,3.926444385687141714e-01,0.000000000000000000e+00,3.926444385687141714e-01,-9.196903527063111650e-01,0.000000000000000000e+00,0.000000000000000000e+00,0.000000000000000000e+00,-9.999999999999997780e-01,3.886552483022285287e+00,1.395853863808585693e+01,5.959334628946701073e+00,0.000000000000000000e+00,3.299742913374112163e+01,-7.728981810881035130e+01,0.000000000000000000e+00,4.695596777182697679e+01,-7.133048347986364490e+01,9.810000000000000497e+00
2.011946792224703351e-01,1.640954863366464178e-01,3.709081264258062283e-01,0.000000000000000000e+00,4.287419620896389283e+00,1.809322114547994520e+00,0.000000000000000000e+00,4.646489245895606501e+01,-7.123785627784370433e+01,9.810000000000000497e+00,-2.120214537023450248e+03,4.191384358064387925e+02,3.637978807091712952e-12,9.213205221494663588e-01,3.888039293348700132e-01,0.000000000000000000e+00,3.888039293348700132e-01,-9.213205221494663588e-01,0.000000000000000000e+00,0.000000000000000000e+00,0.000000000000000000e+00,-9.999999999999998890e-01,3.864985475022237438e+00,1.392253557137057918e+01,5.875410789531077427e+00,0.000000000000000000e+00,3.254235688758548406e+01,-7.711326706737477821e+01,0.000000000000000000e+00,4.646489245895606501e+01,-7.123785627784370433e+01,9.810000000000000497e+00
2.014259771529359755e-01,1.650883956869622637e-01,3.713247101275770068e-01,0.000000000000000000e+00,4.298110156923452330e+00,1.792856532104427192e+00,0.000000000000000000e+00,4.597493022150365505e+01,-7.113654955934076440e+01,9.810000000000000497e+00,-2.116133586224706960e+03,4.565815483554615639e+02,0.000000000000000000e+00,9.229261128757261234e-01,3.849771294143363165e-01,0.000000000000000000e+00,3.849771294143363165e-01,-9.229261128757261234e-01,0.000000000000000000e+00,0.000000000000000000e+00,0.000000000000000000e+00,-1.000000000000000222e+00,3.843265739684289084e+00,1.388590236065606476e+01,5.792180712577740920e+00,0.000000000000000000e+00,3.208902786084759384e+01,-7.692873027191851065e+01,0.000000000000000000e+00,4.597493022150365505e+01,-7.113654955934076440e+01,9.810000000000000497e+00
2.016571669990472049e-01,1.660833030252499842e-01,3.717372978534040917e-01,0.000000000000000000e+00,4.308682594059465742e+00,1.776422982379901816e+00,0.000000000000000000e+00,4.548620606994201410e+01,-7.102669691018813580e+01,9.810000000000000497e+00,-2.111477621023892425e+03,4.934659090102068149e+02,0.000000000000000000e+00,9.245073107737511453e-01,3.811643114535866461e-01,0.000000000000000000e+00,3.811643114535866461e-01,-9.245073107737511453e-01,0.000000000000000000e+00,0.000000000000000000e+00,0.000000000000000000e+00,-1.000000000000000222e+00,3.821399517398087031e+00,1.384864619392986640e+01,5.709646240283125174e+00,0.000000000000000000e+00,3.163755987601215125e+01,-7.673634315047125654e+01,0.000000000000000000e+00,4.548620606994201410e+01,-7.102669691018813580e+01,9.810000000000000497e+00
2.018882545290986985e-01,1.670801987226519514e-01,3.721459088610022947e-01,0.000000000000000000e+00,4.319137561866412511e+00,1.760023081697191571e+00,0.000000000000000000e+00,4.499884138088116714e+01,-7.090843517841940979e+01,9.810000000000000497e+00,-2.106249008647602750e+03,5.297768812958383933e+02,0.000000000000000000e+00,9.260643048041734549e-01,3.773657421753634500e-01,0.000000000000000000e+00,3.773657421753634500e-01,-9.260643048041734549e-01,0.000000000000000000e+00,0.000000000000000000e+00,0.000000000000000000e+00,-9.999999999999998890e-01,3.799392988473558219e+00,1.381077341599937647e+01,5.627808709511223917e+00,0.000000000000000000e+00,3.118806796488179245e+01,-7.653624388793063815e+01,0.000000000000000000e+00,4.499884138088116714e+01,-7.090843517841940979e+01,9.810000000000000497e+00
2.021192450615763303e-01,1.680790731503105651e-01,3.725505624080876488e-01,0.000000000000000000e+00,4.329475701715574942e+00,1.743658416631278962e+00,0.000000000000000000e+00,4.451295407434194118e+01,-7.078190212944349469e+01,9.810000000000000497e+00,-2.100480140165658668e+03,5.655165963715116959e+02,3.637978807091712952e-12,9.275972868594407617e-01,3.735816823815168441e-01,0.000000000000000000e+00,3.735816823815168441e-01,-9.275972868594407617e-01,0.000000000000000000e+00,0.000000000000000000e+00,0.000000000000000000e+00,-1.000000000000000222e+00,3.777252271108726855e+00,1.377229047651371552e+01,5.546669356787987226e+00,0.000000000000000000e+00,3.074066359782822389e+01,-7.632857148623148191e+01,0.000000000000000000e+00,4.451295407434194118e+01,-7.078190212944349469e+01,9.810000000000000497e+00
2.023501403328986092e-01,1.690799166793679476e-01,3.729512777523751876e-01,0.000000000000000000e+00,4.339697623194163967e+00,1.727330526992347126e+00,0.000000000000000000e+00,4.402865884879727787e+01,-7.064723446839261101e+01,9.810000000000000497e+00,-2.094177193384966813e+03,6.006726152231858578e+02,-3.637978807091712952e-12,9.291064516249364358e-01,3.698123869598199387e-01,0.000000000000000000e+00,3.698123869598199387e-01,-9.291064516249364358e-01,0.000000000000000000e+00,0.000000000000000000e+00,0.000000000000000000e+00,-9.999999999999998890e-01,3.754983418079984148e+00,1.373320476352437858e+01,5.466229650353460201e+00,0.000000000000000000e+00,3.029545408527290107e+01,-7.611346411874606588e+01,0.000000000000000000e+00,4.402865884879727787e+01,-7.064723446839261101e+01,9.810000000000000497e+00
2.025809476124978414e-01,1.700827196809665542e-01,3.733480741515802781e-01,0.000000000000000000e+00,4.349804028972449998e+00,1.711040956298299776e+00,0.000000000000000000e+00,4.354606654322298454e+01,-7.050457311776250435e+01,9.810000000000000497e+00,-2.087349468000000343e+03,6.352358851474127732e+02,-3.637978807091712952e-12,9.305919964410086509e-01,3.660581048958452266e-01,0.000000000000000000e+00,3.660581048958452266e-01,-9.305919964410086509e-01,0.000000000000000000e+00,0.000000000000000000e+00,0.000000000000000000e+00,-9.999999999999998890e-01,3.732592414648715717e+00,1.369352217823105455e+01,5.386490317005689477e+00,0.000000000000000000e+00,2.985254436499193176e+01,-7.589106343476819916e+01,0.000000000000000000e+00,4.354606654322298454e+01,-7.050457311776250435e+01,9.810000000000000497e+00
2.028116698566205245e-01,1.710874725262486462e-01,3.737409708634187311e-01,0.000000000000000000e+00,4.359795578625131007e+00,1.694791197260204330e+00,0.000000000000000000e+00,4.306528484120042322e+01,-7.035405726711223906e+01,9.810000000000000497e+00,-2.080026470980243175e+03,6.692089192013954744e+02,3.637978807091712952e-12,9.320541211673452064e-01,3.623190792864315335e-01,0.000000000000000000e+00,3.623190792864315335e-01,-9.320541211673452064e-01,0.000000000000000000e+00,0.000000000000000000e+00,0.000000000000000000e+00,-9.999999999999996669e-01,3.710085176381666017e+00,1.365324975006914343e+01,5.307452396130306838e+00,0.000000000000000000e+00,2.941203509113127623e+01,-7.566150966324254057e+01,0.000000000000000000e+00,4.306528484120042322e+01,-7.035405726711223906e+01,9.810000000000000497e+00
2.030423109826732242e-01,1.720941655863564290e-01,3.741299871456053028e-01,0.000000000000000000e+00,4.369672960645831772e+00,1.678582721047551907e+00,0.000000000000000000e+00,4.258641790653138059e+01,-7.019582736714443172e+01,9.810000000000000497e+00,-2.072210517989922664e+03,7.025787294006149750e+02,0.000000000000000000e+00,9.334930280482559573e-01,3.585955473584384601e-01,0.000000000000000000e+00,3.585955473584384601e-01,-9.334930280482559573e-01,0.000000000000000000e+00,0.000000000000000000e+00,0.000000000000000000e+00,-1.000000000000000000e+00,3.687467546486493220e+00,1.361239423276926530e+01,5.229116676923278639e+00,0.000000000000000000e+00,2.897402367376211885e+01,-7.542494404406771480e+01,0.000000000000000000e+00,4.258641790653138059e+01,-7.019582736714443172e+01,9.810000000000000497e+00
2.032728768321775126e-01,1.731027892324324136e-01,3.745151422558559706e-01,0.000000000000000000e+00,4.379436904685192644e+00,1.662416981855244558e+00,0.000000000000000000e+00,4.210956628853529082e+01,-7.003002554522281287e+01,9.810000000000000497e+00,-2.063926887012392399e+03,7.353477476812549867e+02,-3.637978807091712952e-12,9.349089215799871733e-01,3.548877404900676602e-01,0.000000000000000000e+00,3.548877404900676602e-01,-9.349089215799871733e-01,0.000000000000000000e+00,0.000000000000000000e+00,0.000000000000000000e+00,-1.000000000000000222e+00,3.664745294398658260e+00,1.357096183875448858e+01,5.151483606652545788e+00,0.000000000000000000e+00,2.853860444978079869e+01,-7.518150915187536043e+01,0.000000000000000000e+00,4.210956628853529082e+01,-7.003002554522281287e+01,9.810000000000000497e+00
2.035033688740703339e-01,1.741133338356186666e-01,3.748964554518858239e-01,0.000000000000000000e+00,4.389088095328717465e+00,1.646295384211949431e+00,0.000000000000000000e+00,4.163482750032272861e+01,-6.985679188195716449e+01,9.810000000000000497e+00,-2.055188747609630809e+03,7.675102682807482779e+02,-3.637978807091712952e-12,9.363020083799814541e-01,3.511958842350137999e-01,0.000000000000000000e+00,3.511958842350137999e-01,-9.363020083799814541e-01,0.000000000000000000e+00,0.000000000000000000e+00,0.000000000000000000e+00,-1.000000000000000000e+00,3.641924113322473122e+00,1.352895993055235202e+01,5.074553939931492508e+00,0.000000000000000000e+00,2.810586756977037837e+01,-7.493134582188865522e+01,0.000000000000000000e+00,4.163482750032272861e+01,-6.985679188195716449e+01,9.810000000000000497e+00
2.037337933675114898e-01,1.751257897670576991e-01,3.752739459914101738e-01,0.000000000000000000e+00,4.398627295962860728e+00,1.630219330484277362e+00,0.000000000000000000e+00,4.116229520548586862e+01,-6.967626952308185651e+01,9.810000000000000497e+00,-2.046002605462490465e+03,7.990577237616817001e+02,-7.275957614183425903e-12,9.376724970574077389e-01,3.475201983512982151e-01,0.000000000000000000e+00,3.475201983512982151e-01,-9.376724970574077389e-01,0.000000000000000000e+00,0.000000000000000000e+00,0.000000000000000000e+00,-1.000000000000000000e+00,3.619009618599110301e+00,1.348639455236700080e+01,4.998327800581214397e+00,0.000000000000000000e+00,2.767590065311886605e+01,-7.467459732366306469e+01,0.000000000000000000e+00,4.116229520548586862e+01,-6.967626952308185651e+01,9.810000000000000497e+00
2.039641536986046277e-01,1.761401473978916332e-01,3.756476331321447759e-01,0.000000000000000000e+00,4.408055244119192473e+00,1.614190181358874820e+00,0.000000000000000000e+00,4.069205994562245365e+01,-6.948860021356455263e+01,9.810000000000000497e+00,-2.036397942386756768e+03,8.299971679595473688e+02,3.637978807091712952e-12,9.390205980863171042e-01,3.438608968312842906e-01,0.000000000000000000e+00,3.438608968312842906e-01,-9.390205980863171042e-01,0.000000000000000000e+00,0.000000000000000000e+00,0.000000000000000000e+00,-9.999999999999998890e-01,3.596007346289480378e+00,1.344327249149313808e+01,4.922805468477318591e+00,0.000000000000000000e+00,2.724878745412931735e+01,-7.441140568204187389e+01,0.000000000000000000e+00,4.069205994562245365e+01,-6.948860021356455263e+01,9.810000000000000497e+00
2.041944526587658182e-01,1.771563970992629244e-01,3.760175361318046083e-01,0.000000000000000000e+00,4.417372682005323625e+00,1.598209268034382680e+00,0.000000000000000000e+00,4.022420897064520773e+01,-6.929392549609744378e+01,9.810000000000000497e+00,-2.026379092477131053e+03,8.603187174507474992e+02,3.637978807091712952e-12,9.403465236802672766e-01,3.402181879359720829e-01,0.000000000000000000e+00,3.402181879359720829e-01,-9.403465236802672766e-01,0.000000000000000000e+00,0.000000000000000000e+00,0.000000000000000000e+00,-9.999999999999998890e-01,3.572922750983172691e+00,1.339960066586525045e+01,4.847987143892904527e+00,0.000000000000000000e+00,2.682460830477995728e+01,-7.414191263999035186e+01,0.000000000000000000e+00,4.022420897064520773e+01,-6.929392549609744378e+01,9.810000000000000497e+00
2.044246961093642012e-01,1.781745292423137506e-01,3.763836742481052045e-01,0.000000000000000000e+00,4.426580404976607319e+00,1.582277910002821031e+00,0.000000000000000000e+00,3.975882586546684649e+01,-6.909238862312300000e+01,9.810000000000000497e+00,-2.015966325864093960e+03,8.900251681581721641e+02,3.637978807091712952e-12,9.416504876690190429e-01,3.365922742320426320e-01,0.000000000000000000e+00,3.365922742320426320e-01,-9.416504876690190429e-01,0.000000000000000000e+00,0.000000000000000000e+00,0.000000000000000000e+00,-1.000000000000000000e+00,3.549761204947678106e+00,1.335538512372728626e+01,4.773872589571916514e+00,0.000000000000000000e+00,2.640344074173955846e+01,-7.386626121269492273e+01,0.000000000000000000e+00,3.975882586546684649e+01,-6.909238862312300000e+01,9.810000000000000497e+00
2.046548854468152046e-01,1.791945341981864837e-01,3.767460667387621531e-01,0.000000000000000000e+00,4.435679159964903917e+00,1.566397378577088384e+00,0.000000000000000000e+00,3.929599140118924794e+01,-6.888413031770447503e+01,9.810000000000000497e+00,-2.005176296840494615e+03,9.191162472317519132e+02,-3.637978807091712952e-12,9.429327053777293299e-01,3.329833526304827873e-01,0.000000000000000000e+00,3.329833526304827873e-01,-9.429327053777293299e-01,0.000000000000000000e+00,0.000000000000000000e+00,0.000000000000000000e+00,-1.000000000000000222e+00,3.526527996625250072e+00,1.331063309229943137e+01,4.700461875413062707e+00,0.000000000000000000e+00,2.598535830888981479e+01,-7.358459219311754396e+01,0.000000000000000000e+00,3.929599140118924794e+01,-6.888413031770447503e+01,9.810000000000000497e+00
2.048850260589331340e-01,1.802164023380234681e-01,3.771047328614905991e-01,0.000000000000000000e+00,4.444669758064925702e+00,1.550568937762896171e+00,0.000000000000000000e+00,3.883578262669712444e+01,-6.866929328956618406e+01,9.810000000000000497e+00,-1.994014897628629114e+03,9.475850329485256225e+02,3.637978807091712952e-12,9.441933935077423401e-01,3.293916144292892145e-01,0.000000000000000000e+00,3.293916144292892145e-01,-9.441933935077423401e-01,0.000000000000000000e+00,0.000000000000000000e+00,0.000000000000000000e+00,-9.999999999999998890e-01,3.503228329157955123e+00,1.326535067168127568e+01,4.627754550879434881e+00,0.000000000000000000e+00,2.557043195501584876e+01,-7.329704784044561450e+01,0.000000000000000000e+00,3.883578262669712444e+01,-6.866929328956618406e+01,9.810000000000000497e+00
2.051151213850429256e-01,1.812401240329669649e-01,3.774596918740061868e-01,0.000000000000000000e+00,4.453552994529761833e+00,1.534793815853958909e+00,0.000000000000000000e+00,3.837827357041948062e+01,-6.844801890629747732e+01,9.810000000000000497e+00,-1.982509504207075224e+03,9.754413840109482408e+02,0.000000000000000000e+00,9.454327700199091078e-01,3.258172453577026229e-01,0.000000000000000000e+00,3.258172453577026229e-01,-9.454327700199091078e-01,0.000000000000000000e+00,0.000000000000000000e+00,0.000000000000000000e+00,-9.999999999999996669e-01,3.479867319542557791e+00,1.321954445229763664e+01,4.555750228797986523e+00,0.000000000000000000e+00,2.515872911812184043e+01,-7.300376913509546739e+01,0.000000000000000000e+00,3.837827357041948062e+01,-6.844801890629747732e+01,9.810000000000000497e+00
2.053451736134891126e-01,1.822656896541592630e-01,3.778109630340239500e-01,0.000000000000000000e+00,4.462329657829611662e+00,1.519073209390870316e+00,0.000000000000000000e+00,3.792353522344504313e+01,-6.822044750953890002e+01,9.810000000000000497e+00,-1.970665477810180164e+03,1.002678141983720707e+03,3.637978807091712952e-12,9.466510540199746249e-01,3.222604256232389774e-01,0.000000000000000000e+00,3.222604256232389774e-01,-9.466510540199746249e-01,0.000000000000000000e+00,0.000000000000000000e+00,0.000000000000000000e+00,-1.000000000000000000e+00,3.456449997416959352e+00,1.317322132721876748e+01,4.484448513220662846e+00,0.000000000000000000e+00,2.475031389622627387e+01,-7.270489602275955576e+01,0.000000000000000000e+00,3.792353522344504313e+01,-6.822044750953890002e+01,9.810000000000000497e+00
2.055751883788802248e-01,1.832930895727426235e-01,3.781585655992595330e-01,0.000000000000000000e+00,4.471000591040295902e+00,1.503408304471171908e+00,0.000000000000000000e+00,3.747163497799708409e+01,-6.798672079629567122e+01,9.810000000000000497e+00,-1.958500818796339445e+03,1.029299738895933842e+03,3.637978807091712952e-12,9.478484656462187186e-01,3.187213299610007766e-01,0.000000000000000000e+00,3.187213299610007766e-01,-9.478484656462187186e-01,0.000000000000000000e+00,0.000000000000000000e+00,0.000000000000000000e+00,-1.000000000000000222e+00,3.432981304477227269e+00,1.312638719688943389e+01,4.413848559773045466e+00,0.000000000000000000e+00,2.434524778110765197e+01,-7.240056935606871491e+01,0.000000000000000000e+00,3.747163497799708409e+01,-6.798672079629567122e+01,9.810000000000000497e+00
2.058051668293907344e-01,1.843223141598593628e-01,3.785025188274283581e-01,0.000000000000000000e+00,4.479566586729289313e+00,1.487800241221775677e+00,0.000000000000000000e+00,3.702263768633432761e+01,-6.774697756838556018e+01,9.810000000000000497e+00,-1.946032391417596955e+03,1.055309211987798335e+03,3.637978807091712952e-12,9.490252259596058115e-01,3.152001276844910715e-01,0.000000000000000000e+00,3.152001276844910715e-01,-9.490252259596058115e-01,0.000000000000000000e+00,0.000000000000000000e+00,0.000000000000000000e+00,-1.000000000000000444e+00,3.409466093331209091e+00,1.307904915228345999e+01,4.343949823486516593e+00,0.000000000000000000e+00,2.394358853405086762e+01,-7.209092739187207144e+01,0.000000000000000000e+00,3.702263768633432761e+01,-6.774697756838556018e+01,9.810000000000000497e+00
2.060351138977890295e-01,1.853533537866519088e-01,3.788428419762455701e-01,0.000000000000000000e+00,4.488028495253667316e+00,1.472250150886528441e+00,0.000000000000000000e+00,3.657660462437831228e+01,-6.750135796580811132e+01,9.810000000000000497e+00,-1.933265892824070761e+03,1.080701554336934350e+03,0.000000000000000000e+00,9.501815568357809827e-01,3.116969827398584081e-01,0.000000000000000000e+00,3.116969827398584081e-01,-9.501815568357809827e-01,0.000000000000000000e+00,0.000000000000000000e+00,0.000000000000000000e+00,-1.000000000000000000e+00,3.385909126942059810e+00,1.303121319245701137e+01,4.274751287590697224e+00,0.000000000000000000e+00,2.354539143192130268e+01,-7.177610925339881476e+01,0.000000000000000000e+00,3.657660462437831228e+01,-6.750135796580811132e+01,9.810000000000000497e+00
2.062650327247346205e-01,1.863861988242625223e-01,3.791795543034270910e-01,0.000000000000000000e+00,4.496387150921456133e+00,1.456759131223869463e+00,0.000000000000000000e+00,3.613359427103562638e+01,-6.725000048900243144e+01,9.810000000000000497e+00,-1.920226598904380808e+03,1.105488940255454509e+03,0.000000000000000000e+00,9.513176808599657086e-01,3.082120537604209343e-01,0.000000000000000000e+00,3.082120537604209343e-01,-9.513176808599657086e-01,0.000000000000000000e+00,0.000000000000000000e+00,0.000000000000000000e+00,-1.000000000000000222e+00,3.362315078151290049e+00,1.298288576174726749e+01,4.206251985927371706e+00,0.000000000000000000e+00,2.315070850928835711e+01,-7.145625247492979781e+01,0.000000000000000000e+00,3.613359427103562638e+01,-6.725000048900243144e+01,9.810000000000000497e+00
2.064949252458083417e-01,1.874208396438334367e-01,3.795126750666875659e-01,0.000000000000000000e+00,4.504643379487698773e+00,1.441328249738776268e+00,0.000000000000000000e+00,3.569366229698426451e+01,-6.699304225013702307e+01,9.810000000000000497e+00,-1.906919776396855013e+03,1.129666177779115969e+03,0.000000000000000000e+00,9.524338212237341006e-01,3.047454941244517879e-01,0.000000000000000000e+00,3.047454941244517879e-01,-9.524338212237341006e-01,0.000000000000000000e+00,0.000000000000000000e+00,0.000000000000000000e+00,-1.000000000000000222e+00,3.338688528747629558e+00,1.293407359018744707e+01,4.138450944779902940e+00,0.000000000000000000e+00,2.275958870679681922e+01,-7.113149319491692779e+01,0.000000000000000000e+00,3.569366229698426451e+01,-6.699304225013702307e+01,9.810000000000000497e+00
2.067247967100447892e-01,1.884572666165069132e-01,3.798422235237429168e-01,0.000000000000000000e+00,4.512798056156966275e+00,1.425958562674027874e+00,0.000000000000000000e+00,3.525686095188984837e+01,-6.673062116760355877e+01,9.810000000000000497e+00,-1.893362709872439154e+03,1.153240277917968342e+03,0.000000000000000000e+00,9.535302016243514256e-01,3.012974520141573631e-01,0.000000000000000000e+00,3.012974520141573631e-01,-9.535302016243514256e-01,0.000000000000000000e+00,0.000000000000000000e+00,0.000000000000000000e+00,-9.999999999999997780e-01,3.315033969631531630e+00,1.288478243339851126e+01,4.071346780968707613e+00,0.000000000000000000e+00,2.237207851849133533e+01,-7.080196794857226905e+01,0.000000000000000000e+00,3.525686095188984837e+01,-6.673062116760355877e+01,9.810000000000000497e+00
2.069546479184107279e-01,1.894954701134253794e-01,3.801682189323083438e-01,0.000000000000000000e+00,4.520852004641103150e+00,1.410651083014565987e+00,0.000000000000000000e+00,3.482324025489016606e+01,-6.646287201899892239e+01,9.810000000000000497e+00,-1.879570519433502341e+03,1.176215785420848988e+03,3.637978807091712952e-12,9.546070461667022222e-01,2.978680704756443975e-01,0.000000000000000000e+00,2.978680704756443975e-01,-9.546070461667022222e-01,0.000000000000000000e+00,0.000000000000000000e+00,0.000000000000000000e+00,-9.999999999999997780e-01,3.291355800106588347e+00,1.283501923380567078e+01,4.004938397473180700e+00,0.000000000000000000e+00,2.198822102108449528e+01,-7.046781041647210486e+01,0.000000000000000000e+00,3.482324025489016606e+01,-6.646287201899892239e+01,9.810000000000000497e+00
2.071844836087488595e-01,1.905354405057311240e-01,3.804906805500992695e-01,0.000000000000000000e+00,4.528806104969568480e+00,1.395406815207600904e+00,0.000000000000000000e+00,3.439284679299625225e+01,-6.618993053279301364e+01,9.810000000000000497e+00,-1.865548847088604816e+03,1.198589720308838878e+03,-3.637978807091712952e-12,9.556645792671530915e-01,2.944574874818692845e-01,0.000000000000000000e+00,2.944574874818692845e-01,-9.556645792671530915e-01,0.000000000000000000e+00,0.000000000000000000e+00,0.000000000000000000e+00,-9.999999999999998890e-01,3.267658327712899879e+00,1.278478978027091806e+01,3.939224240757466244e+00,0.000000000000000000e+00,2.160805701272533597e+01,-7.012915477355048210e+01,0.000000000000000000e+00,3.439284679299625225e+01,-6.618993053279301364e+01,9.810000000000000497e+00
2.074143064221422306e-01,1.915771681645663527e-01,3.808096276348312825e-01,0.000000000000000000e+00,4.536661215185175955e+00,1.380226730706245908e+00,0.000000000000000000e+00,3.396572468125711453e+01,-6.591193034586900978e+01,9.810000000000000497e+00,-1.851320897981408052e+03,1.220376144189678598e+03,3.637978807091712952e-12,9.567030255603266031e-01,2.910658359954271801e-01,0.000000000000000000e+00,2.910658359954271801e-01,-9.567030255603266031e-01,0.000000000000000000e+00,0.000000000000000000e+00,0.000000000000000000e+00,-9.999999999999998890e-01,3.243945768178661648e+00,1.273410039122891391e+01,3.874202837240868114e+00,0.000000000000000000e+00,2.123162429002820062e+01,-6.978613318310988234e+01,0.000000000000000000e+00,3.396572468125711453e+01,-6.591193034586900978e+01,9.810000000000000497e+00
2.076441182459625168e-01,1.926206434610735208e-01,3.811250794442194167e-01,0.000000000000000000e+00,4.544418188430322303e+00,1.365111774002292222e+00,0.000000000000000000e+00,3.354191542624276678e+01,-6.562900362271622612e+01,9.810000000000000497e+00,-1.836891171309194760e+03,1.241571144051500596e+03,0.000000000000000000e+00,9.577226098078500671e-01,2.876932440340586039e-01,0.000000000000000000e+00,2.876932440340586039e-01,-9.577226098078500671e-01,0.000000000000000000e+00,0.000000000000000000e+00,0.000000000000000000e+00,-9.999999999999998890e-01,3.220222245034471076e+00,1.268295754127202102e+01,3.809872672554783346e+00,0.000000000000000000e+00,2.085895788497074221e+01,-6.943887629527101524e+01,0.000000000000000000e+00,3.354191542624276678e+01,-6.562900362271622612e+01,9.810000000000000497e+00
2.078739238589389637e-01,1.936658567663947506e-01,3.814370552359793165e-01,0.000000000000000000e+00,4.552077918720555338e+00,1.350062876753050256e+00,0.000000000000000000e+00,3.312145737916353028e+01,-6.534128272881562793e+01,9.810000000000000497e+00,-1.822276879780823947e+03,1.262184811736515258e+03,3.637978807091712952e-12,9.587235568097404181e-01,2.843398347366759560e-01,0.000000000000000000e+00,2.843398347366759560e-01,-9.587235568097404181e-01,0.000000000000000000e+00,0.000000000000000000e+00,0.000000000000000000e+00,-9.999999999999997780e-01,3.196491790085496110e+00,1.263136683300105645e+01,3.746231885388633387e+00,0.000000000000000000e+00,2.049009054616247738e+01,-6.908751461420426665e+01,0.000000000000000000e+00,3.312145737916353028e+01,-6.534128272881562793e+01,9.810000000000000497e+00
2.081037236798773116e-01,1.947127984516724697e-01,3.817455742678262931e-01,0.000000000000000000e+00,4.559641248526727253e+00,1.335080930395866616e+00,0.000000000000000000e+00,3.270438698508048248e+01,-6.504889674240247643e+01,9.810000000000000497e+00,-1.807490498223502073e+03,1.282221918020630255e+03,-3.637978807091712952e-12,9.597060913182663411e-01,2.810057264302908697e-01,0.000000000000000000e+00,2.810057264302908697e-01,-9.597060913182663411e-01,0.000000000000000000e+00,0.000000000000000000e+00,0.000000000000000000e+00,-1.000000000000000000e+00,3.172758343088613930e+00,1.257933503882938631e+01,3.683278883580618501e+00,0.000000000000000000e+00,2.012505194625109795e+01,-6.873217562598308916e+01,0.000000000000000000e+00,3.270438698508048248e+01,-6.504889674240247643e+01,9.810000000000000497e+00
2.083335223810466041e-01,1.957614588880489392e-01,3.820506557974756023e-01,0.000000000000000000e+00,4.567109077364070124e+00,1.320166818960151200e+00,0.000000000000000000e+00,3.229073740079729760e+01,-6.475197545238602004e+01,9.810000000000000497e+00,-1.792537542067104368e+03,1.301681394503539195e+03,0.000000000000000000e+00,9.606704379538857363e-01,2.776910326990943423e-01,0.000000000000000000e+00,2.776910326990943423e-01,-9.606704379538857363e-01,0.000000000000000000e+00,0.000000000000000000e+00,0.000000000000000000e+00,-1.000000000000000000e+00,3.149025752072630802e+00,1.252686767079017471e+01,3.621011621212812504e+00,0.000000000000000000e+00,1.976386973000712288e+01,-6.837298707359883565e+01,0.000000000000000000e+00,3.229073740079729760e+01,-6.475197545238602004e+01,9.810000000000000497e+00
2.085633220288699852e-01,1.968118284466665036e-01,3.823523190826430551e-01,0.000000000000000000e+00,4.574482274682096339e+00,1.305321393578025013e+00,0.000000000000000000e+00,3.188053970446603813e+01,-6.445064610442031494e+01,9.810000000000000497e+00,-1.777439195015234873e+03,1.320578829986770870e+03,0.000000000000000000e+00,9.616168211240057051e-01,2.743958624530661305e-01,0.000000000000000000e+00,2.743958624530661305e-01,-9.616168211240057051e-01,0.000000000000000000e+00,0.000000000000000000e+00,0.000000000000000000e+00,-1.000000000000000000e+00,3.125297773723369588e+00,1.247397091560718785e+01,3.559428175977287445e+00,0.000000000000000000e+00,1.940656878885884851e+01,-6.801007428039760327e+01,0.000000000000000000e+00,3.188053970446603813e+01,-6.445064610442031494e+01,9.810000000000000497e+00
2.087931245457908258e-01,1.978638974986674515e-01,3.826505833810436297e-01,0.000000000000000000e+00,4.581761710705340107e+00,1.290545482167071212e+00,0.000000000000000000e+00,3.147382254258567613e+01,-6.414503450999158929e+01,9.810000000000000497e+00,-1.762198886881567887e+03,1.338911084756953642e+03,0.000000000000000000e+00,9.625454649437985566e-01,2.711203199985688927e-01,0.000000000000000000e+00,2.711203199985688927e-01,-9.625454649437985566e-01,0.000000000000000000e+00,0.000000000000000000e+00,0.000000000000000000e+00,-9.999999999999996669e-01,3.101578073201672225e+00,1.242065094045986484e+01,3.498526542602979017e+00,0.000000000000000000e+00,1.905317160212581129e+01,-6.764356105259456342e+01,0.000000000000000000e+00,3.147382254258567613e+01,-6.414503450999158929e+01,9.810000000000000497e+00
2.090229342170813742e-01,1.989176564151940441e-01,3.829454679503928594e-01,0.000000000000000000e+00,4.588948287063083775e+00,1.275839898356930124e+00,0.000000000000000000e+00,3.107061172755552292e+01,-6.383526612182277660e+01,9.810000000000000497e+00,-1.746833727324134088e+03,1.356691277160076424e+03,3.637978807091712952e-12,9.634565931594285537e-01,2.678645051096304464e-01,0.000000000000000000e+00,2.678645051096304464e-01,-9.634565931594285537e-01,0.000000000000000000e+00,0.000000000000000000e+00,0.000000000000000000e+00,-9.999999999999998890e-01,3.077870224873245686e+00,1.236691317761968101e+01,3.438304435899686595e+00,0.000000000000000000e+00,1.870369854993584369e+01,-6.727357055772246497e+01,0.000000000000000000e+00,3.107061172755552292e+01,-6.383526612182277660e+01,9.810000000000000497e+00
2.092527510968646420e-01,1.999730955673885424e-01,3.832369920484060555e-01,0.000000000000000000e+00,4.596042854560665525e+00,1.261205418771865761e+00,0.000000000000000000e+00,3.067093149233400595e+01,-6.352146305115049785e+01,9.810000000000000497e+00,-1.731353424149157945e+03,1.373923709418333601e+03,0.000000000000000000e+00,9.643504290738263984e-01,2.646285130992635515e-01,0.000000000000000000e+00,2.646285130992635515e-01,-9.643504290738263984e-01,0.000000000000000000e+00,0.000000000000000000e+00,0.000000000000000000e+00,-1.000000000000000222e+00,3.054177712654274846e+00,1.231276420087314527e+01,3.378759820481669340e+00,0.000000000000000000e+00,1.835816729146085891e+01,-6.690022287163216674e+01,0.000000000000000000e+00,3.067093149233400595e+01,-6.352146305115049785e+01,9.810000000000000497e+00
2.094825798135333816e-01,2.010302053263934297e-01,3.835251749327986959e-01,0.000000000000000000e+00,4.603046321872859892e+00,1.246642813799872407e+00,0.000000000000000000e+00,3.027480293422578228e+01,-6.320374793827787130e+01,9.810000000000000497e+00,-1.715763175112428144e+03,1.390608940446341876e+03,-3.637978807091712952e-12,9.652271954745719196e-01,2.614124348922456931e-01,0.000000000000000000e+00,2.614124348922456931e-01,-9.652271954745719196e-01,0.000000000000000000e+00,0.000000000000000000e+00,0.000000000000000000e+00,-1.000000000000000000e+00,3.030503930501866616e+00,1.225820921590698198e+01,3.319890211934282576e+00,0.000000000000000000e+00,1.801659371831879852e+01,-6.652363815021215032e+01,0.000000000000000000e+00,3.027480293422578228e+01,-6.320374793827787130e+01,9.810000000000000497e+00
2.097124218867384982e-01,2.020889760633508558e-01,3.838100358612863694e-01,0.000000000000000000e+00,4.609959560158181091e+00,1.232152821464865822e+00,0.000000000000000000e+00,2.988224548725509067e+01,-6.288224052178528467e+01,9.810000000000000497e+00,-1.700082203401354491e+03,1.406763780687004328e+03,0.000000000000000000e+00,9.660871145643363800e-01,2.582163570975996025e-01,0.000000000000000000e+00,2.582163570975996025e-01,-9.660871145643363800e-01,0.000000000000000000e+00,0.000000000000000000e+00,0.000000000000000000e+00,-1.000000000000000222e+00,3.006852182902866932e+00,1.220325425033586875e+01,3.261693288061841223e+00,0.000000000000000000e+00,1.767899123691922014e+01,-6.614393380984712678e+01,0.000000000000000000e+00,2.988224548725509067e+01,-6.288224052178528467e+01,9.810000000000000497e+00
2.099422792582374686e-01,2.031493981494031931e-01,3.840915940915841098e-01,0.000000000000000000e+00,4.616783446431140803e+00,1.217736159936894325e+00,0.000000000000000000e+00,2.949327632993063020e+01,-6.255705916636929231e+01,9.810000000000000497e+00,-1.684312833823430992e+03,1.422385527697944781e+03,0.000000000000000000e+00,9.669304078933644853e-01,2.550403620824978623e-01,0.000000000000000000e+00,2.550403620824978623e-01,-9.669304078933644853e-01,0.000000000000000000e+00,0.000000000000000000e+00,0.000000000000000000e+00,-9.999999999999998890e-01,2.983225685179492270e+00,1.214790514696188417e+01,3.204166610061430998e+00,0.000000000000000000e+00,1.734537118296874780e+01,-6.576122577643072020e+01,0.000000000000000000e+00,2.949327632993063020e+01,-6.255705916636929231e+01,9.810000000000000497e+00
2.101721557469160839e-01,2.042114619556926747e-01,3.843698688814074504e-01,0.000000000000000000e+00,4.623518880681337428e+00,1.203393532275675692e+00,0.000000000000000000e+00,2.910791014873884563e+01,-6.222832143896717128e+01,9.810000000000000497e+00,-1.668471602853940567e+03,1.437489743443002226e+03,3.637978807091712952e-12,9.677572962943410406e-01,2.518845280462196912e-01,0.000000000000000000e+00,2.518845280462196912e-01,-9.677572962943410406e-01,0.000000000000000000e+00,0.000000000000000000e+00,0.000000000000000000e+00,-9.999999999999997780e-01,2.959627564622536955e+00,1.209216714320842812e+01,3.147307517686415590e+00,0.000000000000000000e+00,1.701574300553041752e+01,-6.537562895665358553e+01,0.000000000000000000e+00,2.910791014873884563e+01,-6.222832143896717128e+01,9.810000000000000497e+00
2.104020511016372330e-01,2.052751578533616172e-01,3.846448794884718692e-01,0.000000000000000000e+00,4.630166713418072177e+00,1.189125607807265395e+00,0.000000000000000000e+00,2.872616036479635682e+01,-6.189614157689830165e+01,9.810000000000000497e+00,-1.652565873580308107e+03,1.452080199524236377e+03,-3.637978807091712952e-12,9.685679998196897733e-01,2.487489290937461850e-01,0.000000000000000000e+00,2.487489290937461850e-01,-9.685679998196897733e-01,0.000000000000000000e+00,0.000000000000000000e+00,0.000000000000000000e+00,-1.000000000000000222e+00,2.936060860842402587e+00,1.203604658029839847e+01,3.091113579974799741e+00,0.000000000000000000e+00,1.669011378449795657e+01,-6.498725515687310406e+01,0.000000000000000000e+00,2.872616036479635682e+01,-6.189614157689830165e+01,9.810000000000000497e+00
2.106319698419043818e-01,2.063404762135525039e-01,3.849166451704925107e-01,0.000000000000000000e+00,4.636727852379814330e+00,1.174933050400604362e+00,0.000000000000000000e+00,2.834803744001562364e+01,-6.156063416115650710e+01,9.810000000000000497e+00,-1.636600266848086903e+03,1.466158616326894844e+03,0.000000000000000000e+00,9.693627376807368856e-01,2.456336353110193105e-01,0.000000000000000000e+00,2.456336353110193105e-01,-9.693627376807368856e-01,0.000000000000000000e+00,0.000000000000000000e+00,0.000000000000000000e+00,-9.999999999999998890e-01,2.912528526522397243e+00,1.197954835975891719e+01,3.035581932963561602e+00,0.000000000000000000e+00,1.636848908025670468e+01,-6.459621609412006649e+01,0.000000000000000000e+00,2.834803744001562364e+01,-6.156063416115650710e+01,9.810000000000000497e+00
2.108619130507649597e-01,2.074074074074074292e-01,3.851851851851852415e-01,0.000000000000000000e+00,4.643203163006638157e+00,1.160816492974807046e+00,0.000000000000000000e+00,2.797355056734036083e+01,-6.122191067943701626e+01,9.810000000000000497e+00,-1.620592104968956846e+03,1.479742729627760127e+03,0.000000000000000000e+00,9.701417281894548772e-01,2.425387128389565050e-01,0.000000000000000000e+00,2.425387128389565050e-01,-9.701417281894548772e-01,0.000000000000000000e+00,0.000000000000000000e+00,0.000000000000000000e+00,-1.000000000000000000e+00,2.889033428374252033e+00,1.192267830528421690e+01,2.980709896020342420e+00,0.000000000000000000e+00,1.605087226205614570e+01,-6.420262057545735956e+01,0.000000000000000000e+00,2.797355056734036083e+01,-6.122191067943701626e+01,9.810000000000000497e+00
2.110918825946111743e-01,2.084759418060687652e-01,3.854505187902649288e-01,0.000000000000000000e+00,4.649593519163749633e+00,1.146776551098279251e+00,0.000000000000000000e+00,2.760270688611636558e+01,-6.088008125784094915e+01,9.810000000000000497e+00,-1.604542770884538186e+03,1.492830175204086117e+03,3.637978807091712952e-12,9.709051887021051819e-01,2.394642239486509117e-01,0.000000000000000000e+00,2.394642239486509117e-01,-9.709051887021051819e-01,0.000000000000000000e+00,0.000000000000000000e+00,0.000000000000000000e+00,-1.000000000000000000e+00,2.865578347610215015e+00,1.186544194795857976e+01,2.926494657705921210e+00,0.000000000000000000e+00,1.573726493815778760e+01,-6.380657591554687258e+01,0.000000000000000000e+00,2.760270688611636558e+01,-6.088008125784094915e+01,9.810000000000000497e+00
2.113218818929597231e-01,2.095460697806787731e-01,3.857126652434473835e-01,0.000000000000000000e+00,4.655899811698342994e+00,1.132813825287035669e+00,0.000000000000000000e+00,2.723551136492629254e+01,-6.053525493017345838e+01,9.810000000000000497e+00,-1.588467517004399269e+03,1.505437916551105445e+03,3.637978807091712952e-12,9.716533355651135739e-01,2.364102271163172897e-01,0.000000000000000000e+00,2.364102271163172897e-01,-9.716533355651135739e-01,0.000000000000000000e+00,0.000000000000000000e+00,0.000000000000000000e+00,-9.999999999999998890e-01,2.842165981054335600e+00,1.180784430037837573e+01,2.872933226934306639e+00,0.000000000000000000e+00,1.542766706454791681e+01,-6.340818815710776590e+01,0.000000000000000000e+00,2.723551136492629254e+01,-6.053525493017345838e+01,9.810000000000000497e+00
2.115519104813224083e-01,2.106177817023798249e-01,3.859716438024475837e-01,0.000000000000000000e+00,4.662122883803835549e+00,1.118928885563744924e+00,0.000000000000000000e+00,2.687196800215050985e+01,-6.018753747197291659e+01,9.810000000000000497e+00,-1.572372093372156087e+03,1.517569634585961467e+03,3.637978807091712952e-12,9.723863840631139510e-01,2.333767770980272327e-01,0.000000000000000000e+00,2.333767770980272327e-01,-9.723863840631139510e-01,0.000000000000000000e+00,0.000000000000000000e+00,0.000000000000000000e+00,-1.000000000000000000e+00,2.818798941808835057e+00,1.174989143360164157e+01,2.820022821141937364e+00,0.000000000000000000e+00,1.512207656854886828e+01,-6.300756029311485662e+01,0.000000000000000000e+00,2.687196800215050985e+01,-6.018753747197291659e+01,9.810000000000000497e+00
2.117819726374964018e-01,2.116910679423141817e-01,3.862274737249811740e-01,0.000000000000000000e+00,4.668263632710375255e+00,1.105122296666127157e+00,0.000000000000000000e+00,2.651207805860014588e+01,-5.983703478812866194e+01,9.810000000000000497e+00,-1.556260275372616888e+03,1.529227629457775038e+03,-3.637978807091712952e-12,9.731045483689035880e-01,2.303639250050932841e-01,0.000000000000000000e+00,2.303639250050932841e-01,-9.731045483689035880e-01,0.000000000000000000e+00,0.000000000000000000e+00,0.000000000000000000e+00,-1.000000000000000000e+00,2.795479760541978109e+00,1.169158797357392388e+01,2.767760257260453383e+00,0.000000000000000000e+00,1.482049008502622023e+01,-6.260479504538911755e+01,0.000000000000000000e+00,2.651207805860014588e+01,-5.983703478812866194e+01,9.810000000000000497e+00
2.120120691817195813e-01,2.127659188716242156e-01,3.864801742687637987e-01,0.000000000000000000e+00,4.674322912633688709e+00,1.091394594838281051e+00,0.000000000000000000e+00,2.615584185044747656e+01,-5.948384968033031583e+01,9.810000000000000497e+00,-1.540147558695607586e+03,1.540430334686374408e+03,3.637978807091712952e-12,9.738080414958044662e-01,2.273717183778702911e-01,0.000000000000000000e+00,2.273717183778702911e-01,-9.738080414958044662e-01,0.000000000000000000e+00,0.000000000000000000e+00,0.000000000000000000e+00,-1.000000000000000000e+00,2.772210886100367144e+00,1.163293948178128723e+01,2.716142532254678166e+00,0.000000000000000000e+00,1.452290236866618933e+01,-6.219999221258499489e+01,0.000000000000000000e+00,2.615584185044747656e+01,-5.948384968033031583e+01,9.810000000000000497e+00
2.122422017495474156e-01,2.138423248614521321e-01,3.867297646915102138e-01,0.000000000000000000e+00,4.680301584967111239e+00,1.077746300429494930e+00,0.000000000000000000e+00,2.580325789566668249e+01,-5.912808350765013898e+01,9.810000000000000497e+00,-1.524034654461014725e+03,1.551175784929946531e+03,0.000000000000000000e+00,9.744970752515096368e-01,2.244002012616155006e-01,0.000000000000000000e+00,2.244002012616155006e-01,-9.744970752515096368e-01,0.000000000000000000e+00,0.000000000000000000e+00,0.000000000000000000e+00,-1.000000000000000000e+00,2.748994686250600950e+00,1.157395121461641274e+01,2.665166523236334406e+00,0.000000000000000000e+00,1.422930668105026975e+01,-6.179325003088647605e+01,0.000000000000000000e+00,2.580325789566668249e+01,-5.912808350765013898e+01,9.810000000000000497e+00
2.124723734588339907e-01,2.149202762829402480e-01,3.869762642509363970e-01,0.000000000000000000e+00,4.686200525460866295e+00,1.064177919733281907e+00,0.000000000000000000e+00,2.545432281122873164e+01,-5.876983642037288291e+01,9.810000000000000497e+00,-1.507934728296859248e+03,1.561480894852444180e+03,0.000000000000000000e+00,9.751718601943185627e-01,2.214494142804455112e-01,0.000000000000000000e+00,2.214494142804455112e-01,-9.751718601943185627e-01,0.000000000000000000e+00,0.000000000000000000e+00,0.000000000000000000e+00,-1.000000000000000000e+00,2.725833449448573198e+00,1.151462792601511431e+01,2.614828948576508605e+00,0.000000000000000000e+00,1.393969488521361733e+01,-6.138466536894939196e+01,0.000000000000000000e+00,2.545432281122873164e+01,-5.876983642037288291e+01,9.810000000000000497e+00
2.127025837476436976e-01,2.159997635072309907e-01,3.872196922047574930e-01,0.000000000000000000e+00,4.692020564395542159e+00,1.050689931684010148e+00,0.000000000000000000e+00,2.510903251306312001e+01,-5.840920542384696290e+01,9.810000000000000497e+00,-1.491852807299626875e+03,1.571350197676016251e+03,0.000000000000000000e+00,9.758326055912943664e-01,2.185193947110997958e-01,0.000000000000000000e+00,2.185193947110997958e-01,-9.758326055912943664e-01,0.000000000000000000e+00,0.000000000000000000e+00,0.000000000000000000e+00,-1.000000000000000000e+00,2.702729385077323965e+00,1.145497537711495006e+01,2.565126714864140123e+00,0.000000000000000000e+00,1.365405713594816994e+01,-6.097433213871110524e+01,0.000000000000000000e+00,2.510903251306312001e+01,-5.840920542384696290e+01,9.810000000000000497e+00
2.129328364684386632e-01,2.170807769054664549e-01,3.874600678106886464e-01,0.000000000000000000e+00,4.697762579668316896e+00,1.037282809449370680e+00,0.000000000000000000e+00,2.476738045989264947e+01,-5.804628736998864014e+01,9.810000000000000497e+00,-1.475791577692056308e+03,1.580785911507802666e+03,0.000000000000000000e+00,9.764795193779549631e-01,2.156101765580606677e-01,0.000000000000000000e+00,2.156101765580606677e-01,-9.764795193779549631e-01,0.000000000000000000e+00,0.000000000000000000e+00,0.000000000000000000e+00,-1.000000000000000000e+00,2.679684624806419890e+00,1.139499796811488785e+01,2.516056379092409312e+00,0.000000000000000000e+00,1.337238249177775984e+01,-6.056234374908105167e+01,0.000000000000000000e+00,2.476738045989264947e+01,-5.804628736998864014e+01,9.810000000000000497e+00
2.131631323993235239e-01,2.181633068487891514e-01,3.876974103264458349e-01,0.000000000000000000e+00,4.703427410351874727e+00,1.023957001171835524e+00,0.000000000000000000e+00,2.442935938510171923e+01,-5.768117620499607767e+01,9.810000000000000497e+00,-1.459764771447706153e+03,1.589806898635608377e+03,0.000000000000000000e+00,9.771128081203639404e-01,2.127217906260123748e-01,0.000000000000000000e+00,2.127217906260123748e-01,-9.771128081203639404e-01,0.000000000000000000e+00,0.000000000000000000e+00,0.000000000000000000e+00,-1.000000000000000222e+00,2.656701223955841851e+00,1.133470093020362057e+01,2.467614648017417256e+00,0.000000000000000000e+00,1.309465845489809688e+01,-6.014879085301349448e+01,0.000000000000000000e+00,2.442935938510171923e+01,-5.768117620499607767e+01,9.810000000000000497e+00
2.133934727450168545e-01,2.192473437083412580e-01,3.879317390097439255e-01,0.000000000000000000e+00,4.709015896861653339e+00,1.010712939501243968e+00,0.000000000000000000e+00,2.409496056191490965e+01,-5.731396424822046498e+01,9.810000000000000497e+00,-1.443772761412445107e+03,1.598411856113380054e+03,0.000000000000000000e+00,9.777326769786689464e-01,2.098542645936120332e-01,0.000000000000000000e+00,2.098542645936120332e-01,-9.777326769786689464e-01,0.000000000000000000e+00,0.000000000000000000e+00,0.000000000000000000e+00,-9.999999999999998890e-01,2.633781161967915452e+00,1.127408930143439569e+01,2.419798146284970031e+00,0.000000000000000000e+00,1.282087126048051573e+01,-5.973376239450543324e+01,0.000000000000000000e+00,2.409496056191490965e+01,-5.731396424822046498e+01,9.810000000000000497e+00
2.136238604418023990e-01,2.203328778552651190e-01,3.881630731182986738e-01,0.000000000000000000e+00,4.714528895242382056e+00,9.975510448949668207e-01,0.000000000000000000e+00,2.376417354340684085e+01,-5.694474264192980684e+01,9.810000000000000497e+00,-1.427825869080101256e+03,1.606615972119849175e+03,0.000000000000000000e+00,9.783393296725245714e-01,2.070076230864830447e-01,0.000000000000000000e+00,2.070076230864830447e-01,-9.783393296725245714e-01,0.000000000000000000e+00,0.000000000000000000e+00,0.000000000000000000e+00,-1.000000000000000222e+00,2.610926344006854194e+00,1.121316754087094303e+01,2.372603338642398807e+00,0.000000000000000000e+00,1.255100600253589604e+01,-5.931734598057220609e+01,0.000000000000000000e+00,2.376417354340684085e+01,-5.694474264192980684e+01,9.810000000000000497e+00
2.138542949626108525e-01,2.214198996607030789e-01,3.883914319098252799e-01,0.000000000000000000e+00,4.719967218496107009e+00,9.844717134346623322e-01,0.000000000000000000e+00,2.343698742394667534e+01,-5.657359953792836649e+01,9.810000000000000497e+00,-1.411929281716176774e+03,1.614425840658252127e+03,0.000000000000000000e+00,9.789329684484225913e-01,2.041818877490353679e-01,0.000000000000000000e+00,2.041818877490353679e-01,-9.789329684484225913e-01,0.000000000000000000e+00,0.000000000000000000e+00,0.000000000000000000e+00,-1.000000000000000000e+00,2.588138601733462441e+00,1.115194105918032541e+01,2.326026858752572757e+00,0.000000000000000000e+00,1.228504636476635170e+01,-5.889962639668093658e+01,0.000000000000000000e+00,2.343698742394667534e+01,-5.657359953792836649e+01,9.810000000000000497e+00
2.140847795153299760e-01,2.225083994957973155e-01,3.886168346420389441e-01,0.000000000000000000e+00,4.725331717272829302e+00,9.714753343554394238e-01,0.000000000000000000e+00,2.311338920124684648e+01,-5.620062259859126641e+01,9.810000000000000497e+00,-1.396084404591034399e+03,1.621842906366742682e+03,0.000000000000000000e+00,9.795137940484335282e-01,2.013770773172632589e-01,0.000000000000000000e+00,2.013770773172632589e-01,-9.795137940484335282e-01,0.000000000000000000e+00,0.000000000000000000e+00,0.000000000000000000e+00,-1.000000000000000000e+00,2.565419694664917039e+00,1.109041409702333603e+01,2.280065059488384449e+00,0.000000000000000000e+00,1.202297510422350868e+01,-5.848068765807965264e+01,0.000000000000000000e+00,2.311338920124684648e+01,-5.620062259859126641e+01,9.810000000000000497e+00
2.143153150885332425e-01,2.235983677316902285e-01,3.888393005726556440e-01,0.000000000000000000e+00,4.730623212862101745e+00,9.585622761819128090e-01,0.000000000000000000e+00,2.279336522282315514e+01,-5.582589694826884852e+01,9.810000000000000497e+00,-1.380303286911454052e+03,1.628886268786009168e+03,0.000000000000000000e+00,9.800820056810422010e-01,1.985932076890478404e-01,0.000000000000000000e+00,1.985932076890478404e-01,-9.800820056810422010e-01,0.000000000000000000e+00,0.000000000000000000e+00,0.000000000000000000e+00,-9.999999999999997780e-01,2.542771311471067275e+00,1.102859148082154306e+01,2.234714386931858421e+00,0.000000000000000000e+00,1.176477374200161208e+01,-5.806061133520070427e+01,0.000000000000000000e+00,2.279336522282315514e+01,-5.582589694826884852e+01,9.810000000000000497e+00
2.145459022260955140e-01,2.246897947395241624e-01,3.890588489593901911e-01,0.000000000000000000e+00,4.735842517152066833e+00,9.457328914298388511e-01,0.000000000000000000e+00,2.247690081991403588e+01,-5.544950579309938377e+01,9.810000000000000497e+00,-1.364586291870007699e+03,1.635555633041949477e+03,3.637978807091712952e-12,9.806378009932831263e-01,1.958302919955387522e-01,0.000000000000000000e+00,1.958302919955387522e-01,-9.806378009932831263e-01,0.000000000000000000e+00,0.000000000000000000e+00,0.000000000000000000e+00,-9.999999999999998890e-01,2.520195070485903965e+00,1.096647810119170785e+01,2.189971268233584567e+00,0.000000000000000000e+00,1.151042271872232980e+01,-5.763947706133296833e+01,0.000000000000000000e+00,2.247690081991403588e+01,-5.544950579309938377e+01,9.810000000000000497e+00
2.147765438177992037e-01,2.257826708904413227e-01,3.892754990599582299e-01,0.000000000000000000e+00,4.740990463020178680e+00,9.329875229953662474e-01,0.000000000000000000e+00,2.216397967565305649e+01,-5.507153134917091819e+01,9.810000000000000497e+00,-1.348940254889042990e+03,1.641862608513212763e+03,3.637978807091712952e-12,9.811813760445340371e-01,1.930883406717113504e-01,0.000000000000000000e+00,1.930883406717113504e-01,-9.811813760445340371e-01,0.000000000000000000e+00,0.000000000000000000e+00,0.000000000000000000e+00,-1.000000000000000222e+00,2.497692521519049080e+00,1.090407808508405552e+01,2.145831948514368648e+00,0.000000000000000000e+00,1.125990159056900097e+01,-5.721736329768528861e+01,0.000000000000000000e+00,2.216397967565305649e+01,-5.507153134917091819e+01,9.810000000000000497e+00
2.150072395134226544e-01,2.268769865555841092e-01,3.894892701320751827e-01,0.000000000000000000e+00,4.746067842871777742e+00,9.203264921943424826e-01,0.000000000000000000e+00,2.185458522627076405e+01,-5.469205301921931550e+01,9.810000000000000497e+00,-1.333371328596062085e+03,1.647817314147832803e+03,0.000000000000000000e+00,9.817129252821128471e-01,1.903673615251232631e-01,0.000000000000000000e+00,1.903673615251232631e-01,-9.817129252821128471e-01,0.000000000000000000e+00,0.000000000000000000e+00,0.000000000000000000e+00,-1.000000000000000222e+00,2.475265146773304448e+00,1.084139645258878737e+01,2.102292823876261707e+00,0.000000000000000000e+00,1.101318877368197491e+01,-5.679434584309557721e+01,0.000000000000000000e+00,2.185458522627076405e+01,-5.469205301921931550e+01,9.810000000000000497e+00
2.152379916349601019e-01,2.279727321060946998e-01,3.897001814334561942e-01,0.000000000000000000e+00,4.751075473216602951e+00,9.077501119474652436e-01,0.000000000000000000e+00,2.154869926304388983e+01,-5.431114932062798317e+01,9.810000000000000497e+00,-1.317879510013815889e+03,1.653419737621239619e+03,-3.637978807091712952e-12,9.822326415180544501e-01,1.876673598057614356e-01,0.000000000000000000e+00,1.876673598057614356e-01,-9.822326415180544501e-01,0.000000000000000000e+00,0.000000000000000000e+00,0.000000000000000000e+00,-9.999999999999998890e-01,2.452914361950621291e+00,1.077843736282877707e+01,2.059350094075111048e+00,0.000000000000000000e+00,1.077026190021511276e+01,-5.637049941470309733e+01,0.000000000000000000e+00,2.154869926304388983e+01,-5.431114932062798317e+01,9.810000000000000497e+00
2.154688016526946637e-01,2.290698979131155222e-01,3.899082522218171309e-01,0.000000000000000000e+00,4.756014155914145114e+00,8.952586793921702979e-01,0.000000000000000000e+00,2.124630283488944826e+01,-5.392889675363182533e+01,9.810000000000000497e+00,-1.302475242874847027e+03,1.658689002139464719e+03,3.637978807091712952e-12,9.827407159076902987e-01,1.849883382736333681e-01,0.000000000000000000e+00,1.849883382736333681e-01,-9.827407159076902987e-01,0.000000000000000000e+00,0.000000000000000000e+00,0.000000000000000000e+00,-9.999999999999998890e-01,2.430641517651247696e+00,1.071520515975201526e+01,2.016999972299688526e+00,0.000000000000000000e+00,1.053109767513743478e+01,-5.594589672593151164e+01,0.000000000000000000e+00,2.124630283488944826e+01,-5.392889675363182533e+01,9.810000000000000497e+00
2.156996692025401896e-01,2.301684743477887818e-01,3.901135017548728601e-01,0.000000000000000000e+00,4.760884667825580507e+00,8.828524744243640976e-01,0.000000000000000000e+00,2.094737654462090859e+01,-5.354536952284661311e+01,9.810000000000000497e+00,-1.287159180180067779e+03,1.663626248871820280e+03,-3.637978807091712952e-12,9.832373379294598870e-01,1.823302972667705801e-01,0.000000000000000000e+00,1.823302972667705801e-01,-9.832373379294598870e-01,0.000000000000000000e+00,0.000000000000000000e+00,0.000000000000000000e+00,-9.999999999999997780e-01,2.408447900155816335e+00,1.065170466754189782e+01,1.975238737902867747e+00,0.000000000000000000e+00,1.029567187707901077e+01,-5.552060826074948352e+01,0.000000000000000000e+00,2.094737654462090859e+01,-5.354536952284661311e+01,9.810000000000000497e+00
2.159305972712455557e-01,2.312684517812568785e-01,3.903159492903391370e-01,0.000000000000000000e+00,4.765687816157281986e+00,8.705317704013617597e-01,0.000000000000000000e+00,2.065189928952205634e+01,-5.316064115256373412e+01,9.810000000000000497e+00,-1.271934210921506747e+03,1.668237659010454081e+03,3.637978807091712952e-12,9.837226953661832862e-01,1.796932347682885789e-01,0.000000000000000000e+00,1.796932347682885789e-01,-9.837226953661832862e-01,0.000000000000000000e+00,0.000000000000000000e+00,0.000000000000000000e+00,-9.999999999999998890e-01,2.386334733099837901e+00,1.058793964399904652e+01,1.934062447805343421e+00,0.000000000000000000e+00,1.006395964552301159e+01,-5.509470360036907977e+01,0.000000000000000000e+00,2.065189928952205634e+01,-5.316064115256373412e+01,9.810000000000000497e+00
2.161615858311333460e-01,2.323698205846620735e-01,3.905156140859312730e-01,0.000000000000000000e+00,4.770424370271019399e+00,8.582968216892205016e-01,0.000000000000000000e+00,2.035984990007710138e+01,-5.277478253810844677e+01,9.810000000000000497e+00,-1.256808104699543037e+03,1.672538428061132436e+03,0.000000000000000000e+00,9.841969742878621252e-01,1.770771464718616239e-01,0.000000000000000000e+00,1.770771464718616239e-01,-9.841969742878621252e-01,0.000000000000000000e+00,0.000000000000000000e+00,0.000000000000000000e+00,-9.999999999999998890e-01,2.364303178265938499e+00,1.052391468008492659e+01,1.893467293588443567e+00,0.000000000000000000e+00,9.835935219992173018e+00,-5.466824983169689034e+01,0.000000000000000000e+00,2.035984990007710138e+01,-5.277478253810844677e+01,9.810000000000000497e+00
2.163926360668773641e-01,2.334725711291465999e-01,3.907125153993643574e-01,0.000000000000000000e+00,4.775095106730078420e+00,8.461478724054561917e-01,0.000000000000000000e+00,2.007120611638419660e+01,-5.238786325598483984e+01,9.810000000000000497e+00,-1.241779861692128179e+03,1.676527375524427043e+03,-3.637978807091712952e-12,9.846603590355017532e-01,1.744820258481563635e-01,0.000000000000000000e+00,1.744820258481563635e-01,-9.846603590355017532e-01,0.000000000000000000e+00,0.000000000000000000e+00,0.000000000000000000e+00,-9.999999999999998890e-01,2.342354336882422672e+00,1.045963393893298310e+01,1.853449367132852688e+00,0.000000000000000000e+00,9.611572177451213506e+00,-5.424131262311769319e+01,0.000000000000000000e+00,2.007120611638419660e+01,-5.238786325598483984e+01,9.810000000000000497e+00
2.166237499815332201e-01,2.345766937858528578e-01,3.909066724883543675e-01,0.000000000000000000e+00,4.779700804695396599e+00,8.340851557414340478e-01,0.000000000000000000e+00,1.978594471918383846e+01,-5.199995144388672941e+01,9.810000000000000497e+00,-1.226856995132860902e+03,1.680220563164970372e+03,3.637978807091712952e-12,9.851130322065907441e-01,1.719078642085243025e-01,0.000000000000000000e+00,1.719078642085243025e-01,-9.851130322065907441e-01,0.000000000000000000e+00,0.000000000000000000e+00,0.000000000000000000e+00,-9.999999999999998890e-01,2.320489251045422918e+00,1.039510127211476842e+01,1.814004687277152250e+00,0.000000000000000000e+00,9.390843447069070038e+00,-5.381395613116388432e+01,0.000000000000000000e+00,1.978594471918383846e+01,-5.199995144388672941e+01,9.810000000000000497e+00
2.168549267314583973e-01,2.356821789259231914e-01,3.910981046106161152e-01,0.000000000000000000e+00,4.784242207683658599e+00,8.221088875850113276e-01,0.000000000000000000e+00,1.950404251488816953e+01,-5.161111275193108128e+01,9.810000000000000497e+00,-1.212041603923040384e+03,1.683622998792532599e+03,0.000000000000000000e+00,9.855551746415784908e-01,1.693546507693478309e-01,0.000000000000000000e+00,1.693546507693478309e-01,-9.855551746415784908e-01,0.000000000000000000e+00,0.000000000000000000e+00,0.000000000000000000e+00,-1.000000000000000000e+00,2.298708904400950548e+00,1.033032131990467484e+01,1.775129393545976875e+00,0.000000000000000000e+00,9.173721194983492921e+00,-5.338624214547705549e+01,0.000000000000000000e+00,1.950404251488816953e+01,-5.161111275193108128e+01,9.810000000000000497e+00
2.170861688651846977e-01,2.367890169204997508e-01,3.912868310238654113e-01,0.000000000000000000e+00,4.788720088425757027e+00,8.102192781897505913e-01,0.000000000000000000e+00,1.922547475911901316e+01,-5.122141216368920880e+01,9.810000000000000497e+00,-1.197333360615477432e+03,1.686735557025778689e+03,0.000000000000000000e+00,9.859869654116413251e-01,1.668223727152408353e-01,0.000000000000000000e+00,1.668223727152408353e-01,-9.859869654116413251e-01,0.000000000000000000e+00,0.000000000000000000e+00,0.000000000000000000e+00,-9.999999999999998890e-01,2.277014223806240967e+00,1.026529763971870857e+01,1.736819419485013061e+00,0.000000000000000000e+00,8.960177119400304591e+00,-5.295823158317422497e+01,0.000000000000000000e+00,1.922547475911901316e+01,-5.122141216368920880e+01,9.810000000000000497e+00
2.173174770488504881e-01,2.378971981407250191e-01,3.914728709858174560e-01,0.000000000000000000e+00,4.793135193861676413e+00,7.984165228386949087e-01,0.000000000000000000e+00,1.895021655667317972e+01,-5.083091248827801678e+01,9.810000000000000497e+00,-1.182740674899898295e+03,1.689577143588248873e+03,3.637978807091712952e-12,9.864085818077610313e-01,1.643110152606993002e-01,0.000000000000000000e+00,1.643110152606993002e-01,-9.864085818077610313e-01,0.000000000000000000e+00,0.000000000000000000e+00,0.000000000000000000e+00,-1.000000000000000222e+00,2.255406080159124915e+00,1.020003428923445554e+01,1.699070771146926617e+00,0.000000000000000000e+00,8.750182267438724182e+00,-5.252998325942494517e+01,0.000000000000000000e+00,1.895021655667317972e+01,-5.083091248827801678e+01,9.810000000000000497e+00
2.175488510788005370e-01,2.390067129577410632e-01,3.916562437541875052e-01,0.000000000000000000e+00,4.797488255918221256e+00,7.867008041667056251e-01,0.000000000000000000e+00,1.867824264249163946e+01,-5.043967469239451873e+01,9.810000000000000497e+00,-1.168262794480564480e+03,1.692147631939325947e+03,0.000000000000000000e+00,9.868201993306977560e-01,1.618205617124166551e-01,0.000000000000000000e+00,1.618205617124166551e-01,-9.868201993306977560e-01,0.000000000000000000e+00,0.000000000000000000e+00,0.000000000000000000e+00,-1.000000000000000000e+00,2.233885289690692222e+00,1.013453552481397679e+01,1.661879471490489202e+00,0.000000000000000000e+00,8.543707117677662666e+00,-5.210155416388500527e+01,0.000000000000000000e+00,1.867824264249163946e+01,-5.043967469239451873e+01,9.810000000000000497e+00
2.177802933265385321e-01,2.401175517426903938e-01,3.918369685866913699e-01,0.000000000000000000e+00,4.801780026392072465e+00,7.750722981861890570e-01,0.000000000000000000e+00,1.840952650263737667e+01,-5.004775885411167735e+01,9.810000000000000497e+00,-1.153902137877434143e+03,1.694454307034495287e+03,0.000000000000000000e+00,9.872219916823802288e-01,1.593509935289843249e-01,0.000000000000000000e+00,1.593509935289843249e-01,-9.872219916823802288e-01,0.000000000000000000e+00,0.000000000000000000e+00,0.000000000000000000e+00,-1.000000000000000000e+00,2.212452615315939841e+00,1.006880476324534790e+01,1.625241390680774778e+00,0.000000000000000000e+00,8.340721739392030543e+00,-5.167300024479245479e+01,0.000000000000000000e+00,1.840952650263737667e+01,-5.004775885411167735e+01,9.810000000000000497e+00
2.180118035375251950e-01,2.412297048667152721e-01,3.920150647410440281e-01,0.000000000000000000e+00,4.806011223990721781e+00,7.635311658233571164e-01,0.000000000000000000e+00,1.814404178242953947e+01,-4.965522275645533767e+01,9.810000000000000497e+00,-1.139663873393830727e+03,1.696510222707453067e+03,3.637978807091712952e-12,9.876141307581453033e-01,1.569022903810937675e-01,0.000000000000000000e+00,1.569022903810937675e-01,-9.876141307581453033e-01,0.000000000000000000e+00,0.000000000000000000e+00,0.000000000000000000e+00,-1.000000000000000000e+00,2.191108767296992443e+00,1.000284614996184018e+01,1.589152506408459287e+00,0.000000000000000000e+00,8.141195632467697507e+00,-5.124437526286379807e+01,0.000000000000000000e+00,1.814404178242953947e+01,-4.965522275645533767e+01,9.810000000000000497e+00
2.182433826484045658e-01,2.423431627009579037e-01,3.921905514749610688e-01,0.000000000000000000e+00,4.810182573048710886e+00,7.520775595917500445e-01,0.000000000000000000e+00,1.788176130919388385e+01,-4.926212295258164175e+01,9.810000000000000497e+00,-1.125546589080578997e+03,1.698314375260626548e+03,7.275957614183425903e-12,9.879967866400701793e-01,1.544744302106202671e-01,0.000000000000000000e+00,1.544744302106202671e-01,-9.879967866400701793e-01,0.000000000000000000e+00,0.000000000000000000e+00,0.000000000000000000e+00,-1.000000000000000222e+00,2.169854404867662012e+00,9.936663408820294308e+00,1.553608715158123932e+00,0.000000000000000000e+00,7.945097900373588651e+00,-5.081573166773976880e+01,0.000000000000000000e+00,1.788176130919388385e+01,-4.926212295258164175e+01,9.810000000000000497e+00
2.184750322697639746e-01,2.434579156165607994e-01,3.923634480461579144e-01,0.000000000000000000e+00,4.814294797955373184e+00,7.407116228533411340e-01,0.000000000000000000e+00,1.762265725405308814e+01,-4.886851462310498562e+01,9.810000000000000497e+00,-1.111555538375963806e+03,1.699881141606732854e+03,3.637978807091712952e-12,9.883701275914416051e-01,1.520673892880306521e-01,0.000000000000000000e+00,1.520673892880306521e-01,-9.883701275914416051e-01,0.000000000000000000e+00,0.000000000000000000e+00,0.000000000000000000e+00,-1.000000000000000000e+00,2.148690137124590560e+00,9.870259997217363690e+00,1.518605861782346800e+00,0.000000000000000000e+00,7.752397256835723560e+00,-5.038712048488733330e+01,0.000000000000000000e+00,1.762265725405308814e+01,-4.886851462310498562e+01,9.810000000000000497e+00
2.187067515479711455e-01,2.445739539846659427e-01,3.925337737123496540e-01,0.000000000000000000e+00,4.818348592094785943e+00,7.294334853100157279e-01,0.000000000000000000e+00,1.736670201255162027e+01,-4.847445079725449801e+01,9.810000000000000497e+00,-1.097692162966508477e+03,1.701216010503572761e+03,-3.637978807091712952e-12,9.887343200519864705e-01,1.496811422702812588e-01,0.000000000000000000e+00,1.496811422702812588e-01,-9.887343200519864705e-01,0.000000000000000000e+00,0.000000000000000000e+00,0.000000000000000000e+00,-1.000000000000000222e+00,2.127616524063562498e+00,9.803640057281857167e+00,1.484139887147316372e+00,0.000000000000000000e+00,7.563061955269762215e+00,-4.995859068440181261e+01,0.000000000000000000e+00,1.736670201255162027e+01,-4.847445079725449801e+01,9.810000000000000497e+00
2.189385423829546817e-01,2.456912681764160389e-01,3.927015477312520986e-01,0.000000000000000000e+00,4.822344669407993223e+00,7.182432712483988180e-01,0.000000000000000000e+00,1.711386682294857664e+01,-4.807998371059017728e+01,9.810000000000000497e+00,-1.083955153718568909e+03,1.702318673906818731e+03,3.637978807091712952e-12,9.890895286342269443e-01,1.473156622566748064e-01,0.000000000000000000e+00,1.473156622566748064e-01,-9.890895286342269443e-01,0.000000000000000000e+00,0.000000000000000000e+00,0.000000000000000000e+00,-1.000000000000000000e+00,2.106634078107170183e+00,9.736806836141923327e+00,1.450206584748924721e+00,0.000000000000000000e+00,7.377059986806652425e+00,-4.953019029533910356e+01,0.000000000000000000e+00,1.711386682294857664e+01,-4.807998371059017728e+01,9.810000000000000497e+00
2.191704055682527075e-01,2.468098485629530436e-01,3.928667893605805039e-01,0.000000000000000000e+00,4.826283726089218185e+00,7.071410938559826720e-01,0.000000000000000000e+00,1.686412283692639846e+01,-4.768516382863194991e+01,9.810000000000000497e+00,-1.070351036814128747e+03,1.703207480445140391e+03,-3.637978807091712952e-12,9.894359161207041398e-01,1.449709208440881913e-01,0.000000000000000000e+00,1.449709208440881913e-01,-9.894359161207041398e-01,0.000000000000000000e+00,0.000000000000000000e+00,0.000000000000000000e+00,-9.999999999999998890e-01,2.085743264796023677e+00,9.669763855167683886e+00,1.416801783307738205e+00,0.000000000000000000e+00,7.194358981758713689e+00,-4.910196561193968989e+01,0.000000000000000000e+00,1.686412283692639846e+01,-4.768516382863194991e+01,9.810000000000000497e+00
2.194023401972526044e-01,2.479296855154193568e-01,3.930295178580501814e-01,0.000000000000000000e+00,4.830166435198686159e+00,6.961270548407586523e-01,0.000000000000000000e+00,1.661744131859039797e+01,-4.729003974763422491e+01,9.810000000000000497e+00,-1.056878867451079714e+03,1.703882825259308447e+03,3.637978807091712952e-12,9.897736434619758272e-01,1.426468881819908663e-01,0.000000000000000000e+00,1.426468881819908663e-01,-9.897736434619758272e-01,0.000000000000000000e+00,0.000000000000000000e+00,0.000000000000000000e+00,-9.999999999999998890e-01,2.064944503878750837e+00,9.602515092985408174e+00,1.383921370086059977e+00,0.000000000000000000e+00,7.014926225604988907e+00,-4.867396111772028178e+01,0.000000000000000000e+00,1.661744131859039797e+01,-4.729003974763422491e+01,9.810000000000000497e+00
2.196343485067133172e-01,2.490507694049574894e-01,3.931897524813764977e-01,0.000000000000000000e+00,4.833993493369031391e+00,6.852012514997065651e-01,0.000000000000000000e+00,1.637379233751473606e+01,-4.689465938236154585e+01,9.810000000000000497e+00,-1.043538372711140255e+03,1.704347338935884181e+03,3.637978807091712952e-12,9.901028697755629437e-01,1.403435330259091562e-01,0.000000000000000000e+00,1.403435330259091562e-01,-9.901028697755629437e-01,0.000000000000000000e+00,0.000000000000000000e+00,0.000000000000000000e+00,-9.999999999999997780e-01,2.044238170551271772e+00,9.535063513348006836e+00,1.351561077075796868e+00,0.000000000000000000e+00,6.838728824166728337e+00,-4.824622045943734605e+01,0.000000000000000000e+00,1.637379233751473606e+01,-4.689465938236154585e+01,9.810000000000000497e+00
2.198664304765357014e-01,2.501730906027093693e-01,3.933475124882747642e-01,0.000000000000000000e+00,4.837765568573030528e+00,6.743637693281417933e-01,0.000000000000000000e+00,1.613314628140489049e+01,-4.649906868819759609e+01,9.810000000000000497e+00,-1.030334806366343400e+03,1.704617247210058849e+03,3.637978807091712952e-12,9.904237523456592696e-01,1.380608227903340479e-01,0.000000000000000000e+00,1.380608227903340479e-01,-9.904237523456592696e-01,0.000000000000000000e+00,0.000000000000000000e+00,0.000000000000000000e+00,-9.999999999999998890e-01,2.023624596651373952e+00,9.467412707303159536e+00,1.319716722231602857e+00,0.000000000000000000e+00,6.665733574101729175e+00,-4.781878541042920006e+01,0.000000000000000000e+00,1.613314628140489049e+01,-4.649906868819759609e+01,9.810000000000000497e+00
2.200985859581918447e-01,2.512966394798176739e-01,3.935028171364607918e-01,0.000000000000000000e+00,4.841483320851112104e+00,6.636146853620076280e-01,0.000000000000000000e+00,1.589547329839506773e+01,-4.610331220294992249e+01,9.810000000000000497e+00,-1.017266513210059202e+03,1.704691611434856895e+03,0.000000000000000000e+00,9.907364466237109646e-01,1.357987236001233500e-01,0.000000000000000000e+00,1.357987236001233500e-01,-9.907364466237109646e-01,0.000000000000000000e+00,0.000000000000000000e+00,0.000000000000000000e+00,-1.000000000000000000e+00,2.003104071589008495e+00,9.399566247639347338e+00,1.288384113831868794e+00,0.000000000000000000e+00,6.495907050755721279e+00,-4.739169631678178973e+01,0.000000000000000000e+00,1.589547329839506773e+01,-4.610331220294992249e+01,9.810000000000000497e+00
2.203308166364656151e-01,2.524214064074244979e-01,3.936556856836495588e-01,0.000000000000000000e+00,4.845147420624575041e+00,6.529540709006500521e-01,0.000000000000000000e+00,1.566074276940814869e+01,-4.570743349883144191e+01,9.810000000000000497e+00,-1.004334847483849444e+03,1.704577629108040128e+03,3.637978807091712952e-12,9.910411062296189399e-01,1.335572003419241149e-01,0.000000000000000000e+00,1.335572003419241149e-01,-9.910411062296189399e-01,0.000000000000000000e+00,0.000000000000000000e+00,0.000000000000000000e+00,-9.999999999999997780e-01,1.982676843111573994e+00,9.331527090230350652e+00,1.257558970310993063e+00,0.000000000000000000e+00,6.329215679177798037e+00,-4.696499246914243741e+01,0.000000000000000000e+00,1.566074276940814869e+01,-4.570743349883144191e+01,9.810000000000000497e+00
2.205631220907747214e-01,2.535473817566721300e-01,3.938061373875566540e-01,0.000000000000000000e+00,4.848758511552828665e+00,6.423819866258437816e-01,0.000000000000000000e+00,1.542892443425166249e+01,-4.531147431856319230e+01,9.810000000000000497e+00,-9.915427038557609194e+02,1.704286407470848644e+03,0.000000000000000000e+00,9.913378829537077275e-01,1.313362167144344617e-01,0.000000000000000000e+00,1.313362167144344617e-01,-9.913378829537077275e-01,0.000000000000000000e+00,0.000000000000000000e+00,0.000000000000000000e+00,-1.000000000000000000e+00,1.962343118747343906e+00,9.263298776384329969e+00,1.227237086875837324e+00,0.000000000000000000e+00,6.165625657867333409e+00,-4.653871140543903095e+01,0.000000000000000000e+00,1.542892443425166249e+01,-4.531147431856319230e+01,9.810000000000000497e+00
2.207955027681997306e-01,2.546745558987030256e-01,3.939541915058974442e-01,0.000000000000000000e+00,4.852317238558830681e+00,6.318984867089507684e-01,0.000000000000000000e+00,1.519998758295818320e+01,-4.491547526937530677e+01,9.810000000000000497e+00,-9.788883316067585838e+02,1.703817025789932813e+03,-3.637978807091712952e-12,9.916269267594727266e-01,1.291357352771239642e-01,0.000000000000000000e+00,1.291357352771239642e-01,-9.916269267594727266e-01,0.000000000000000000e+00,0.000000000000000000e+00,0.000000000000000000e+00,-1.000000000000000222e+00,1.942103066631438502e+00,9.194884526448207751e+00,1.197414210999082629e+00,0.000000000000000000e+00,6.005103056509974557e+00,-4.611288948037439184e+01,0.000000000000000000e+00,1.519998758295818320e+01,-4.491547526937530677e+01,9.810000000000000497e+00
2.210279598892746777e-01,2.558029192046592515e-01,3.940998672963871297e-01,0.000000000000000000e+00,4.855824246647213904e+00,6.215036187983471461e-01,0.000000000000000000e+00,1.497390109932121760e+01,-4.451947580595052045e+01,9.810000000000000497e+00,-9.663741516518311983e+02,1.703180144077836303e+03,3.637978807091712952e-12,9.919083857868485898e-01,1.269557174991678694e-01,0.000000000000000000e+00,1.269557174991678694e-01,-9.919083857868485898e-01,0.000000000000000000e+00,0.000000000000000000e+00,0.000000000000000000e+00,-1.000000000000000222e+00,1.921956816424869485e+00,9.126287267934605651e+00,1.168086049887612887e+00,0.000000000000000000e+00,5.847613831386612837e+00,-4.568756185583813334e+01,0.000000000000000000e+00,1.497390109932121760e+01,-4.451947580595052045e+01,9.810000000000000497e+00
2.212604927158033641e-01,2.569324620456833741e-01,3.942431840167413548e-01,0.000000000000000000e+00,4.859280155869505791e+00,6.111974210164410337e-01,0.000000000000000000e+00,1.475063425877602086e+01,-4.412351367756379972e+01,9.810000000000000497e+00,-9.540013070905988570e+02,1.702382811345058144e+03,-3.637978807091712952e-12,9.921824063562351137e-01,1.247961238065942585e-01,0.000000000000000000e+00,1.247961238065942585e-01,-9.921824063562351137e-01,0.000000000000000000e+00,0.000000000000000000e+00,0.000000000000000000e+00,-1.000000000000000000e+00,1.901904460576665734e+00,9.057510472983951288e+00,1.139248379254357513e+00,0.000000000000000000e+00,5.693123785792070457e+00,-4.526276205681815412e+01,0.000000000000000000e+00,1.475063425877602086e+01,-4.412351367756379972e+01,9.810000000000000497e+00
2.214931021349252904e-01,2.580631747929175712e-01,3.943841609246754309e-01,0.000000000000000000e+00,4.862685594194869232e+00,6.009799264418230758e-01,0.000000000000000000e+00,1.453015573132588756e+01,-4.372762570948895444e+01,9.810000000000000497e+00,-9.417679747180991399e+02,1.701424116085909191e+03,-3.637978807091712952e-12,9.924491329730932287e-01,1.226569136288515327e-01,0.000000000000000000e+00,1.226569136288515327e-01,-9.924491329730932287e-01,0.000000000000000000e+00,0.000000000000000000e+00,0.000000000000000000e+00,-1.000000000000000000e+00,1.881946055066905599e+00,8.988557061460042519e+00,1.110896901922527658e+00,0.000000000000000000e+00,5.541598669865845039e+00,-4.483852261141148432e+01,0.000000000000000000e+00,1.453015573132588756e+01,-4.372762570948895444e+01,9.810000000000000497e+00
2.217257889870618004e-01,2.591950478175040762e-01,3.945228172779047804e-01,0.000000000000000000e+00,4.866041182021037415e+00,5.908511612830510407e-01,0.000000000000000000e+00,1.431243407359822406e+01,-4.333184746088769401e+01,9.810000000000000497e+00,-9.296771780265225971e+02,1.700317177359946072e+03,3.637978807091712952e-12,9.927087083330954353e-01,1.205380454447356475e-01,0.000000000000000000e+00,1.205380454447356475e-01,-9.927087083330954353e-01,0.000000000000000000e+00,0.000000000000000000e+00,0.000000000000000000e+00,-9.999999999999998890e-01,1.862081620396786708e+00,8.919429912994818466e+00,1.083027316239631999e+00,0.000000000000000000e+00,5.393004160603405595e+00,-4.441487477712732357e+01,0.000000000000000000e+00,1.431243407359822406e+01,-4.333184746088769401e+01,9.810000000000000497e+00
2.219585522952658707e-01,2.603280714905853999e-01,3.946591723341447144e-01,0.000000000000000000e+00,4.869347516506984164e+00,5.808111432299847277e-01,0.000000000000000000e+00,1.409743825860803135e+01,-4.293621289656897488e+01,9.810000000000000497e+00,-9.177288243231887463e+02,1.699065993976124446e+03,3.637978807091712952e-12,9.929612733278733172e-01,1.184394768271487958e-01,0.000000000000000000e+00,1.184394768271487958e-01,-9.929612733278733172e-01,0.000000000000000000e+00,0.000000000000000000e+00,0.000000000000000000e+00,-1.000000000000000222e+00,1.842311142433981308e+00,8.850132412255909742e+00,1.055635381675622986e+00,0.000000000000000000e+00,5.247305846352121605e+00,-4.399184827824459632e+01,0.000000000000000000e+00,1.409743825860803135e+01,-4.293621289656897488e+01,9.810000000000000497e+00
2.221913932387450386e-01,2.614622361833035535e-01,3.947932453511104334e-01,0.000000000000000000e+00,4.872605207084142798e+00,5.708598859990536845e-01,0.000000000000000000e+00,1.388513655329759899e+01,-4.254075521317730590e+01,9.810000000000000497e+00,-9.059210362469857500e+02,1.697669636045990046e+03,0.000000000000000000e+00,9.932069670512309045e-01,1.163611644875337803e-01,0.000000000000000000e+00,1.163611644875337803e-01,-9.932069670512309045e-01,0.000000000000000000e+00,0.000000000000000000e+00,0.000000000000000000e+00,-9.999999999999997780e-01,1.822634573581126460e+00,8.780667228846192884e+00,1.028716770644005463e+00,0.000000000000000000e+00,5.104469324451406109e+00,-4.356947198382130892e+01,0.000000000000000000e+00,1.388513655329759899e+01,-4.254075521317730590e+01,9.810000000000000497e+00
2.224243123580368631e-01,2.625975322668011591e-01,3.949250555865178591e-01,0.000000000000000000e+00,4.875814850356373853e+00,5.609973964426986370e-01,0.000000000000000000e+00,1.367549733744876939e+01,-4.214550629495229117e+01,9.810000000000000497e+00,-8.942570554621961492e+02,1.696142715733032674e+03,0.000000000000000000e+00,9.934459268059986359e-01,1.143030643183742534e-01,0.000000000000000000e+00,1.143030643183742534e-01,-9.934459268059986359e-01,0.000000000000000000e+00,0.000000000000000000e+00,0.000000000000000000e+00,-1.000000000000000000e+00,1.803051833788598568e+00,8.711037176047225827e+00,1.002267175038623392e+00,0.000000000000000000e+00,4.964460161401543559e+00,-4.314777346999091634e+01,0.000000000000000000e+00,1.367549733744876939e+01,-4.214550629495229117e+01,9.810000000000000497e+00
2.226573085120291118e-01,2.637339501122202834e-01,3.950546222980820255e-01,0.000000000000000000e+00,4.878977021305337836e+00,5.512236738207721976e-01,0.000000000000000000e+00,1.346848942581864961e+01,-4.175049653854146925e+01,9.810000000000000497e+00,-8.827359849721979117e+02,1.694487127902088105e+03,3.637978807091712952e-12,9.936782881112599108e-01,1.122651314357042268e-01,0.000000000000000000e+00,1.122651314357042268e-01,-9.936782881112599108e-01,0.000000000000000000e+00,0.000000000000000000e+00,0.000000000000000000e+00,-1.000000000000000000e+00,1.783562810892442396e+00,8.641245533945573598e+00,9.762823413204846368e-01,0.000000000000000000e+00,4.827243891873076009e+00,-4.272677887986195344e+01,0.000000000000000000e+00,1.346848942581864961e+01,-4.175049653854146925e+01,9.810000000000000497e+00
2.228903830321241342e-01,2.648714800907032707e-01,3.951819647435182992e-01,0.000000000000000000e+00,4.882092309483975434e+00,5.415387141670597870e-01,0.000000000000000000e+00,1.326408087928006907e+01,-4.135575567209749437e+01,9.810000000000000497e+00,-8.713559155051189009e+02,1.692701946879431489e+03,3.637978807091712952e-12,9.939041847099976401e-01,1.102473202211947390e-01,0.000000000000000000e+00,1.102473202211947390e-01,-9.939041847099976401e-01,0.000000000000000000e+00,0.000000000000000000e+00,0.000000000000000000e+00,-9.999999999999997780e-01,1.764167361916739729e+00,8.571294770100635674e+00,9.507579239192543996e-01,0.000000000000000000e+00,4.692786109179434284e+00,-4.230651359601674955e+01,0.000000000000000000e+00,1.326408087928006907e+01,-4.135575567209749437e+01,9.810000000000000497e+00
2.231235362350132145e-01,2.660101125733925764e-01,3.953071021805422691e-01,0.000000000000000000e+00,4.885161288508988342e+00,5.319425069357608393e-01,0.000000000000000000e+00,1.306224003123907451e+01,-4.096131210946027323e+01,9.810000000000000497e+00,-8.601199992567999288e+02,1.690802393671910977e+03,0.000000000000000000e+00,9.941237485773321003e-01,1.082495843620351478e-01,0.000000000000000000e+00,1.082495843620351478e-01,-9.941237485773321003e-01,0.000000000000000000e+00,0.000000000000000000e+00,0.000000000000000000e+00,-9.999999999999998890e-01,1.744865313980833221e+00,8.501187614104571466e+00,9.256896107023396825e-01,0.000000000000000000e+00,4.561052417134503933e+00,-4.188700172016261547e+01,0.000000000000000000e+00,1.306224003123907451e+01,-4.096131210946027323e+01,9.810000000000000497e+00
2.233567668854903321e-01,2.671498379314303229e-01,3.954300538668690246e-01,0.000000000000000000e+00,4.888184511890985462e+00,5.224350348410461420e-01,0.000000000000000000e+00,1.286293566420803458e+01,-4.056719288766648646e+01,9.810000000000000497e+00,-8.490268849373896956e+02,1.688789099692294258e+03,0.000000000000000000e+00,9.943371099290249093e-01,1.062718768912748607e-01,0.000000000000000000e+00,1.062718768912748607e-01,-9.943371099290249093e-01,0.000000000000000000e+00,0.000000000000000000e+00,0.000000000000000000e+00,-1.000000000000000000e+00,1.725656464897914244e+00,8.430927225617500298e+00,9.010731383283826501e-01,0.000000000000000000e+00,4.432008438590535171e+00,-4.146826602599487188e+01,0.000000000000000000e+00,1.286293566420803458e+01,-4.056719288766648646e+01,9.810000000000000497e+00
2.235900763358874832e-01,2.682906465359589654e-01,3.955508390602143209e-01,0.000000000000000000e+00,4.891162548195715054e+00,5.130162778616943475e-01,0.000000000000000000e+00,1.266613581133449351e+01,-4.017342443598052171e+01,9.810000000000000497e+00,-8.380746483541261114e+02,1.686661140298761893e+03,3.637978807091712952e-12,9.945443972304580660e-01,1.043141502266336507e-01,0.000000000000000000e+00,1.043141502266336507e-01,-9.945443972304580660e-01,0.000000000000000000e+00,0.000000000000000000e+00,0.000000000000000000e+00,-9.999999999999998890e-01,1.706540584317911780e+00,8.360515916124002800e+00,8.769041539777849836e-01,0.000000000000000000e+00,4.305619895210490711e+00,-4.105032858995830480e+01,0.000000000000000000e+00,1.266613581133449351e+01,-4.017342443598052171e+01,9.810000000000000497e+00
2.238234647506479602e-01,2.694325287581206263e-01,3.956694770182933585e-01,0.000000000000000000e+00,4.894095948844648269e+00,5.036862098900757312e-01,0.000000000000000000e+00,1.247180887419778017e+01,-3.978003190652498233e+01,9.810000000000000497e+00,-8.272661149347186438e+02,1.684433555202005664e+03,3.637978807091712952e-12,9.947457372059789193e-01,1.023763562085188566e-01,0.000000000000000000e+00,1.023763562085188566e-01,-9.947457372059789193e-01,0.000000000000000000e+00,0.000000000000000000e+00,0.000000000000000000e+00,-1.000000000000000000e+00,1.687517414244792846e+00,8.289956315392073449e+00,8.531783439267984770e-01,0.000000000000000000e+00,4.181852558805705833e+00,-4.063321025045178203e+01,0.000000000000000000e+00,1.247180887419778017e+01,-3.978003190652498233e+01,9.810000000000000497e+00
2.240569308658246217e-01,2.705754749690577055e-01,3.957859869988215040e-01,0.000000000000000000e+00,4.896985246567829186e+00,4.944447988594058985e-01,0.000000000000000000e+00,1.227992371229839108e+01,-3.938703917700298973e+01,9.810000000000000497e+00,-8.165997645348979859e+02,1.682106523836351698e+03,3.637978807091712952e-12,9.949412548485240260e-01,1.004584461379159632e-01,0.000000000000000000e+00,1.004584461379159632e-01,-9.949412548485240260e-01,0.000000000000000000e+00,0.000000000000000000e+00,0.000000000000000000e+00,-1.000000000000000222e+00,1.668586669950314461e+00,8.219251448132107285e+00,8.298914381853386146e-01,0.000000000000000000e+00,4.060672264166283796e+00,-4.021693061518832479e+01,0.000000000000000000e+00,1.227992371229839108e+01,-3.938703917700298973e+01,9.810000000000000497e+00
2.242904759324477471e-01,2.717194755399126027e-01,3.959003882595142354e-01,0.000000000000000000e+00,4.899830988055967396e+00,4.852920102648294320e-01,0.000000000000000000e+00,1.209044848973724129e+01,-3.899446953887114375e+01,9.810000000000000497e+00,-8.060736721231478441e+02,1.679679113652047818e+03,3.637978807091712952e-12,9.951310734296714422e-01,9.856037081256294186e-02,0.000000000000000000e+00,9.856037081256294186e-02,-9.951310734296714422e-01,0.000000000000000000e+00,0.000000000000000000e+00,0.000000000000000000e+00,-1.000000000000000000e+00,1.649748040837993868e+00,8.148403513258339004e+00,8.070390858454993266e-01,0.000000000000000000e+00,3.942044976478902729e+00,-3.980150862471664652e+01,0.000000000000000000e+00,1.209044848973724129e+01,-3.899446953887114375e+01,9.810000000000000497e+00
2.245241000296570311e-01,2.728645208418274404e-01,3.960127000580867529e-01,0.000000000000000000e+00,4.902633703304995372e+00,4.762278041584034338e-01,0.000000000000000000e+00,1.190335177519904519e+01,-3.860234508550744437e+01,9.810000000000000497e+00,-7.956901563290448394e+02,1.677165441640798235e+03,0.000000000000000000e+00,9.953153145099248311e-01,9.668208056309783582e-02,0.000000000000000000e+00,9.668208056309783582e-02,-9.953153145099248311e-01,0.000000000000000000e+00,0.000000000000000000e+00,0.000000000000000000e+00,-9.999999999999998890e-01,1.631001191127779082e+00,8.077415025848107888e+00,7.846169740241012436e-01,0.000000000000000000e+00,3.825936749350936417e+00,-3.938696205953154816e+01,0.000000000000000000e+00,1.190335177519904519e+01,-3.860234508550744437e+01,9.810000000000000497e+00
2.247578019252242099e-01,2.740106012459447293e-01,3.961229416522547564e-01,0.000000000000000000e+00,4.905393904932339844e+00,4.672521353461678295e-01,0.000000000000000000e+00,1.171860259971486684e+01,-3.821068673243829750e+01,9.810000000000000497e+00,-7.854477498421547352e+02,1.674565955749523710e+03,3.637978807091712952e-12,9.954940979493448472e-01,9.482352528787478529e-02,0.000000000000000000e+00,9.482352528787478529e-02,-9.954940979493448472e-01,0.000000000000000000e+00,0.000000000000000000e+00,0.000000000000000000e+00,-1.000000000000000000e+00,1.612345760752107227e+00,8.006288862513013527e+00,7.626208291745830703e-01,0.000000000000000000e+00,3.712313737201853758e+00,-3.897330756161287724e+01,0.000000000000000000e+00,1.171860259971486684e+01,-3.821068673243829750e+01,9.810000000000000497e+00
2.249915826560443255e-01,2.751577071234065919e-01,3.962311322997334462e-01,0.000000000000000000e+00,4.908112117075057235e+00,4.583649563504010316e-01,0.000000000000000000e+00,1.153616940021955806e+01,-3.781951480303914082e+01,9.810000000000000497e+00,-7.753445403673904366e+02,1.671879718413314549e+03,0.000000000000000000e+00,9.956675419184283227e-01,9.298465448725858062e-02,0.000000000000000000e+00,9.298465448725858062e-02,-9.956675419184283227e-01,0.000000000000000000e+00,0.000000000000000000e+00,0.000000000000000000e+00,-1.000000000000000000e+00,1.593781365898448987e+00,7.935027150445334243e+00,7.410463100057788077e-01,0.000000000000000000e+00,3.601142249774224258e+00,-3.856056111304491907e+01,0.000000000000000000e+00,1.153616940021955806e+01,-3.781951480303914082e+01,9.810000000000000497e+00
2.252254422780596566e-01,2.763058288453553724e-01,3.963372912582383001e-01,0.000000000000000000e+00,4.910788849045346183e+00,4.495662149897542426e-01,0.000000000000000000e+00,1.135602099681932486e+01,-3.742884852613085656e+01,9.810000000000000497e+00,-7.653822166252612078e+02,1.669119298897479894e+03,0.000000000000000000e+00,9.958357629092232655e-01,9.116541729737885624e-02,0.000000000000000000e+00,9.116541729737885624e-02,-9.958357629092232655e-01,0.000000000000000000e+00,0.000000000000000000e+00,0.000000000000000000e+00,-9.999999999999998890e-01,1.575307599849209206e+00,7.863632276493099482e+00,7.198891068797454995e-01,0.000000000000000000e+00,3.492388720326225826e+00,-3.814873763301060450e+01,0.000000000000000000e+00,1.135602099681932486e+01,-3.742884852613085656e+01,9.810000000000000497e+00
2.254593796461856203e-01,2.774549567829334151e-01,3.964414377854846294e-01,0.000000000000000000e+00,4.913424593988309219e+00,4.408558544909777499e-01,0.000000000000000000e+00,1.117812667199260979e+01,-3.703870603606473111e+01,9.810000000000000497e+00,-7.555595306554423587e+02,1.666286056095123058e+03,0.000000000000000000e+00,9.959988757467265197e-01,8.936576252266405229e-02,0.000000000000000000e+00,8.936576252266405229e-02,-9.959988757467265197e-01,0.000000000000000000e+00,0.000000000000000000e+00,0.000000000000000000e+00,-1.000000000000000222e+00,1.556924033607267610e+00,7.792106957437819226e+00,6.991449457084140118e-01,0.000000000000000000e+00,3.386019714554790561e+00,-3.773785098177314268e+01,0.000000000000000000e+00,1.117812667199260979e+01,-3.703870603606473111e+01,9.810000000000000497e+00
2.256933954800501296e-01,2.786050813072830090e-01,3.965435911391876900e-01,0.000000000000000000e+00,4.916019853005482609e+00,4.322338158520281914e-01,0.000000000000000000e+00,1.100245526050650291e+01,-3.664910485612804081e+01,9.810000000000000497e+00,-7.458745925095754501e+02,1.663379028620372992e+03,0.000000000000000000e+00,9.961569936004380788e-01,8.758563866831510503e-02,0.000000000000000000e+00,8.758563866831510503e-02,-9.961569936004380788e-01,0.000000000000000000e+00,0.000000000000000000e+00,0.000000000000000000e+00,-9.999999999999998890e-01,1.538630216705424658e+00,7.720453286776358226e+00,6.788095011883501506e-01,0.000000000000000000e+00,3.282001973730144240e+00,-3.732791435731638785e+01,0.000000000000000000e+00,1.100245526050650291e+01,-3.664910485612804081e+01,9.810000000000000497e+00
2.259274898695136924e-01,2.797561927895464984e-01,3.966437705770632371e-01,0.000000000000000000e+00,4.918575115433919898e+00,4.237000361600377074e-01,0.000000000000000000e+00,1.082897590530042997e+01,-3.626006153858843817e+01,9.810000000000000497e+00,-7.363283816235925769e+02,1.660408667726602289e+03,-3.637978807091712952e-12,9.963102279962087193e-01,8.582499397111836847e-02,0.000000000000000000e+00,8.582499397111836847e-02,-9.963102279962087193e-01,0.000000000000000000e+00,0.000000000000000000e+00,0.000000000000000000e+00,-9.999999999999998890e-01,1.520425677984755586e+00,7.648673510965496192e+00,6.588784692955741429e-01,0.000000000000000000e+00,3.180302394334933336e+00,-3.691894000788401087e+01,0.000000000000000000e+00,1.082897590530042997e+01,-3.626006153858843817e+01,9.810000000000000497e+00
2.261616618069074158e-01,2.809082816008661165e-01,3.967419953568264157e-01,0.000000000000000000e+00,4.921090855554917987e+00,4.152544485090939319e-01,0.000000000000000000e+00,1.065765820876463366e+01,-3.587159162077450247e+01,9.810000000000000497e+00,-7.269199884579466016e+02,1.657377810277699609e+03,-3.637978807091712952e-12,9.964586888282057631e-01,8.408377643025487236e-02,0.000000000000000000e+00,8.408377643025487236e-02,-9.964586888282057631e-01,0.000000000000000000e+00,0.000000000000000000e+00,0.000000000000000000e+00,-1.000000000000000222e+00,1.502309925959289361e+00,7.576770176682169122e+00,6.393475783213351527e-01,0.000000000000000000e+00,3.080888032082464090e+00,-3.651093919909583718e+01,0.000000000000000000e+00,1.065765820876463366e+01,-3.587159162077450247e+01,9.810000000000000497e+00
2.263959116014121198e-01,2.820613381123840968e-01,3.968382847361927590e-01,0.000000000000000000e+00,4.923567551137235654e+00,4.068969837523409572e-01,0.000000000000000000e+00,1.048847151256295618e+01,-3.548370999274469995e+01,9.810000000000000497e+00,-7.176475575809599832e+02,1.654285498570403433e+03,0.000000000000000000e+00,9.966024843710584724e-01,8.236193383738754648e-02,0.000000000000000000e+00,8.236193383738754648e-02,-9.966024843710584724e-01,0.000000000000000000e+00,0.000000000000000000e+00,0.000000000000000000e+00,-1.000000000000000000e+00,1.484282449678237414e+00,7.504745378788601151e+00,6.202125240981153365e-01,0.000000000000000000e+00,2.983726133774354139e+00,-3.610392251684281462e+01,0.000000000000000000e+00,1.048847151256295618e+01,-3.548370999274469995e+01,9.810000000000000497e+00
2.266302394288058075e-01,2.832153526952430056e-01,3.969326579728775228e-01,0.000000000000000000e+00,4.926005672214272657e+00,3.986275696463073559e-01,0.000000000000000000e+00,1.032138534113036954e+01,-3.509643069952333860e+01,9.810000000000000497e+00,-7.085113201629646937e+02,1.651139587393379770e+03,3.637978807091712952e-12,9.967417212922008440e-01,8.065941380558441787e-02,0.000000000000000000e+00,8.065941380558441787e-02,-9.967417212922008440e-01,0.000000000000000000e+00,0.000000000000000000e+00,0.000000000000000000e+00,-9.999999999999998890e-01,1.466342719192634148e+00,7.432601212609523778e+00,6.014690105301715439e-01,0.000000000000000000e+00,2.888784128520845762e+00,-3.569789971005351248e+01,0.000000000000000000e+00,1.032138534113036954e+01,-3.509643069952333860e+01,9.810000000000000497e+00
2.268646444638653115e-01,2.843703157205848542e-01,3.970251343245959075e-01,0.000000000000000000e+00,4.928405674777109446e+00,3.904461305037484342e-01,0.000000000000000000e+00,1.015636967349218622e+01,-3.470976685237940274e+01,9.810000000000000497e+00,-6.995107803259452339e+02,1.647944852200569585e+03,0.000000000000000000e+00,9.968765046642861227e-01,7.897616379842260781e-02,0.000000000000000000e+00,7.897616379842260781e-02,-9.968765046642861227e-01,0.000000000000000000e+00,0.000000000000000000e+00,0.000000000000000000e+00,-9.999999999999997780e-01,1.448490186344493003e+00,7.360340045930042763e+00,5.831127711001871106e-01,0.000000000000000000e+00,2.796029627562143904e+00,-3.529287962347959251e+01,0.000000000000000000e+00,1.015636967349218622e+01,-3.470976685237940274e+01,9.810000000000000497e+00
2.270991265222928046e-01,2.855262175595522089e-01,3.971157330490637793e-01,0.000000000000000000e+00,4.930768013135439887e+00,3.823525883483506749e-01,0.000000000000000000e+00,9.993394452543768125e+00,-3.432373087552802104e+01,9.810000000000000497e+00,-6.906441245699170395e+02,1.644700330510313506e+03,-3.637978807091712952e-12,9.970069379778342400e-01,7.731213115716650819e-02,0.000000000000000000e+00,7.731213115716650819e-02,-9.970069379778342400e-01,0.000000000000000000e+00,0.000000000000000000e+00,0.000000000000000000e+00,-9.999999999999998890e-01,1.430724285601506551e+00,7.287964006951035856e+00,5.651395268290840823e-01,0.000000000000000000e+00,2.705430445592731825e+00,-3.488887040235710657e+01,0.000000000000000000e+00,9.993394452543768125e+00,-3.432373087552802104e+01,9.810000000000000497e+00
2.273336859125681120e-01,2.866830485832871922e-01,3.972044734039962832e-01,0.000000000000000000e+00,4.933093138650619380e+00,3.743468629109298340e-01,0.000000000000000000e+00,9.832429633295348026e+00,-3.393833447951234206e+01,9.810000000000000497e+00,-6.819108303354296368e+02,1.641410881431453163e+03,3.637978807091712952e-12,9.971331231539329876e-01,7.566726312800910181e-02,0.000000000000000000e+00,7.566726312800910181e-02,-9.971331231539329876e-01,0.000000000000000000e+00,0.000000000000000000e+00,0.000000000000000000e+00,-9.999999999999998890e-01,1.413044433962355351e+00,7.215475030581646187e+00,5.475449917917486475e-01,0.000000000000000000e+00,2.616954602713701838e+00,-3.448587947130408793e+01,0.000000000000000000e+00,9.832429633295348026e+00,-3.393833447951234206e+01,9.810000000000000497e+00
2.275683220316362387e-01,2.878407991629321483e-01,3.972913746471086194e-01,0.000000000000000000e+00,4.935381489560162649e+00,3.664288709798351196e-01,0.000000000000000000e+00,9.673445618142840985e+00,-3.355358851489823024e+01,9.810000000000000497e+00,-6.733108598645667371e+02,1.638083652343237191e+03,0.000000000000000000e+00,9.972551605569801580e-01,7.404150688952611248e-02,0.000000000000000000e+00,7.404150688952611248e-02,-9.972551605569801580e-01,0.000000000000000000e+00,0.000000000000000000e+00,0.000000000000000000e+00,-1.000000000000000000e+00,1.395450032118987549e+00,7.142875298441040854e+00,5.303249073438414118e-01,0.000000000000000000e+00,2.530570319701800575e+00,-3.408391342224206966e+01,0.000000000000000000e+00,9.673445618142840985e+00,-3.355358851489823024e+01,9.810000000000000497e+00
2.278030341289849214e-01,2.889994596696293661e-01,3.973764560361168208e-01,0.000000000000000000e+00,4.937633496746673067e+00,3.585985269956981081e-01,0.000000000000000000e+00,9.516413030482215873e+00,-3.316950309309625311e+01,9.810000000000000497e+00,-6.648424486320182041e+02,1.634717682581816916e+03,0.000000000000000000e+00,9.973731490076840345e-01,7.243480957727431446e-02,0.000000000000000000e+00,7.243480957727431446e-02,-9.973731490076840345e-01,0.000000000000000000e+00,0.000000000000000000e+00,0.000000000000000000e+00,-9.999999999999998890e-01,1.377940465025595085e+00,7.070167000854330475e+00,5.134750227594772065e-01,0.000000000000000000e+00,2.446246029627884955e+00,-3.368297811585573243e+01,0.000000000000000000e+00,9.516413030482215873e+00,-3.316950309309625311e+01,9.810000000000000497e+00
2.280378226872923908e-01,2.901590204745211343e-01,3.974597368287354215e-01,0.000000000000000000e+00,4.939849593488855106e+00,3.508557438801116479e-01,0.000000000000000000e+00,9.361302295129476647e+00,-3.278608775007733556e+01,9.810000000000000497e+00,-6.565043402285919001e+02,1.631314488117408473e+03,0.000000000000000000e+00,9.974871857959751731e-01,7.084711830996269499e-02,0.000000000000000000e+00,7.084711830996269499e-02,-9.974871857959751731e-01,0.000000000000000000e+00,0.000000000000000000e+00,0.000000000000000000e+00,-1.000000000000000000e+00,1.360515101796508919e+00,6.997351904518284371e+00,4.969910644418525369e-01,0.000000000000000000e+00,2.363950390611191388e+00,-3.328307881451918604e+01,0.000000000000000000e+00,9.361302295129476647e+00,-3.278608775007733556e+01,9.810000000000000497e+00
2.282726873600446349e-01,2.913194719487498530e-01,3.975412362826803436e-01,0.000000000000000000e+00,4.942030200768644299e+00,3.432004320681728005e-01,0.000000000000000000e+00,9.208084275572465671e+00,-3.240335123315172439e+01,9.810000000000000497e+00,-6.482969684358758968e+02,1.627883925644200644e+03,0.000000000000000000e+00,9.975973666940390894e-01,6.927838021431256821e-02,0.000000000000000000e+00,6.927838021431256821e-02,-9.975973666940390894e-01,0.000000000000000000e+00,0.000000000000000000e+00,0.000000000000000000e+00,-9.999999999999998890e-01,1.343173297122313592e+00,6.924431999143354943e+00,4.808687841614289749e-01,0.000000000000000000e+00,2.283652276429111172e+00,-3.288422001731315447e+01,0.000000000000000000e+00,9.208084275572465671e+00,-3.240335123315172439e+01,9.810000000000000497e+00
2.285076267681752371e-01,2.924808044634577553e-01,3.976209736556670093e-01,0.000000000000000000e+00,4.944175726218201561e+00,3.356324995980331516e-01,0.000000000000000000e+00,9.056730342218468621e+00,-3.202130149581577712e+01,9.810000000000000497e+00,-6.402186224288743688e+02,1.624425026819211780e+03,3.637978807091712952e-12,9.977037859695001565e-01,6.772854244796434886e-02,0.000000000000000000e+00,6.772854244796434886e-02,-9.977037859695001565e-01,0.000000000000000000e+00,0.000000000000000000e+00,0.000000000000000000e+00,-9.999999999999998890e-01,1.325914391387768898e+00,6.851409562695851108e+00,4.651039616377885544e-01,0.000000000000000000e+00,2.205320779522617070e+00,-3.248640545745356434e+01,0.000000000000000000e+00,9.056730342218468621e+00,-3.202130149581577712e+01,9.810000000000000497e+00
2.287426416047197431e-01,2.936430083897871857e-01,3.976989682054105635e-01,0.000000000000000000e+00,4.946286585579881212e+00,3.281518537110082456e-01,0.000000000000000000e+00,8.907211420988222272e+00,-3.163994605884603217e+01,9.810000000000000497e+00,-6.322675759869453032e+02,1.620936919078914798e+03,-3.637978807091712952e-12,9.978065363984853775e-01,6.619755222406646655e-02,0.000000000000000000e+00,6.619755222406646655e-02,-9.978065363984853775e-01,0.000000000000000000e+00,0.000000000000000000e+00,0.000000000000000000e+00,-9.999999999999998890e-01,1.308737710937752929e+00,6.778286187374297889e+00,4.496923376529001204e-01,0.000000000000000000e+00,2.128925233613924828e+00,-3.208963839649893401e+01,0.000000000000000000e+00,8.907211420988222272e+00,-3.163994605884603217e+01,9.810000000000000497e+00
2.289777314810708675e-01,2.948060740988804884e-01,3.977752391896266504e-01,0.000000000000000000e+00,4.948363180842035192e+00,3.207583994345064582e-01,0.000000000000000000e+00,8.759498966792195418e+00,-3.125929167349057280e+01,9.810000000000000497e+00,-6.244440771254849096e+02,1.617428862813452724e+03,0.000000000000000000e+00,9.979057092788448102e-01,6.468535683356427257e-02,0.000000000000000000e+00,6.468535683356427257e-02,-9.979057092788448102e-01,0.000000000000000000e+00,0.000000000000000000e+00,0.000000000000000000e+00,-9.999999999999998890e-01,1.291642568941185676e+00,6.705063769793018658e+00,4.346296834540614995e-01,0.000000000000000000e+00,2.054435196999177204e+00,-3.169392135694463519e+01,0.000000000000000000e+00,8.759498966792195418e+00,-3.125929167349057280e+01,9.810000000000000497e+00
2.292128953206346020e-01,2.959699919618797304e-01,3.978498058660302483e-01,0.000000000000000000e+00,4.950405903284868181e+00,3.134520399455358319e-01,0.000000000000000000e+00,8.613564847273366354e+00,-3.087934438594162856e+01,9.810000000000000497e+00,-6.167468786937533878e+02,1.613902251076062385e+03,0.000000000000000000e+00,9.980013944433359097e-01,6.319190366777316381e-02,0.000000000000000000e+00,6.319190366777316381e-02,-9.980013944433359097e-01,0.000000000000000000e+00,0.000000000000000000e+00,0.000000000000000000e+00,-1.000000000000000000e+00,1.274628265638277025e+00,6.631744388711680038e+00,4.199117905987631572e-01,0.000000000000000000e+00,1.981820458561686538e+00,-3.129925617654039272e+01,0.000000000000000000e+00,8.613564847273366354e+00,-3.087934438594162856e+01,9.810000000000000497e+00
2.294481330746837022e-01,2.971347523499274779e-01,3.979226874923371682e-01,0.000000000000000000e+00,4.952415145026455079e+00,3.062326774267279950e-01,0.000000000000000000e+00,8.469380816509971766e+00,-3.050010974409439157e+01,9.810000000000000497e+00,-6.091743020526118926e+02,1.610356125564583635e+03,0.000000000000000000e+00,9.980936802728427315e-01,6.171714024007098759e-02,0.000000000000000000e+00,6.171714024007098759e-02,-9.980936802728427315e-01,0.000000000000000000e+00,0.000000000000000000e+00,0.000000000000000000e+00,-1.000000000000000222e+00,1.257694089183055919e+00,6.558329766107326542e+00,4.055344362112689449e-01,0.000000000000000000e+00,1.911051050402645446e+00,-3.090564418030566074e+01,0.000000000000000000e+00,8.469380816509971766e+00,-3.050010974409439157e+01,9.810000000000000497e+00
2.296834446329273915e-01,2.983003456341659643e-01,3.979939033262627768e-01,0.000000000000000000e+00,4.954391291621829119e+00,2.991002126708569020e-01,0.000000000000000000e+00,8.326918852681282956e+00,-3.012159268089351727e+01,9.810000000000000497e+00,-6.017257534069904068e+02,1.606795483295449230e+03,3.637978807091712952e-12,9.981826537096333274e-01,6.026101420648560802e-02,0.000000000000000000e+00,6.026101420648560802e-02,-9.981826537096333274e-01,0.000000000000000000e+00,0.000000000000000000e+00,0.000000000000000000e+00,-1.000000000000000000e+00,1.240839315641428131e+00,6.484821609909512397e+00,3.914934062508350077e-01,0.000000000000000000e+00,1.842097242771770116e+00,-3.051308608714435167e+01,0.000000000000000000e+00,8.326918852681282956e+00,-3.012159268089351727e+01,9.810000000000000497e+00
2.299188292724148597e-01,2.994667621857374229e-01,3.980634726255221079e-01,0.000000000000000000e+00,4.956334718593021549e+00,2.920545449890922796e-01,0.000000000000000000e+00,8.186151332125003677e+00,-2.974379748019506664e+01,9.810000000000000497e+00,-5.944006448872205510e+02,1.603225470130004396e+03,-3.637978807091712952e-12,9.982684002705120019e-01,5.882347338735766096e-02,0.000000000000000000e+00,5.882347338735766096e-02,-9.982684002705120019e-01,0.000000000000000000e+00,0.000000000000000000e+00,0.000000000000000000e+00,-1.000000000000000444e+00,1.224063209575396272e+00,6.411221788269254596e+00,3.777845057907360804e-01,0.000000000000000000e+00,1.774929543855748637e+00,-3.012158198598580228e+01,0.000000000000000000e+00,8.186151332125003677e+00,-2.974379748019506664e+01,9.810000000000000497e+00
2.301542861354875791e-01,3.006339923757842536e-01,3.981314146478310834e-01,0.000000000000000000e+00,4.958245794725402611e+00,2.850955725260807538e-01,0.000000000000000000e+00,8.047050884523224923e+00,-2.936672784971175432e+01,9.810000000000000497e+00,-5.871973643825185718e+02,1.599645132699159149e+03,0.000000000000000000e+00,9.983510040600770408e-01,5.740446578652487475e-02,0.000000000000000000e+00,5.740446578652487475e-02,-9.983510040600770408e-01,0.000000000000000000e+00,0.000000000000000000e+00,0.000000000000000000e+00,-1.000000000000000222e+00,1.207365024723005664e+00,6.337532179938511590e+00,3.644035491673511817e-01,0.000000000000000000e+00,1.709518704584713777e+00,-2.973113139887910705e+01,0.000000000000000000e+00,8.047050884523224923e+00,-2.936672784971175432e+01,9.810000000000000497e+00
2.303898154235209939e-01,3.018020265754486342e-01,3.981977486509044595e-01,0.000000000000000000e+00,4.960124889636738033e+00,2.782231927904809665e-01,0.000000000000000000e+00,7.909590022862190928e+00,-2.899038703578456833e+01,9.810000000000000497e+00,-5.801146315608602890e+02,1.596055500454960566e+03,0.000000000000000000e+00,9.984305477838747445e-01,5.600393961135172183e-02,0.000000000000000000e+00,5.600393961135172183e-02,-9.984305477838747445e-01,0.000000000000000000e+00,0.000000000000000000e+00,0.000000000000000000e+00,-1.000000000000000000e+00,1.190744003990090949e+00,6.263754298336893456e+00,3.513463387543897531e-01,0.000000000000000000e+00,1.645835724525297694e+00,-2.934173337453895769e+01,0.000000000000000000e+00,7.909590022862190928e+00,-2.899038703578456833e+01,9.810000000000000497e+00
2.306254166367501801e-01,3.029708551558730201e-01,3.982624938924581581e-01,0.000000000000000000e+00,4.961972362533288994e+00,2.714373020892493216e-01,0.000000000000000000e+00,7.773741692460602870e+00,-2.861477768012667866e+01,9.810000000000000497e+00,-5.731522169794570800e+02,1.592464039847443928e+03,3.637978807091712952e-12,9.985071127615455788e-01,5.462184329187735887e-02,0.000000000000000000e+00,5.462184329187735887e-02,-9.985071127615455788e-01,0.000000000000000000e+00,0.000000000000000000e+00,0.000000000000000000e+00,-1.000000000000000222e+00,1.174199380370287038e+00,6.189889846747875346e+00,3.386086978068306719e-01,0.000000000000000000e+00,1.583851845712727746e+00,-2.895338637793350856e+01,0.000000000000000000e+00,7.773741692460602870e+00,-2.861477768012667866e+01,9.810000000000000497e+00
2.308610885218988495e-01,3.041404684881996445e-01,3.983256696302074351e-01,0.000000000000000000e+00,4.963788562190861953e+00,2.647377956488243256e-01,0.000000000000000000e+00,7.639479289522647321e+00,-2.823990182741558641e+01,9.810000000000000497e+00,-5.663087269531042693e+02,1.588870846415957203e+03,-3.637978807091712952e-12,9.985807789399772094e-01,5.325812549863613576e-02,0.000000000000000000e+00,5.325812549863613576e-02,-9.985807789399772094e-01,0.000000000000000000e+00,0.000000000000000000e+00,0.000000000000000000e+00,-1.000000000000000000e+00,1.157730376946125350e+00,6.115940735974603193e+00,3.261864699664273060e-01,0.000000000000000000e+00,1.523538553548044350e+00,-2.856608829738201294e+01,0.000000000000000000e+00,7.639479289522647321e+00,-2.823990182741558641e+01,9.810000000000000497e+00
2.310968311695568433e-01,3.053108569435707409e-01,3.983872951218674907e-01,0.000000000000000000e+00,4.965573839948243418e+00,2.581245684183924305e-01,0.000000000000000000e+00,7.506776008619765683e+00,-2.786576112682973161e+01,9.810000000000000497e+00,-5.595826032594122807e+02,1.585274991168567794e+03,0.000000000000000000e+00,9.986516249063170925e-01,5.191273516173434965e-02,0.000000000000000000e+00,5.191273516173434965e-02,-9.986516249063170925e-01,0.000000000000000000e+00,0.000000000000000000e+00,0.000000000000000000e+00,-9.999999999999997780e-01,1.141336207330523100e+00,6.041908422804546319e+00,3.140754833838356741e-01,0.000000000000000000e+00,1.464867585815219364e+00,-2.817983661021356667e+01,0.000000000000000000e+00,7.506776008619765683e+00,-2.786576112682973161e+01,9.810000000000000497e+00
2.313326441831869973e-01,3.064820108931287646e-01,3.984473896251540803e-01,0.000000000000000000e+00,4.967328538325909371e+00,2.515975145221452380e-01,0.000000000000000000e+00,7.375605414166401808e+00,-2.749235668365256302e+01,9.810000000000000497e+00,-5.529732735020625114e+02,1.581681836697702238e+03,0.000000000000000000e+00,9.987197279010346929e-01,5.058562148756490240e-02,0.000000000000000000e+00,5.058562148756490240e-02,-9.987197279010346929e-01,0.000000000000000000e+00,0.000000000000000000e+00,0.000000000000000000e+00,-1.000000000000000000e+00,1.125016076244462093e+00,5.967794488234301475e+00,3.022715829713848446e-01,0.000000000000000000e+00,1.407810925932100554e+00,-2.779462826662394903e+01,0.000000000000000000e+00,7.375605414166401808e+00,-2.749235668365256302e+01,9.810000000000000497e+00
2.315685267308439099e-01,3.076539207080157823e-01,3.985059723977820711e-01,0.000000000000000000e+00,4.969052991553790655e+00,2.451565273962843794e-01,0.000000000000000000e+00,7.245941425521008838e+00,-2.711968907475400670e+01,9.810000000000000497e+00,-5.464798782136040245e+02,1.578094956445354910e+03,3.637978807091712952e-12,9.987851638308479219e-01,4.927673397645411513e-02,0.000000000000000000e+00,4.927673397645411513e-02,-9.987851638308479219e-01,0.000000000000000000e+00,0.000000000000000000e+00,0.000000000000000000e+00,-1.000000000000000000e+00,1.108769179591258869e+00,5.893600622020898960e+00,2.907706286914498173e-01,0.000000000000000000e+00,1.352340803500109434e+00,-2.741045970344545779e+01,0.000000000000000000e+00,7.245941425521008838e+00,-2.711968907475400670e+01,9.810000000000000497e+00
2.318044779712834513e-01,3.088265767593744160e-01,3.985630626974673851e-01,0.000000000000000000e+00,4.970747528255635928e+00,2.388015000192152681e-01,0.000000000000000000e+00,7.117758185195699916e+00,-2.674775840851962627e+01,9.810000000000000497e+00,-5.401009318542473920e+02,1.574513423182514089e+03,0.000000000000000000e+00,9.988480072816247057e-01,4.798602243911614246e-02,0.000000000000000000e+00,4.798602243911614246e-02,-9.988480072816247057e-01,0.000000000000000000e+00,0.000000000000000000e+00,0.000000000000000000e+00,-1.000000000000000000e+00,1.092594705176057834e+00,5.819328488699797575e+00,2.795684883021475886e-01,0.000000000000000000e+00,1.298429696495902341e+00,-2.702732689682177281e+01,0.000000000000000000e+00,7.117758185195699916e+00,-2.674775840851962627e+01,9.810000000000000497e+00
2.320404978914673011e-01,3.099999694183467325e-01,3.986186797819251115e-01,0.000000000000000000e+00,4.972412476307244589e+00,2.325323252196889734e-01,0.000000000000000000e+00,6.991029796066226432e+00,-2.637656439285910182e+01,9.810000000000000497e+00,-5.338352353795653471e+02,1.570938294659281382e+03,3.637978807091712952e-12,9.989083315312153877e-01,4.671343701252531067e-02,0.000000000000000000e+00,4.671343701252531067e-02,-9.989083315312153877e-01,0.000000000000000000e+00,0.000000000000000000e+00,0.000000000000000000e+00,-9.999999999999996669e-01,1.076491832706473417e+00,5.744979462962967354e+00,2.686610250512118103e-01,0.000000000000000000e+00,1.246050333103259300e+00,-2.664522541791031429e+01,0.000000000000000000e+00,6.991029796066226432e+00,-2.637656439285910182e+01,9.810000000000000497e+00
2.322765858933840688e-01,3.111740890560751316e-01,3.986728429088707282e-01,0.000000000000000000e+00,4.974048154557920043e+00,2.263488953533519532e-01,0.000000000000000000e+00,6.865730764208333170e+00,-2.600610623756034556e+01,9.810000000000000497e+00,-5.276822725642650767e+02,1.567375570330856135e+03,-3.637978807091712952e-12,9.989662085621637821e-01,4.545892817627304738e-02,0.000000000000000000e+00,4.545892817627304738e-02,-9.989662085621637821e-01,0.000000000000000000e+00,0.000000000000000000e+00,0.000000000000000000e+00,-1.000000000000000000e+00,1.060459734279084243e+00,5.670555077111512965e+00,2.580441197716166202e-01,0.000000000000000000e+00,1.195175687096820427e+00,-2.626415035733196390e+01,0.000000000000000000e+00,6.865730764208333170e+00,-2.600610623756034556e+01,9.810000000000000497e+00
2.325127407752480557e-01,3.123489260437019022e-01,3.987255713360197129e-01,0.000000000000000000e+00,4.975654872985934674e+00,2.202511024074126633e-01,0.000000000000000000e+00,6.741836005698344181e+00,-2.563638267131770121e+01,9.810000000000000497e+00,-5.216407892860188440e+02,1.563825656386638002e+03,-3.637978807091712952e-12,9.990217090743934714e-01,4.422244676719857409e-02,0.000000000000000000e+00,4.422244676719857409e-02,-9.990217090743934714e-01,0.000000000000000000e+00,0.000000000000000000e+00,0.000000000000000000e+00,-9.999999999999997780e-01,1.044497574710722576e+00,5.596057027948036833e+00,2.477136700602081132e-01,0.000000000000000000e+00,1.145778977750307792e+00,-2.588409634137790860e+01,0.000000000000000000e+00,6.741836005698344181e+00,-2.563638267131770121e+01,9.810000000000000497e+00
2.327489623388404594e-01,3.135244707523693330e-01,3.987768843210871550e-01,0.000000000000000000e+00,4.977232941841453595e+00,2.142388384947218893e-01,0.000000000000000000e+00,6.619320341532841212e+00,-2.526739206905703128e+01,9.810000000000000497e+00,-5.157093672824448731e+02,1.560287658940702386e+03,0.000000000000000000e+00,9.990749024977488846e-01,4.300394399486463792e-02,0.000000000000000000e+00,4.300394399486463792e-02,-9.990749024977488846e-01,0.000000000000000000e+00,0.000000000000000000e+00,0.000000000000000000e+00,-9.999999999999998890e-01,1.028604511713825831e+00,5.521486668165369593e+00,2.376655672688267884e-01,0.000000000000000000e+00,1.097833673367471397e+00,-2.550505763632585854e+01,0.000000000000000000e+00,6.619320341532841212e+00,-2.526739206905703128e+01,9.810000000000000497e+00
2.329852501392160880e-01,3.147007135532197686e-01,3.988268011217888098e-01,0.000000000000000000e+00,4.978782664505255973e+00,2.083119955931779788e-01,0.000000000000000000e+00,6.498158889817623241e+00,-2.489913237587837713e+01,9.810000000000000497e+00,-5.098871859143073380e+02,1.556765159808317549e+03,0.000000000000000000e+00,9.991258570044815324e-01,4.180337145566680873e-02,0.000000000000000000e+00,4.180337145566680873e-02,-9.991258570044815324e-01,0.000000000000000000e+00,0.000000000000000000e+00,0.000000000000000000e+00,-1.000000000000000222e+00,1.012779696517949413e+00,5.446845402633779365e+00,2.278957150709288448e-01,0.000000000000000000e+00,1.051313487183844098e+00,-2.512702809094930601e+01,0.000000000000000000e+00,6.498158889817623241e+00,-2.489913237587837713e+01,9.810000000000000497e+00
2.332216034349515188e-01,3.158776448173953866e-01,3.988753409958398777e-01,0.000000000000000000e+00,4.980304337356178834e+00,2.024704656218116461e-01,0.000000000000000000e+00,6.378327080850215935e+00,-2.453160110767606739e+01,9.810000000000000497e+00,-5.041734833672380773e+02,1.553262381847642246e+03,-3.637978807091712952e-12,9.991746395216278831e-01,4.062068114673562241e-02,0.000000000000000000e+00,4.062068114673562241e-02,-9.991746395216278831e-01,0.000000000000000000e+00,0.000000000000000000e+00,0.000000000000000000e+00,-9.999999999999997780e-01,9.970222737635090482e-01,5.372134704847705500e+00,2.184000296759011084e-01,0.000000000000000000e+00,1.006192376002510214e+00,-2.475000113735196905e+01,0.000000000000000000e+00,6.378327080850215935e+00,-2.453160110767606739e+01,9.810000000000000497e+00
2.334580210292458158e-01,3.170552549160385869e-01,3.989225232009557254e-01,0.000000000000000000e+00,4.981798249082642904e+00,1.967141404975416841e-01,0.000000000000000000e+00,6.259800707262439978e+00,-2.416479536167593878e+01,9.810000000000000497e+00,-4.985669162130343466e+02,1.549778434834101063e+03,-3.637978807091712952e-12,9.992213157432530135e-01,3.945582548017712715e-02,0.000000000000000000e+00,3.945582548017712715e-02,-9.992213157432530135e-01,0.000000000000000000e+00,0.000000000000000000e+00,0.000000000000000000e+00,-9.999999999999998890e-01,9.813313820606399673e-01,5.297356168045758373e+00,2.091744413171207906e-01,0.000000000000000000e+00,9.624445392166816049e-01,-2.437396980299305937e+01,0.000000000000000000e+00,6.259800707262439978e+00,-2.416479536167593878e+01,9.810000000000000497e+00
2.336945029036947286e-01,3.182335342202917139e-01,3.989683669948520528e-01,0.000000000000000000e+00,4.983264689428200001e+00,1.910429125494475799e-01,0.000000000000000000e+00,6.142555408019610752e+00,-2.379871193262139073e+01,9.810000000000000497e+00,-4.930662213143968984e+02,1.546313116419798462e+03,0.000000000000000000e+00,9.992659501426390811e-01,3.830875729554028553e-02,0.000000000000000000e+00,3.830875729554028553e-02,-9.992659501426390811e-01,0.000000000000000000e+00,0.000000000000000000e+00,0.000000000000000000e+00,-9.999999999999997780e-01,9.657061542240727992e-01,5.222510987171506969e+00,2.002148735802388724e-01,0.000000000000000000e+00,9.200444208481033392e-01,-2.399892680620163077e+01,0.000000000000000000e+00,6.142555408019610752e+00,-2.379871193262139073e+01,9.810000000000000497e+00
2.339310483739375779e-01,3.194124731012971119e-01,3.990128916352437272e-01,0.000000000000000000e+00,4.984703939298695374e+00,1.854566741854129230e-01,0.000000000000000000e+00,6.026567248298694501e+00,-2.343334719384356646e+01,9.810000000000000497e+00,-4.876707326182531688e+02,1.542871239624102600e+03,0.000000000000000000e+00,9.993086059843027114e-01,3.717942987337861938e-02,0.000000000000000000e+00,3.717942987337861938e-02,-9.993086059843027114e-01,0.000000000000000000e+00,0.000000000000000000e+00,0.000000000000000000e+00,-9.999999999999997780e-01,9.501457172743168478e-01,5.147600544476576445e+00,1.915172673520823821e-01,0.000000000000000000e+00,8.789667038221181672e-01,-2.362486446119564931e+01,0.000000000000000000e+00,6.026567248298694501e+00,-2.343334719384356646e+01,9.810000000000000497e+00
2.341676564512961134e-01,3.205920619301969032e-01,3.990561163798465594e-01,0.000000000000000000e+00,4.986116272888064138e+00,1.799553180546067943e-01,0.000000000000000000e+00,5.911812605334683113e+00,-2.306869714679801930e+01,9.810000000000000497e+00,-4.823794406530978449e+02,1.539454584045641241e+03,0.000000000000000000e+00,9.993493453359277856e-01,3.606779694758779214e-02,0.000000000000000000e+00,3.606779694758779214e-02,-9.993493453359277856e-01,0.000000000000000000e+00,0.000000000000000000e+00,0.000000000000000000e+00,-9.999999999999998890e-01,9.346491931623670535e-01,5.072626295493432025e+00,1.830775754952345957e-01,0.000000000000000000e+00,8.391863098412515320e-01,-2.325177472229325559e+01,0.000000000000000000e+00,5.911812605334683113e+00,-2.306869714679801930e+01,9.810000000000000497e+00
2.344043263511557396e-01,3.217722910781334322e-01,3.990980604863757497e-01,0.000000000000000000e+00,4.987501960375119836e+00,1.745387372122680081e-01,0.000000000000000000e+00,5.798268006292671473e+00,-2.270475745273278534e+01,9.810000000000000497e+00,-4.771910770133126789e+02,1.536062309112472576e+03,0.000000000000000000e+00,9.993882290801845425e-01,3.497381271712639988e-02,0.000000000000000000e+00,3.497381271712639988e-02,-9.993882290801845425e-01,0.000000000000000000e+00,0.000000000000000000e+00,0.000000000000000000e+00,-1.000000000000000000e+00,9.192156986085866510e-01,4.997589608048956578e+00,1.748917566798134926e-01,0.000000000000000000e+00,8.006783982437152281e-01,-2.287964920941259805e+01,0.000000000000000000e+00,5.798268006292671473e+00,-2.270475745273278534e+01,9.810000000000000497e+00
2.346410577510831819e-01,3.229531509162492098e-01,3.991387432125466650e-01,0.000000000000000000e+00,4.988861269159120759e+00,1.692068252217107382e-01,0.000000000000000000e+00,5.685910045169653593e+00,-2.234152346101219422e+01,9.810000000000000497e+00,-4.721046006189280888e+02,1.532695588071779639e+03,-3.637978807091712952e-12,9.994253169263782599e-01,3.389743185859690061e-02,0.000000000000000000e+00,3.389743185859690061e-02,-9.994253169263782599e-01,0.000000000000000000e+00,0.000000000000000000e+00,0.000000000000000000e+00,-9.999999999999997780e-01,9.038443455865589060e-01,4.922491680482806053e+00,1.669557729704456150e-01,0.000000000000000000e+00,7.634183646868475392e-01,-2.250847923398264072e+01,0.000000000000000000e+00,5.685910045169653593e+00,-2.234152346101219422e+01,9.810000000000000497e+00
2.348778499223885263e-01,3.241346318156863027e-01,3.991781838160751161e-01,0.000000000000000000e+00,4.990194459517988790e+00,1.639594760551711106e-01,0.000000000000000000e+00,5.574715655838826223e+00,-2.197899016801772021e+01,9.810000000000000497e+00,-4.671192760416870442e+02,1.529358572290650045e+03,-3.637978807091712952e-12,9.994606674220334330e-01,3.283860953669064109e-02,0.000000000000000000e+00,3.283860953669064109e-02,-9.994606674220334330e-01,0.000000000000000000e+00,0.000000000000000000e+00,0.000000000000000000e+00,-9.999999999999996669e-01,8.885342415417289974e-01,4.847333818138505279e+00,1.592655996742999014e-01,0.000000000000000000e+00,7.273818377003207214e-01,-2.213825576769201930e+01,0.000000000000000000e+00,5.574715655838826223e+00,-2.197899016801772021e+01,9.810000000000000497e+00
2.351147017049378951e-01,3.253167241475870552e-01,3.992164015546758038e-01,0.000000000000000000e+00,4.991501784681470433e+00,1.587965841705738512e-01,0.000000000000000000e+00,5.464662118520250189e+00,-2.161715221794585773e+01,9.810000000000000497e+00,-4.622340299638963188e+02,1.526051831930766639e+03,0.000000000000000000e+00,9.994943379642793335e-01,3.179730141610778715e-02,0.000000000000000000e+00,3.179730141610778715e-02,-9.994943379642793335e-01,0.000000000000000000e+00,0.000000000000000000e+00,0.000000000000000000e+00,-9.999999999999997780e-01,8.732844891747596483e-01,4.772117442076938332e+00,1.518172249057890277e-01,0.000000000000000000e+00,6.925446764433115243e-01,-2.176896944285164537e+01,0.000000000000000000e+00,5.464662118520250189e+00,-2.161715221794585773e+01,9.810000000000000497e+00
2.353516125823349181e-01,3.264994182830939229e-01,3.992534156860645389e-01,0.000000000000000000e+00,4.992783496084129524e+00,1.537180447415527063e-01,0.000000000000000000e+00,5.355726718041720957e+00,-2.125600398746834330e+01,9.810000000000000497e+00,-4.574476713941076014e+02,1.522774546628083044e+03,0.000000000000000000e+00,9.995263848111289873e-01,3.077346367237122210e-02,0.000000000000000000e+00,3.077346367237122210e-02,-9.995263848111289873e-01,0.000000000000000000e+00,0.000000000000000000e+00,0.000000000000000000e+00,-9.999999999999998890e-01,8.580941873770611128e-01,4.696843747399393365e+00,1.446066383357265395e-01,0.000000000000000000e+00,6.588829706423278143e-01,-2.140061062580407025e+01,0.000000000000000000e+00,5.355726718041720957e+00,-2.125600398746834330e+01,9.810000000000000497e+00
2.355885820068226999e-01,3.276827045933489169e-01,3.992892454679567438e-01,0.000000000000000000e+00,4.994039840043568823e+00,1.487237535938602806e-01,0.000000000000000000e+00,5.247886955249579266e+00,-2.089553954707905348e+01,9.810000000000000497e+00,-4.527592995102932036e+02,1.519528780278451450e+03,0.000000000000000000e+00,9.995568630926467968e-01,2.976705300139251970e-02,0.000000000000000000e+00,2.976705300139251970e-02,-9.995568630926467968e-01,0.000000000000000000e+00,0.000000000000000000e+00,0.000000000000000000e+00,-1.000000000000000000e+00,8.429624310537066068e-01,4.621513918347930350e+00,1.376298386151795228e-01,0.000000000000000000e+00,6.263730369016488053e-01,-2.103316938569423300e+01,0.000000000000000000e+00,5.247886955249579266e+00,-2.089553954707905348e+01,9.810000000000000497e+00
2.358256092088068523e-01,3.288665734494946591e-01,3.993239101580676187e-01,0.000000000000000000e+00,4.995271056945929544e+00,1.438136072423712997e-01,0.000000000000000000e+00,5.141120605533295418e+00,-2.053575265837206487e+01,9.810000000000000497e+00,-4.481681411685804051e+02,1.516318075318864430e+03,3.637978807091712952e-12,9.995858268219148801e-01,2.877802663055044688e-02,0.000000000000000000e+00,2.877802663055044688e-02,-9.995858268219148801e-01,0.000000000000000000e+00,0.000000000000000000e+00,0.000000000000000000e+00,-9.999999999999998890e-01,8.278883112044750359e-01,4.546129189454279462e+00,1.308828350397832074e-01,0.000000000000000000e+00,5.949914160790161777e-01,-2.066663549341184947e+01,0.000000000000000000e+00,5.141120605533295418e+00,-2.053575265837206487e+01,9.810000000000000497e+00
2.360626929210829505e-01,3.300510152226733829e-01,3.993574290141128635e-01,0.000000000000000000e+00,4.996477380136185253e+00,1.389875029155782094e-01,0.000000000000000000e+00,5.035405804807907337e+00,-2.017663677846479331e+01,9.810000000000000497e+00,-4.436731251248893386e+02,1.513142244860522624e+03,-3.637978807091712952e-12,9.996133289059039306e-01,2.780634232791689975e-02,0.000000000000000000e+00,2.780634232791689975e-02,-9.996133289059039306e-01,0.000000000000000000e+00,0.000000000000000000e+00,0.000000000000000000e+00,-1.000000000000000222e+00,8.128709153735171888e-01,4.470690934001457784e+00,1.243616496082766837e-01,0.000000000000000000e+00,5.647148708064496647e-01,-2.030099842807306842e+01,0.000000000000000000e+00,5.035405804807907337e+00,-2.017663677846479331e+01,9.810000000000000497e+00
2.362998327739956606e-01,3.312360202840272660e-01,3.993898212938074010e-01,0.000000000000000000e+00,4.997659042277011743e+00,1.342453387902203810e-01,0.000000000000000000e+00,4.930720604032551968e+00,-1.981818512575789271e+01,9.810000000000000497e+00,-4.392731411376535107e+02,1.510000526922594872e+03,0.000000000000000000e+00,9.996394211561656640e-01,2.685195841211828957e-02,0.000000000000000000e+00,2.685195841211828957e-02,-9.996394211561656640e-01,0.000000000000000000e+00,0.000000000000000000e+00,0.000000000000000000e+00,-1.000000000000000000e+00,7.979093275364029791e-01,4.395200219826356225e+00,1.180623042848899518e-01,0.000000000000000000e+00,5.355203842061957431e-01,-1.993624743004278344e+01,0.000000000000000000e+00,4.930720604032551968e+00,-1.981818512575789271e+01,9.810000000000000497e+00
2.365370280616408694e-01,3.324215790046987085e-01,3.994211062548669311e-01,0.000000000000000000e+00,4.998816269719118743e+00,1.295870138763740298e-01,0.000000000000000000e+00,4.827043358950871443e+00,-1.946039063945351089e+01,9.810000000000000497e+00,-4.349673732129540440e+02,1.506895416867802851e+03,0.000000000000000000e+00,9.996641542993852658e-01,2.591483376167117228e-02,0.000000000000000000e+00,2.591483376167117228e-02,-9.996641542993852658e-01,0.000000000000000000e+00,0.000000000000000000e+00,0.000000000000000000e+00,-1.000000000000000222e+00,7.830026286886808684e-01,4.319658202809907088e+00,1.119808325142091499e-01,0.000000000000000000e+00,5.073851561409644662e-01,-1.957237147196772042e+01,0.000000000000000000e+00,4.827043358950871443e+00,-1.946039063945351089e+01,9.810000000000000497e+00
2.367742779767975925e-01,3.336076817558298879e-01,3.994513031550068760e-01,0.000000000000000000e+00,4.999949283663519317e+00,1.250124280996360582e-01,0.000000000000000000e+00,4.724352653087817266e+00,-1.910324599270163404e+01,9.810000000000000497e+00,-4.307550373749290884e+02,1.503829942264375859e+03,3.637978807091712952e-12,9.996875779877973933e-01,2.499492782329372498e-02,0.000000000000000000e+00,2.499492782329372498e-02,-9.996875779877973933e-01,0.000000000000000000e+00,0.000000000000000000e+00,0.000000000000000000e+00,-1.000000000000000222e+00,7.681498967327703431e-01,4.244066052509138487e+00,1.061132767832110441e-01,0.000000000000000000e+00,4.802866005786787795e-01,-1.920935926948484607e+01,0.000000000000000000e+00,4.724352653087817266e+00,-1.910324599270163404e+01,9.810000000000000497e+00
2.370115811986575061e-01,3.347943189085633153e-01,3.994804312519424361e-01,0.000000000000000000e+00,5.001058298518943346e+00,1.205214823148790387e-01,0.000000000000000000e+00,4.622627426742800694e+00,-1.874674358510799621e+01,9.810000000000000497e+00,-4.266351066920178710e+02,1.500803514876344707e+03,-3.637978807091712952e-12,9.997097408094114401e-01,2.409220062134762377e-02,0.000000000000000000e+00,2.409220062134762377e-02,-9.997097408094114401e-01,0.000000000000000000e+00,0.000000000000000000e+00,0.000000000000000000e+00,-9.999999999999998890e-01,7.533502066425741273e-01,4.168425084213728482e+00,1.004556915916664378e-01,0.000000000000000000e+00,4.542023425290719896e-01,-1.884719927669966211e+01,0.000000000000000000e+00,4.622627426742800694e+00,-1.874674358510799621e+01,9.810000000000000497e+00
2.372489374043704469e-01,3.359814808340411130e-01,3.995085098033893667e-01,0.000000000000000000e+00,5.002143528319984433e+00,1.161140785075406717e-01,0.000000000000000000e+00,4.521846493422808422e+00,-1.839087561482168454e+01,9.810000000000000497e+00,-4.226065524873301911e+02,1.497815425384520495e+03,-3.637978807091712952e-12,9.997306902981160093e-01,2.320661276559985928e-02,0.000000000000000000e+00,2.320661276559985928e-02,-9.997306902981160093e-01,0.000000000000000000e+00,0.000000000000000000e+00,0.000000000000000000e+00,-1.000000000000000000e+00,7.386026307717443729e-01,4.092736276974802578e+00,9.500413146579989032e-02,0.000000000000000000e+00,4.291102164480060099e-01,-1.848587974628748398e+01,0.000000000000000000e+00,4.521846493422808422e+00,-1.839087561482168454e+01,9.810000000000000497e+00
2.374863457860166283e-01,3.371691579034056807e-01,3.995355580670625351e-01,0.000000000000000000e+00,5.003205180428849097e+00,1.117901196808846753e-01,0.000000000000000000e+00,4.421989009053768349e+00,-1.803563401758727736e+01,9.810000000000000497e+00,-4.186686117832541640e+02,1.494868289342441130e+03,-3.637978807091712952e-12,9.997504729435957582e-01,2.233812545976895936e-02,0.000000000000000000e+00,2.233812545976895936e-02,-9.997504729435957582e-01,0.000000000000000000e+00,0.000000000000000000e+00,0.000000000000000000e+00,-9.999999999999997780e-01,7.239062387070537286e-01,4.017000747173566921e+00,8.975466287917557850e-02,0.000000000000000000e+00,4.049882618802010392e-01,-1.812538868046645391e+01,0.000000000000000000e+00,4.421989009053768349e+00,-1.803563401758727736e+01,9.810000000000000497e+00
2.377238055018902618e-01,3.383573404877993074e-01,3.995615953006776966e-01,0.000000000000000000e+00,5.004243457533855910e+00,1.075495099520423214e-01,0.000000000000000000e+00,4.323034326090110291e+00,-1.768101050444234090e+01,9.810000000000000497e+00,-4.148205100379364012e+02,1.491964667631655175e+03,0.000000000000000000e+00,9.997691342010996962e-01,2.148670050947025859e-02,0.000000000000000000e+00,2.148670050947025859e-02,-9.997691342010996962e-01,0.000000000000000000e+00,0.000000000000000000e+00,0.000000000000000000e+00,-1.000000000000000222e+00,7.092600978586255378e-01,3.941219604978609237e+00,8.470336040319707827e-02,0.000000000000000000e+00,3.818147211115007766e-01,-1.776571386484553727e+01,0.000000000000000000e+00,4.323034326090110291e+00,-1.768101050444234090e+01,9.810000000000000497e+00
2.379613152206671300e-01,3.395460189583642263e-01,3.995866407619502181e-01,0.000000000000000000e+00,5.005258555936157983e+00,1.033921545561729410e-01,0.000000000000000000e+00,4.224962136097673238e+00,-1.732699654693468361e+01,9.810000000000000497e+00,-4.110612900901469402e+02,1.489103870009741513e+03,3.637978807091712952e-12,9.997867185010573809e-01,2.065230032919577671e-02,0.000000000000000000e+00,2.065230032919577671e-02,-9.997867185010573809e-01,0.000000000000000000e+00,0.000000000000000000e+00,0.000000000000000000e+00,-9.999999999999998890e-01,6.946632733232853685e-01,3.865394100431919888e+00,7.984630959341668111e-02,0.000000000000000000e+00,3.595680356657530719e-01,-1.740684285652810104e+01,0.000000000000000000e+00,4.224962136097673238e+00,-1.732699654693468361e+01,9.810000000000000497e+00
2.381988745868686141e-01,3.407351836862428929e-01,3.996107137085953553e-01,0.000000000000000000e+00,5.006250671324071533e+00,9.931796001331361090e-02,0.000000000000000000e+00,4.127751999581487752e+00,-1.697358343251438129e+01,9.810000000000000497e+00,-4.073900046844246390e+02,1.486285226396110374e+03,-3.637978807091712952e-12,9.998032692585049341e-01,1.983488795041371891e-02,0.000000000000000000e+00,1.983488795041371891e-02,-9.998032692585049341e-01,0.000000000000000000e+00,0.000000000000000000e+00,0.000000000000000000e+00,-9.999999999999998890e-01,6.801148279396924679e-01,3.789525155580416360e+00,7.517959698407164493e-02,0.000000000000000000e+00,3.382268440010716137e-01,-1.704876302949845268e+01,0.000000000000000000e+00,4.127751999581487752e+00,-1.697358343251438129e+01,9.810000000000000497e+00
2.384364827361750705e-01,3.419248250425774294e-01,3.996338333983286972e-01,0.000000000000000000e+00,5.007219992924158980e+00,9.532683403877710571e-02,0.000000000000000000e+00,4.031383816688135724e+00,-1.662076222499579714e+01,9.810000000000000497e+00,-4.038059271171914588e+02,1.483511209133044758e+03,-3.637978807091712952e-12,9.998188288823660619e-01,1.903442702825088040e-02,0.000000000000000000e+00,1.903442702825088040e-02,-9.998188288823660619e-01,0.000000000000000000e+00,0.000000000000000000e+00,0.000000000000000000e+00,-9.999999999999997780e-01,6.656138226538753644e-01,3.713613839167224651e+00,7.069932030760722741e-02,0.000000000000000000e+00,3.177699775209113509e-01,-1.669146154530340453e+01,0.000000000000000000e+00,4.031383816688135724e+00,-1.662076222499579714e+01,9.810000000000000497e+00
2.386741387954110505e-01,3.431149333985102912e-01,3.996560190888653885e-01,0.000000000000000000e+00,5.008166705547203890e+00,9.141868562818336597e-02,0.000000000000000000e+00,3.935837664858743423e+00,-1.626852378366537266e+01,9.810000000000000497e+00,-4.003083091435928509e+02,1.480784004378387181e+03,0.000000000000000000e+00,9.998334387845557725e-01,1.825088184855137852e-02,0.000000000000000000e+00,1.825088184855137852e-02,-9.998334387845557725e-01,0.000000000000000000e+00,0.000000000000000000e+00,0.000000000000000000e+00,-9.999999999999998890e-01,6.511593164133322453e-01,3.637661207320272094e+00,6.640158482853751598e-02,0.000000000000000000e+00,2.981764575384714400e-01,-1.633492536849390930e+01,0.000000000000000000e+00,3.935837664858743423e+00,-1.626852378366537266e+01,9.810000000000000497e+00
2.389118414560270354e-01,3.443054991251837116e-01,3.996772900379209625e-01,0.000000000000000000e+00,5.009090988106114750e+00,8.759342506951574292e-02,0.000000000000000000e+00,3.841093932294122659e+00,-1.591685876225667151e+01,9.810000000000000497e+00,-3.968962754939002480e+02,1.478103008597492590e+03,-3.637978807091712952e-12,9.998471393889143410e-01,1.748421733463971853e-02,0.000000000000000000e+00,1.748421733463971853e-02,-9.998471393889143410e-01,0.000000000000000000e+00,0.000000000000000000e+00,0.000000000000000000e+00,-1.000000000000000000e+00,6.367503664637045313e-01,3.561668440394078150e+00,6.228250562764754000e-02,0.000000000000000000e+00,2.794254919000446757e-01,-1.597914126788431943e+01,0.000000000000000000e+00,3.841093932294122659e+00,-1.591685876225667151e+01,9.810000000000000497e+00
2.391495902698628495e-01,3.454965125937399240e-01,3.996976655032107861e-01,0.000000000000000000e+00,5.009993018331067915e+00,8.385096406277138537e-02,0.000000000000000000e+00,3.747132900984484927e+00,-1.556575765156080493e+01,9.810000000000000497e+00,-3.935689600615560266e+02,1.475467596965187113e+03,0.000000000000000000e+00,9.998599701399781825e-01,1.673439905350198459e-02,0.000000000000000000e+00,1.673439905350198459e-02,-9.998599701399781825e-01,0.000000000000000000e+00,0.000000000000000000e+00,0.000000000000000000e+00,-9.999999999999998890e-01,6.223860284006378363e-01,3.485636428839147705e+00,5.833820004560417993e-02,0.000000000000000000e+00,2.614964721453372776e-01,-1.562409585160640901e+01,0.000000000000000000e+00,3.747132900984484927e+00,-1.556575765156080493e+01,9.810000000000000497e+00
2.393873843518702083e-01,3.466879641753213837e-01,3.997171647424502816e-01,0.000000000000000000e+00,5.010872968051774734e+00,8.019121566904931220e-02,0.000000000000000000e+00,3.653935158023220886e+00,-1.521521074670184070e+01,9.810000000000000497e+00,-3.903256669335205515e+02,1.472879912236548989e+03,0.000000000000000000e+00,9.998719695115704242e-01,1.600139322225000577e-02,0.000000000000000000e+00,1.600139322225000577e-02,-9.998719695115704242e-01,0.000000000000000000e+00,0.000000000000000000e+00,0.000000000000000000e+00,-9.999999999999997780e-01,6.080653562742968088e-01,3.409566188482321181e+00,5.456479525658156082e-02,0.000000000000000000e+00,2.443689695408997609e-01,-1.526977554195842224e+01,0.000000000000000000e+00,3.653935158023220886e+00,-1.521521074670184070e+01,9.810000000000000497e+00
2.396252228003029339e-01,3.478798442410703795e-01,3.997358070133549268e-01,0.000000000000000000e+00,5.011731004796176059e+00,7.661409437384135435e-02,0.000000000000000000e+00,3.561481458362776298e+00,-1.486520816560795488e+01,9.810000000000000497e+00,-3.871656863279640675e+02,1.470341813819843082e+03,3.637978807091712952e-12,9.998831750152258335e-01,1.528516671388035347e-02,0.000000000000000000e+00,1.528516671388035347e-02,-9.998831750152258335e-01,0.000000000000000000e+00,0.000000000000000000e+00,0.000000000000000000e+00,-9.999999999999998890e-01,5.937874026658013227e-01,3.333458726532187111e+00,5.095842558617699747e-02,0.000000000000000000e+00,2.280227318305890205e-01,-1.491616659119413235e+01,0.000000000000000000e+00,3.561481458362776298e+00,-1.486520816560795488e+01,9.810000000000000497e+00
2.398631043534931451e-01,3.490721431621290893e-01,3.997536115736398665e-01,0.000000000000000000e+00,5.012567290710063794e+00,7.311951610595922302e-02,0.000000000000000000e+00,3.469752831516230707e+00,-1.451573984494877756e+01,9.810000000000000497e+00,-3.840882294043867660e+02,1.467852947435687383e+03,0.000000000000000000e+00,9.998936232084336684e-01,1.458568706338069301e-02,0.000000000000000000e+00,1.458568706338069301e-02,-9.998936232084336684e-01,0.000000000000000000e+00,0.000000000000000000e+00,0.000000000000000000e+00,-1.000000000000000000e+00,5.795512187063140974e-01,3.257315151871869485e+00,4.751523399015383786e-02,0.000000000000000000e+00,2.124376796443611104e-01,-1.456325507893893167e+01,0.000000000000000000e+00,3.469752831516230707e+00,-1.451573984494877756e+01,9.810000000000000497e+00
2.401010284287353747e-01,3.502648513096398020e-01,3.997705976810206341e-01,0.000000000000000000e+00,5.013381986029786574e+00,6.970739832141471803e-02,0.000000000000000000e+00,3.378730246112469526e+00,-1.416679557633050557e+01,9.810000000000000497e+00,-3.810925102486653486e+02,1.465412730663127149e+03,3.637978807091712952e-12,9.999033497027111084e-01,1.390292247326665315e-02,0.000000000000000000e+00,1.390292247326665315e-02,-9.999033497027111084e-01,0.000000000000000000e+00,0.000000000000000000e+00,0.000000000000000000e+00,-9.999999999999998890e-01,5.653558543713843587e-01,3.181136342745384038e+00,4.423136692484287008e-02,0.000000000000000000e+00,1.975939033670855716e-01,-1.421102694325534799e+01,0.000000000000000000e+00,3.378730246112469526e+00,-1.416679557633050557e+01,9.810000000000000497e+00
2.403389941465852164e-01,3.514579590547449728e-01,3.997867845932125963e-01,0.000000000000000000e+00,5.014175245824219473e+00,6.637765998254895050e-02,0.000000000000000000e+00,3.288394918719052207e+00,-1.381836498433698956e+01,9.810000000000000497e+00,-3.781778654299614573e+02,1.463022847443975479e+03,0.000000000000000000e+00,9.999123891715032686e-01,1.323684181880925570e-02,0.000000000000000000e+00,1.323684181880925570e-02,-9.999123891715032686e-01,0.000000000000000000e+00,0.000000000000000000e+00,0.000000000000000000e+00,-9.999999999999998890e-01,5.512003584523645916e-01,3.104923259489959619e+00,4.110297911146387762e-02,0.000000000000000000e+00,1.834716592290923654e-01,-1.385946796344845389e+01,0.000000000000000000e+00,3.288394918719052207e+00,-1.381836498433698956e+01,9.810000000000000497e+00
2.405770005795176691e-01,3.526514567685868906e-01,3.998021915679312310e-01,0.000000000000000000e+00,5.014947220890358714e+00,6.313022160378763126e-02,0.000000000000000000e+00,3.198728231151847012e+00,-1.347043754125941817e+01,9.810000000000000497e+00,-3.753436327569579589e+02,1.460684872922192881e+03,0.000000000000000000e+00,9.999207753578990276e-01,1.258741465346229459e-02,0.000000000000000000e+00,1.258741465346229459e-02,-9.999207753578990276e-01,0.000000000000000000e+00,0.000000000000000000e+00,0.000000000000000000e+00,-1.000000000000000222e+00,5.370837787401763208e-01,3.028676865305334864e+00,3.812623209203877539e-02,0.000000000000000000e+00,1.700513658465120093e-01,-1.350856377335145631e+01,0.000000000000000000e+00,3.198728231151847012e+00,-1.347043754125941817e+01,9.810000000000000497e+00
2.408150465283202257e-01,3.538453348223077888e-01,3.998168378628920716e-01,0.000000000000000000e+00,5.015698057140358657e+00,5.996500527166786360e-02,0.000000000000000000e+00,3.109711798790354642e+00,-1.312300256295693401e+01,9.810000000000000497e+00,-3.725891089074593765e+02,1.458398801451778127e+03,0.000000000000000000e+00,9.999285410821787679e-01,1.195461121347282663e-02,0.000000000000000000e+00,1.195461121347282663e-02,-9.999285410821787679e-01,0.000000000000000000e+00,0.000000000000000000e+00,0.000000000000000000e+00,-9.999999999999997780e-01,5.230051618882011200e-01,2.952398198299556853e+00,3.529729491452546219e-02,0.000000000000000000e+00,1.573136004907976782e-01,-1.315829985787145873e+01,0.000000000000000000e+00,3.109711798790354642e+00,-1.312300256295693401e+01,9.810000000000000497e+00
2.410531312508058521e-01,3.550395835870500671e-01,3.998307427358099853e-01,0.000000000000000000e+00,5.016427897829186300e+00,5.688193470418831388e-02,0.000000000000000000e+00,3.021327233878200236e+00,-1.277604922857349656e+01,9.810000000000000497e+00,-3.699135869669926251e+02,1.456164092887578590e+03,-3.637978807091712952e-12,9.999357182491701579e-01,1.133840242345524225e-02,0.000000000000000000e+00,1.133840242345524225e-02,-9.999357182491701579e-01,0.000000000000000000e+00,0.000000000000000000e+00,0.000000000000000000e+00,-1.000000000000000000e+00,5.089635534785696969e-01,2.876088138272093531e+00,3.261234109543945797e-02,0.000000000000000000e+00,1.452390956061067884e-01,-1.280866156966893676e+01,0.000000000000000000e+00,3.021327233878200236e+00,-1.277604922857349656e+01,9.810000000000000497e+00
2.412912538907690252e-01,3.562341934339557925e-01,3.998439254444008384e-01,0.000000000000000000e+00,5.017136881809105553e+00,5.388093525280058388e-02,0.000000000000000000e+00,2.933556325163841461e+00,-1.242956658473942433e+01,9.810000000000000497e+00,-3.673164420342964149e+02,1.453981906242177502e+03,-3.637978807091712952e-12,9.999423378554364028e-01,1.073875990066574908e-02,0.000000000000000000e+00,1.073875990066574908e-02,-9.999423378554364028e-01,0.000000000000000000e+00,0.000000000000000000e+00,0.000000000000000000e+00,-9.999999999999998890e-01,4.949579985420128891e-01,2.799747590032320321e+00,3.006755091129197088e-02,0.000000000000000000e+00,1.338087351315210838e-01,-1.245963413565071676e+01,0.000000000000000000e+00,2.933556325163841461e+00,-1.242956658473942433e+01,9.810000000000000497e+00
2.415294134976011531e-01,3.574291547341674202e-01,3.998564052463798313e-01,0.000000000000000000e+00,5.017825143653472431e+00,5.096193392925600640e-02,0.000000000000000000e+00,2.846381028146418135e+00,-1.208354353915615498e+01,9.810000000000000497e+00,-3.647970663423084261e+02,1.451853587475579843e+03,0.000000000000000000e+00,9.999484299962869693e-01,1.015565595915337953e-02,0.000000000000000000e+00,1.015565595915337953e-02,-9.999484299962869693e-01,0.000000000000000000e+00,0.000000000000000000e+00,0.000000000000000000e+00,-9.999999999999998890e-01,4.809875411352492192e-01,2.723377477485380282e+00,2.765911108871004637e-02,0.000000000000000000e+00,1.230035506610377832e-01,-1.211120265024486464e+01,0.000000000000000000e+00,2.846381028146418135e+00,-1.208354353915615498e+01,9.810000000000000497e+00
2.417676089422612085e-01,3.586244578588274057e-01,3.998682013994623308e-01,0.000000000000000000e+00,5.018492813496633786e+00,4.812485943401676597e-02,0.000000000000000000e+00,2.759783488742669100e+00,-1.173796886961310726e+01,9.810000000000000497e+00,-3.623548378235391283e+02,1.449779482337686204e+03,0.000000000000000000e+00,9.999540238725929120e-01,9.589063614862195981e-03,0.000000000000000000e+00,9.589063614862195981e-03,-9.999540238725929120e-01,0.000000000000000000e+00,0.000000000000000000e+00,0.000000000000000000e+00,-9.999999999999998890e-01,4.670512246026682357e-01,2.646978770956712967e+00,2.538321484381332940e-02,0.000000000000000000e+00,1.128047177859562711e-01,-1.176335208445692082e+01,0.000000000000000000e+00,2.759783488742669100e+00,-1.173796886961310726e+01,9.810000000000000497e+00
2.420058393137543562e-01,3.598200931790777601e-01,3.998793331613640367e-01,0.000000000000000000e+00,5.019140018146898363e+00,4.536964218784569902e-02,0.000000000000000000e+00,2.673745912756857912e+00,-1.139283123754408322e+01,9.810000000000000497e+00,-3.599891274434203297e+02,1.447759115697204834e+03,0.000000000000000000e+00,9.999591477974399956e-01,9.038956588978179496e-03,0.000000000000000000e+00,9.038956588978179496e-03,-9.999591477974399956e-01,0.000000000000000000e+00,0.000000000000000000e+00,0.000000000000000000e+00,-9.999999999999998890e-01,4.531480917238326911e-01,2.570552360349628085e+00,2.323606043914343972e-02,0.000000000000000000e+00,1.031935524072296329e-01,-1.141606729798322739e+01,0.000000000000000000e+00,2.673745912756857912e+00,-1.139283123754408322e+01,9.810000000000000497e+00
2.422441037887213544e-01,3.610160510660610500e-01,3.998898197897998719e-01,0.000000000000000000e+00,5.019766880702924539e+00,4.269621435311278523e-02,0.000000000000000000e+00,2.588250604113370823e+00,-1.104811918005324500e+01,9.810000000000000497e+00,-3.576993568317875543e+02,1.445793112290790305e+03,-3.637978807091712952e-12,9.999638292025860853e-01,8.505309312494305565e-03,0.000000000000000000e+00,8.505309312494305565e-03,-9.999638292025860853e-01,0.000000000000000000e+00,0.000000000000000000e+00,0.000000000000000000e+00,-9.999999999999998890e-01,4.392771843789155528e-01,2.494099097261067932e+00,2.121385160014680263e-02,0.000000000000000000e+00,9.415150685230298799e-02,-1.106933303165339133e+01,0.000000000000000000e+00,2.588250604113370823e+00,-1.104811918005324500e+01,9.810000000000000497e+00
2.424824013960775737e-01,3.622123218909194531e-01,3.998996805424854806e-01,0.000000000000000000e+00,5.020373519975446897e+00,4.010450985188973583e-02,0.000000000000000000e+00,2.503280037031353711e+00,-1.070382112556904808e+01,9.810000000000000497e+00,-3.554849771382587278e+02,1.443882601764024002e+03,0.000000000000000000e+00,9.999680946447413454e-01,7.988096930176536575e-03,0.000000000000000000e+00,7.988096930176536575e-03,-9.999680946447413454e-01,0.000000000000000000e+00,0.000000000000000000e+00,0.000000000000000000e+00,-1.000000000000000222e+00,4.254375441770264499e-01,2.417619870836184681e+00,1.931279805024315593e-02,0.000000000000000000e+00,8.566016619516912678e-02,-1.072313392361929196e+01,0.000000000000000000e+00,2.503280037031353711e+00,-1.070382112556904808e+01,9.810000000000000497e+00
2.427207310775160720e-01,3.634088960247952582e-01,3.999089346771363962e-01,0.000000000000000000e+00,5.020960050709059708e+00,3.759446438637260857e-02,0.000000000000000000e+00,2.418816833072088279e+00,-1.035992539061676965e+01,9.810000000000000497e+00,-3.533454431273312366e+02,1.442028313479564531e+03,0.000000000000000000e+00,9.999719698116737998e-01,7.487295303444387387e-03,0.000000000000000000e+00,7.487295303444387387e-03,-9.999719698116737998e-01,0.000000000000000000e+00,0.000000000000000000e+00,0.000000000000000000e+00,-1.000000000000000000e+00,4.116282121468257116e-01,2.341115588709240303e+00,1.752911509656048666e-02,0.000000000000000000e+00,7.770124436284789327e-02,-1.037745450571333095e+01,0.000000000000000000e+00,2.418816833072088279e+00,-1.035992539061676965e+01,9.810000000000000497e+00
2.429590917581450349e-01,3.646057638388306987e-01,3.999176014514675970e-01,0.000000000000000000e+00,5.021526583798418208e+00,3.516601546675166001e-02,0.000000000000000000e+00,2.334843734979903385e+00,-1.001642018331090433e+01,9.810000000000000497e+00,-3.512802018140246219e+02,1.440229804633192543e+03,0.000000000000000000e+00,9.999754795281188269e-01,7.002881014892160284e-03,0.000000000000000000e+00,7.002881014892160284e-03,-9.999754795281188269e-01,0.000000000000000000e+00,0.000000000000000000e+00,0.000000000000000000e+00,-9.999999999999998890e-01,3.978482287041748000e-01,2.264587154663589619e+00,1.585902326269628473e-02,0.000000000000000000e+00,7.025658031631376588e-02,-1.003227920657359995e+01,0.000000000000000000e+00,2.334843734979903385e+00,-1.001642018331090433e+01,9.810000000000000497e+00
2.431974826497287634e-01,3.658029157041683410e-01,3.999257001231950048e-01,0.000000000000000000e+00,5.022073226980417360e+00,3.281910243275933808e-02,0.000000000000000000e+00,2.251343505844894288e+00,-9.673293620412854565e+00,9.810000000000000497e+00,-3.492887294491210923e+02,1.438487183371838910e+03,0.000000000000000000e+00,9.999786477615167923e-01,6.534831371065023820e-03,0.000000000000000000e+00,6.534831371065023820e-03,-9.999786477615167923e-01,0.000000000000000000e+00,0.000000000000000000e+00,0.000000000000000000e+00,-9.999999999999998890e-01,3.840966340751661434e-01,2.188035371558603615e+00,1.429874749732765356e-02,0.000000000000000000e+00,6.330813428629077089e-02,-9.687592367910182745e+00,0.000000000000000000e+00,2.251343505844894288e+00,-9.673293620412854565e+00,9.810000000000000497e+00
2.434359027632357064e-01,3.670003419919501964e-01,3.999332499500335425e-01,0.000000000000000000e+00,5.022600083716764807e+00,3.055366646506844225e-02,0.000000000000000000e+00,2.168299081944625506e+00,-9.330533713691611553e+00,9.810000000000000497e+00,-3.473705396523528179e+02,1.436801433457119856e+03,0.000000000000000000e+00,9.999814976275628320e-01,6.083124405784391849e-03,0.000000000000000000e+00,6.083124405784391849e-03,-9.999814976275628320e-01,0.000000000000000000e+00,0.000000000000000000e+00,0.000000000000000000e+00,-9.999999999999997780e-01,3.703724678630305744e-01,2.111461098152234594e+00,1.284451819209353821e-02,0.000000000000000000e+00,5.683798379239108495e-02,-9.343378231883704643e+00,0.000000000000000000e+00,2.168299081944625506e+00,-9.330533713691611553e+00,9.810000000000000497e+00
2.436743511052277822e-01,3.681980330733187756e-01,3.999402701896987988e-01,0.000000000000000000e+00,5.023107253691352803e+00,2.836965061038719191e-02,0.000000000000000000e+00,2.085693506231638406e+00,-8.988128386762255673e+00,9.810000000000000497e+00,-3.455251591434134752e+02,1.435173585605636617e+03,-3.637978807091712952e-12,9.999840513955712273e-01,5.647738883776376971e-03,0.000000000000000000e+00,5.647738883776376971e-03,-9.999840513955712273e-01,0.000000000000000000e+00,0.000000000000000000e+00,0.000000000000000000e+00,-9.999999999999997780e-01,3.566747694913361411e-01,2.034865186371141110e+00,1.149257052677235720e-02,0.000000000000000000e+00,5.082831986049726053e-02,-8.999620957289028667e+00,0.000000000000000000e+00,2.085693506231638406e+00,-8.988128386762255673e+00,9.810000000000000497e+00
2.439128264546466807e-01,3.693959793194163121e-01,3.999467800999063072e-01,0.000000000000000000e+00,5.023594832395023246e+00,2.626699979260764539e-02,0.000000000000000000e+00,2.003509996429305051e+00,-8.646065472599497426e+00,9.810000000000000497e+00,-3.437521097312960592e+02,1.433603253938083071e+03,0.000000000000000000e+00,9.999863304936634778e-01,5.228654302752515012e-03,0.000000000000000000e+00,5.228654302752515012e-03,-9.999863304936634778e-01,0.000000000000000000e+00,0.000000000000000000e+00,0.000000000000000000e+00,-1.000000000000000000e+00,3.430025780564425197e-01,1.958248553344603460e+00,1.023914468835734719e-02,0.000000000000000000e+00,4.526144308470165384e-02,-8.656304617287855052e+00,0.000000000000000000e+00,2.003509996429305051e+00,-8.646065472599497426e+00,9.810000000000000497e+00
2.441513280540461572e-01,3.705941711013850393e-01,3.999527989383710458e-01,0.000000000000000000e+00,5.024062912532880176e+00,2.424566084233657076e-02,0.000000000000000000e+00,1.921731719378535264e+00,-8.304332721365280889e+00,9.810000000000000497e+00,-3.420509294280254835e+02,1.432090084123712586e+03,3.637978807091712952e-12,9.999883555137619728e-01,4.825850897207268134e-03,0.000000000000000000e+00,4.825850897207268134e-03,-9.999883555137619728e-01,0.000000000000000000e+00,0.000000000000000000e+00,0.000000000000000000e+00,-1.000000000000000222e+00,3.293549322733586582e-01,1.881611959626159791e+00,9.080484501134637038e-03,0.000000000000000000e+00,4.011975975237550007e-02,-8.313413205866416078e+00,0.000000000000000000e+00,1.921731719378535264e+00,-8.304332721365280889e+00,9.810000000000000497e+00
2.443898548989089925e-01,3.717925987903673568e-01,3.999583459628089921e-01,0.000000000000000000e+00,5.024511582582736224e+00,2.230558250146527990e-02,0.000000000000000000e+00,1.840342015748202220e+00,-7.962917805194317467e+00,9.810000000000000497e+00,-3.404211987808866979e+02,1.430635130273076356e+03,-3.637978807091712952e-12,9.999901462164094701e-01,4.439309640444073432e-03,0.000000000000000000e+00,4.439309640444073432e-03,-9.999901462164094701e-01,0.000000000000000000e+00,0.000000000000000000e+00,0.000000000000000000e+00,-9.999999999999996669e-01,3.157308708050609591e-01,1.804956237814168585e+00,8.012838583885455168e-03,0.000000000000000000e+00,3.538577793403360761e-02,-7.970930643778203262e+00,0.000000000000000000e+00,1.840342015748202220e+00,-7.962917805194317467e+00,9.810000000000000497e+00
2.446284059812440237e-01,3.729912527575054981e-01,3.999634404309349578e-01,0.000000000000000000e+00,5.024940927328819917e+00,2.044671544316913406e-02,0.000000000000000000e+00,1.759324318127094555e+00,-7.621808313394975443e+00,9.810000000000000497e+00,-3.388625061484503931e+02,1.429239062421369454e+03,0.000000000000000000e+00,9.999917215353988365e-01,4.069012247399333114e-03,0.000000000000000000e+00,4.069012247399333114e-03,-9.999917215353988365e-01,0.000000000000000000e+00,0.000000000000000000e+00,0.000000000000000000e+00,-1.000000000000000222e+00,3.021294318565975190e-01,1.728282214606890799e+00,7.032459716166700181e-03,0.000000000000000000e+00,3.104210352020377386e-02,-7.628840773111142504e+00,0.000000000000000000e+00,1.759324318127094555e+00,-7.621808313394975443e+00,9.810000000000000497e+00
2.448669801665390722e-01,3.741901233739417520e-01,3.999681016004646983e-01,0.000000000000000000e+00,5.025351027677314342e+00,1.866901228787697792e-02,0.000000000000000000e+00,1.678662187004361650e+00,-7.280991766596333292e+00,9.810000000000000497e+00,-3.373744502558993190e+02,1.427901933945340716e+03,3.637978807091712952e-12,9.999930995822161606e-01,3.714941177456656390e-03,0.000000000000000000e+00,3.714941177456656390e-03,-9.999930995822161606e-01,0.000000000000000000e+00,0.000000000000000000e+00,0.000000000000000000e+00,-1.000000000000000000e+00,2.885496536442632154e-01,1.651590750662671914e+00,6.135604826179966685e-03,0.000000000000000000e+00,2.707143634168974675e-02,-7.287127371422513100e+00,0.000000000000000000e+00,1.678662187004361650e+00,-7.280991766596333292e+00,9.810000000000000497e+00
2.451055765143120013e-01,3.753892010108186850e-01,3.999723487291135804e-01,0.000000000000000000e+00,5.025741961226347421e+00,1.697242761557117216e-02,0.000000000000000000e+00,1.598339204053413232e+00,-6.940455615391392996e+00,9.810000000000000497e+00,-3.359566427914378437e+02,1.426623447347734327e+03,0.000000000000000000e+00,9.999942976503077841e-01,3.377079635961315572e-03,0.000000000000000000e+00,3.377079635961315572e-03,-9.999942976503077841e-01,0.000000000000000000e+00,0.000000000000000000e+00,0.000000000000000000e+00,-1.000000000000000000e+00,2.749905741396221348e-01,1.574882637858577628e+00,5.318534413484317727e-03,0.000000000000000000e+00,2.345656619483559371e-02,-6.945774149804877062e+00,0.000000000000000000e+00,1.598339204053413232e+00,-6.940455615391392996e+00,9.810000000000000497e+00
2.453441940748347927e-01,3.765884760392781971e-01,3.999762010745966934e-01,0.000000000000000000e+00,5.026113801903037803e+00,1.535691798271155567e-02,0.000000000000000000e+00,1.518339033812369898e+00,-6.600187242117749875e+00,9.810000000000000497e+00,-3.346087225977526032e+02,1.425404071673247017e+03,0.000000000000000000e+00,9.999953322191520444e-01,3.055411577463556204e-03,0.000000000000000000e+00,3.055411577463556204e-03,-9.999953322191520444e-01,0.000000000000000000e+00,0.000000000000000000e+00,0.000000000000000000e+00,-9.999999999999998890e-01,2.614512310821620611e-01,1.498158664916547700e+00,4.577512696489460450e-03,0.000000000000000000e+00,2.018036889582210808e-02,-6.604764754814238970e+00,0.000000000000000000e+00,1.518339033812369898e+00,-6.600187242117749875e+00,9.810000000000000497e+00
2.455828318276200573e-01,3.777879388304627994e-01,3.999796778946299591e-01,0.000000000000000000e+00,5.026466619894831567e+00,1.382244193088021968e-02,0.000000000000000000e+00,1.438645439828094785e+00,-6.260173972596335012e+00,9.810000000000000497e+00,-3.333303459473704606e+02,1.424244377344060922e+03,0.000000000000000000e+00,9.999962189581543814e-01,2.749921707017737114e-03,0.000000000000000000e+00,2.749921707017737114e-03,-9.999962189581543814e-01,0.000000000000000000e+00,0.000000000000000000e+00,0.000000000000000000e+00,-9.999999999999996669e-01,2.479306623348456196e-01,1.421419637485085374e+00,3.908807495266224986e-03,0.000000000000000000e+00,1.722580234300939012e-02,-6.264082780091601244e+00,0.000000000000000000e+00,1.438645439828094785e+00,-6.260173972596335012e+00,9.810000000000000497e+00
2.458214887080878430e-01,3.789875797555148917e-01,3.999827984469283004e-01,0.000000000000000000e+00,5.026800481727067726e+00,1.236896000037643328e-02,0.000000000000000000e+00,1.359242272380141836e+00,-5.920403065979582991e+00,9.810000000000000497e+00,-3.321211839872612472e+02,1.423144770082351897e+03,0.000000000000000000e+00,9.999969727303538169e-01,2.460595482387169155e-03,0.000000000000000000e+00,2.460595482387169155e-03,-9.999969727303538169e-01,0.000000000000000000e+00,0.000000000000000000e+00,0.000000000000000000e+00,-9.999999999999998890e-01,2.344279053531571066e-01,1.344666369869199629e+00,3.308690011314946791e-03,0.000000000000000000e+00,1.457590251094220690e-02,-5.923711755990898276e+00,0.000000000000000000e+00,1.359242272380141836e+00,-5.920403065979582991e+00,9.810000000000000497e+00
2.460601636329749209e-01,3.801873891855765408e-01,3.999855819892072506e-01,0.000000000000000000e+00,5.027115450325891466e+00,1.099643474447282825e-02,0.000000000000000000e+00,1.280113456674418337e+00,-5.580861729509857483e+00,9.810000000000000497e+00,-3.309809206981576608e+02,1.422104978145516725e+03,0.000000000000000000e+00,9.999976075959426947e-01,2.187419116432837672e-03,0.000000000000000000e+00,2.187419116432837672e-03,-9.999976075959426947e-01,0.000000000000000000e+00,0.000000000000000000e+00,0.000000000000000000e+00,-1.000000000000000000e+00,2.209419976448388778e-01,1.267899677156903770e+00,2.773434626708288532e-03,0.000000000000000000e+00,1.221377951751460161e-02,-5.583635164136565798e+00,0.000000000000000000e+00,1.280113456674418337e+00,-5.580861729509857483e+00,9.810000000000000497e+00
2.462988556911705207e-01,3.813873574917903131e-01,3.999880477791823430e-01,0.000000000000000000e+00,5.027411585265913807e+00,9.704830736435033842e-03,0.000000000000000000e+00,1.201242927756082768e+00,-5.241537120241638981e+00,9.810000000000000497e+00,-3.299092595087149675e+02,1.421125034964772567e+03,0.000000000000000000e+00,9.999981368156066752e-01,1.930379578029426703e-03,0.000000000000000000e+00,1.930379578029426703e-03,-9.999981368156066752e-01,0.000000000000000000e+00,0.000000000000000000e+00,0.000000000000000000e+00,-1.000000000000000000e+00,2.074719766967358936e-01,1.191120314123694568e+00,2.299318613414931545e-03,0.000000000000000000e+00,1.012261363238808887e-02,-5.243836438855053572e+00,0.000000000000000000e+00,1.201242927756082768e+00,-5.241537120241638981e+00,9.810000000000000497e+00
2.465375638520298507e-01,3.825874750452982198e-01,3.999902150745686669e-01,0.000000000000000000e+00,5.027688942391420390e+00,8.494114582394313856e-03,0.000000000000000000e+00,1.122614720622064022e+00,-4.902416341807362521e+00,9.810000000000000497e+00,-3.289059252114329865e+02,1.420205477543340749e+03,0.000000000000000000e+00,9.999985728536736618e-01,1.689464594444395080e-03,0.000000000000000000e+00,1.689464594444395080e-03,-9.999985728536736618e-01,0.000000000000000000e+00,0.000000000000000000e+00,0.000000000000000000e+00,-9.999999999999998890e-01,1.940168797759198316e-01,1.114329069336973177e+00,1.882622195982340194e-03,0.000000000000000000e+00,8.285651285090770216e-03,-4.904298964003344530e+00,0.000000000000000000e+00,1.122614720622064022e+00,-4.902416341807362521e+00,9.810000000000000497e+00
2.467762870827426291e-01,3.837877322172428274e-01,3.999921031330819776e-01,0.000000000000000000e+00,5.027947573995718678e+00,7.364254929630656941e-03,0.000000000000000000e+00,1.044212928792322526e+00,-4.563486456181742312e+00,9.810000000000000497e+00,-3.279706580577894783e+02,1.419346750420583703e+03,-3.637978807091712952e-12,9.999989273810818702e-01,1.464662652546140642e-03,0.000000000000000000e+00,1.464662652546140642e-03,-9.999989273810818702e-01,0.000000000000000000e+00,0.000000000000000000e+00,0.000000000000000000e+00,-1.000000000000000000e+00,1.805757442587401229e-01,1.037526727700021079e+00,1.519628279062670839e-03,0.000000000000000000e+00,6.686201092301415766e-03,-4.565006084460804914e+00,0.000000000000000000e+00,1.044212928792322526e+00,-4.563486456181742312e+00,9.810000000000000497e+00
2.470150242563063647e-01,3.849881193787662581e-01,3.999937312124374200e-01,0.000000000000000000e+00,5.028187528744504142e+00,6.315222475163516716e-03,0.000000000000000000e+00,9.660217302015644547e-01,-4.224734480089465727e+00,9.810000000000000497e+00,-3.271032135776924861e+02,1.418548739077838036e+03,0.000000000000000000e+00,9.999992112781599385e-01,1.255963000207846675e-03,0.000000000000000000e+00,1.255963000207846675e-03,-9.999992112781599385e-01,0.000000000000000000e+00,0.000000000000000000e+00,0.000000000000000000e+00,-9.999999999999997780e-01,1.671476073806224538e-01,9.607141003496426634e-01,1.206622315506492536e-03,0.000000000000000000e+00,5.307629851921787795e-03,-4.225941102404972227e+00,0.000000000000000000e+00,9.660217302015644547e-01,-4.224734480089465727e+00,9.810000000000000497e+00
2.472537744297378381e-01,3.861886269010110229e-01,3.999951185703505274e-01,0.000000000000000000e+00,5.028408851968167781e+00,5.346989975835296158e-03,0.000000000000000000e+00,8.880252939840808102e-01,-3.886147392158547653e+00,9.810000000000000497e+00,-3.263033641877132141e+02,1.417811271873517398e+03,3.637978807091712952e-12,9.999994346372231835e-01,1.063355647930922226e-03,0.000000000000000000e+00,1.063355647930922226e-03,-9.999994346372231835e-01,0.000000000000000000e+00,0.000000000000000000e+00,0.000000000000000000e+00,-1.000000000000000000e+00,1.537315063796229619e-01,8.838919354296094211e-01,9.398920130796276648e-04,0.000000000000000000e+00,4.133358554471439419e-03,-3.887087284171627299e+00,0.000000000000000000e+00,8.880252939840808102e-01,-3.886147392158547653e+00,9.810000000000000497e+00
2.474925365811519451e-01,3.873892451551191884e-01,3.999962844645366111e-01,0.000000000000000000e+00,5.028611585388402361e+00,4.459532253698579064e-03,0.000000000000000000e+00,8.102078613397346585e-01,-3.547712131933788982e+00,9.810000000000000497e+00,-3.255709025692838168e+02,1.417134766267809937e+03,0.000000000000000000e+00,9.999996067649835618e-01,8.868313697189027711e-04,0.000000000000000000e+00,8.868313697189027711e-04,-9.999996067649835618e-01,0.000000000000000000e+00,0.000000000000000000e+00,0.000000000000000000e+00,-1.000000000000000000e+00,1.403264783690216511e-01,8.070610029635301164e-01,7.157272961538939295e-04,0.000000000000000000e+00,3.146858376204509592e-03,-3.548427859229942971e+00,0.000000000000000000e+00,8.102078613397346585e-01,-3.547712131933788982e+00,9.810000000000000497e+00
2.477313096704468476e-01,3.885899645122331547e-01,3.999972481527108714e-01,0.000000000000000000e+00,5.028795767201600597e+00,3.652826206249169295e-03,0.000000000000000000e+00,7.325537223013757204e-01,-3.209415607497263956e+00,9.810000000000000497e+00,-3.249056376876173999e+02,1.416519474372917102e+03,0.000000000000000000e+00,9.999997361847745569e-01,7.263817048212929195e-04,0.000000000000000000e+00,7.263817048212929195e-04,-9.999997361847745569e-01,0.000000000000000000e+00,0.000000000000000000e+00,0.000000000000000000e+00,-9.999999999999997780e-01,1.269315605168088168e-01,7.302220756183441797e-01,5.304200961186931714e-04,0.000000000000000000e+00,2.331646683031513879e-03,-3.209946027593382656e+00,0.000000000000000000e+00,7.325537223013757204e-01,-3.209415607497263956e+00,9.810000000000000497e+00
2.479700926255654636e-01,3.897907753434952660e-01,3.999980288925892302e-01,0.000000000000000000e+00,5.028961432084920524e+00,2.926850808946630540e-03,0.000000000000000000e+00,6.550472164303307032e-01,-2.871244700685231965e+00,9.810000000000000497e+00,-3.243073954964677341e+02,1.415965515077430609e+03,-3.637978807091712952e-12,9.999998306385922131e-01,5.819989579911404292e-04,0.000000000000000000e+00,5.819989579911404292e-04,-9.999998306385922131e-01,0.000000000000000000e+00,0.000000000000000000e+00,0.000000000000000000e+00,-1.000000000000000222e+00,1.135457901376091955e-01,6.533759334099887850e-01,3.802641768231784986e-04,0.000000000000000000e+00,1.671283020341906515e-03,-2.871624964862055318e+00,0.000000000000000000e+00,6.550472164303307032e-01,-2.871244700685231965e+00,9.810000000000000497e+00
2.482088844045612641e-01,3.909916680200478112e-01,3.999986459418865548e-01,0.000000000000000000e+00,5.029108611251643879e+00,2.281587123077648185e-03,0.000000000000000000e+00,5.776727091092819233e-01,-2.533186257736539826e+00,9.810000000000000497e+00,-3.237760189600735430e+02,1.415472765283392619e+03,3.637978807091712952e-12,9.999998970889472094e-01,4.536762008226492252e-04,0.000000000000000000e+00,4.536762008226492252e-04,-9.999998970889472094e-01,0.000000000000000000e+00,0.000000000000000000e+00,0.000000000000000000e+00,-1.000000000000000222e+00,1.001682042063075651e-01,5.765233440123587183e-01,2.615549473139911364e-04,0.000000000000000000e+00,1.149365096923233610e-03,-2.533447812683853773e+00,0.000000000000000000e+00,5.776727091092819233e-01,-2.533186257736539826e+00,9.810000000000000497e+00
2.484476840109474116e-01,3.921926329130330235e-01,3.999991185583184339e-01,0.000000000000000000e+00,5.029237332453878828e+00,1.717018302966209255e-03,0.000000000000000000e+00,5.004145828796190409e-01,-2.195227105360895603e+00,9.810000000000000497e+00,-3.233113688951491440e+02,1.415041308106430733e+03,0.000000000000000000e+00,9.999999417205354124e-01,3.414072729913364109e-04,0.000000000000000000e+00,3.414072729913364109e-04,-9.999999417205354124e-01,0.000000000000000000e+00,0.000000000000000000e+00,0.000000000000000000e+00,-1.000000000000000222e+00,8.679783988124470384e-02,4.996650580958733046e-01,1.705892948354225584e-04,0.000000000000000000e+00,7.495247837457829016e-04,-2.195397694655730980e+00,0.000000000000000000e+00,5.004145828796190409e-01,-2.195227105360895603e+00,9.810000000000000497e+00
2.486864903995931186e-01,3.933936603935933030e-01,3.999994659996003454e-01,0.000000000000000000e+00,5.029347619931139768e+00,1.233129596309265113e-03,0.000000000000000000e+00,4.232572639883162569e-01,-1.857354048484964437e+00,9.810000000000000497e+00,-3.229133237438738888e+02,1.414671366749841582e+03,0.000000000000000000e+00,9.999999699417204679e-01,2.451867821497680689e-04,0.000000000000000000e+00,2.451867821497680689e-04,-9.999999699417204679e-01,0.000000000000000000e+00,0.000000000000000000e+00,0.000000000000000000e+00,-1.000000000000000000e+00,7.343373430486788145e-02,4.228018398947739898e-01,1.036654257268054163e-04,0.000000000000000000e+00,4.554240935422915432e-04,-1.857457713910691144e+00,0.000000000000000000e+00,4.232572639883162569e-01,-1.857354048484964437e+00,9.810000000000000497e+00
2.489253025244668183e-01,3.945947408328708828e-01,3.999997075234473787e-01,0.000000000000000000e+00,5.029439494450691051e+00,8.299083526869852718e-04,0.000000000000000000e+00,3.461852032898640186e-01,-1.519553872000885431e+00,9.810000000000000497e+00,-3.225817790671625289e+02,1.414363085469897669e+03,-3.637978807091712952e-12,9.999999863858325400e-01,1.650101054608900148e-04,0.000000000000000000e+00,1.650101054608900148e-04,-9.999999863858325400e-01,0.000000000000000000e+00,0.000000000000000000e+00,0.000000000000000000e+00,-1.000000000000000222e+00,6.007492455785880953e-02,3.459344521225586333e-01,5.708268120443179096e-05,0.000000000000000000e+00,2.507511673053838060e-04,-1.519610954682089954e+00,0.000000000000000000e+00,3.461852032898640186e-01,-1.519553872000885431e+00,9.810000000000000497e+00
2.491641193102606955e-01,3.957958646020081073e-01,3.999998623875755110e-01,0.000000000000000000e+00,5.029512973304646195e+00,5.073440233236227231e-04,0.000000000000000000e+00,2.691828816416935166e-01,-1.181813349976475358e+00,9.810000000000000497e+00,-3.223166477854308596e+02,1.414116394224997975e+03,-3.637978807091712952e-12,9.999999949122796439e-01,1.008733894186671749e-04,0.000000000000000000e+00,1.008733894186671749e-04,-9.999999949122796439e-01,0.000000000000000000e+00,0.000000000000000000e+00,0.000000000000000000e+00,-1.000000000000000000e+00,4.672044791077056142e-02,2.690636653849732274e-01,2.714136403488003299e-05,0.000000000000000000e+00,1.192162567202792223e-04,-1.181840491340510280e+00,0.000000000000000000e+00,2.691828816416935166e-01,-1.181813349976475358e+00,9.810000000000000497e+00
2.494029397546016213e-01,3.969970220721472653e-01,3.999999498496995542e-01,0.000000000000000000e+00,5.029568070344532238e+00,2.654281653823710539e-04,0.000000000000000000e+00,1.922347732638729767e-01,-8.441192351652271331e-01,9.810000000000000497e+00,-3.221178602022648647e+02,1.413931255020849903e+03,0.000000000000000000e+00,9.999999986074761260e-01,5.277355059130828854e-05,0.000000000000000000e+00,5.277355059130828854e-05,-9.999999986074761260e-01,0.000000000000000000e+00,0.000000000000000000e+00,0.000000000000000000e+00,-9.999999999999998890e-01,3.336934129609017696e-02,1.921902255593899156e-01,1.014256060583717202e-05,0.000000000000000000e+00,4.454770448305756843e-05,-8.441293777258329634e-01,0.000000000000000000e+00,1.922347732638729767e-01,-8.441192351652271331e-01,9.810000000000000497e+00
2.496417628109839082e-01,3.981982036144306458e-01,3.999999891675350971e-01,0.000000000000000000e+00,5.029604795942671736e+00,1.041544469470142626e-04,0.000000000000000000e+00,1.153253796818471816e-01,-5.064582759493742037e-01,9.810000000000000497e+00,-3.219853641681650060e+02,1.413807819359491305e+03,0.000000000000000000e+00,9.999999997855835154e-01,2.070827652476832958e-05,0.000000000000000000e+00,2.070827652476832958e-05,-9.999999997855835154e-01,0.000000000000000000e+00,0.000000000000000000e+00,0.000000000000000000e+00,-9.999999999999997780e-01,2.002064186688193304e-02,1.153148917543675156e-01,2.387972666385190771e-06,0.000000000000000000e+00,1.048792747966415879e-05,-5.064606639220405881e-01,0.000000000000000000e+00,1.153253796818471816e-01,-5.064582759493742037e-01,9.810000000000000497e+00
2.498805874311451625e-01,3.993993996000007041e-01,3.999999995987977286e-01,0.000000000000000000e+00,5.029623157012984791e+00,2.351864341435891894e-05,0.000000000000000000e+00,3.843921234330152648e-02,-1.688172153138446929e-01,9.810000000000000497e+00,-3.219191248576665885e+02,1.413746116642428660e+03,0.000000000000000000e+00,9.999999999890673008e-01,4.676024958511833109e-06,0.000000000000000000e+00,4.676024958511833109e-06,-9.999999999890673008e-01,0.000000000000000000e+00,0.000000000000000000e+00,0.000000000000000000e+00,-9.999999999999997780e-01,6.673386843266024618e-03,3.843842294894882217e-02,1.797390250770837341e-07,0.000000000000000000e+00,7.893943527068013099e-07,-1.688173950528697731e-01,0.000000000000000000e+00,3.843921234330152648e-02,-1.688172153138446929e-01,9.810000000000000497e+00
2.501194125688553371e-01,4.006006003999993959e-01,4.000000004012024268e-01,0.000000000000000000e+00,5.029623157012977686e+00,2.351864318192419792e-05,0.000000000000000000e+00,-3.843921234345970550e-02,1.688172143405994030e-01,9.810000000000000497e+00,-3.219191248576861994e+02,1.413746120208158345e+03,3.637978807091712952e-12,9.999999999890673008e-01,4.676024912298691289e-06,0.000000000000000000e+00,-4.676024912298691289e-06,9.999999999890673008e-01,0.000000000000000000e+00,0.000000000000000000e+00,-0.000000000000000000e+00,9.999999999999997780e-01,6.673386804793384613e-03,-3.843842294911935242e-02,-1.797390233015208557e-07,-0.000000000000000000e+00,-7.893943403542915647e-07,1.688173940796227068e-01,0.000000000000000000e+00,-3.843921234345970550e-02,1.688172143405994030e-01,9.810000000000000497e+00
2.503582371890166192e-01,4.018017963855694541e-01,4.000000108324649473e-01,0.000000000000000000e+00,5.029604795942666406e+00,1.041544467145808460e-04,0.000000000000000000e+00,-1.153253796820236377e-01,5.064582766793344071e-01,9.810000000000000497e+00,-3.219853641681938257e+02,1.413807820887827347e+03,7.275957614183425903e-12,9.999999997855835154e-01,2.070827647855529618e-05,0.000000000000000000e+00,-2.070827647855529618e-05,9.999999997855835154e-01,0.000000000000000000e+00,0.000000000000000000e+00,-0.000000000000000000e+00,9.999999999999997780e-01,2.002064189573745170e-02,-1.153148917545522567e-01,-2.387972661059965359e-06,-0.000000000000000000e+00,-1.048792747137518246e-05,5.064606646519954625e-01,0.000000000000000000e+00,-1.153253796820236377e-01,5.064582766793344071e-01,9.810000000000000497e+00
2.505970602453988505e-01,4.030029779278527791e-01,4.000000501503004902e-01,0.000000000000000000e+00,5.029568070344529573e+00,2.654281654985959004e-04,0.000000000000000000e+00,-1.922347732640359574e-01,8.441192349219660551e-01,9.810000000000000497e+00,-3.221178602021485631e+02,1.413931252983269360e+03,0.000000000000000000e+00,9.999999986074761260e-01,5.277355061441663483e-05,0.000000000000000000e+00,-5.277355061441663483e-05,9.999999986074761260e-01,0.000000000000000000e+00,0.000000000000000000e+00,-0.000000000000000000e+00,9.999999999999998890e-01,3.336934128647401493e-02,-1.921902255595462350e-01,-1.014256061028662085e-05,-0.000000000000000000e+00,-4.454770448972648921e-05,8.441293774825763263e-01,0.000000000000000000e+00,-1.922347732640359574e-01,8.441192349219660551e-01,9.810000000000000497e+00
2.508358806897398319e-01,4.042041353979919371e-01,4.000001376124245889e-01,0.000000000000000000e+00,5.029512973304642642e+00,5.073440229749846125e-04,0.000000000000000000e+00,-2.691828816418144199e-01,1.181813349733187746e+00,9.810000000000000497e+00,-3.223166477860384020e+02,1.414116398299695220e+03,0.000000000000000000e+00,9.999999949122796439e-01,1.008733893493487903e-04,0.000000000000000000e+00,-1.008733893493487903e-04,9.999999949122796439e-01,0.000000000000000000e+00,0.000000000000000000e+00,-0.000000000000000000e+00,1.000000000000000000e+00,4.672044790115226220e-02,-2.690636653852006011e-01,-2.714136401625191162e-05,-0.000000000000000000e+00,-1.192162566138128187e-04,1.181840491097204016e+00,0.000000000000000000e+00,-2.691828816418144199e-01,1.181813349733187746e+00,9.810000000000000497e+00
2.510746974755337368e-01,4.054052591671290506e-01,4.000002924765524992e-01,0.000000000000000000e+00,5.029439494450690162e+00,8.299083526869658646e-04,0.000000000000000000e+00,-3.461852032903439680e-01,1.519553873703939129e+00,9.810000000000000497e+00,-3.225817790677338053e+02,1.414363085978878644e+03,0.000000000000000000e+00,9.999999863858325400e-01,1.650101054608861929e-04,0.000000000000000000e+00,-1.650101054608861929e-04,9.999999863858325400e-01,0.000000000000000000e+00,0.000000000000000000e+00,-0.000000000000000000e+00,1.000000000000000222e+00,6.007492462518581461e-02,-3.459344521227575853e-01,-5.708268120446330059e-05,-0.000000000000000000e+00,-2.507511675863990344e-04,1.519610956385143652e+00,0.000000000000000000e+00,-3.461852032903439680e-01,1.519553873703939129e+00,9.810000000000000497e+00
2.513135096004073810e-01,4.066063396064067970e-01,4.000005340003997545e-01,0.000000000000000000e+00,5.029347619931139768e+00,1.233129596774079281e-03,0.000000000000000000e+00,-4.232572639887010602e-01,1.857354048484813225e+00,9.810000000000000497e+00,-3.229133237428388838e+02,1.414671361656640329e+03,-3.637978807091712952e-12,9.999999699417204679e-01,2.451867822421884436e-04,0.000000000000000000e+00,-2.451867822421884436e-04,9.999999699417204679e-01,0.000000000000000000e+00,0.000000000000000000e+00,-0.000000000000000000e+00,1.000000000000000000e+00,7.343373430486345443e-02,-4.228018398949871526e-01,-1.036654257659331749e-04,-0.000000000000000000e+00,-4.554240937139310470e-04,1.857457713910579233e+00,0.000000000000000000e+00,-4.232572639887010602e-01,1.857354048484813225e+00,9.810000000000000497e+00
2.515523159890530325e-01,4.078073670869670764e-01,4.000008814416816660e-01,0.000000000000000000e+00,5.029237332453879716e+00,1.717018302966209472e-03,0.000000000000000000e+00,-5.004145828795688589e-01,2.195227104631161996e+00,9.810000000000000497e+00,-3.233113688942460158e+02,1.415041306579098546e+03,-3.637978807091712952e-12,9.999999417205354124e-01,3.414072729913364109e-04,0.000000000000000000e+00,-3.414072729913364109e-04,9.999999417205354124e-01,0.000000000000000000e+00,0.000000000000000000e+00,-0.000000000000000000e+00,1.000000000000000222e+00,8.679783985239372668e-02,-4.996650580960722565e-01,-1.705892948354904837e-04,-0.000000000000000000e+00,-7.495247834966465780e-04,2.195397693925997373e+00,0.000000000000000000e+00,-5.004145828795688589e-01,2.195227104631161996e+00,9.810000000000000497e+00
2.517911155954391522e-01,4.090083319799522887e-01,4.000013540581135452e-01,0.000000000000000000e+00,5.029108611251648320e+00,2.281587123193934506e-03,0.000000000000000000e+00,-5.776727091092084265e-01,2.533186257006786679e+00,9.810000000000000497e+00,-3.237760189598516263e+02,1.415472766301607408e+03,-3.637978807091712952e-12,9.999998970889472094e-01,4.536762008457714628e-04,0.000000000000000000e+00,-4.536762008457714628e-04,9.999998970889472094e-01,0.000000000000000000e+00,0.000000000000000000e+00,-0.000000000000000000e+00,1.000000000000000222e+00,1.001682041774547421e-01,-5.765233440125576703e-01,-2.615549473274118787e-04,-0.000000000000000000e+00,-1.149365096650746933e-03,2.533447811954113948e+00,0.000000000000000000e+00,-5.776727091092084265e-01,2.533186257006786679e+00,9.810000000000000497e+00
2.520299073744349805e-01,4.102092246565047784e-01,4.000019711074109252e-01,0.000000000000000000e+00,5.028961432084921412e+00,2.926850808598059107e-03,0.000000000000000000e+00,-6.550472164301747169e-01,2.871244700441773823e+00,9.810000000000000497e+00,-3.243073954995604709e+02,1.415965520170961099e+03,-3.637978807091712952e-12,9.999998306385922131e-01,5.819989579218276012e-04,0.000000000000000000e+00,-5.819989579218276012e-04,9.999998306385922131e-01,0.000000000000000000e+00,0.000000000000000000e+00,-0.000000000000000000e+00,1.000000000000000000e+00,1.135457901279808973e-01,-6.533759334101735261e-01,-3.802641767779987099e-04,-0.000000000000000000e+00,-1.671283020001147193e-03,2.871624964618551878e+00,0.000000000000000000e+00,-6.550472164301747169e-01,2.871244700441773823e+00,9.810000000000000497e+00
2.522686903295536243e-01,4.114100354877668342e-01,4.000027518472890620e-01,0.000000000000000000e+00,5.028795767201601485e+00,3.652826206249085595e-03,0.000000000000000000e+00,-7.325537223027972500e-01,3.209415609200077846e+00,9.810000000000000497e+00,-3.249056376876019385e+02,1.416519473354081128e+03,-3.637978807091712952e-12,9.999997361847745569e-01,7.263817048212761144e-04,0.000000000000000000e+00,-7.263817048212761144e-04,9.999997361847745569e-01,0.000000000000000000e+00,0.000000000000000000e+00,-0.000000000000000000e+00,9.999999999999997780e-01,1.269315605841434824e-01,-7.302220756185289208e-01,-5.304200961188150357e-04,-0.000000000000000000e+00,-2.331646684268353070e-03,3.209946029296196546e+00,0.000000000000000000e+00,-7.325537223027972500e-01,3.209415609200077846e+00,9.810000000000000497e+00
2.525074634188484990e-01,4.126107548448809115e-01,4.000037155354635443e-01,0.000000000000000000e+00,5.028611585388398808e+00,4.459532254163247299e-03,0.000000000000000000e+00,-8.102078613395715667e-01,3.547712131203961228e+00,9.810000000000000497e+00,-3.255709025628329982e+02,1.417134759646887687e+03,0.000000000000000000e+00,9.999996067649834508e-01,8.868313698113081296e-04,0.000000000000000000e+00,-8.868313698113081296e-04,9.999996067649834508e-01,0.000000000000000000e+00,0.000000000000000000e+00,-0.000000000000000000e+00,1.000000000000000000e+00,1.403264783401629301e-01,-8.070610029636863247e-01,-7.157272962286093370e-04,-0.000000000000000000e+00,-3.146858375885235471e-03,3.548427858500189824e+00,0.000000000000000000e+00,-8.102078613395715667e-01,3.547712131203961228e+00,9.810000000000000497e+00
2.527462255702626615e-01,4.138113730989891326e-01,4.000048814296496280e-01,0.000000000000000000e+00,5.028408851968165116e+00,5.346989975486911642e-03,0.000000000000000000e+00,-8.880252939824306857e-01,3.886147390699598692e+00,9.810000000000000497e+00,-3.263033641892513970e+02,1.417811274420999325e+03,3.637978807091712952e-12,9.999994346372231835e-01,1.063355647861639539e-03,0.000000000000000000e+00,-1.063355647861639539e-03,9.999994346372231835e-01,0.000000000000000000e+00,0.000000000000000000e+00,-0.000000000000000000e+00,9.999999999999998890e-01,1.537315063219203137e-01,-8.838919354297799513e-01,-9.398920130185706026e-04,-0.000000000000000000e+00,-4.133358552650684067e-03,3.887087282712617053e+00,0.000000000000000000e+00,-8.880252939824306857e-01,3.886147390699598692e+00,9.810000000000000497e+00
2.529849757436939961e-01,4.150118806212336753e-01,4.000062687875625689e-01,0.000000000000000000e+00,5.028187528744503254e+00,6.315222474931293621e-03,0.000000000000000000e+00,-9.660217302021082419e-01,4.224734480575838447e+00,9.810000000000000497e+00,-3.271032135835791905e+02,1.418548743659960564e+03,0.000000000000000000e+00,9.999992112781601605e-01,1.255963000161662915e-03,0.000000000000000000e+00,-1.255963000161662915e-03,9.999992112781601605e-01,0.000000000000000000e+00,0.000000000000000000e+00,-0.000000000000000000e+00,1.000000000000000222e+00,1.671476073998581779e-01,-9.607141003497707832e-01,-1.206622315462283542e-03,-0.000000000000000000e+00,-5.307629852337426672e-03,4.225941102891300538e+00,0.000000000000000000e+00,-9.660217302021082419e-01,4.224734480575838447e+00,9.810000000000000497e+00
2.532237129172578705e-01,4.162122677827572170e-01,4.000078968669180668e-01,0.000000000000000000e+00,5.027947573995716013e+00,7.364254929514389703e-03,0.000000000000000000e+00,-1.044212928793483597e+00,4.563486456910792022e+00,9.810000000000000497e+00,-3.279706580607880824e+02,1.419346751439465152e+03,3.637978807091712952e-12,9.999989273810818702e-01,1.464662652523017212e-03,0.000000000000000000e+00,-1.464662652523017212e-03,9.999989273810818702e-01,0.000000000000000000e+00,0.000000000000000000e+00,-0.000000000000000000e+00,1.000000000000000000e+00,1.805757442875780272e-01,-1.037526727700220031e+00,-1.519628279038971047e-03,-0.000000000000000000e+00,-6.686201093263634786e-03,4.565006085189830642e+00,0.000000000000000000e+00,-1.044212928793483597e+00,4.563486456910792022e+00,9.810000000000000497e+00
2.534624361479705379e-01,4.174125249547017136e-01,4.000097849254312665e-01,0.000000000000000000e+00,5.027688942391421278e+00,8.494114582510193384e-03,0.000000000000000000e+00,-1.122614720624047990e+00,4.902416342780248293e+00,9.810000000000000497e+00,-3.289059252091774397e+02,1.420205475508026211e+03,3.637978807091712952e-12,9.999985728536736618e-01,1.689464594467443050e-03,0.000000000000000000e+00,-1.689464594467443050e-03,9.999985728536736618e-01,0.000000000000000000e+00,0.000000000000000000e+00,-0.000000000000000000e+00,1.000000000000000000e+00,1.940168798144087658e-01,-1.114329069337200551e+00,-1.882622196008407450e-03,-0.000000000000000000e+00,-8.285651286847507332e-03,4.904298964976256947e+00,0.000000000000000000e+00,-1.122614720624047990e+00,4.902416342780248293e+00,9.810000000000000497e+00
2.537011443088300067e-01,4.186126425082098423e-01,4.000119522208177569e-01,0.000000000000000000e+00,5.027411585265914695e+00,9.704830736783421827e-03,0.000000000000000000e+00,-1.201242927756176693e+00,5.241537119999097882e+00,9.810000000000000497e+00,-3.299092595004453869e+02,1.421125030890849303e+03,0.000000000000000000e+00,9.999981368156064532e-01,1.930379578098723485e-03,0.000000000000000000e+00,-1.930379578098723485e-03,9.999981368156064532e-01,0.000000000000000000e+00,0.000000000000000000e+00,-0.000000000000000000e+00,9.999999999999998890e-01,2.074719766871429838e-01,-1.191120314123893298e+00,-2.299318613497856531e-03,-0.000000000000000000e+00,-1.012261363228343820e-02,5.243836438612595963e+00,0.000000000000000000e+00,-1.201242927756176693e+00,5.241537119999097882e+00,9.810000000000000497e+00
2.539398363670254954e-01,4.198126108144235036e-01,4.000144180107928493e-01,0.000000000000000000e+00,5.027115450325891466e+00,1.099643474447308152e-02,0.000000000000000000e+00,-1.280113456672463235e+00,5.580861728537857225e+00,9.810000000000000497e+00,-3.309809206931045082e+02,1.422104976616068598e+03,0.000000000000000000e+00,9.999976075959428057e-01,2.187419116432888413e-03,0.000000000000000000e+00,-2.187419116432888413e-03,9.999976075959428057e-01,0.000000000000000000e+00,0.000000000000000000e+00,-0.000000000000000000e+00,1.000000000000000222e+00,2.209419976063772828e-01,-1.267899677157074523e+00,-2.773434626708725682e-03,-0.000000000000000000e+00,-1.221377951538870840e-02,5.583635163164565540e+00,0.000000000000000000e+00,-1.280113456672463235e+00,5.580861728537857225e+00,9.810000000000000497e+00
2.541785112919126011e-01,4.210124202444852082e-01,4.000172015530717995e-01,0.000000000000000000e+00,5.026800481727070391e+00,1.236896000026072029e-02,0.000000000000000000e+00,-1.359242272377796379e+00,5.920403065006764720e+00,9.810000000000000497e+00,-3.321211839933253032e+02,1.423144773134376010e+03,3.637978807091712952e-12,9.999969727303538169e-01,2.460595482364148507e-03,0.000000000000000000e+00,-2.460595482364148507e-03,9.999969727303538169e-01,0.000000000000000000e+00,0.000000000000000000e+00,-0.000000000000000000e+00,9.999999999999997780e-01,2.344279053146568204e-01,-1.344666369869384370e+00,-3.308690011284446449e-03,-0.000000000000000000e+00,-1.457590250841204159e-02,5.923711755018048919e+00,0.000000000000000000e+00,-1.359242272377796379e+00,5.920403065006764720e+00,9.810000000000000497e+00
2.544171681723803591e-01,4.222120611695371339e-01,4.000203221053700853e-01,0.000000000000000000e+00,5.026466619894835119e+00,1.382244193041597645e-02,0.000000000000000000e+00,-1.438645439829034034e+00,6.260173973081052168e+00,9.810000000000000497e+00,-3.333303459639255379e+02,1.424244382948305429e+03,0.000000000000000000e+00,9.999962189581547145e-01,2.749921706925376533e-03,0.000000000000000000e+00,-2.749921706925376533e-03,9.999962189581547145e-01,0.000000000000000000e+00,0.000000000000000000e+00,-0.000000000000000000e+00,9.999999999999998890e-01,2.479306623540251664e-01,-1.421419637485270560e+00,-3.908807495135449388e-03,-0.000000000000000000e+00,-1.722580234376340849e-02,6.264082780576187837e+00,0.000000000000000000e+00,-1.438645439829034034e+00,6.260173973081052168e+00,9.810000000000000497e+00
2.546558059251656791e-01,4.234115239607217362e-01,4.000237989254031845e-01,0.000000000000000000e+00,5.026113801903036915e+00,1.535691798282680029e-02,0.000000000000000000e+00,-1.518339033817935224e+00,6.600187243819866545e+00,9.810000000000000497e+00,-3.346087225919277444e+02,1.425404069131063807e+03,3.637978807091712952e-12,9.999953322191519334e-01,3.055411577486485345e-03,0.000000000000000000e+00,-3.055411577486485345e-03,9.999953322191519334e-01,0.000000000000000000e+00,0.000000000000000000e+00,-0.000000000000000000e+00,9.999999999999997780e-01,2.614512311495422181e-01,-1.498158664916760863e+00,-4.577512696524463701e-03,-0.000000000000000000e+00,-2.018036890117435103e-02,6.604764756516391166e+00,0.000000000000000000e+00,-1.518339033817935224e+00,6.600187243819866545e+00,9.810000000000000497e+00
2.548944234856884705e-01,4.246107989891814150e-01,4.000276512708865195e-01,0.000000000000000000e+00,5.025741961226344756e+00,1.697242761591974056e-02,0.000000000000000000e+00,-1.598339204051592022e+00,6.940455614663226136e+00,9.810000000000000497e+00,-3.359566427737936465e+02,1.426623442251269807e+03,0.000000000000000000e+00,9.999942976503075620e-01,3.377079636030673286e-03,0.000000000000000000e+00,-3.377079636030673286e-03,9.999942976503075620e-01,0.000000000000000000e+00,0.000000000000000000e+00,-0.000000000000000000e+00,1.000000000000000000e+00,2.749905741107978585e-01,-1.574882637858733503e+00,-5.318534413594076284e-03,-0.000000000000000000e+00,-2.345656619285862304e-02,6.945774149076820336e+00,0.000000000000000000e+00,-1.598339204051592022e+00,6.940455614663226136e+00,9.810000000000000497e+00
2.551330198334613719e-01,4.258098766260582368e-01,4.000318983995353461e-01,0.000000000000000000e+00,5.025351027677311677e+00,1.866901228764472967e-02,0.000000000000000000e+00,-1.678662187001497053e+00,7.280991765866090759e+00,9.810000000000000497e+00,-3.373744502641934560e+02,1.427901936493675748e+03,0.000000000000000000e+00,9.999930995822163826e-01,3.714941177410444224e-03,0.000000000000000000e+00,-3.714941177410444224e-03,9.999930995822163826e-01,0.000000000000000000e+00,0.000000000000000000e+00,-0.000000000000000000e+00,1.000000000000000222e+00,2.885496536153450142e-01,-1.651590750662857099e+00,-6.135604826104329272e-03,-0.000000000000000000e+00,-2.707143633863987736e-02,7.287127370692195072e+00,0.000000000000000000e+00,-1.678662187001497053e+00,7.280991765866090759e+00,9.810000000000000497e+00
2.553715940187564204e-01,4.270087472424945463e-01,4.000365595690650311e-01,0.000000000000000000e+00,5.024940927328816365e+00,2.044671544316912018e-02,0.000000000000000000e+00,-1.759324318129221076e+00,7.621808313882646679e+00,9.810000000000000497e+00,-3.388625061593834289e+02,1.429239064970259278e+03,0.000000000000000000e+00,9.999917215353988365e-01,4.069012247399333114e-03,0.000000000000000000e+00,-4.069012247399333114e-03,9.999917215353988365e-01,0.000000000000000000e+00,0.000000000000000000e+00,-0.000000000000000000e+00,1.000000000000000222e+00,3.021294318759115138e-01,-1.728282214607032907e+00,-7.032459716167278711e-03,-0.000000000000000000e+00,-3.104210352218813099e-02,7.628840773598813740e+00,0.000000000000000000e+00,-1.759324318129221076e+00,7.621808313882646679e+00,9.810000000000000497e+00
2.556101451010914238e-01,4.282074012096326321e-01,4.000416540371910523e-01,0.000000000000000000e+00,5.024511582582733560e+00,2.230558250146578644e-02,0.000000000000000000e+00,-1.840342015750545235e+00,7.962917805680294059e+00,9.810000000000000497e+00,-3.404211987800663337e+02,1.430635129755950402e+03,3.637978807091712952e-12,9.999901462164094701e-01,4.439309640444176648e-03,0.000000000000000000e+00,-4.439309640444176648e-03,9.999901462164094701e-01,0.000000000000000000e+00,0.000000000000000000e+00,-0.000000000000000000e+00,9.999999999999996669e-01,3.157308708243110051e-01,-1.804956237814353326e+00,-8.012838583886461308e-03,-0.000000000000000000e+00,-3.538577793619185341e-02,7.970930644264180742e+00,0.000000000000000000e+00,-1.840342015750545235e+00,7.962917805680294059e+00,9.810000000000000497e+00
2.558486719459542313e-01,4.294058288986149496e-01,4.000472010616289431e-01,0.000000000000000000e+00,5.024062912532878400e+00,2.424566084256817716e-02,0.000000000000000000e+00,-1.921731719380251668e+00,8.304332721606188628e+00,9.810000000000000497e+00,-3.420509294133275944e+02,1.432090081065991399e+03,0.000000000000000000e+00,9.999883555137617508e-01,4.825850897253367543e-03,0.000000000000000000e+00,-4.825850897253367543e-03,9.999883555137617508e-01,0.000000000000000000e+00,0.000000000000000000e+00,-0.000000000000000000e+00,1.000000000000000222e+00,3.293549322829064652e-01,-1.881611959626329877e+00,-9.080484501222202409e-03,-0.000000000000000000e+00,-4.011975975392177707e-02,8.313413206107410858e+00,0.000000000000000000e+00,-1.921731719380251668e+00,8.304332721606188628e+00,9.810000000000000497e+00
2.560871735453537634e-01,4.306040206805837878e-01,4.000532199000938482e-01,0.000000000000000000e+00,5.023594832395019694e+00,2.626699979272339655e-02,0.000000000000000000e+00,-2.003509996424646999e+00,8.646065471626995347e+00,9.810000000000000497e+00,-3.437521097271569488e+02,1.433603253436722298e+03,3.637978807091712952e-12,9.999863304936632558e-01,5.228654302775559079e-03,0.000000000000000000e+00,-5.228654302775559079e-03,9.999863304936632558e-01,0.000000000000000000e+00,0.000000000000000000e+00,-0.000000000000000000e+00,9.999999999999998890e-01,3.430025780179098427e-01,-1.958248553344830611e+00,-1.023914468840366257e-02,-0.000000000000000000e+00,-4.526144307981643661e-02,8.656304616315399159e+00,0.000000000000000000e+00,-2.003509996424646999e+00,8.646065471626995347e+00,9.810000000000000497e+00
2.563256488947727174e-01,4.318019669266812688e-01,4.000597298103012456e-01,0.000000000000000000e+00,5.023107253691352803e+00,2.836965061015505468e-02,0.000000000000000000e+00,-2.085693506231417249e+00,8.988128386763943212e+00,9.810000000000000497e+00,-3.455251591540509253e+02,1.435173587647674140e+03,0.000000000000000000e+00,9.999840513955716714e-01,5.647738883730166540e-03,0.000000000000000000e+00,-5.647738883730166540e-03,9.999840513955716714e-01,0.000000000000000000e+00,0.000000000000000000e+00,-0.000000000000000000e+00,1.000000000000000222e+00,3.566747694913994793e-01,-2.034865186371326740e+00,-1.149257052667936735e-02,-0.000000000000000000e+00,-5.082831986009035685e-02,8.999620957290622059e+00,0.000000000000000000e+00,-2.085693506231417249e+00,8.988128386763943212e+00,9.810000000000000497e+00
2.565640972367647654e-01,4.329996580080498481e-01,4.000667500499665019e-01,0.000000000000000000e+00,5.022600083716765695e+00,3.055366646518485260e-02,0.000000000000000000e+00,-2.168299081945050943e+00,9.330533713693156983e+00,9.810000000000000497e+00,-3.473705396488694532e+02,1.436801432936368656e+03,0.000000000000000000e+00,9.999814976275628320e-01,6.083124405807567754e-03,0.000000000000000000e+00,-6.083124405807567754e-03,9.999814976275628320e-01,0.000000000000000000e+00,0.000000000000000000e+00,-0.000000000000000000e+00,1.000000000000000000e+00,3.703724678630937461e-01,-2.111461098152433546e+00,-1.284451819214368386e-02,-0.000000000000000000e+00,-5.683798379261733452e-02,9.343378231885299812e+00,0.000000000000000000e+00,-2.168299081945050943e+00,9.330533713693156983e+00,9.810000000000000497e+00
2.568025173502717640e-01,4.341970842958317034e-01,4.000742998768050951e-01,0.000000000000000000e+00,5.022073226980415583e+00,3.281910243252800230e-02,0.000000000000000000e+00,-2.251343505843022008e+00,9.673293620166280249e+00,9.810000000000000497e+00,-3.492887294628581003e+02,1.438487185401587340e+03,-3.637978807091712952e-12,9.999786477615171254e-01,6.534831371018966044e-03,0.000000000000000000e+00,-6.534831371018966044e-03,9.999786477615171254e-01,0.000000000000000000e+00,0.000000000000000000e+00,-0.000000000000000000e+00,1.000000000000000000e+00,3.840966340653863553e-01,-2.188035371558789244e+00,-1.429874749722808217e-02,-0.000000000000000000e+00,-6.330813428423254230e-02,9.687592367663508952e+00,0.000000000000000000e+00,-2.251343505843022008e+00,9.673293620166280249e+00,9.810000000000000497e+00
2.570409082418553814e-01,4.353942361611692347e-01,4.000823985485323364e-01,0.000000000000000000e+00,5.021526583798417320e+00,3.516601546675002243e-02,0.000000000000000000e+00,-2.334843734986857822e+00,1.001642018427999759e+01,9.810000000000000497e+00,-3.512802018156207851e+02,1.440229804654820327e+03,0.000000000000000000e+00,9.999754795281189379e-01,7.002881014891836758e-03,0.000000000000000000e+00,-7.002881014891836758e-03,9.999754795281189379e-01,0.000000000000000000e+00,0.000000000000000000e+00,-0.000000000000000000e+00,1.000000000000000000e+00,3.978482287426062247e-01,-2.264587154663760593e+00,-1.585902326269674617e-02,-0.000000000000000000e+00,-7.025658032309713141e-02,1.003227920754269498e+01,0.000000000000000000e+00,-2.334843734986857822e+00,1.001642018427999759e+01,9.810000000000000497e+00
2.572792689224844276e-01,4.365911039752048972e-01,4.000910653228637037e-01,0.000000000000000000e+00,5.020960050709054379e+00,3.759446438660372924e-02,0.000000000000000000e+00,-2.418816833070969619e+00,1.035992539038077354e+01,9.810000000000000497e+00,-3.533454431045847741e+02,1.442028310440851783e+03,0.000000000000000000e+00,9.999719698116734667e-01,7.487295303490421744e-03,0.000000000000000000e+00,-7.487295303490421744e-03,9.999719698116734667e-01,0.000000000000000000e+00,0.000000000000000000e+00,-0.000000000000000000e+00,1.000000000000000222e+00,4.116282121374698066e-01,-2.341115588709410389e+00,-1.752911509666953832e-02,-0.000000000000000000e+00,-7.770124436155943781e-02,1.037745450547744319e+01,0.000000000000000000e+00,-2.418816833070969619e+00,1.035992539038077354e+01,9.810000000000000497e+00
2.575175986039229259e-01,4.377876781090805913e-01,4.001003194575145638e-01,0.000000000000000000e+00,5.020373519975449561e+00,4.010450985177608368e-02,0.000000000000000000e+00,-2.503280037027493687e+00,1.070382112508961292e+01,9.810000000000000497e+00,-3.554849771364479238e+02,1.443882601731518662e+03,3.637978807091712952e-12,9.999680946447413454e-01,7.988096930153894965e-03,0.000000000000000000e+00,-7.988096930153894965e-03,9.999680946447413454e-01,0.000000000000000000e+00,0.000000000000000000e+00,-0.000000000000000000e+00,1.000000000000000000e+00,4.254375441580023343e-01,-2.417619870836397844e+00,-1.931279805019011850e-02,-0.000000000000000000e+00,-8.566016619109599606e-02,1.072313392313980351e+01,0.000000000000000000e+00,-2.503280037027493687e+00,1.070382112508961292e+01,9.810000000000000497e+00
2.577558962112790342e-01,4.389839489339389389e-01,4.001101802102001725e-01,0.000000000000000000e+00,5.019766880702920098e+00,4.269621435311472812e-02,0.000000000000000000e+00,-2.588250604111347997e+00,1.104811917980153169e+01,9.810000000000000497e+00,-3.576993568390125802e+02,1.445793113286290463e+03,0.000000000000000000e+00,9.999638292025860853e-01,8.505309312494699348e-03,0.000000000000000000e+00,-8.505309312494699348e-03,9.999638292025860853e-01,0.000000000000000000e+00,0.000000000000000000e+00,-0.000000000000000000e+00,9.999999999999998890e-01,4.392771843689273759e-01,-2.494099097261181619e+00,-2.121385160014874899e-02,-0.000000000000000000e+00,-9.415150685016637766e-02,1.106933303140167979e+01,0.000000000000000000e+00,-2.588250604111347997e+00,1.104811917980153169e+01,9.810000000000000497e+00
2.579941606862460879e-01,4.401799068209221732e-01,4.001206668386360077e-01,0.000000000000000000e+00,5.019140018146896587e+00,4.536964218761162237e-02,0.000000000000000000e+00,-2.673745912756421816e+00,1.139283123753898508e+01,9.810000000000000497e+00,-3.599891274775409329e+02,1.447759119309725065e+03,0.000000000000000000e+00,9.999591477974404397e-01,9.038956588931551864e-03,0.000000000000000000e+00,-9.038956588931551864e-03,9.999591477974404397e-01,0.000000000000000000e+00,0.000000000000000000e+00,-0.000000000000000000e+00,9.999999999999998890e-01,4.531480917236262451e-01,-2.570552360349771526e+00,-2.323606043902486096e-02,-0.000000000000000000e+00,-1.031935524066501103e-01,1.141606729797801023e+01,0.000000000000000000e+00,-2.673745912756421816e+00,1.139283123753898508e+01,9.810000000000000497e+00
2.582323910577392634e-01,4.413755421411726387e-01,4.001317986005376026e-01,0.000000000000000000e+00,5.018492813496632898e+00,4.812485943401675903e-02,0.000000000000000000e+00,-2.759783488756932357e+00,1.173796887108268550e+01,9.810000000000000497e+00,-3.623548378270279500e+02,1.449779482332574844e+03,3.637978807091712952e-12,9.999540238725929120e-01,9.589063614862195981e-03,0.000000000000000000e+00,-9.589063614862195981e-03,9.999540238725929120e-01,0.000000000000000000e+00,0.000000000000000000e+00,-0.000000000000000000e+00,9.999999999999998890e-01,4.670512246610165619e-01,-2.646978770956883498e+00,-2.538321484381496698e-02,-0.000000000000000000e+00,-1.128047178000488177e-01,1.176335208592650083e+01,0.000000000000000000e+00,-2.759783488756932357e+00,1.173796887108268550e+01,9.810000000000000497e+00
2.584705865023992355e-01,4.425708452658325132e-01,4.001435947536202131e-01,0.000000000000000000e+00,5.017825143653469766e+00,5.096193392972211966e-02,0.000000000000000000e+00,-2.846381028147626946e+00,1.208354353914896961e+01,9.810000000000000497e+00,-3.647970662851867019e+02,1.451853581824358116e+03,3.637978807091712952e-12,9.999484299962860812e-01,1.015565595924626183e-02,0.000000000000000000e+00,-1.015565595924626183e-02,9.999484299962860812e-01,0.000000000000000000e+00,0.000000000000000000e+00,-0.000000000000000000e+00,1.000000000000000000e+00,4.809875411349741059e-01,-2.723377477485534381e+00,-2.765911108896459969e-02,-0.000000000000000000e+00,-1.230035506620924673e-01,1.211120265023793507e+01,0.000000000000000000e+00,-2.846381028147626946e+00,1.208354353914896961e+01,9.810000000000000497e+00
2.587087461092313911e-01,4.437658065660442519e-01,4.001560745555993170e-01,0.000000000000000000e+00,5.017136881809102888e+00,5.388093525279680912e-02,0.000000000000000000e+00,-2.933556325150874056e+00,1.242956658351689292e+01,9.810000000000000497e+00,-3.673164420260482075e+02,1.453981905780055968e+03,7.275957614183425903e-12,9.999423378554365138e-01,1.073875990066500315e-02,0.000000000000000000e+00,-1.073875990066500315e-02,9.999423378554365138e-01,0.000000000000000000e+00,0.000000000000000000e+00,-0.000000000000000000e+00,1.000000000000000000e+00,4.949579984934484589e-01,-2.799747590032491296e+00,-3.006755091129171414e-02,-0.000000000000000000e+00,-1.338087351183825657e-01,1.245963413442818535e+01,0.000000000000000000e+00,-2.933556325150874056e+00,1.242956658351689292e+01,9.810000000000000497e+00
2.589468687491945920e-01,4.449604164129500328e-01,4.001692572641900592e-01,0.000000000000000000e+00,5.016427897829193405e+00,5.688193470407312824e-02,0.000000000000000000e+00,-3.021327233875496621e+00,1.277604922834594525e+01,9.810000000000000497e+00,-3.699135869816664126e+02,1.456164094429637771e+03,0.000000000000000000e+00,9.999357182491703799e-01,1.133840242343227105e-02,0.000000000000000000e+00,-1.133840242343227105e-02,9.999357182491703799e-01,0.000000000000000000e+00,0.000000000000000000e+00,-0.000000000000000000e+00,1.000000000000000000e+00,5.089635534695239327e-01,-2.876088138272264949e+00,-3.261234109537532178e-02,-0.000000000000000000e+00,-1.452390956032315328e-01,1.280866156944131973e+01,0.000000000000000000e+00,-3.021327233875496621e+00,1.277604922834594525e+01,9.810000000000000497e+00
2.591849534716802461e-01,4.461546651776922001e-01,4.001831621371080283e-01,0.000000000000000000e+00,5.015698057140356880e+00,5.996500527155542576e-02,0.000000000000000000e+00,-3.109711798784397629e+00,1.312300256246902386e+01,9.810000000000000497e+00,-3.725891089241658847e+02,1.458398802927415090e+03,0.000000000000000000e+00,9.999285410821792119e-01,1.195461121345042267e-02,0.000000000000000000e+00,-1.195461121345042267e-02,9.999285410821792119e-01,0.000000000000000000e+00,0.000000000000000000e+00,-0.000000000000000000e+00,1.000000000000000222e+00,5.230051618688061899e-01,-2.952398198299728715e+00,-3.529729491446134682e-02,-0.000000000000000000e+00,-1.573136004846688307e-01,1.315829985738348462e+01,0.000000000000000000e+00,-3.109711798784397629e+00,1.312300256246902386e+01,9.810000000000000497e+00
2.594229994204827472e-01,4.473485432314130428e-01,4.001978084320687579e-01,0.000000000000000000e+00,5.014947220890362267e+00,6.313022160343931266e-02,0.000000000000000000e+00,-3.198728231157084601e+00,1.347043754173422414e+01,9.810000000000000497e+00,-3.753436328042062087e+02,1.460684876497140067e+03,0.000000000000000000e+00,9.999207753578998048e-01,1.258741465339284667e-02,0.000000000000000000e+00,-1.258741465339284667e-02,9.999207753578998048e-01,0.000000000000000000e+00,0.000000000000000000e+00,-0.000000000000000000e+00,1.000000000000000000e+00,5.370837787590454493e-01,-3.028676865305536481e+00,-3.812623209183092776e-02,-0.000000000000000000e+00,-1.700513658515480919e-01,1.350856377382605444e+01,0.000000000000000000e+00,-3.198728231157084601e+00,1.347043754173422414e+01,9.810000000000000497e+00
2.596610058534152277e-01,4.485420409452549606e-01,4.002132154067873371e-01,0.000000000000000000e+00,5.014175245824213256e+00,6.637765998266240142e-02,0.000000000000000000e+00,-3.288394918735577654e+00,1.381836498555094117e+01,9.810000000000000497e+00,-3.781778654210238528e+02,1.463022846464878967e+03,0.000000000000000000e+00,9.999123891715029355e-01,1.323684181883189211e-02,0.000000000000000000e+00,-1.323684181883189211e-02,9.999123891715029355e-01,0.000000000000000000e+00,0.000000000000000000e+00,-0.000000000000000000e+00,9.999999999999998890e-01,5.512003585006483020e-01,-3.104923259490100396e+00,-4.110297911153604905e-02,-0.000000000000000000e+00,-1.834716592454774253e-01,1.385946796466247655e+01,0.000000000000000000e+00,-3.288394918735577654e+00,1.381836498555094117e+01,9.810000000000000497e+00
2.598989715712650139e-01,4.497351486903602424e-01,4.002294023189794103e-01,0.000000000000000000e+00,5.013381986029788351e+00,6.970739832164479788e-02,0.000000000000000000e+00,-3.378730246113446967e+00,1.416679557633957920e+01,9.810000000000000497e+00,-3.810925101930579331e+02,1.465412726606045908e+03,0.000000000000000000e+00,9.999033497027105533e-01,1.390292247331252791e-02,0.000000000000000000e+00,-1.390292247331252791e-02,9.999033497027105533e-01,0.000000000000000000e+00,0.000000000000000000e+00,-0.000000000000000000e+00,1.000000000000000000e+00,5.653558543717503992e-01,-3.181136342745581214e+00,-4.423136692499158446e-02,-0.000000000000000000e+00,-1.975939033678659196e-01,1.421102694326457083e+01,0.000000000000000000e+00,-3.378730246113446967e+00,1.416679557633957920e+01,9.810000000000000497e+00
2.601368956465073268e-01,4.509278568378709551e-01,4.002463884263601779e-01,0.000000000000000000e+00,5.012567290710061130e+00,7.311951610607755891e-02,0.000000000000000000e+00,-3.469752831506303092e+00,1.451573984423196073e+01,9.810000000000000497e+00,-3.840882293781178305e+02,1.467852945859158353e+03,0.000000000000000000e+00,9.998936232084334463e-01,1.458568706340430260e-02,0.000000000000000000e+00,-1.458568706340430260e-02,9.998936232084334463e-01,0.000000000000000000e+00,0.000000000000000000e+00,-0.000000000000000000e+00,1.000000000000000222e+00,5.795512186777918018e-01,-3.257315151872053338e+00,-4.751523399023344085e-02,-0.000000000000000000e+00,-2.124376796342498097e-01,1.456325507822219478e+01,0.000000000000000000e+00,-3.469752831506303092e+00,1.451573984423196073e+01,9.810000000000000497e+00
2.603747771996974270e-01,4.521201557589296094e-01,4.002641929866451731e-01,0.000000000000000000e+00,5.011731004796172506e+00,7.661409437372995734e-02,0.000000000000000000e+00,-3.561481458351241969e+00,1.486520816486673979e+01,9.810000000000000497e+00,-3.871656863632124441e+02,1.470341816299220227e+03,3.637978807091712952e-12,9.998831750152262776e-01,1.528516671385814554e-02,0.000000000000000000e+00,-1.528516671385814554e-02,9.998831750152262776e-01,0.000000000000000000e+00,0.000000000000000000e+00,-0.000000000000000000e+00,1.000000000000000000e+00,5.937874026362929269e-01,-3.333458726532316341e+00,-5.095842558610490930e-02,-0.000000000000000000e+00,-2.280227318189255725e-01,1.491616659045284443e+01,0.000000000000000000e+00,-3.561481458351241969e+00,1.486520816486673979e+01,9.810000000000000497e+00
2.606126156481301526e-01,4.533120358246784942e-01,4.002828352575497073e-01,0.000000000000000000e+00,5.010872968051777399e+00,8.019121566881406982e-02,0.000000000000000000e+00,-3.653935158030015451e+00,1.521521074716412514e+01,9.810000000000000497e+00,-3.903256669847278317e+02,1.472879915344994515e+03,0.000000000000000000e+00,9.998719695115710904e-01,1.600139322220306762e-02,0.000000000000000000e+00,-1.600139322220306762e-02,9.998719695115710904e-01,0.000000000000000000e+00,0.000000000000000000e+00,-0.000000000000000000e+00,9.999999999999996669e-01,6.080653562926991995e-01,-3.409566188482437088e+00,-5.456479525642331935e-02,-0.000000000000000000e+00,-2.443689695475783907e-01,1.526977554242054858e+01,0.000000000000000000e+00,-3.653935158030015451e+00,1.521521074716412514e+01,9.810000000000000497e+00
2.608504097301375113e-01,4.545034874062601205e-01,4.003023344967892028e-01,0.000000000000000000e+00,5.009993018331059922e+00,8.385096406288017334e-02,0.000000000000000000e+00,-3.747132900997308891e+00,1.556575765229823993e+01,9.810000000000000497e+00,-3.935689600402647557e+02,1.475467595530659310e+03,0.000000000000000000e+00,9.998599701399778494e-01,1.673439905352371720e-02,0.000000000000000000e+00,-1.673439905352371720e-02,9.998599701399778494e-01,0.000000000000000000e+00,0.000000000000000000e+00,-0.000000000000000000e+00,1.000000000000000000e+00,6.223860284300184453e-01,-3.485636428839288481e+00,-5.833820004568231882e-02,-0.000000000000000000e+00,-2.614964721580205209e-01,1.562409585234392218e+01,0.000000000000000000e+00,-3.747132900997308891e+00,1.556575765229823993e+01,9.810000000000000497e+00
2.610881585439733255e-01,4.556945008748163883e-01,4.003227099620790819e-01,0.000000000000000000e+00,5.009090988106112086e+00,8.759342506963244124e-02,0.000000000000000000e+00,-3.841093932290796431e+00,1.591685876203700900e+01,9.810000000000000497e+00,-3.968962754387384848e+02,1.478103005481469154e+03,0.000000000000000000e+00,9.998471393889140080e-01,1.748421733466301586e-02,0.000000000000000000e+00,-1.748421733466301586e-02,9.998471393889140080e-01,0.000000000000000000e+00,0.000000000000000000e+00,-0.000000000000000000e+00,1.000000000000000222e+00,6.367503664549550857e-01,-3.561668440394218926e+00,-6.228250562773301330e-02,-0.000000000000000000e+00,-2.794254918965773382e-01,1.597914126766474219e+01,0.000000000000000000e+00,-3.841093932290796431e+00,1.591685876203700900e+01,9.810000000000000497e+00
2.613258612045892826e-01,4.568850666014897532e-01,4.003439809111346559e-01,0.000000000000000000e+00,5.008166705547201225e+00,9.141868562818759869e-02,0.000000000000000000e+00,-3.935837664845329265e+00,1.626852378292116796e+01,9.810000000000000497e+00,-4.003083091486651028e+02,1.480784004807777819e+03,0.000000000000000000e+00,9.998334387845557725e-01,1.825088184855223200e-02,0.000000000000000000e+00,-1.825088184855223200e-02,9.998334387845557725e-01,0.000000000000000000e+00,0.000000000000000000e+00,-0.000000000000000000e+00,9.999999999999998890e-01,6.511593163836670861e-01,-3.637661207320428414e+00,-6.640158482854346955e-02,-0.000000000000000000e+00,-2.981764575249008509e-01,1.633492536774971171e+01,0.000000000000000000e+00,-3.935837664845329265e+00,1.626852378292116796e+01,9.810000000000000497e+00
2.615635172638253181e-01,4.580751749574225595e-01,4.003661666016713472e-01,0.000000000000000000e+00,5.007219992924160756e+00,9.532683403853907389e-02,0.000000000000000000e+00,-4.031383816687227117e+00,1.662076222498004441e+01,9.810000000000000497e+00,-4.038059271670554153e+02,1.483511211772405659e+03,3.637978807091712952e-12,9.998188288823670611e-01,1.903442702820336285e-02,0.000000000000000000e+00,-1.903442702820336285e-02,9.998188288823670611e-01,0.000000000000000000e+00,0.000000000000000000e+00,-0.000000000000000000e+00,1.000000000000000000e+00,6.656138226532400948e-01,-3.713613839167412944e+00,-7.069932030743424078e-02,-0.000000000000000000e+00,-3.177699775198145060e-01,1.669146154528747772e+01,0.000000000000000000e+00,-4.031383816687227117e+00,1.662076222498004441e+01,9.810000000000000497e+00
2.618011254131317189e-01,4.592648163137572626e-01,4.003892862914045780e-01,0.000000000000000000e+00,5.006250671324072421e+00,9.931796001331132107e-02,0.000000000000000000e+00,-4.127751999591772858e+00,1.697358343302461492e+01,9.810000000000000497e+00,-4.073900046765193110e+02,1.486285225935993367e+03,0.000000000000000000e+00,9.998032692585049341e-01,1.983488795041325747e-02,0.000000000000000000e+00,-1.983488795041325747e-02,9.998032692585049341e-01,0.000000000000000000e+00,0.000000000000000000e+00,-0.000000000000000000e+00,9.999999999999998890e-01,6.801148279600467417e-01,-3.789525155580586890e+00,-7.517959698407328251e-02,-0.000000000000000000e+00,-3.382268440111862451e-01,1.704876303000868987e+01,0.000000000000000000e+00,-4.127751999591772858e+00,1.697358343302461492e+01,9.810000000000000497e+00
2.620386847793332863e-01,4.604539810416358181e-01,4.004133592380498263e-01,0.000000000000000000e+00,5.005258555936156206e+00,1.033921545561777428e-01,0.000000000000000000e+00,-4.224962136093025400e+00,1.732699654670060241e+01,9.810000000000000497e+00,-4.110612901010917994e+02,1.489103870479666512e+03,0.000000000000000000e+00,9.997867185010574920e-01,2.065230032919674469e-02,0.000000000000000000e+00,-2.065230032919674469e-02,9.997867185010574920e-01,0.000000000000000000e+00,0.000000000000000000e+00,-0.000000000000000000e+00,1.000000000000000222e+00,6.946632733139446181e-01,-3.865394100432090863e+00,-7.984630959342393919e-02,-0.000000000000000000e+00,-3.595680356609347039e-01,1.740684285629402694e+01,0.000000000000000000e+00,-4.224962136093025400e+00,1.732699654670060241e+01,9.810000000000000497e+00
2.622761944981101823e-01,4.616426595122007370e-01,4.004384046993222368e-01,0.000000000000000000e+00,5.004243457533854134e+00,1.075495099519279268e-01,0.000000000000000000e+00,-4.323034326105632985e+00,1.768101050517562101e+01,9.810000000000000497e+00,-4.148205100500090339e+02,1.491964668091088242e+03,0.000000000000000000e+00,9.997691342011000293e-01,2.148670050944741922e-02,0.000000000000000000e+00,-2.148670050944741922e-02,9.997691342011000293e-01,0.000000000000000000e+00,0.000000000000000000e+00,-0.000000000000000000e+00,9.999999999999998890e-01,7.092600978878976781e-01,-3.941219604978780655e+00,-8.470336040311070291e-02,-0.000000000000000000e+00,-3.818147211268523300e-01,1.776571386557873211e+01,0.000000000000000000e+00,-4.323034326105632985e+00,1.768101050517562101e+01,9.810000000000000497e+00
2.625136542139838158e-01,4.628308420965943082e-01,4.004644419329374538e-01,0.000000000000000000e+00,5.003205180428833998e+00,1.117901196812376291e-01,0.000000000000000000e+00,-4.421989009054873243e+00,1.803563401757181239e+01,9.810000000000000497e+00,-4.186686117012050090e+02,1.494868285697128158e+03,0.000000000000000000e+00,9.997504729435943149e-01,2.233812545983952444e-02,0.000000000000000000e+00,-2.233812545983952444e-02,9.997504729435943149e-01,0.000000000000000000e+00,0.000000000000000000e+00,-0.000000000000000000e+00,1.000000000000000000e+00,7.239062387064508775e-01,-4.017000747173731234e+00,-8.975466287946291810e-02,-0.000000000000000000e+00,-4.049882618811418422e-01,1.812538868045127671e+01,0.000000000000000000e+00,-4.421989009054873243e+00,1.803563401757181239e+01,9.810000000000000497e+00
2.627510625956299140e-01,4.640185191659588759e-01,4.004914901966107332e-01,0.000000000000000000e+00,5.002143528319985322e+00,1.161140785074183390e-01,0.000000000000000000e+00,-4.521846493399335642e+00,1.839087561382385161e+01,9.810000000000000497e+00,-4.226065525227913895e+02,1.497815427009722043e+03,0.000000000000000000e+00,9.997306902981165644e-01,2.320661276557541702e-02,0.000000000000000000e+00,-2.320661276557541702e-02,9.997306902981165644e-01,0.000000000000000000e+00,0.000000000000000000e+00,-0.000000000000000000e+00,1.000000000000000000e+00,7.386026307318721562e-01,-4.092736276974946463e+00,-9.500413146570313438e-02,-0.000000000000000000e+00,-4.291102164243890127e-01,1.848587974528955513e+01,0.000000000000000000e+00,-4.521846493399335642e+00,1.839087561382385161e+01,9.810000000000000497e+00
2.629884188013429380e-01,4.652056810914367846e-01,4.005195687480574973e-01,0.000000000000000000e+00,5.001058298518941569e+00,1.205214823147592179e-01,0.000000000000000000e+00,-4.622627426760727687e+00,1.874674358586352341e+01,9.810000000000000497e+00,-4.266351067566993152e+02,1.500803517498381552e+03,0.000000000000000000e+00,9.997097408094119952e-01,2.409220062132369500e-02,0.000000000000000000e+00,-2.409220062132369500e-02,9.997097408094119952e-01,0.000000000000000000e+00,0.000000000000000000e+00,-0.000000000000000000e+00,9.999999999999998890e-01,7.533502066727708613e-01,-4.168425084213901677e+00,-1.004556915915707643e-01,-0.000000000000000000e+00,-4.542023425468258990e-01,1.884719927745509338e+01,0.000000000000000000e+00,-4.622627426760727687e+00,1.874674358586352341e+01,9.810000000000000497e+00
2.632257220232028239e-01,4.663923182441701565e-01,4.005486968449931684e-01,0.000000000000000000e+00,4.999949283663505106e+00,1.250124280998725634e-01,0.000000000000000000e+00,-4.724352653095080790e+00,1.910324599294896331e+01,9.810000000000000497e+00,-4.307550373372814647e+02,1.503829940670511860e+03,0.000000000000000000e+00,9.996875779877960611e-01,2.499492782334105170e-02,0.000000000000000000e+00,-2.499492782334105170e-02,9.996875779877960611e-01,0.000000000000000000e+00,0.000000000000000000e+00,-0.000000000000000000e+00,9.999999999999998890e-01,7.681498967426720892e-01,-4.244066052509302800e+00,-1.061132767834162272e-01,-0.000000000000000000e+00,-4.802866005857777676e-01,1.920935926973237784e+01,0.000000000000000000e+00,-4.724352653095080790e+00,1.910324599294896331e+01,9.810000000000000497e+00
2.634629719383595470e-01,4.675784209953013359e-01,4.005788937451331133e-01,0.000000000000000000e+00,4.998816269719115191e+00,1.295870138763709212e-01,0.000000000000000000e+00,-4.827043358950920293e+00,1.946039063945256231e+01,9.810000000000000497e+00,-4.349673731867023889e+02,1.506895415857041371e+03,0.000000000000000000e+00,9.996641542993852658e-01,2.591483376167056513e-02,0.000000000000000000e+00,-2.591483376167056513e-02,9.996641542993852658e-01,0.000000000000000000e+00,0.000000000000000000e+00,-0.000000000000000000e+00,1.000000000000000222e+00,7.830026286886441200e-01,-4.319658202809992353e+00,-1.119808325142087335e-01,-0.000000000000000000e+00,-5.073851561409279398e-01,1.957237147196677185e+01,0.000000000000000000e+00,-4.827043358950920293e+00,1.946039063945256231e+01,9.810000000000000497e+00
2.637001672260047558e-01,4.687639797159728339e-01,4.006101787061926434e-01,0.000000000000000000e+00,4.997659042277003749e+00,1.342453387904573581e-01,0.000000000000000000e+00,-4.930720604027359677e+00,1.981818512552566602e+01,9.810000000000000497e+00,-4.392731410930973652e+02,1.510000525351686520e+03,3.637978807091712952e-12,9.996394211561643317e-01,2.685195841216569956e-02,0.000000000000000000e+00,-2.685195841216569956e-02,9.996394211561643317e-01,0.000000000000000000e+00,0.000000000000000000e+00,-0.000000000000000000e+00,1.000000000000000000e+00,7.979093275271186281e-01,-4.395200219826450372e+00,-1.180623042851010746e-01,-0.000000000000000000e+00,-5.355203842009096382e-01,1.993624742981076636e+01,0.000000000000000000e+00,-4.930720604027359677e+00,1.981818512552566602e+01,9.810000000000000497e+00
2.639373070789174935e-01,4.699489847773266060e-01,4.006425709858872919e-01,0.000000000000000000e+00,4.996477380136183477e+00,1.389875029154643560e-01,0.000000000000000000e+00,-5.035405804786835304e+00,2.017663677771881225e+01,9.810000000000000497e+00,-4.436731251647579484e+02,1.513142246376737603e+03,7.275957614183425903e-12,9.996133289059043747e-01,2.780634232789414712e-02,0.000000000000000000e+00,-2.780634232789414712e-02,9.996133289059043747e-01,0.000000000000000000e+00,0.000000000000000000e+00,-0.000000000000000000e+00,9.999999999999997780e-01,8.128709153436446400e-01,-4.470690934001601669e+00,-1.243616496081788869e-01,-0.000000000000000000e+00,-5.647148707852336358e-01,2.030099842732699145e+01,0.000000000000000000e+00,-5.035405804786835304e+00,2.017663677771881225e+01,9.810000000000000497e+00
2.641743907911935363e-01,4.711334265505053853e-01,4.006760898419323702e-01,0.000000000000000000e+00,4.995271056945933985e+00,1.438136072422543377e-01,0.000000000000000000e+00,-5.141120605546984024e+00,2.053575265885840651e+01,9.810000000000000497e+00,-4.481681411993868096e+02,1.516318076386211033e+03,0.000000000000000000e+00,9.995858268219155462e-01,2.877802663052703852e-02,0.000000000000000000e+00,-2.877802663052703852e-02,9.995858268219155462e-01,0.000000000000000000e+00,0.000000000000000000e+00,-0.000000000000000000e+00,9.999999999999998890e-01,8.278883112239522335e-01,-4.546129189454453545e+00,-1.308828350396816498e-01,-0.000000000000000000e+00,-5.949914160925304785e-01,2.066663549389808807e+01,0.000000000000000000e+00,-5.141120605546984024e+00,2.053575265885840651e+01,9.810000000000000497e+00
2.644114179931777442e-01,4.723172954066510720e-01,4.007107545320433561e-01,0.000000000000000000e+00,4.994039840043561718e+00,1.487237535939771871e-01,0.000000000000000000e+00,-5.247886955243125762e+00,2.089553954683957926e+01,9.810000000000000497e+00,-4.527592995113482175e+02,1.519528780280903447e+03,-3.637978807091712952e-12,9.995568630926460196e-01,2.976705300141593846e-02,0.000000000000000000e+00,-2.976705300141593846e-02,9.995568630926460196e-01,0.000000000000000000e+00,0.000000000000000000e+00,-0.000000000000000000e+00,9.999999999999997780e-01,8.429624310441155011e-01,-4.621513918348111538e+00,-1.376298386152932929e-01,-0.000000000000000000e+00,-6.263730368950138905e-01,2.103316938545487247e+01,0.000000000000000000e+00,-5.247886955243125762e+00,2.089553954683957926e+01,9.810000000000000497e+00
2.646483874176654427e-01,4.735005817169061215e-01,4.007465843139355055e-01,0.000000000000000000e+00,4.992783496084128636e+00,1.537180447413220019e-01,0.000000000000000000e+00,-5.355726718055886515e+00,2.125600398795545232e+01,9.810000000000000497e+00,-4.574476714086831635e+02,1.522774547048364184e+03,0.000000000000000000e+00,9.995263848111304306e-01,3.077346367232508539e-02,0.000000000000000000e+00,-3.077346367232508539e-02,9.995263848111304306e-01,0.000000000000000000e+00,0.000000000000000000e+00,-0.000000000000000000e+00,9.999999999999998890e-01,8.580941873965854949e-01,-4.696843747399556790e+00,-1.446066383355145424e-01,-0.000000000000000000e+00,-6.588829706563295030e-01,2.140061062629096611e+01,0.000000000000000000e+00,-5.355726718055886515e+00,2.125600398795545232e+01,9.810000000000000497e+00
2.648852982950624657e-01,4.746832758524128781e-01,4.007835984453241851e-01,0.000000000000000000e+00,4.991501784681457110e+00,1.587965841709211845e-01,0.000000000000000000e+00,-5.464662118520674738e+00,2.161715221790572983e+01,9.810000000000000497e+00,-4.622340298300077848e+02,1.526051827796560246e+03,3.637978807091712952e-12,9.994943379642772241e-01,3.179730141617735650e-02,0.000000000000000000e+00,-3.179730141617735650e-02,9.994943379642772241e-01,0.000000000000000000e+00,0.000000000000000000e+00,-0.000000000000000000e+00,1.000000000000000000e+00,8.732844891731663672e-01,-4.772117442077112415e+00,-1.518172249061270629e-01,-0.000000000000000000e+00,-6.925446764435625457e-01,2.176896944281185853e+01,0.000000000000000000e+00,-5.464662118520674738e+00,2.161715221790572983e+01,9.810000000000000497e+00
2.651221500776119178e-01,4.758653681843137973e-01,4.008218161839250948e-01,0.000000000000000000e+00,4.990194459517994119e+00,1.639594760549214769e-01,0.000000000000000000e+00,-5.574715655789608704e+00,2.197899016654655213e+01,9.810000000000000497e+00,-4.671192761470792902e+02,1.529358575600213953e+03,-3.637978807091712952e-12,9.994606674220352094e-01,3.283860953664066717e-02,0.000000000000000000e+00,-3.283860953664066717e-02,9.994606674220352094e-01,0.000000000000000000e+00,0.000000000000000000e+00,-0.000000000000000000e+00,1.000000000000000000e+00,8.885342414826730151e-01,-4.847333818138741535e+00,-1.592655996740650060e-01,-0.000000000000000000e+00,-7.273818376508676131e-01,2.213825576622061675e+01,0.000000000000000000e+00,-5.574715655789608704e+00,2.197899016654655213e+01,9.810000000000000497e+00
2.653589422489172622e-01,4.770468490837509457e-01,4.008612567874532129e-01,0.000000000000000000e+00,4.988861269159126977e+00,1.692068252213632384e-01,0.000000000000000000e+00,-5.685910045219999986e+00,2.234152346253863541e+01,9.810000000000000497e+00,-4.721046007644872589e+02,1.532695592224183201e+03,-3.637978807091712952e-12,9.994253169263808134e-01,3.389743185852733126e-02,0.000000000000000000e+00,-3.389743185852733126e-02,9.994253169263808134e-01,0.000000000000000000e+00,0.000000000000000000e+00,-0.000000000000000000e+00,1.000000000000000222e+00,9.038443456478408855e-01,-4.922491680482960597e+00,-1.669557729701078019e-01,-0.000000000000000000e+00,-7.634183647370393899e-01,2.250847923550874441e+01,0.000000000000000000e+00,-5.685910045219999986e+00,2.234152346253863541e+01,9.810000000000000497e+00
2.655956736488446768e-01,4.782277089218666122e-01,4.009019395136242947e-01,0.000000000000000000e+00,4.987501960375098520e+00,1.745387372127404080e-01,0.000000000000000000e+00,-5.798268006312401468e+00,2.270475745322887562e+01,9.810000000000000497e+00,-4.771910768321286014e+02,1.536062303836355568e+03,3.637978807091712952e-12,9.993882290801811008e-01,3.497381271722108803e-02,0.000000000000000000e+00,-3.497381271722108803e-02,9.993882290801811008e-01,0.000000000000000000e+00,0.000000000000000000e+00,-0.000000000000000000e+00,9.999999999999997780e-01,9.192156986285417997e-01,-4.997589608049137766e+00,-1.748917566802939416e-01,-0.000000000000000000e+00,-8.006783982632633689e-01,2.287964920990916795e+01,0.000000000000000000e+00,-5.798268006312401468e+00,2.270475745322887562e+01,9.810000000000000497e+00
2.658323435487043307e-01,4.794079380698031967e-01,4.009438836201535405e-01,0.000000000000000000e+00,4.986116272888064138e+00,1.799553180544937181e-01,0.000000000000000000e+00,-5.911812605299262557e+00,2.306869714582685305e+01,9.810000000000000497e+00,-4.823794406302877178e+02,1.539454583490602090e+03,0.000000000000000000e+00,9.993493453359286738e-01,3.606779694756516441e-02,0.000000000000000000e+00,-3.606779694756516441e-02,9.993493453359286738e-01,0.000000000000000000e+00,0.000000000000000000e+00,-0.000000000000000000e+00,1.000000000000000000e+00,9.346491931233256167e-01,-5.072626295493592785e+00,-1.830775754951253775e-01,-0.000000000000000000e+00,-8.391863098056696613e-01,2.325177472132197920e+01,0.000000000000000000e+00,-5.911812605299262557e+00,2.306869714582685305e+01,9.810000000000000497e+00
2.660689516260626997e-01,4.805875268987028770e-01,4.009871083647562617e-01,0.000000000000000000e+00,4.984703939298690045e+00,1.854566741854258016e-01,0.000000000000000000e+00,-6.026567248307534541e+00,2.343334719407605604e+01,9.810000000000000497e+00,-4.876707326684881991e+02,1.542871241029104567e+03,3.637978807091712952e-12,9.993086059843027114e-01,3.717942987338124228e-02,0.000000000000000000e+00,-3.717942987338124228e-02,9.993086059843027114e-01,0.000000000000000000e+00,0.000000000000000000e+00,-0.000000000000000000e+00,1.000000000000000000e+00,9.501457172836698106e-01,-5.147600544476703455e+00,-1.915172673521006452e-01,-0.000000000000000000e+00,-8.789667038308306424e-01,2.362486446142815666e+01,0.000000000000000000e+00,-6.026567248307534541e+00,2.343334719407605604e+01,9.810000000000000497e+00
2.663054970963057433e-01,4.817664657797082195e-01,4.010316330051480471e-01,0.000000000000000000e+00,4.983264689428196448e+00,1.910429125494429448e-01,0.000000000000000000e+00,-6.142555408007989826e+00,2.379871193231550919e+01,9.810000000000000497e+00,-4.930662213149898889e+02,1.546313116444980551e+03,3.637978807091712952e-12,9.992659501426390811e-01,3.830875729553938347e-02,0.000000000000000000e+00,-3.830875729553938347e-02,9.992659501426390811e-01,0.000000000000000000e+00,0.000000000000000000e+00,-0.000000000000000000e+00,9.999999999999997780e-01,9.657061542117656439e-01,-5.222510987171634866e+00,-2.002148735802390667e-01,-0.000000000000000000e+00,-9.200444208363550702e-01,2.399892680589574923e+01,0.000000000000000000e+00,-6.142555408007989826e+00,2.379871193231550919e+01,9.810000000000000497e+00
2.665419789707546006e-01,4.829447450839614575e-01,4.010774767990442635e-01,0.000000000000000000e+00,4.981798249082648233e+00,1.967141404974105667e-01,0.000000000000000000e+00,-6.259800707271614861e+00,2.416479536192025179e+01,9.810000000000000497e+00,-4.985669162425638206e+02,1.549778435563428502e+03,3.637978807091712952e-12,9.992213157432540127e-01,3.945582548015082874e-02,0.000000000000000000e+00,-3.945582548015082874e-02,9.992213157432540127e-01,0.000000000000000000e+00,0.000000000000000000e+00,-0.000000000000000000e+00,9.999999999999997780e-01,9.813313820704698820e-01,-5.297356168045934233e+00,-2.091744413169880912e-01,-0.000000000000000000e+00,-9.624445392256809617e-01,2.437396980323724094e+01,0.000000000000000000e+00,-6.259800707271614861e+00,2.416479536192025179e+01,9.810000000000000497e+00
2.667783965650489253e-01,4.841223551826047133e-01,4.011246590041601667e-01,0.000000000000000000e+00,4.980304337356170841e+00,2.024704656219239729e-01,0.000000000000000000e+00,-6.378327080852553621e+00,2.453160110771524671e+01,9.810000000000000497e+00,-5.041734833507925941e+02,1.553262381421103782e+03,0.000000000000000000e+00,9.991746395216269949e-01,4.062068114675818770e-02,0.000000000000000000e+00,-4.062068114675818770e-02,9.991746395216269949e-01,0.000000000000000000e+00,0.000000000000000000e+00,-0.000000000000000000e+00,9.999999999999998890e-01,9.970222737650947797e-01,-5.372134704847885800e+00,-2.184000296760299498e-01,-0.000000000000000000e+00,-1.006192376004668043e+00,2.475000113739127627e+01,0.000000000000000000e+00,-6.378327080852553621e+00,2.453160110771524671e+01,9.810000000000000497e+00
2.670147498607843284e-01,4.852992864467803313e-01,4.011731988782112346e-01,0.000000000000000000e+00,4.978782664505258637e+00,2.083119955930655687e-01,0.000000000000000000e+00,-6.498158889819022122e+00,2.489913237592098483e+01,9.810000000000000497e+00,-5.098871859557311836e+02,1.556765160761089646e+03,-3.637978807091712952e-12,9.991258570044824205e-01,4.180337145564426427e-02,0.000000000000000000e+00,-4.180337145564426427e-02,9.991258570044824205e-01,0.000000000000000000e+00,0.000000000000000000e+00,-0.000000000000000000e+00,1.000000000000000000e+00,1.012779696519662043e+00,-5.446845402633968547e+00,-2.278957150708136592e-01,-0.000000000000000000e+00,-1.051313487185054019e+00,2.512702809099180001e+01,0.000000000000000000e+00,-6.498158889819022122e+00,2.489913237592098483e+01,9.810000000000000497e+00
2.672510376611599292e-01,4.864755292476307114e-01,4.012231156789128339e-01,0.000000000000000000e+00,4.977232941841442937e+00,2.142388384948540614e-01,0.000000000000000000e+00,-6.619320341554724152e+00,2.526739206954632166e+01,9.810000000000000497e+00,-5.157093672061746474e+02,1.560287657157088688e+03,0.000000000000000000e+00,9.990749024977477744e-01,4.300394399489121389e-02,0.000000000000000000e+00,-4.300394399489121389e-02,9.990749024977477744e-01,0.000000000000000000e+00,0.000000000000000000e+00,-0.000000000000000000e+00,1.000000000000000000e+00,1.028604511733568039e+00,-5.521486668165505485e+00,-2.376655672689797771e-01,-0.000000000000000000e+00,-1.097833673389218445e+00,2.550505763681530169e+01,0.000000000000000000e+00,-6.619320341554724152e+00,2.526739206954632166e+01,9.810000000000000497e+00
2.674872592247523051e-01,4.876510739562980312e-01,4.012744286639803870e-01,0.000000000000000000e+00,4.975654872985928456e+00,2.202511024075298751e-01,0.000000000000000000e+00,-6.741836005663696341e+00,2.563638267051793207e+01,9.810000000000000497e+00,-5.216407892131919652e+02,1.563825654820269847e+03,0.000000000000000000e+00,9.990217090743925832e-01,4.422244676722212470e-02,0.000000000000000000e+00,-4.422244676722212470e-02,9.990217090743925832e-01,0.000000000000000000e+00,0.000000000000000000e+00,-0.000000000000000000e+00,1.000000000000000000e+00,1.044497574678456830e+00,-5.596057027948173612e+00,-2.477136700603463082e-01,-0.000000000000000000e+00,-1.145778977715522728e+00,2.588409634057827802e+01,0.000000000000000000e+00,-6.741836005663696341e+00,2.563638267051793207e+01,9.810000000000000497e+00
2.677234141066163753e-01,4.888259109439249128e-01,4.013271570911293162e-01,0.000000000000000000e+00,4.974048154557927148e+00,2.263488953531064829e-01,0.000000000000000000e+00,-6.865730764195824065e+00,2.600610623730928950e+01,9.810000000000000497e+00,-5.276822726671471173e+02,1.567375572648939851e+03,0.000000000000000000e+00,9.989662085621661136e-01,4.545892817622378818e-02,0.000000000000000000e+00,-4.545892817622378818e-02,9.989662085621661136e-01,0.000000000000000000e+00,0.000000000000000000e+00,-0.000000000000000000e+00,1.000000000000000222e+00,1.060459734268935916e+00,-5.670555077111738562e+00,-2.580441197713466694e-01,-0.000000000000000000e+00,-1.195175687084085947e+00,2.626415035708063783e+01,0.000000000000000000e+00,-6.865730764195824065e+00,2.600610623730928950e+01,9.810000000000000497e+00
2.679595021085330875e-01,4.900000305816533119e-01,4.013813202180748774e-01,0.000000000000000000e+00,4.972412476307242812e+00,2.325323252196888901e-01,0.000000000000000000e+00,-6.991029796080177050e+00,2.637656439315407653e+01,9.810000000000000497e+00,-5.338352354318940343e+02,1.570938295748106611e+03,7.275957614183425903e-12,9.989083315312153877e-01,4.671343701252531067e-02,0.000000000000000000e+00,-4.671343701252531067e-02,9.989083315312153877e-01,0.000000000000000000e+00,0.000000000000000000e+00,-0.000000000000000000e+00,9.999999999999996669e-01,1.076491832718391661e+00,-5.744979462963123673e+00,-2.686610250512191378e-01,-0.000000000000000000e+00,-1.246050333117053821e+00,2.664522541820529611e+01,0.000000000000000000e+00,-6.991029796080177050e+00,2.637656439315407653e+01,9.810000000000000497e+00
2.681955220287169372e-01,4.911734232406256284e-01,4.014369373025326593e-01,0.000000000000000000e+00,4.970747528255638592e+00,2.388015000191091308e-01,0.000000000000000000e+00,-7.117758185207873289e+00,2.674775840878268696e+01,9.810000000000000497e+00,-5.401009318709584477e+02,1.574513423458789475e+03,-3.637978807091712952e-12,9.988480072816257049e-01,4.798602243909483311e-02,0.000000000000000000e+00,-4.798602243909483311e-02,9.988480072816257049e-01,0.000000000000000000e+00,0.000000000000000000e+00,-0.000000000000000000e+00,1.000000000000000000e+00,1.092594705186687110e+00,-5.819328488699916591e+00,-2.795684883020288503e-01,-0.000000000000000000e+00,-1.298429696507956699e+00,2.702732689708471625e+01,0.000000000000000000e+00,-7.117758185207873289e+00,2.674775840878268696e+01,9.810000000000000497e+00
2.684314732691564509e-01,4.923460792919841511e-01,4.014940276022178622e-01,0.000000000000000000e+00,4.969052991553790655e+00,2.451565273964078640e-01,0.000000000000000000e+00,-7.245941425542827830e+00,2.711968907517927363e+01,9.810000000000000497e+00,-5.464798781325443997e+02,1.578094954767700983e+03,-3.637978807091712952e-12,9.987851638308467006e-01,4.927673397647887310e-02,0.000000000000000000e+00,-4.927673397647887310e-02,9.987851638308467006e-01,0.000000000000000000e+00,0.000000000000000000e+00,-0.000000000000000000e+00,1.000000000000000000e+00,1.108769179608465993e+00,-5.893600622021048174e+00,-2.907706286916035832e-01,-0.000000000000000000e+00,-1.352340803521779211e+00,2.741045970387087749e+01,0.000000000000000000e+00,-7.245941425542827830e+00,2.711968907517927363e+01,9.810000000000000497e+00
2.686673558168133913e-01,4.935179891068712243e-01,4.015526103748460196e-01,0.000000000000000000e+00,4.967328538325902265e+00,2.515975145222386633e-01,0.000000000000000000e+00,-7.375605414140344429e+00,2.749235668312437042e+01,9.810000000000000497e+00,-5.529732734617155074e+02,1.581681835931150999e+03,-3.637978807091712952e-12,9.987197279010336937e-01,5.058562148758372068e-02,0.000000000000000000e+00,-5.058562148758372068e-02,9.987197279010336937e-01,0.000000000000000000e+00,0.000000000000000000e+00,-0.000000000000000000e+00,9.999999999999998890e-01,1.125016076223090300e+00,-5.967794488234465788e+00,-3.022715829715059144e-01,-0.000000000000000000e+00,-1.407810925905878641e+00,2.779462826609587722e+01,0.000000000000000000e+00,-7.375605414140344429e+00,2.749235668312437042e+01,9.810000000000000497e+00
2.689031688304435730e-01,4.946891430564294145e-01,4.016127048781324982e-01,0.000000000000000000e+00,4.965573839948249635e+00,2.581245684182689737e-01,0.000000000000000000e+00,-7.506776008622561669e+00,2.786576112689305162e+01,9.810000000000000497e+00,-5.595826033211706090e+02,1.585274992375569127e+03,0.000000000000000000e+00,9.986516249063184247e-01,5.191273516170951535e-02,0.000000000000000000e+00,-5.191273516170951535e-02,9.986516249063184247e-01,0.000000000000000000e+00,0.000000000000000000e+00,-0.000000000000000000e+00,9.999999999999998890e-01,1.141336207333080610e+00,-6.041908422804760370e+00,-3.140754833836961191e-01,-0.000000000000000000e+00,-1.464867585817801077e+00,2.817983661027674813e+01,0.000000000000000000e+00,-7.506776008622561669e+00,2.786576112689305162e+01,9.810000000000000497e+00
2.691389114781015390e-01,4.958595315118003999e-01,4.016743303697926093e-01,0.000000000000000000e+00,4.963788562190847742e+00,2.647377956489476714e-01,0.000000000000000000e+00,-7.639479289525720418e+00,2.823990182745674815e+01,9.810000000000000497e+00,-5.663087269495845248e+02,1.588870846345140308e+03,0.000000000000000000e+00,9.985807789399758772e-01,5.325812549866101864e-02,0.000000000000000000e+00,-5.325812549866101864e-02,9.985807789399758772e-01,0.000000000000000000e+00,0.000000000000000000e+00,-0.000000000000000000e+00,1.000000000000000000e+00,1.157730376947804896e+00,-6.115940735974757736e+00,-3.261864699665883993e-01,-0.000000000000000000e+00,-1.523538553550962238e+00,2.856608829742333810e+01,0.000000000000000000e+00,-7.639479289525720418e+00,2.823990182745674815e+01,9.810000000000000497e+00
2.693745833632502085e-01,4.970291448441270798e-01,4.017375061075418863e-01,0.000000000000000000e+00,4.961972362533287217e+00,2.714373020891442945e-01,0.000000000000000000e+00,-7.773741692461723751e+00,2.861477768015656409e+01,9.810000000000000497e+00,-5.731522169655399921e+02,1.592464039590660832e+03,0.000000000000000000e+00,9.985071127615465780e-01,5.462184329185629933e-02,0.000000000000000000e+00,-5.462184329185629933e-02,9.985071127615465780e-01,0.000000000000000000e+00,0.000000000000000000e+00,-0.000000000000000000e+00,1.000000000000000000e+00,1.174199380371495849e+00,-6.189889846747980151e+00,-3.386086978067055497e-01,-0.000000000000000000e+00,-1.583851845713743600e+00,2.895338637796326964e+01,0.000000000000000000e+00,-7.773741692461723751e+00,2.861477768015656409e+01,9.810000000000000497e+00
2.696101845764794502e-01,4.981979734245512992e-01,4.018022513490955294e-01,0.000000000000000000e+00,4.960124889636726486e+00,2.782231927906180236e-01,0.000000000000000000e+00,-7.909590022858739466e+00,2.899038703570483122e+01,9.810000000000000497e+00,-5.801146315171499737e+02,1.596055499697438790e+03,3.637978807091712952e-12,9.984305477838731901e-01,5.600393961137934556e-02,0.000000000000000000e+00,-5.600393961137934556e-02,9.984305477838731901e-01,0.000000000000000000e+00,0.000000000000000000e+00,-0.000000000000000000e+00,1.000000000000000222e+00,1.190744003986865973e+00,-6.263754298337089743e+00,-3.513463387545746053e-01,-0.000000000000000000e+00,-1.645835724521649501e+00,2.934173337445940533e+01,0.000000000000000000e+00,-7.909590022858739466e+00,2.899038703570483122e+01,9.810000000000000497e+00
2.698457138645128928e-01,4.993660076242156798e-01,4.018685853521690166e-01,0.000000000000000000e+00,4.958245794725410605e+00,2.850955725259362583e-01,0.000000000000000000e+00,-8.047050884503804014e+00,2.936672784938492242e+01,9.810000000000000497e+00,-5.871973644631761999e+02,1.599645134109865467e+03,0.000000000000000000e+00,9.983510040600785951e-01,5.740446578649577997e-02,0.000000000000000000e+00,-5.740446578649577997e-02,9.983510040600785951e-01,0.000000000000000000e+00,0.000000000000000000e+00,-0.000000000000000000e+00,1.000000000000000000e+00,1.207365024709724288e+00,-6.337532179938762944e+00,-3.644035491671803739e-01,-0.000000000000000000e+00,-1.709518704565041958e+00,2.973113139855210107e+01,0.000000000000000000e+00,-8.047050884503804014e+00,2.936672784938492242e+01,9.810000000000000497e+00
2.700811707275856399e-01,5.005332378142627325e-01,4.019365273744778255e-01,0.000000000000000000e+00,4.956334718593023325e+00,2.920545449890785683e-01,0.000000000000000000e+00,-8.186151332159553817e+00,2.974379748077948094e+01,9.810000000000000497e+00,-5.944006448405561969e+02,1.603225469334021909e+03,3.637978807091712952e-12,9.982684002705120019e-01,5.882347338735487152e-02,0.000000000000000000e+00,-5.882347338735487152e-02,9.982684002705120019e-01,0.000000000000000000e+00,0.000000000000000000e+00,-0.000000000000000000e+00,1.000000000000000000e+00,1.224063209599144164e+00,-6.411221788269453548e+00,-3.777845057907298632e-01,-0.000000000000000000e+00,-1.774929543890100936e+00,3.012158198657020947e+01,0.000000000000000000e+00,-8.186151332159553817e+00,2.974379748077948094e+01,9.810000000000000497e+00
2.703165553670731081e-01,5.016996543658340801e-01,4.020060966737373231e-01,0.000000000000000000e+00,4.954391291621814020e+00,2.991002126709880748e-01,0.000000000000000000e+00,-8.326918852639947133e+00,3.012159268019262726e+01,9.810000000000000497e+00,-6.017257533911979408e+02,1.606795483054003853e+03,-3.637978807091712952e-12,9.981826537096316621e-01,6.026101420651212848e-02,0.000000000000000000e+00,-6.026101420651212848e-02,9.981826537096316621e-01,0.000000000000000000e+00,0.000000000000000000e+00,-0.000000000000000000e+00,9.999999999999998890e-01,1.240839315612938698e+00,-6.484821609909665163e+00,-3.914934062510171398e-01,-0.000000000000000000e+00,-1.842097242730281526e+00,3.051308608644364284e+01,0.000000000000000000e+00,-8.326918852639947133e+00,3.012159268019262726e+01,9.810000000000000497e+00
2.705518669253167974e-01,5.028652476500725665e-01,4.020773125076628207e-01,0.000000000000000000e+00,4.952415145026474619e+00,3.062326774263826046e-01,0.000000000000000000e+00,-8.469380816537041667e+00,3.050010974456439428e+01,9.810000000000000497e+00,-6.091743022758855659e+02,1.610356129110492475e+03,3.637978807091712952e-12,9.980936802728469504e-01,6.171714024000139048e-02,0.000000000000000000e+00,-6.171714024000139048e-02,9.980936802728469504e-01,0.000000000000000000e+00,0.000000000000000000e+00,-0.000000000000000000e+00,1.000000000000000000e+00,1.257694089202159304e+00,-6.558329766107524605e+00,-4.055344362108221912e-01,-0.000000000000000000e+00,-1.911051050429517062e+00,3.090564418077521580e+01,0.000000000000000000e+00,-8.469380816537041667e+00,3.050010974456439428e+01,9.810000000000000497e+00
2.707871046793658421e-01,5.040300080381202585e-01,4.021501941339696851e-01,0.000000000000000000e+00,4.950405903284838871e+00,3.134520399458880502e-01,0.000000000000000000e+00,-8.613564847337066510e+00,3.087934438690938777e+01,9.810000000000000497e+00,-6.167468784333141230e+02,1.613902246917576122e+03,-3.637978807091712952e-12,9.980013944433312467e-01,6.319190366784424584e-02,0.000000000000000000e+00,-6.319190366784424584e-02,9.980013944433312467e-01,0.000000000000000000e+00,0.000000000000000000e+00,-0.000000000000000000e+00,9.999999999999996669e-01,1.274628265677716810e+00,-6.631744388711833693e+00,-4.199117905992472144e-01,-0.000000000000000000e+00,-1.981820458625232817e+00,3.129925617750863509e+01,0.000000000000000000e+00,-8.613564847337066510e+00,3.087934438690938777e+01,9.810000000000000497e+00
2.710222685189296321e-01,5.051939259011195560e-01,4.022247608103735050e-01,0.000000000000000000e+00,4.948363180842022757e+00,3.207583994346160372e-01,0.000000000000000000e+00,-8.759498966696813937e+00,3.125929167200533598e+01,9.810000000000000497e+00,-6.244440769575958257e+02,1.617428860334854107e+03,0.000000000000000000e+00,9.979057092788434780e-01,6.468535683358644928e-02,0.000000000000000000e+00,-6.468535683358644928e-02,9.979057092788434780e-01,0.000000000000000000e+00,0.000000000000000000e+00,-0.000000000000000000e+00,1.000000000000000000e+00,1.291642568880668307e+00,-6.705063769793193629e+00,-4.346296834542224818e-01,-0.000000000000000000e+00,-2.054435196903619865e+00,3.169392135545955824e+01,0.000000000000000000e+00,-8.759498966696813937e+00,3.125929167200533598e+01,9.810000000000000497e+00
2.712573583952807565e-01,5.063569916102128587e-01,4.023010317945894254e-01,0.000000000000000000e+00,4.946286585579897199e+00,3.281518537106628552e-01,0.000000000000000000e+00,-8.907211420972929616e+00,3.163994605864713350e+01,9.810000000000000497e+00,-6.322675762992657837e+02,1.620936923841290991e+03,0.000000000000000000e+00,9.978065363984900404e-01,6.619755222399688332e-02,0.000000000000000000e+00,-6.619755222399688332e-02,9.978065363984900404e-01,0.000000000000000000e+00,0.000000000000000000e+00,-0.000000000000000000e+00,1.000000000000000000e+00,1.308737710929619658e+00,-6.778286187374479077e+00,-4.496923376524373239e-01,-0.000000000000000000e+00,-2.128925233598450539e+00,3.208963839629956993e+01,0.000000000000000000e+00,-8.907211420972929616e+00,3.163994605864713350e+01,9.810000000000000497e+00
2.714923732318252347e-01,5.075191955365422336e-01,4.023790263443329795e-01,0.000000000000000000e+00,4.944175726218197120e+00,3.356324995980489168e-01,0.000000000000000000e+00,-9.056730342269897704e+00,3.202130149656941427e+01,9.810000000000000497e+00,-6.402186225308614667e+02,1.624425028236044454e+03,0.000000000000000000e+00,9.977037859695001565e-01,6.772854244796758239e-02,0.000000000000000000e+00,-6.772854244796758239e-02,9.977037859695001565e-01,0.000000000000000000e+00,0.000000000000000000e+00,-0.000000000000000000e+00,1.000000000000000222e+00,1.325914391418531624e+00,-6.851409562696013644e+00,-4.651039616378218056e-01,-0.000000000000000000e+00,-2.205320779573884948e+00,3.248640545820723702e+01,0.000000000000000000e+00,-9.056730342269897704e+00,3.202130149656941427e+01,9.810000000000000497e+00
2.717273126399558647e-01,5.086805280512500804e-01,4.024587637173196453e-01,0.000000000000000000e+00,4.942030200768640746e+00,3.432004320681807386e-01,0.000000000000000000e+00,-9.208084275605131097e+00,3.240335123361906966e+01,9.810000000000000497e+00,-6.482969682085349632e+02,1.627883922326785978e+03,-3.637978807091712952e-12,9.975973666940389784e-01,6.927838021431421967e-02,0.000000000000000000e+00,-6.927838021431421967e-02,9.975973666940389784e-01,0.000000000000000000e+00,0.000000000000000000e+00,-0.000000000000000000e+00,1.000000000000000000e+00,1.343173297141405653e+00,-6.924431999143509486e+00,-4.808687841614512903e-01,-0.000000000000000000e+00,-2.283652276461622055e+00,3.288422001778052106e+01,0.000000000000000000e+00,-9.208084275605131097e+00,3.240335123361906966e+01,9.810000000000000497e+00
2.719621773127080533e-01,5.098409795254787991e-01,4.025402631712645674e-01,0.000000000000000000e+00,4.939849593488836454e+00,3.508557438803467377e-01,0.000000000000000000e+00,-9.361302295074105828e+00,3.278608774927271696e+01,9.810000000000000497e+00,-6.565043400704998930e+02,1.631314485972281545e+03,-3.637978807091712952e-12,9.974871857959718424e-01,7.084711831001018478e-02,0.000000000000000000e+00,-7.084711831001018478e-02,9.974871857959718424e-01,0.000000000000000000e+00,0.000000000000000000e+00,-0.000000000000000000e+00,1.000000000000000222e+00,1.360515101763638324e+00,-6.997351904518445131e+00,-4.969910644421987600e-01,-0.000000000000000000e+00,-2.363950390555660253e+00,3.328307881371491561e+01,0.000000000000000000e+00,-9.361302295074105828e+00,3.278608774927271696e+01,9.810000000000000497e+00
2.721969658710155504e-01,5.110005403303705673e-01,4.026235439638832792e-01,0.000000000000000000e+00,4.937633496746695272e+00,3.585985269953277932e-01,0.000000000000000000e+00,-9.516413030440583398e+00,3.316950309255559404e+01,9.810000000000000497e+00,-6.648424490389079438e+02,1.634717688185148290e+03,0.000000000000000000e+00,9.973731490076895856e-01,7.243480957719959645e-02,0.000000000000000000e+00,-7.243480957719959645e-02,9.973731490076895856e-01,0.000000000000000000e+00,0.000000000000000000e+00,-0.000000000000000000e+00,1.000000000000000222e+00,1.377940465003451243e+00,-7.070167000854539197e+00,-5.134750227589599536e-01,-0.000000000000000000e+00,-2.446246029586044646e+00,3.368297811531455466e+01,0.000000000000000000e+00,-9.516413030440583398e+00,3.316950309255559404e+01,9.810000000000000497e+00
2.724316779683641498e-01,5.121592008370678961e-01,4.027086253528912030e-01,0.000000000000000000e+00,4.935381489560159096e+00,3.664288709798172450e-01,0.000000000000000000e+00,-9.673445618278414315e+00,3.355358851672359322e+01,9.810000000000000497e+00,-6.733108598953731416e+02,1.638083652632805752e+03,0.000000000000000000e+00,9.972551605569803801e-01,7.404150688952257364e-02,0.000000000000000000e+00,-7.404150688952257364e-02,9.972551605569803801e-01,0.000000000000000000e+00,0.000000000000000000e+00,-0.000000000000000000e+00,9.999999999999998890e-01,1.395450032193722434e+00,-7.142875298441212273e+00,-5.303249073438286443e-01,-0.000000000000000000e+00,-2.530570319837202486e+00,3.408391342406741842e+01,0.000000000000000000e+00,-9.673445618278414315e+00,3.355358851672359322e+01,9.810000000000000497e+00
2.726663140874324154e-01,5.133169514167128522e-01,4.027955265960038167e-01,0.000000000000000000e+00,4.933093138650576748e+00,3.743468629114178881e-01,0.000000000000000000e+00,-9.832429633268322533e+00,3.393833447910916590e+01,9.810000000000000497e+00,-6.819108299551662640e+02,1.641410876400826965e+03,3.637978807091712952e-12,9.971331231539255491e-01,7.566726312810782840e-02,0.000000000000000000e+00,-7.566726312810782840e-02,9.971331231539255491e-01,0.000000000000000000e+00,0.000000000000000000e+00,-0.000000000000000000e+00,9.999999999999998890e-01,1.413044433945878753e+00,-7.215475030581727012e+00,-5.475449917924732901e-01,-0.000000000000000000e+00,-2.616954602686596409e+00,3.448587947090163652e+01,0.000000000000000000e+00,-9.832429633268322533e+00,3.393833447910916590e+01,9.810000000000000497e+00
2.729008734777076950e-01,5.144737824404477244e-01,4.028842669509362651e-01,0.000000000000000000e+00,4.930768013135453209e+00,3.823525883481425636e-01,0.000000000000000000e+00,-9.993394452500949043e+00,3.432373087499252762e+01,9.810000000000000497e+00,-6.906441247810398636e+02,1.644700333256449085e+03,0.000000000000000000e+00,9.970069379778375707e-01,7.731213115712447237e-02,0.000000000000000000e+00,-7.731213115712447237e-02,9.970069379778375707e-01,0.000000000000000000e+00,0.000000000000000000e+00,-0.000000000000000000e+00,1.000000000000000000e+00,1.430724285579531685e+00,-7.287964006951244578e+00,-5.651395268287910945e-01,-0.000000000000000000e+00,-2.705430445549704910e+00,3.488887040182132182e+01,0.000000000000000000e+00,-9.993394452500949043e+00,3.432373087499252762e+01,9.810000000000000497e+00
2.731353555361351049e-01,5.156296842794150237e-01,4.029748656754040814e-01,0.000000000000000000e+00,4.928405674777081025e+00,3.904461305039830243e-01,0.000000000000000000e+00,-1.015636967356406650e+01,3.470976685326358080e+01,9.810000000000000497e+00,-6.995107802395650651e+02,1.647944851101376116e+03,3.637978807091712952e-12,9.968765046642824590e-01,7.897616379847020862e-02,0.000000000000000000e+00,-7.897616379847020862e-02,9.968765046642824590e-01,0.000000000000000000e+00,0.000000000000000000e+00,-0.000000000000000000e+00,1.000000000000000000e+00,1.448490186380807510e+00,-7.360340045930150232e+00,-5.831127711005491543e-01,-0.000000000000000000e+00,-2.796029627633916270e+00,3.529287962436413295e+01,0.000000000000000000e+00,-1.015636967356406650e+01,3.470976685326358080e+01,9.810000000000000497e+00
2.733697605711946088e-01,5.167846473047569278e-01,4.030673420271226326e-01,0.000000000000000000e+00,4.926005672214254894e+00,3.986275696465140239e-01,0.000000000000000000e+00,-1.032138534104707794e+01,3.509643069847341224e+01,9.810000000000000497e+00,-7.085113198798535450e+02,1.651139583982367185e+03,-3.637978807091712952e-12,9.967417212921975134e-01,8.065941380562625940e-02,0.000000000000000000e+00,-8.065941380562625940e-02,9.967417212921975134e-01,0.000000000000000000e+00,0.000000000000000000e+00,-0.000000000000000000e+00,1.000000000000000000e+00,1.466342719149525964e+00,-7.432601212609661445e+00,-6.014690105304967283e-01,-0.000000000000000000e+00,-2.888784128437416943e+00,3.569789970900390585e+01,0.000000000000000000e+00,-1.032138534104707794e+01,3.509643069847341224e+01,9.810000000000000497e+00
2.736040883985884076e-01,5.179386618876159476e-01,4.031617152638073409e-01,0.000000000000000000e+00,4.923567551137253417e+00,4.068969837520859389e-01,0.000000000000000000e+00,-1.048847151250215681e+01,3.548370999202945342e+01,9.810000000000000497e+00,-7.176475578623649199e+02,1.654285502060767612e+03,7.275957614183425903e-12,9.966024843710626913e-01,8.236193383733597662e-02,0.000000000000000000e+00,-8.236193383733597662e-02,9.966024843710626913e-01,0.000000000000000000e+00,0.000000000000000000e+00,-0.000000000000000000e+00,1.000000000000000000e+00,1.484282449648812729e+00,-7.504745378788824084e+00,-6.202125240977428566e-01,-0.000000000000000000e+00,-2.983726133713332729e+00,3.610392251612719861e+01,0.000000000000000000e+00,-1.048847151250215681e+01,3.548370999202945342e+01,9.810000000000000497e+00
2.738383381930931115e-01,5.190917183991339279e-01,4.032580046431736287e-01,0.000000000000000000e+00,4.921090855554925980e+00,4.152544485089660897e-01,0.000000000000000000e+00,-1.065765820881325077e+01,3.587159162135993284e+01,9.810000000000000497e+00,-7.269199886893802613e+02,1.657377812976439600e+03,3.637978807091712952e-12,9.964586888282078725e-01,8.408377643022903192e-02,0.000000000000000000e+00,-8.408377643022903192e-02,9.964586888282078725e-01,0.000000000000000000e+00,0.000000000000000000e+00,-0.000000000000000000e+00,1.000000000000000000e+00,1.502309925983368988e+00,-7.576770176682354752e+00,-6.393475783211529651e-01,-0.000000000000000000e+00,-3.080888032130895571e+00,3.651093919968108281e+01,0.000000000000000000e+00,-1.065765820881325077e+01,3.587159162135993284e+01,9.810000000000000497e+00
2.740725101304868350e-01,5.202438072104536015e-01,4.033562294229368073e-01,0.000000000000000000e+00,4.918575115433913680e+00,4.237000361600575249e-01,0.000000000000000000e+00,-1.082897590534807541e+01,3.626006153913778007e+01,9.810000000000000497e+00,-7.363283815530776337e+02,1.660408666827541310e+03,0.000000000000000000e+00,9.963102279962083863e-01,8.582499397112247630e-02,0.000000000000000000e+00,-8.582499397112247630e-02,9.963102279962083863e-01,0.000000000000000000e+00,0.000000000000000000e+00,-0.000000000000000000e+00,1.000000000000000000e+00,1.520425678007384596e+00,-7.648673510965663169e+00,-6.588784692956203282e-01,-0.000000000000000000e+00,-3.180302394382412690e+00,3.691894000843340251e+01,0.000000000000000000e+00,-1.082897590534807541e+01,3.626006153913778007e+01,9.810000000000000497e+00
2.743066045199504255e-01,5.213949186927169244e-01,4.034564088608123544e-01,0.000000000000000000e+00,4.916019853005465734e+00,4.322338158521557006e-01,0.000000000000000000e+00,-1.100245526052213485e+01,3.664910485629264514e+01,9.810000000000000497e+00,-7.458745923083770322e+02,1.663379026315931696e+03,0.000000000000000000e+00,9.961569936004358583e-01,8.758563866834105649e-02,0.000000000000000000e+00,-8.758563866834105649e-02,9.961569936004358583e-01,0.000000000000000000e+00,0.000000000000000000e+00,-0.000000000000000000e+00,1.000000000000000000e+00,1.538630216712226106e+00,-7.720453286776518098e+00,-6.788095011885668661e-01,-0.000000000000000000e+00,-3.282001973745616752e+00,3.732791435748121245e+01,0.000000000000000000e+00,-1.100245526052213485e+01,3.664910485629264514e+01,9.810000000000000497e+00
2.745406203538148793e-01,5.225450432170666293e-01,4.035585622145154705e-01,0.000000000000000000e+00,4.913424593988295008e+00,4.408558544910737842e-01,0.000000000000000000e+00,-1.117812667194606036e+01,3.703870603553539098e+01,9.810000000000000497e+00,-7.555595305758433824e+02,1.666286055256045074e+03,0.000000000000000000e+00,9.959988757467246323e-01,8.936576252268361997e-02,0.000000000000000000e+00,-8.936576252268361997e-02,9.959988757467246323e-01,0.000000000000000000e+00,0.000000000000000000e+00,-0.000000000000000000e+00,1.000000000000000222e+00,1.556924033585442402e+00,-7.792106957438002190e+00,-6.991449457085848751e-01,-0.000000000000000000e+00,-3.386019714508059053e+00,3.773785098124397308e+01,0.000000000000000000e+00,-1.117812667194606036e+01,3.703870603553539098e+01,9.810000000000000497e+00
2.747745577219408153e-01,5.236941711546446721e-01,4.036627087417617998e-01,0.000000000000000000e+00,4.910788849045352400e+00,4.495662149896361148e-01,0.000000000000000000e+00,-1.135602099679761778e+01,3.742884852590233180e+01,9.810000000000000497e+00,-7.653822167339421867e+02,1.669119300125152222e+03,-3.637978807091712952e-12,9.958357629092255969e-01,9.116541729735500033e-02,0.000000000000000000e+00,-9.116541729735500033e-02,9.958357629092255969e-01,0.000000000000000000e+00,0.000000000000000000e+00,-0.000000000000000000e+00,1.000000000000000222e+00,1.575307599839764761e+00,-7.863632276493252249e+00,-7.198891068795694181e-01,-0.000000000000000000e+00,-3.492388720304365979e+00,3.814873763278190211e+01,0.000000000000000000e+00,-1.135602099679761778e+01,3.742884852590233180e+01,9.810000000000000497e+00
2.750084173439562019e-01,5.248422928765934525e-01,4.037688677002665982e-01,0.000000000000000000e+00,4.908112117075051906e+00,4.583649563503893742e-01,0.000000000000000000e+00,-1.153616940022387283e+01,3.781951480308415370e+01,9.810000000000000497e+00,-7.753445404229496489e+02,1.671879719012053101e+03,-3.637978807091712952e-12,9.956675419184284337e-01,9.298465448725633242e-02,0.000000000000000000e+00,-9.298465448725633242e-02,9.956675419184284337e-01,0.000000000000000000e+00,0.000000000000000000e+00,-0.000000000000000000e+00,9.999999999999998890e-01,1.593781365900313496e+00,-7.935027150445533195e+00,-7.410463100057793628e-01,-0.000000000000000000e+00,-3.601142249778340521e+00,3.856056111308993195e+01,0.000000000000000000e+00,-1.153616940022387283e+01,3.781951480308415370e+01,9.810000000000000497e+00
2.752421980747763453e-01,5.259893987540553706e-01,4.038770583477453435e-01,0.000000000000000000e+00,4.905393904932342508e+00,4.672521353460720728e-01,0.000000000000000000e+00,-1.171860259971921536e+01,3.821068673249000369e+01,9.810000000000000497e+00,-7.854477499131135119e+02,1.674565956472855760e+03,0.000000000000000000e+00,9.954940979493468456e-01,9.482352528785548129e-02,0.000000000000000000e+00,-9.482352528785548129e-02,9.954940979493468456e-01,0.000000000000000000e+00,0.000000000000000000e+00,-0.000000000000000000e+00,1.000000000000000222e+00,1.612345760754242185e+00,-8.006288862513212479e+00,-7.626208291744452916e-01,-0.000000000000000000e+00,-3.712313737206002884e+00,3.897330756166444843e+01,0.000000000000000000e+00,-1.171860259971921536e+01,3.821068673249000369e+01,9.810000000000000497e+00
2.754758999703434963e-01,5.271354791581724930e-01,4.039872999419132360e-01,0.000000000000000000e+00,4.902633703304984714e+00,4.762278041584139809e-01,0.000000000000000000e+00,-1.190335177523651744e+01,3.860234508589049085e+01,9.810000000000000497e+00,-7.956901562616876618e+02,1.677165440924523864e+03,0.000000000000000000e+00,9.953153145099247201e-01,9.668208056310016729e-02,0.000000000000000000e+00,-9.668208056310016729e-02,9.953153145099247201e-01,0.000000000000000000e+00,0.000000000000000000e+00,-0.000000000000000000e+00,1.000000000000000222e+00,1.631001191143649276e+00,-8.077415025848276642e+00,-7.846169740241366597e-01,-0.000000000000000000e+00,-3.825936749388241243e+00,3.938696205991463017e+01,0.000000000000000000e+00,-1.190335177523651744e+01,3.860234508589049085e+01,9.810000000000000497e+00
2.757095240675527248e-01,5.282805244600874417e-01,4.040996117404858645e-01,0.000000000000000000e+00,4.899830988055952297e+00,4.852920102649114220e-01,0.000000000000000000e+00,-1.209044848971007902e+01,3.899446953858831222e+01,9.810000000000000497e+00,-8.060736720034801692e+02,1.679679112456695293e+03,-7.275957614183425903e-12,9.951310734296697769e-01,9.856037081257973398e-02,0.000000000000000000e+00,-9.856037081257973398e-02,9.951310734296697769e-01,0.000000000000000000e+00,0.000000000000000000e+00,-0.000000000000000000e+00,1.000000000000000000e+00,1.649748040826284345e+00,-8.148403513258495323e+00,-8.070390858456536476e-01,-0.000000000000000000e+00,-3.942044976451583693e+00,3.980150862443396420e+01,0.000000000000000000e+00,-1.209044848971007902e+01,3.899446953858831222e+01,9.810000000000000497e+00
2.759430691341758779e-01,5.294245250309423945e-01,4.042140130011785404e-01,0.000000000000000000e+00,4.896985246567831851e+00,4.944447988592873267e-01,0.000000000000000000e+00,-1.227992371227990986e+01,3.938703917682730093e+01,9.810000000000000497e+00,-8.165997645377865410e+02,1.682106523901893524e+03,3.637978807091712952e-12,9.949412548485262464e-01,1.004584461378920379e-01,0.000000000000000000e+00,-1.004584461378920379e-01,9.949412548485262464e-01,0.000000000000000000e+00,0.000000000000000000e+00,-0.000000000000000000e+00,9.999999999999997780e-01,1.668586669943019407e+00,-8.219251448132359528e+00,-8.298914381851645317e-01,-0.000000000000000000e+00,-4.060672264147551225e+00,4.021693061501246547e+01,0.000000000000000000e+00,-1.227992371227990986e+01,3.938703917682730093e+01,9.810000000000000497e+00
2.761765352493525394e-01,5.305674712418794181e-01,4.043305229817066859e-01,0.000000000000000000e+00,4.894095948844642940e+00,5.036862098900751761e-01,0.000000000000000000e+00,-1.247180887417198925e+01,3.978003190627285335e+01,9.810000000000000497e+00,-8.272661150211679342e+02,1.684433556062358548e+03,0.000000000000000000e+00,9.947457372059789193e-01,1.023763562085188566e-01,0.000000000000000000e+00,-1.023763562085188566e-01,9.947457372059789193e-01,0.000000000000000000e+00,0.000000000000000000e+00,-0.000000000000000000e+00,1.000000000000000000e+00,1.687517414234326107e+00,-8.289956315392229769e+00,-8.531783439268144642e-01,-0.000000000000000000e+00,-4.181852558779759477e+00,4.063321025019966726e+01,0.000000000000000000e+00,-1.247180887417198925e+01,3.978003190627285335e+01,9.810000000000000497e+00
2.764099236641130442e-01,5.317093534640411345e-01,4.044491609397857235e-01,0.000000000000000000e+00,4.891162548195734594e+00,5.130162778614585362e-01,0.000000000000000000e+00,-1.266613581135637645e+01,4.017342443620635350e+01,9.810000000000000497e+00,-8.380746486423231545e+02,1.686661142995755654e+03,0.000000000000000000e+00,9.945443972304631730e-01,1.043141502265858001e-01,0.000000000000000000e+00,-1.043141502265858001e-01,9.945443972304631730e-01,0.000000000000000000e+00,0.000000000000000000e+00,-0.000000000000000000e+00,1.000000000000000000e+00,1.706540584327279175e+00,-8.360515916124237279e+00,-8.769041539774027338e-01,-0.000000000000000000e+00,-4.305619895232139172e+00,4.105032859018375291e+01,0.000000000000000000e+00,-1.266613581135637645e+01,4.017342443620635350e+01,9.810000000000000497e+00
2.766432331145101675e-01,5.328501620685697215e-01,4.045699461331309088e-01,0.000000000000000000e+00,4.888184511890974804e+00,5.224350348411513911e-01,0.000000000000000000e+00,-1.286293566431673163e+01,4.056719288867293471e+01,9.810000000000000497e+00,-8.490268848489031370e+02,1.688789098782843212e+03,0.000000000000000000e+00,9.943371099290225779e-01,1.062718768912962325e-01,0.000000000000000000e+00,-1.062718768912962325e-01,9.943371099290225779e-01,0.000000000000000000e+00,0.000000000000000000e+00,-0.000000000000000000e+00,1.000000000000000000e+00,1.725656464939808732e+00,-8.430927225617706355e+00,-9.010731383285880414e-01,-0.000000000000000000e+00,-4.432008438699025277e+00,4.146826602700152620e+01,0.000000000000000000e+00,-1.286293566431673163e+01,4.056719288867293471e+01,9.810000000000000497e+00
2.768764637649873683e-01,5.339898874266075790e-01,4.046928978194578308e-01,0.000000000000000000e+00,4.885161288508958144e+00,5.319425069359956515e-01,0.000000000000000000e+00,-1.306224003121979749e+01,4.096131210926257893e+01,9.810000000000000497e+00,-8.601199989048946009e+02,1.690802390437049326e+03,3.637978807091712952e-12,9.941237485773269933e-01,1.082495843620830400e-01,0.000000000000000000e+00,-1.082495843620830400e-01,9.941237485773269933e-01,0.000000000000000000e+00,0.000000000000000000e+00,-0.000000000000000000e+00,1.000000000000000222e+00,1.744865313972628451e+00,-8.501187614104733115e+00,-9.256896107027715592e-01,-0.000000000000000000e+00,-4.561052417115064372e+00,4.188700171996534749e+01,0.000000000000000000e+00,-1.306224003121979749e+01,4.096131210926257893e+01,9.810000000000000497e+00
2.771096169678763377e-01,5.351285199092967737e-01,4.048180352564817452e-01,0.000000000000000000e+00,4.882092309483969217e+00,5.415387141670723326e-01,0.000000000000000000e+00,-1.326408087922458634e+01,4.135575567159490618e+01,9.810000000000000497e+00,-8.713559153163187148e+02,1.692701945261156652e+03,-3.637978807091712952e-12,9.939041847099975291e-01,1.102473202211974035e-01,0.000000000000000000e+00,-1.102473202211974035e-01,9.939041847099975291e-01,0.000000000000000000e+00,0.000000000000000000e+00,-0.000000000000000000e+00,1.000000000000000222e+00,1.764167361895787822e+00,-8.571294770100783111e+00,-9.507579239192938125e-01,-0.000000000000000000e+00,-4.692786109123803229e+00,4.230651359551419688e+01,0.000000000000000000e+00,-1.326408087922458634e+01,4.135575567159490618e+01,9.810000000000000497e+00
2.773426914879713046e-01,5.362660498877798165e-01,4.049453777019180745e-01,0.000000000000000000e+00,4.878977021305332507e+00,5.512236738207716424e-01,0.000000000000000000e+00,-1.346848942571121022e+01,4.175049653758905777e+01,9.810000000000000497e+00,-8.827359852026529552e+02,1.694487130017514573e+03,0.000000000000000000e+00,9.936782881112599108e-01,1.122651314357042268e-01,0.000000000000000000e+00,-1.122651314357042268e-01,9.936782881112599108e-01,0.000000000000000000e+00,0.000000000000000000e+00,-0.000000000000000000e+00,1.000000000000000000e+00,1.783562810852689973e+00,-8.641245533945735247e+00,-9.762823413205030665e-01,-0.000000000000000000e+00,-4.827243891765474970e+00,4.272677887890956328e+01,0.000000000000000000e+00,-1.346848942571121022e+01,4.175049653758905777e+01,9.810000000000000497e+00
2.775756876419635533e-01,5.374024677331988853e-01,4.050749444134821853e-01,0.000000000000000000e+00,4.875814850356416486e+00,5.609973964422679815e-01,0.000000000000000000e+00,-1.367549733750057328e+01,4.214550629543491311e+01,9.810000000000000497e+00,-8.942570561599823122e+02,1.696142721725118463e+03,0.000000000000000000e+00,9.934459268060087389e-01,1.143030643182866846e-01,0.000000000000000000e+00,-1.143030643182866846e-01,9.934459268060087389e-01,0.000000000000000000e+00,0.000000000000000000e+00,-0.000000000000000000e+00,1.000000000000000000e+00,1.803051833808721360e+00,-8.711037176047440767e+00,-1.002267175037870217e+00,-0.000000000000000000e+00,-4.964460161453131626e+00,4.314777347047278511e+01,0.000000000000000000e+00,-1.367549733750057328e+01,4.214550629543491311e+01,9.810000000000000497e+00
2.778086067612554055e-01,5.385377638166963798e-01,4.052067546488894445e-01,0.000000000000000000e+00,4.872605207084116152e+00,5.708598859992749519e-01,0.000000000000000000e+00,-1.388513655351529152e+01,4.254075521501676604e+01,9.810000000000000497e+00,-9.059210358913114760e+02,1.697669632887365879e+03,0.000000000000000000e+00,9.932069670512257975e-01,1.163611644875789108e-01,0.000000000000000000e+00,-1.163611644875789108e-01,9.932069670512257975e-01,0.000000000000000000e+00,0.000000000000000000e+00,-0.000000000000000000e+00,1.000000000000000222e+00,1.822634573658103552e+00,-8.780667228846324335e+00,-1.028716770644425127e+00,-0.000000000000000000e+00,-5.104469324668966301e+00,4.356947198566118828e+01,0.000000000000000000e+00,-1.388513655351529152e+01,4.254075521501676604e+01,9.810000000000000497e+00
2.780414477047345456e-01,5.396719285094147001e-01,4.053408276658554410e-01,0.000000000000000000e+00,4.869347516506928208e+00,5.808111432304122745e-01,0.000000000000000000e+00,-1.409743825849434273e+01,4.293621289558183918e+01,9.810000000000000497e+00,-9.177288234963161813e+02,1.699065987102861982e+03,-3.637978807091712952e-12,9.929612733278627701e-01,1.184394768272360732e-01,0.000000000000000000e+00,-1.184394768272360732e-01,9.929612733278627701e-01,0.000000000000000000e+00,0.000000000000000000e+00,-0.000000000000000000e+00,9.999999999999998890e-01,1.842311142392697887e+00,-8.850132412255948822e+00,-1.055635381676417017e+00,-0.000000000000000000e+00,-5.247305846238394800e+00,4.399184827725825642e+01,0.000000000000000000e+00,-1.409743825849434273e+01,4.293621289558183918e+01,9.810000000000000497e+00
2.782742110129386992e-01,5.408049521824960237e-01,4.054771827220953195e-01,0.000000000000000000e+00,4.866041182021057843e+00,5.908511612828148962e-01,0.000000000000000000e+00,-1.431243407343088236e+01,4.333184745952620887e+01,9.810000000000000497e+00,-9.296771783602234791e+02,1.700317180235579144e+03,0.000000000000000000e+00,9.927087083331013195e-01,1.205380454446876998e-01,0.000000000000000000e+00,-1.205380454446876998e-01,9.927087083331013195e-01,0.000000000000000000e+00,0.000000000000000000e+00,-0.000000000000000000e+00,1.000000000000000000e+00,1.862081620339685273e+00,-8.919429912995019194e+00,-1.083027316239219218e+00,-0.000000000000000000e+00,-5.393004160435862282e+00,4.441487477576542631e+01,0.000000000000000000e+00,-1.431243407343088236e+01,4.333184745952620887e+01,9.810000000000000497e+00
2.785068978650752647e-01,5.419368252070825287e-01,4.056158390753246135e-01,0.000000000000000000e+00,4.862685594194889660e+00,6.009799264416165743e-01,0.000000000000000000e+00,-1.453015573136756089e+01,4.372762570983982755e+01,9.810000000000000497e+00,-9.417679753084194090e+02,1.701424120855197543e+03,0.000000000000000000e+00,9.924491329730983358e-01,1.226569136288094969e-01,0.000000000000000000e+00,-1.226569136288094969e-01,9.924491329730983358e-01,0.000000000000000000e+00,0.000000000000000000e+00,-0.000000000000000000e+00,9.999999999999998890e-01,1.881946055081611169e+00,-8.988557061460321407e+00,-1.110896901922175717e+00,-0.000000000000000000e+00,-5.541598669907238595e+00,4.483852261176200216e+01,0.000000000000000000e+00,-1.453015573136756089e+01,4.372762570983982755e+01,9.810000000000000497e+00
2.787395072841971633e-01,5.430675379543166148e-01,4.057568159832586341e-01,0.000000000000000000e+00,4.859280155869505791e+00,6.111974210163668708e-01,0.000000000000000000e+00,-1.475063425888342650e+01,4.412351367842190086e+01,9.810000000000000497e+00,-9.540013070977329335e+02,1.702382811313073034e+03,0.000000000000000000e+00,9.921824063562370011e-01,1.247961238065793260e-01,0.000000000000000000e+00,-1.247961238065793260e-01,9.921824063562370011e-01,0.000000000000000000e+00,0.000000000000000000e+00,-0.000000000000000000e+00,1.000000000000000000e+00,1.901904460612720893e+00,-9.057510472984130701e+00,-1.139248379254241605e+00,-0.000000000000000000e+00,-5.693123785899294909e+00,4.526276205767614158e+01,0.000000000000000000e+00,-1.475063425888342650e+01,4.412351367842190086e+01,9.810000000000000497e+00
2.789720401107258496e-01,5.441970807953406819e-01,4.059001327036128592e-01,0.000000000000000000e+00,4.855824246647184594e+00,6.215036187985363281e-01,0.000000000000000000e+00,-1.497390109936622338e+01,4.451947580628679901e+01,9.810000000000000497e+00,-9.663741511848274968e+02,1.703180140402386314e+03,3.637978807091712952e-12,9.919083857868434828e-01,1.269557174992066440e-01,0.000000000000000000e+00,-1.269557174992066440e-01,9.919083857868434828e-01,0.000000000000000000e+00,0.000000000000000000e+00,-0.000000000000000000e+00,9.999999999999998890e-01,1.921956816439044813e+00,-9.126287267934706904e+00,-1.168086049887988587e+00,-0.000000000000000000e+00,-5.847613831431517362e+00,4.568756185617478849e+01,0.000000000000000000e+00,-1.497390109936622338e+01,4.451947580628679901e+01,9.810000000000000497e+00
2.792044972318007412e-01,5.453254441012971299e-01,4.060458084941026558e-01,0.000000000000000000e+00,4.852317238558816470e+00,6.318984867090371438e-01,0.000000000000000000e+00,-1.519998758284841145e+01,4.491547526852447447e+01,9.810000000000000497e+00,-9.788883313924307004e+02,1.703817024207601207e+03,0.000000000000000000e+00,9.916269267594702841e-01,1.291357352771417000e-01,0.000000000000000000e+00,-1.291357352771417000e-01,9.916269267594702841e-01,0.000000000000000000e+00,0.000000000000000000e+00,-0.000000000000000000e+00,9.999999999999998890e-01,1.942103066595618932e+00,-9.194884526448374729e+00,-1.197414210999271811e+00,-0.000000000000000000e+00,-6.005103056400036721e+00,4.611288947952374428e+01,0.000000000000000000e+00,-1.519998758284841145e+01,4.491547526852447447e+01,9.810000000000000497e+00
2.794368779092257227e-01,5.464526182433279144e-01,4.061938626124433904e-01,0.000000000000000000e+00,4.848758511552849981e+00,6.423819866256393896e-01,0.000000000000000000e+00,-1.542892443419689386e+01,4.531147431816327042e+01,9.810000000000000497e+00,-9.915427041740076675e+02,1.704286409924126929e+03,3.637978807091712952e-12,9.913378829537133896e-01,1.313362167143928283e-01,0.000000000000000000e+00,-1.313362167143928283e-01,9.913378829537133896e-01,0.000000000000000000e+00,0.000000000000000000e+00,-0.000000000000000000e+00,1.000000000000000222e+00,1.962343118730459413e+00,-9.263298776384580435e+00,-1.227237086875474281e+00,-0.000000000000000000e+00,-6.165625657812312532e+00,4.653871140503874670e+01,0.000000000000000000e+00,-1.542892443419689386e+01,4.531147431816327042e+01,9.810000000000000497e+00
2.796691833635349123e-01,5.475785935925755465e-01,4.063443143163504301e-01,0.000000000000000000e+00,4.845147420624585699e+00,6.529540709005479115e-01,0.000000000000000000e+00,-1.566074276944630483e+01,4.570743349912063280e+01,9.810000000000000497e+00,-1.004334847790327331e+03,1.704577631354171899e+03,-3.637978807091712952e-12,9.910411062296218265e-01,1.335572003419033260e-01,0.000000000000000000e+00,-1.335572003419033260e-01,9.910411062296218265e-01,0.000000000000000000e+00,0.000000000000000000e+00,-0.000000000000000000e+00,9.999999999999998890e-01,1.982676843123772459e+00,-9.331527090230560262e+00,-1.257558970310822088e+00,-0.000000000000000000e+00,-6.329215679215743684e+00,4.696499246943145778e+01,0.000000000000000000e+00,-1.566074276944630483e+01,4.570743349912063280e+01,9.810000000000000497e+00
2.799014140418086827e-01,5.487033605201823150e-01,4.064971828635391971e-01,0.000000000000000000e+00,4.841483320851110328e+00,6.636146853619371289e-01,0.000000000000000000e+00,-1.589547329848276647e+01,4.610331220359366000e+01,9.810000000000000497e+00,-1.017266513278977072e+03,1.704691611861446290e+03,-3.637978807091712952e-12,9.907364466237127409e-01,1.357987236001091946e-01,0.000000000000000000e+00,-1.357987236001091946e-01,9.907364466237127409e-01,0.000000000000000000e+00,0.000000000000000000e+00,-0.000000000000000000e+00,9.999999999999996669e-01,2.003104071616216952e+00,-9.399566247639512540e+00,-1.288384113831754663e+00,-0.000000000000000000e+00,-6.495907050843253039e+00,4.739169631742541355e+01,0.000000000000000000e+00,-1.589547329848276647e+01,4.610331220359366000e+01,9.810000000000000497e+00
2.801335695234646872e-01,5.498269093972905086e-01,4.066524875117251692e-01,0.000000000000000000e+00,4.837765568572996777e+00,6.743637693283345280e-01,0.000000000000000000e+00,-1.613314628147493224e+01,4.649906868868482235e+01,9.810000000000000497e+00,-1.030334806072598440e+03,1.704617245056811953e+03,3.637978807091712952e-12,9.904237523456538295e-01,1.380608227903737106e-01,0.000000000000000000e+00,-1.380608227903737106e-01,9.904237523456538295e-01,0.000000000000000000e+00,0.000000000000000000e+00,-0.000000000000000000e+00,1.000000000000000000e+00,2.023624596672027209e+00,-9.467412707303276775e+00,-1.319716722232005646e+00,-0.000000000000000000e+00,-6.665733574171654574e+00,4.781878541091683132e+01,0.000000000000000000e+00,-1.613314628147493224e+01,4.649906868868482235e+01,9.810000000000000497e+00
2.803656514932872934e-01,5.509492305950426383e-01,4.068102475186236022e-01,0.000000000000000000e+00,4.833993493369002081e+00,6.852012514998652160e-01,0.000000000000000000e+00,-1.637379233746618823e+01,4.689465938200601158e+01,9.810000000000000497e+00,-1.043538372479219106e+03,1.704347337317172787e+03,-3.637978807091712952e-12,9.901028697755583918e-01,1.403435330259418801e-01,0.000000000000000000e+00,-1.403435330259418801e-01,9.901028697755583918e-01,0.000000000000000000e+00,0.000000000000000000e+00,-0.000000000000000000e+00,1.000000000000000000e+00,2.044238170536238020e+00,-9.535063513348180919e+00,-1.351561077076143036e+00,-0.000000000000000000e+00,-6.838728824118007310e+00,4.824622045908215284e+01,0.000000000000000000e+00,-1.637379233746618823e+01,4.689465938200601158e+01,9.810000000000000497e+00
2.805976598027479230e-01,5.520703144845807708e-01,4.069704821419498630e-01,0.000000000000000000e+00,4.830166435198674613e+00,6.961270548407915149e-01,0.000000000000000000e+00,-1.661744131855290263e+01,4.729003974737015881e+01,9.810000000000000497e+00,-1.056878867399012961e+03,1.703882824946675100e+03,0.000000000000000000e+00,9.897736434619748280e-01,1.426468881819977774e-01,0.000000000000000000e+00,-1.426468881819977774e-01,9.897736434619748280e-01,0.000000000000000000e+00,0.000000000000000000e+00,-0.000000000000000000e+00,9.999999999999997780e-01,2.064944503867559789e+00,-9.602515092985608902e+00,-1.383921370086157454e+00,-0.000000000000000000e+00,-7.014926225567292839e+00,4.867396111745631515e+01,0.000000000000000000e+00,-1.661744131855290263e+01,4.729003974737015881e+01,9.810000000000000497e+00
2.808295944317477644e-01,5.531901514370469730e-01,4.071332106394195960e-01,0.000000000000000000e+00,4.826283726089203974e+00,7.071410938560157566e-01,0.000000000000000000e+00,-1.686412283685356073e+01,4.768516382813123045e+01,9.810000000000000497e+00,-1.070351037087915756e+03,1.703207482336845715e+03,3.637978807091712952e-12,9.894359161207030295e-01,1.449709208440952413e-01,0.000000000000000000e+00,-1.449709208440952413e-01,9.894359161207030295e-01,0.000000000000000000e+00,0.000000000000000000e+00,-0.000000000000000000e+00,9.999999999999998890e-01,2.085743264774767791e+00,-9.669763855167841982e+00,-1.416801783307831908e+00,-0.000000000000000000e+00,-7.194358981685719634e+00,4.910196561143906280e+01,0.000000000000000000e+00,-1.686412283685356073e+01,4.768516382813123045e+01,9.810000000000000497e+00
2.810614576170457624e-01,5.543087318235839778e-01,4.072984522687479458e-01,0.000000000000000000e+00,4.822344669408015427e+00,7.182432712481984227e-01,0.000000000000000000e+00,-1.711386682303791673e+01,4.807998371120292802e+01,9.810000000000000497e+00,-1.083955154072289588e+03,1.702318676235605380e+03,0.000000000000000000e+00,9.890895286342330506e-01,1.473156622566339224e-01,0.000000000000000000e+00,-1.473156622566339224e-01,9.890895286342330506e-01,0.000000000000000000e+00,0.000000000000000000e+00,-0.000000000000000000e+00,1.000000000000000000e+00,2.106634078133208909e+00,-9.736806836142152477e+00,-1.450206584748547245e+00,-0.000000000000000000e+00,-7.377059986895766031e+00,4.953019029595147771e+01,0.000000000000000000e+00,-1.711386682303791673e+01,4.807998371120292802e+01,9.810000000000000497e+00
2.812932484520293541e-01,5.554260460153339629e-01,4.074662262876503349e-01,0.000000000000000000e+00,4.818348592094728211e+00,7.294334853103299210e-01,0.000000000000000000e+00,-1.736670201264286462e+01,4.847445079783393140e+01,9.810000000000000497e+00,-1.097692162392770115e+03,1.701216006692862720e+03,3.637978807091712952e-12,9.887343200519765896e-01,1.496811422703460404e-01,0.000000000000000000e+00,-1.496811422703460404e-01,9.887343200519765896e-01,0.000000000000000000e+00,0.000000000000000000e+00,-0.000000000000000000e+00,1.000000000000000000e+00,2.127616524088297378e+00,-9.803640057281933551e+00,-1.484139887147985393e+00,-0.000000000000000000e+00,-7.563061955360931066e+00,4.995859068498191391e+01,0.000000000000000000e+00,-1.736670201264286462e+01,4.847445079783393140e+01,9.810000000000000497e+00
2.815249677302365527e-01,5.565420843834393283e-01,4.076365519538422966e-01,0.000000000000000000e+00,4.814294797955358085e+00,7.407116228534125213e-01,0.000000000000000000e+00,-1.762265725387666748e+01,4.886851462195210871e+01,9.810000000000000497e+00,-1.111555538249049278e+03,1.699881140833647805e+03,3.637978807091712952e-12,9.883701275914392737e-01,1.520673892880454181e-01,0.000000000000000000e+00,-1.520673892880454181e-01,9.883701275914392737e-01,0.000000000000000000e+00,0.000000000000000000e+00,-0.000000000000000000e+00,1.000000000000000000e+00,2.148690137075443651e+00,-9.870259997217523562e+00,-1.518605861782522437e+00,-0.000000000000000000e+00,-7.752397256659143920e+00,5.038712048373463404e+01,0.000000000000000000e+00,-1.762265725387666748e+01,4.886851462195210871e+01,9.810000000000000497e+00
2.817566173515959616e-01,5.576568372990421407e-01,4.078094485250389756e-01,0.000000000000000000e+00,4.810182573048737531e+00,7.520775595915332179e-01,0.000000000000000000e+00,-1.788176130922619933e+01,4.926212295280194553e+01,9.810000000000000497e+00,-1.125546589475110522e+03,1.698314377806600532e+03,0.000000000000000000e+00,9.879967866400770626e-01,1.544744302105759692e-01,0.000000000000000000e+00,-1.544744302105759692e-01,9.879967866400770626e-01,0.000000000000000000e+00,0.000000000000000000e+00,-0.000000000000000000e+00,1.000000000000000000e+00,2.169854404877042509e+00,-9.936663408820566090e+00,-1.553608715157710263e+00,-0.000000000000000000e+00,-7.945097900405633240e+00,5.081573166795965335e+01,0.000000000000000000e+00,-1.788176130922619933e+01,4.926212295280194553e+01,9.810000000000000497e+00
2.819881964624753046e-01,5.587702951332848000e-01,4.079849352589560718e-01,0.000000000000000000e+00,4.806011223990688919e+00,7.635311658235288679e-01,0.000000000000000000e+00,-1.814404178243591303e+01,4.965522275648225303e+01,9.810000000000000497e+00,-1.139663873133642483e+03,1.696510221080199699e+03,0.000000000000000000e+00,9.876141307581396411e-01,1.569022903811292391e-01,0.000000000000000000e+00,-1.569022903811292391e-01,9.876141307581396411e-01,0.000000000000000000e+00,0.000000000000000000e+00,-0.000000000000000000e+00,1.000000000000000000e+00,2.191108767298177273e+00,-1.000284614996199295e+01,-1.589152506408852084e+00,-0.000000000000000000e+00,-8.141195632473921862e+00,5.124437526289110423e+01,0.000000000000000000e+00,-1.814404178243591303e+01,4.965522275648225303e+01,9.810000000000000497e+00
2.822197066734619675e-01,5.598824482573094841e-01,4.081630314133087301e-01,0.000000000000000000e+00,4.801780026392095557e+00,7.750722981859822225e-01,0.000000000000000000e+00,-1.840952650254918765e+01,5.004775885357847187e+01,9.810000000000000497e+00,-1.153902138104909682e+03,1.694454308456493891e+03,-3.637978807091712952e-12,9.872219916823868902e-01,1.593509935289420809e-01,0.000000000000000000e+00,-1.593509935289420809e-01,9.872219916823868902e-01,0.000000000000000000e+00,0.000000000000000000e+00,-0.000000000000000000e+00,9.999999999999996669e-01,2.212452615293085678e+00,-1.006880476324555573e+01,-1.625241390680366438e+00,-0.000000000000000000e+00,-8.340721739303631921e+00,5.167300024425883720e+01,0.000000000000000000e+00,-1.840952650254918765e+01,5.004775885357847187e+01,9.810000000000000497e+00
2.824511489211999349e-01,5.609932870422589257e-01,4.083437562458124837e-01,0.000000000000000000e+00,4.797488255918224809e+00,7.867008041666274654e-01,0.000000000000000000e+00,-1.867824264260320888e+01,5.043967469307919771e+01,9.810000000000000497e+00,-1.168262794643545931e+03,1.692147632906591753e+03,0.000000000000000000e+00,9.868201993307001985e-01,1.618205617124008622e-01,0.000000000000000000e+00,-1.618205617124008622e-01,9.868201993307001985e-01,0.000000000000000000e+00,0.000000000000000000e+00,-0.000000000000000000e+00,9.999999999999997780e-01,2.233885289720045186e+00,-1.013453552481414910e+01,-1.661879471490351090e+00,-0.000000000000000000e+00,-8.543707117789061556e+00,5.210155416456954924e+01,0.000000000000000000e+00,-1.867824264260320888e+01,5.043967469307919771e+01,9.810000000000000497e+00
2.826825229511500392e-01,5.621028018592750808e-01,4.085271290141826439e-01,0.000000000000000000e+00,4.793135193861648879e+00,7.984165228388101498e-01,0.000000000000000000e+00,-1.895021655666056049e+01,5.083091248819311403e+01,9.810000000000000497e+00,-1.182740674741005932e+03,1.689577142608890426e+03,0.000000000000000000e+00,9.864085818077570345e-01,1.643110152607233088e-01,0.000000000000000000e+00,-1.643110152607233088e-01,9.864085818077570345e-01,0.000000000000000000e+00,0.000000000000000000e+00,-0.000000000000000000e+00,1.000000000000000222e+00,2.255406080155508253e+00,-1.020003428923461897e+01,-1.699070771147208836e+00,-0.000000000000000000e+00,-8.750182267425941518e+00,5.252998325934031953e+01,0.000000000000000000e+00,-1.895021655666056049e+01,5.083091248819311403e+01,9.810000000000000497e+00
2.829138311348157742e-01,5.632109830795002381e-01,4.087131689761346331e-01,0.000000000000000000e+00,4.788720088425769461e+00,8.102192781896327967e-01,0.000000000000000000e+00,-1.922547475915701654e+01,5.122141216392045493e+01,9.810000000000000497e+00,-1.197333360586089839e+03,1.686735556845436804e+03,0.000000000000000000e+00,9.859869654116454329e-01,1.668223727152168268e-01,0.000000000000000000e+00,-1.668223727152168268e-01,9.859869654116454329e-01,0.000000000000000000e+00,0.000000000000000000e+00,-0.000000000000000000e+00,1.000000000000000000e+00,2.277014223816171690e+00,-1.026529763971894837e+01,-1.736819419484796123e+00,-0.000000000000000000e+00,-8.960177119438066384e+00,5.295823158340525083e+01,0.000000000000000000e+00,-1.922547475915701654e+01,5.122141216392045493e+01,9.810000000000000497e+00
2.831450732685421579e-01,5.643178210740769085e-01,4.089018953893839292e-01,0.000000000000000000e+00,4.784242207683611525e+00,8.221088875852329281e-01,0.000000000000000000e+00,-1.950404251486202867e+01,5.161111275176301660e+01,9.810000000000000497e+00,-1.212041603640071116e+03,1.683622997167622088e+03,0.000000000000000000e+00,9.855551746415704972e-01,1.693546507693937664e-01,0.000000000000000000e+00,-1.693546507693937664e-01,9.855551746415704972e-01,0.000000000000000000e+00,0.000000000000000000e+00,-0.000000000000000000e+00,9.999999999999998890e-01,2.298708904393762076e+00,-1.033032131990476543e+01,-1.775129393546488465e+00,-0.000000000000000000e+00,-9.173721194957263236e+00,5.338624214530950240e+01,0.000000000000000000e+00,-1.950404251486202867e+01,5.161111275176301660e+01,9.810000000000000497e+00
2.833762500184672795e-01,5.654233062141471589e-01,4.090933275116457879e-01,0.000000000000000000e+00,4.779700804695419691e+00,8.340851557412397588e-01,0.000000000000000000e+00,-1.978594471909102381e+01,5.199995144336661923e+01,9.810000000000000497e+00,-1.226856995620029920e+03,1.680220565959083615e+03,-3.637978807091712952e-12,9.851130322065976275e-01,1.719078642084846398e-01,0.000000000000000000e+00,-1.719078642084846398e-01,9.851130322065976275e-01,0.000000000000000000e+00,0.000000000000000000e+00,-0.000000000000000000e+00,9.999999999999997780e-01,2.320489251022972876e+00,-1.039510127211501533e+01,-1.814004687276764338e+00,-0.000000000000000000e+00,-9.390843446976008480e+00,5.381395613064338335e+01,0.000000000000000000e+00,-1.978594471909102381e+01,5.199995144336661923e+01,9.810000000000000497e+00
2.836073639331231910e-01,5.665274288708533890e-01,4.092874846006355760e-01,0.000000000000000000e+00,4.775095106730073091e+00,8.461478724054339873e-01,0.000000000000000000e+00,-2.007120611658317699e+01,5.238786325710792369e+01,9.810000000000000497e+00,-1.241779861622999306e+03,1.676527375100733479e+03,-3.637978807091712952e-12,9.846603590355025304e-01,1.744820258481520892e-01,0.000000000000000000e+00,-1.744820258481520892e-01,9.846603590355025304e-01,0.000000000000000000e+00,0.000000000000000000e+00,-0.000000000000000000e+00,1.000000000000000000e+00,2.342354336930928316e+00,-1.045963393893319449e+01,-1.853449367132843362e+00,-0.000000000000000000e+00,-9.611572177649980731e+00,5.424131262424076994e+01,0.000000000000000000e+00,-2.007120611658317699e+01,5.238786325710792369e+01,9.810000000000000497e+00
2.838384141688671813e-01,5.676301794153379987e-01,4.094843859140688824e-01,0.000000000000000000e+00,4.770424370270952785e+00,8.582968216895475733e-01,0.000000000000000000e+00,-2.035984989995254324e+01,5.277478253739354130e+01,9.810000000000000497e+00,-1.256808104071125854e+03,1.672538424594895332e+03,0.000000000000000000e+00,9.841969742878499128e-01,1.770771464719293475e-01,0.000000000000000000e+00,-1.770771464719293475e-01,9.841969742878499128e-01,0.000000000000000000e+00,0.000000000000000000e+00,-0.000000000000000000e+00,9.999999999999997780e-01,2.364303178235088954e+00,-1.052391468008497810e+01,-1.893467293589200517e+00,-0.000000000000000000e+00,-9.835935219867566914e+00,5.466824983098274515e+01,0.000000000000000000e+00,-2.035984989995254324e+01,5.277478253739354130e+01,9.810000000000000497e+00
2.840694027287550272e-01,5.687315482187431659e-01,4.096840507096609629e-01,0.000000000000000000e+00,4.765687816157337053e+00,8.705317704010111513e-01,0.000000000000000000e+00,-2.065189928943062370e+01,5.316064115208477148e+01,9.810000000000000497e+00,-1.271934211506020802e+03,1.668237662238912890e+03,-7.275957614183425903e-12,9.837226953661964979e-01,1.796932347682165532e-01,0.000000000000000000e+00,-1.796932347682165532e-01,9.837226953661964979e-01,0.000000000000000000e+00,0.000000000000000000e+00,-0.000000000000000000e+00,1.000000000000000000e+00,2.386334733079037207e+00,-1.058793964399940712e+01,-1.934062447804607787e+00,-0.000000000000000000e+00,-1.006395964543121657e+01,5.509470359988937815e+01,0.000000000000000000e+00,-2.065189928943062370e+01,5.316064115208477148e+01,9.810000000000000497e+00
2.843003307974603655e-01,5.698315256522112904e-01,4.098864982451271288e-01,0.000000000000000000e+00,4.760884667825555638e+00,8.828524744244686806e-01,0.000000000000000000e+00,-2.094737654476632827e+01,5.354536952362278157e+01,9.810000000000000497e+00,-1.287159180145419668e+03,1.663626248667394975e+03,-3.637978807091712952e-12,9.832373379294558902e-01,1.823302972667923683e-01,0.000000000000000000e+00,-1.823302972667923683e-01,9.832373379294558902e-01,0.000000000000000000e+00,0.000000000000000000e+00,-0.000000000000000000e+00,9.999999999999998890e-01,2.408447900189512492e+00,-1.065170466754206302e+01,-1.975238737903142638e+00,-0.000000000000000000e+00,-1.029567187722426347e+01,5.552060826152592199e+01,0.000000000000000000e+00,-2.094737654476632827e+01,5.354536952362278157e+01,9.810000000000000497e+00
2.845311983473057249e-01,5.709301020868845500e-01,4.100917477781830245e-01,0.000000000000000000e+00,4.756014155914133568e+00,8.952586793921792907e-01,0.000000000000000000e+00,-2.124630283478189341e+01,5.392889675305882946e+01,9.810000000000000497e+00,-1.302475242658445495e+03,1.658689000993443187e+03,0.000000000000000000e+00,9.827407159076899656e-01,1.849883382736356441e-01,0.000000000000000000e+00,-1.849883382736356441e-01,9.827407159076899656e-01,0.000000000000000000e+00,0.000000000000000000e+00,-0.000000000000000000e+00,1.000000000000000000e+00,2.430641517626367154e+00,-1.071520515975217158e+01,-2.016999972299743593e+00,-0.000000000000000000e+00,-1.053109767502972005e+01,5.594589672535857261e+01,0.000000000000000000e+00,-2.124630283478189341e+01,5.392889675305882946e+01,9.810000000000000497e+00
2.847620083650403977e-01,5.720272678939053446e-01,4.102998185665437947e-01,0.000000000000000000e+00,4.751075473216628708e+00,9.077501119473039282e-01,0.000000000000000000e+00,-2.154869926308922956e+01,5.431114932087442071e+01,9.810000000000000497e+00,-1.317879510427606874e+03,1.653419739776509232e+03,0.000000000000000000e+00,9.822326415180606674e-01,1.876673598057282399e-01,0.000000000000000000e+00,-1.876673598057282399e-01,9.822326415180606674e-01,0.000000000000000000e+00,0.000000000000000000e+00,-0.000000000000000000e+00,9.999999999999997780e-01,2.452914361961319401e+00,-1.077843736282906839e+01,-2.059350094074789528e+00,-0.000000000000000000e+00,-1.077026190026016117e+01,5.637049941494920802e+01,0.000000000000000000e+00,-2.154869926308922956e+01,5.431114932087442071e+01,9.810000000000000497e+00
2.849927604865779007e-01,5.731230134444160740e-01,4.105107298679249173e-01,0.000000000000000000e+00,4.746067842871745768e+00,9.203264921944682708e-01,0.000000000000000000e+00,-2.185458522635445533e+01,5.469205301964154842e+01,9.810000000000000497e+00,-1.333371328500863456e+03,1.647817313622115762e+03,0.000000000000000000e+00,9.817129252821076291e-01,1.903673615251495477e-01,0.000000000000000000e+00,-1.903673615251495477e-01,9.817129252821076291e-01,0.000000000000000000e+00,0.000000000000000000e+00,-0.000000000000000000e+00,1.000000000000000000e+00,2.475265146791741255e+00,-1.084139645258895968e+01,-2.102292823876596550e+00,-0.000000000000000000e+00,-1.101318877376549565e+01,5.679434584351814408e+01,0.000000000000000000e+00,-2.185458522635445533e+01,5.469205301964154842e+01,9.810000000000000497e+00
2.852234561822012959e-01,5.742173291095586940e-01,4.107245009400418145e-01,0.000000000000000000e+00,4.740990463020168022e+00,9.329875229953997762e-01,0.000000000000000000e+00,-2.216397967565449534e+01,5.507153134917491855e+01,9.810000000000000497e+00,-1.348940254396635282e+03,1.641862606021226384e+03,3.637978807091712952e-12,9.811813760445325938e-01,1.930883406717184281e-01,0.000000000000000000e+00,-1.930883406717184281e-01,9.811813760445325938e-01,0.000000000000000000e+00,0.000000000000000000e+00,-0.000000000000000000e+00,1.000000000000000000e+00,2.497692521519236042e+00,-1.090407808508425624e+01,-2.145831948514489884e+00,-0.000000000000000000e+00,-1.125990159057024087e+01,5.721736329768940976e+01,0.000000000000000000e+00,-2.216397967565449534e+01,5.507153134917491855e+01,9.810000000000000497e+00
2.854540977739050689e-01,5.753102052604759375e-01,4.109411510406099088e-01,0.000000000000000000e+00,4.735842517152034858e+00,9.457328914299647504e-01,0.000000000000000000e+00,-2.247690081977061283e+01,5.544950579237209354e+01,9.810000000000000497e+00,-1.364586291784245986e+03,1.635555632664720179e+03,0.000000000000000000e+00,9.806378009932779083e-01,1.958302919955651200e-01,0.000000000000000000e+00,-1.958302919955651200e-01,9.806378009932779083e-01,0.000000000000000000e+00,0.000000000000000000e+00,-0.000000000000000000e+00,1.000000000000000000e+00,2.520195070454140041e+00,-1.096647810119184463e+01,-2.189971268233918078e+00,-0.000000000000000000e+00,-1.151042271857876997e+01,5.763947706060601206e+01,0.000000000000000000e+00,-2.247690081977061283e+01,5.544950579237209354e+01,9.810000000000000497e+00
2.856846849114673126e-01,5.764016322683097604e-01,4.111606994273444560e-01,0.000000000000000000e+00,4.730623212862155036e+00,9.585622761816110504e-01,0.000000000000000000e+00,-2.279336522278505228e+01,5.582589694809864511e+01,9.810000000000000497e+00,-1.380303287709917640e+03,1.628886272725183517e+03,0.000000000000000000e+00,9.800820056810549685e-01,1.985932076889856956e-01,0.000000000000000000e+00,-1.985932076889856956e-01,9.800820056810549685e-01,0.000000000000000000e+00,0.000000000000000000e+00,-0.000000000000000000e+00,1.000000000000000000e+00,2.542771311463560391e+00,-1.102859148082189655e+01,-2.234714386931201613e+00,-0.000000000000000000e+00,-1.176477374196315573e+01,5.806061133502984717e+01,0.000000000000000000e+00,-2.279336522278505228e+01,5.582589694809864511e+01,9.810000000000000497e+00
2.859152204846705514e-01,5.774916005042026734e-01,4.113831653579609893e-01,0.000000000000000000e+00,4.725331717272811538e+00,9.714753343554818343e-01,0.000000000000000000e+00,-2.311338920147149878e+01,5.620062259968018026e+01,9.810000000000000497e+00,-1.396084404366119998e+03,1.621842905231445911e+03,0.000000000000000000e+00,9.795137940484316408e-01,2.013770773172724182e-01,0.000000000000000000e+00,-2.013770773172724182e-01,9.795137940484316408e-01,0.000000000000000000e+00,0.000000000000000000e+00,-0.000000000000000000e+00,1.000000000000000000e+00,2.565419694712705923e+00,-1.109041409702352432e+01,-2.280065059488530999e+00,-0.000000000000000000e+00,-1.202297510444797624e+01,5.848068765916870859e+01,0.000000000000000000e+00,-2.311338920147149878e+01,5.620062259968018026e+01,9.810000000000000497e+00
2.861457050373897304e-01,5.785801003392970765e-01,4.116085680901748756e-01,0.000000000000000000e+00,4.719967218496056383e+00,9.844717134348676124e-01,0.000000000000000000e+00,-2.343698742380505706e+01,5.657359953723548074e+01,9.810000000000000497e+00,-1.411929281135911879e+03,1.614425837892325944e+03,-3.637978807091712952e-12,9.789329684484135985e-01,2.041818877490782502e-01,0.000000000000000000e+00,-2.041818877490782502e-01,9.789329684484135985e-01,0.000000000000000000e+00,0.000000000000000000e+00,-0.000000000000000000e+00,1.000000000000000000e+00,2.588138601703070751e+00,-1.115194105918041778e+01,-2.326026858753101667e+00,-0.000000000000000000e+00,-1.228504636462463750e+01,5.889962639598858374e+01,0.000000000000000000e+00,-2.343698742380505706e+01,5.657359953723548074e+01,9.810000000000000497e+00
2.863761395581981839e-01,5.796671221447349254e-01,4.118369268817013706e-01,0.000000000000000000e+00,4.714528895242436235e+00,9.975510448946931508e-01,0.000000000000000000e+00,-2.376417354336401644e+01,5.694474264174345990e+01,9.810000000000000497e+00,-1.427825869573607633e+03,1.606615974473126698e+03,3.637978807091712952e-12,9.783393296725365618e-01,2.070076230864264233e-01,0.000000000000000000e+00,-2.070076230864264233e-01,9.783393296725365618e-01,0.000000000000000000e+00,0.000000000000000000e+00,-0.000000000000000000e+00,1.000000000000000000e+00,2.610926343998596355e+00,-1.121316754087126277e+01,-2.372603338641788184e+00,-0.000000000000000000e+00,-1.255100600249275189e+01,5.931734598038524808e+01,0.000000000000000000e+00,-2.376417354336401644e+01,5.694474264174345990e+01,9.810000000000000497e+00
2.866065272549837561e-01,5.807526562916587309e-01,4.120682609902560634e-01,0.000000000000000000e+00,4.709015896861621364e+00,1.010712939501357432e+00,0.000000000000000000e+00,-2.409496056200074321e+01,5.731396424861205929e+01,9.810000000000000497e+00,-1.443772761479136534e+03,1.598411856406863080e+03,0.000000000000000000e+00,9.777326769786638394e-01,2.098542645936359308e-01,0.000000000000000000e+00,-2.098542645936359308e-01,9.777326769786638394e-01,0.000000000000000000e+00,0.000000000000000000e+00,-0.000000000000000000e+00,1.000000000000000000e+00,2.633781161985218500e+00,-1.127408930143458043e+01,-2.419798146285297769e+00,-0.000000000000000000e+00,-1.282087126056616100e+01,5.973376239489735440e+01,0.000000000000000000e+00,-2.409496056200074321e+01,5.731396424861205929e+01,9.810000000000000497e+00
2.868368676006770590e-01,5.818366931512108930e-01,4.123025896735542650e-01,0.000000000000000000e+00,4.703427410351884497e+00,1.023957001171743597e+00,0.000000000000000000e+00,-2.442935938508966842e+01,5.768117620494516018e+01,9.810000000000000497e+00,-1.459764771688540350e+03,1.589806899705305113e+03,-3.637978807091712952e-12,9.771128081203679372e-01,2.127217906259936675e-01,0.000000000000000000e+00,-2.127217906259936675e-01,9.771128081203679372e-01,0.000000000000000000e+00,0.000000000000000000e+00,-0.000000000000000000e+00,1.000000000000000000e+00,2.656701223953584545e+00,-1.133470093020389591e+01,-2.467614648017250278e+00,-0.000000000000000000e+00,-1.309465845488577074e+01,6.014879085296241357e+01,0.000000000000000000e+00,-2.442935938508966842e+01,5.768117620494516018e+01,9.810000000000000497e+00
2.870671635315618642e-01,5.829192230945334785e-01,4.125399321893112869e-01,0.000000000000000000e+00,4.697762579668289362e+00,1.037282809449458387e+00,0.000000000000000000e+00,-2.476738046008923533e+01,5.804628737087258372e+01,9.810000000000000497e+00,-1.475791577429299650e+03,1.580785910283666453e+03,0.000000000000000000e+00,9.764795193779508553e-01,2.156101765580792640e-01,0.000000000000000000e+00,-2.156101765580792640e-01,9.764795193779508553e-01,0.000000000000000000e+00,0.000000000000000000e+00,-0.000000000000000000e+00,1.000000000000000000e+00,2.679684624845563246e+00,-1.139499796811503352e+01,-2.516056379092669104e+00,-0.000000000000000000e+00,-1.337238249197420359e+01,6.056234374996525105e+01,0.000000000000000000e+00,-2.476738046008923533e+01,5.804628737087258372e+01,9.810000000000000497e+00
2.872974162523568298e-01,5.840002364927691092e-01,4.127803077952426625e-01,0.000000000000000000e+00,4.692020564395461335e+00,1.050689931684326561e+00,0.000000000000000000e+00,-2.510903251293008154e+01,5.840920542323266318e+01,9.810000000000000497e+00,-1.491852806624832738e+03,1.571350194688275224e+03,0.000000000000000000e+00,9.758326055912794894e-01,2.185193947111660484e-01,0.000000000000000000e+00,-2.185193947111660484e-01,9.758326055912794894e-01,0.000000000000000000e+00,0.000000000000000000e+00,-0.000000000000000000e+00,1.000000000000000000e+00,2.702729385050182564e+00,-1.145497537711494118e+01,-2.565126714864955026e+00,-0.000000000000000000e+00,-1.365405713581514036e+01,6.097433213809761554e+01,0.000000000000000000e+00,-2.510903251293008154e+01,5.840920542323266318e+01,9.810000000000000497e+00
2.875276265411665366e-01,5.850797237170597409e-01,4.130237357490637029e-01,0.000000000000000000e+00,4.686200525460900046e+00,1.064177919733089617e+00,0.000000000000000000e+00,-2.545432281111453676e+01,5.876983641988078944e+01,9.810000000000000497e+00,-1.507934728711414209e+03,1.561480896718465374e+03,0.000000000000000000e+00,9.751718601943275555e-01,2.214494142804059318e-01,0.000000000000000000e+00,-2.214494142804059318e-01,9.751718601943275555e-01,0.000000000000000000e+00,0.000000000000000000e+00,-0.000000000000000000e+00,1.000000000000000000e+00,2.725833449426687594e+00,-1.151462792601538609e+01,-2.614828948576079171e+00,-0.000000000000000000e+00,-1.393969488509915244e+01,6.138466536845687216e+01,0.000000000000000000e+00,-2.545432281111453676e+01,5.876983641988078944e+01,9.810000000000000497e+00
2.877577982504531118e-01,5.861576751385478845e-01,4.132702353084898306e-01,0.000000000000000000e+00,4.680301584967084594e+00,1.077746300429581527e+00,0.000000000000000000e+00,-2.580325789572447803e+01,5.912808350789481437e+01,9.810000000000000497e+00,-1.524034654331575439e+03,1.551175784389837645e+03,0.000000000000000000e+00,9.744970752515055290e-01,2.244002012616338748e-01,0.000000000000000000e+00,-2.244002012616338748e-01,9.744970752515055290e-01,0.000000000000000000e+00,0.000000000000000000e+00,-0.000000000000000000e+00,1.000000000000000222e+00,2.748994686261517106e+00,-1.157395121461657972e+01,-2.665166523236601748e+00,-0.000000000000000000e+00,-1.422930668110789654e+01,6.179325003113141435e+01,0.000000000000000000e+00,-2.580325789572447803e+01,5.912808350789481437e+01,9.810000000000000497e+00
2.879879308182809461e-01,5.872340811283758288e-01,4.135198257312363568e-01,0.000000000000000000e+00,4.674322912633697591e+00,1.091394594838204668e+00,0.000000000000000000e+00,-2.615584185027376662e+01,5.948384967958989478e+01,9.810000000000000497e+00,-1.540147558982454939e+03,1.540430335927594570e+03,0.000000000000000000e+00,9.738080414958080189e-01,2.273717183778548034e-01,0.000000000000000000e+00,-2.273717183778548034e-01,9.738080414958080189e-01,0.000000000000000000e+00,0.000000000000000000e+00,-0.000000000000000000e+00,9.999999999999998890e-01,2.772210886067361102e+00,-1.163293948178153059e+01,-2.716142532254540054e+00,-0.000000000000000000e+00,-1.452290236849223426e+01,6.219999221184443172e+01,0.000000000000000000e+00,-2.615584185027376662e+01,5.948384967958989478e+01,9.810000000000000497e+00
2.882180273625040701e-01,5.883089320576857517e-01,4.137725262750188149e-01,0.000000000000000000e+00,4.668263632710425881e+00,1.105122296665869586e+00,0.000000000000000000e+00,-2.651207805878977197e+01,5.983703478894408079e+01,9.810000000000000497e+00,-1.556260276076354785e+03,1.529227632385649486e+03,0.000000000000000000e+00,9.731045483689160225e-01,2.303639250050400211e-01,0.000000000000000000e+00,-2.303639250050400211e-01,9.731045483689160225e-01,0.000000000000000000e+00,0.000000000000000000e+00,-0.000000000000000000e+00,9.999999999999997780e-01,2.795479760578337025e+00,-1.169158797357427382e+01,-2.767760257259860968e+00,-0.000000000000000000e+00,-1.482049008521549815e+01,6.260479504620393953e+01,0.000000000000000000e+00,-2.651207805878977197e+01,5.983703478894408079e+01,9.810000000000000497e+00
2.884480895186781191e-01,5.893822182976202750e-01,4.140283561975524607e-01,0.000000000000000000e+00,4.662122883803759166e+00,1.118928885564044906e+00,0.000000000000000000e+00,-2.687196800230069016e+01,6.018753747258003983e+01,9.810000000000000497e+00,-1.572372092371071631e+03,1.517569630389087251e+03,0.000000000000000000e+00,9.723863840630989630e-01,2.333767770980900713e-01,0.000000000000000000e+00,-2.333767770980900713e-01,9.723863840630989630e-01,0.000000000000000000e+00,0.000000000000000000e+00,-0.000000000000000000e+00,1.000000000000000222e+00,2.818798941836081262e+00,-1.174989143360161314e+01,-2.820022821142733171e+00,-0.000000000000000000e+00,-1.512207656869907879e+01,6.300756029372277567e+01,0.000000000000000000e+00,-2.687196800230069016e+01,6.018753747258003983e+01,9.810000000000000497e+00
2.886781181070409152e-01,5.904539302193212436e-01,4.142873347565527720e-01,0.000000000000000000e+00,4.655899811698324342e+00,1.132813825287060761e+00,0.000000000000000000e+00,-2.723551136465564326e+01,6.053525492905839656e+01,9.810000000000000497e+00,-1.588467516408294614e+03,1.505437914164212998e+03,7.275957614183425903e-12,9.716533355651122417e-01,2.364102271163231184e-01,0.000000000000000000e+00,-2.364102271163231184e-01,9.716533355651122417e-01,0.000000000000000000e+00,0.000000000000000000e+00,-0.000000000000000000e+00,1.000000000000000222e+00,2.842165981004379560e+00,-1.180784430037859423e+01,-2.872933226934434536e+00,-0.000000000000000000e+00,-1.542766706427704726e+01,6.340818815599283198e+01,0.000000000000000000e+00,-2.723551136465564326e+01,6.053525492905839656e+01,9.810000000000000497e+00
2.889081174053894085e-01,5.915240581939312792e-01,4.145494812097351156e-01,0.000000000000000000e+00,4.649593519163797595e+00,1.146776551098064534e+00,0.000000000000000000e+00,-2.760270688599232614e+01,6.088008125734981490e+01,9.810000000000000497e+00,-1.604542771806038218e+03,1.492830178982636426e+03,0.000000000000000000e+00,9.709051887021162841e-01,2.394642239486063640e-01,0.000000000000000000e+00,-2.394642239486063640e-01,9.709051887021162841e-01,0.000000000000000000e+00,0.000000000000000000e+00,-0.000000000000000000e+00,1.000000000000000444e+00,2.865578347588109587e+00,-1.186544194795890128e+01,-2.926494657705422942e+00,-0.000000000000000000e+00,-1.573726493803342485e+01,6.380657591505524096e+01,0.000000000000000000e+00,-2.760270688599232614e+01,6.088008125734981490e+01,9.810000000000000497e+00
2.891380869492355399e-01,5.925925925925925597e-01,4.148148148148148029e-01,0.000000000000000000e+00,4.643203163006686118e+00,1.160816492974607872e+00,0.000000000000000000e+00,-2.797355056749332647e+01,6.122191068005970038e+01,9.810000000000000497e+00,-1.620592105747266032e+03,1.479742732691636775e+03,0.000000000000000000e+00,9.701417281894652023e-01,2.425387128389149549e-01,0.000000000000000000e+00,-2.425387128389149549e-01,9.701417281894652023e-01,0.000000000000000000e+00,0.000000000000000000e+00,-0.000000000000000000e+00,9.999999999999997780e-01,2.889033428402222992e+00,-1.192267830528454375e+01,-2.980709896019881899e+00,-0.000000000000000000e+00,-1.605087226220878094e+01,6.420262057607958184e+01,0.000000000000000000e+00,-2.797355056749332647e+01,6.122191068005970038e+01,9.810000000000000497e+00
2.893680301580961456e-01,5.936595237864474850e-01,4.150833548295074227e-01,0.000000000000000000e+00,4.636727852379785020e+00,1.174933050400672085e+00,0.000000000000000000e+00,-2.834803744024947036e+01,6.156063416207451411e+01,9.810000000000000497e+00,-1.636600266352099425e+03,1.466158614307496464e+03,-3.637978807091712952e-12,9.693627376807329998e-01,2.456336353110339932e-01,0.000000000000000000e+00,-2.456336353110339932e-01,9.693627376807329998e-01,0.000000000000000000e+00,0.000000000000000000e+00,-0.000000000000000000e+00,9.999999999999995559e-01,2.912528526563824105e+00,-1.197954835975904153e+01,-3.035581932963786755e+00,-0.000000000000000000e+00,-1.636848908049042706e+01,6.459621609503830086e+01,0.000000000000000000e+00,-2.834803744024947036e+01,6.156063416207451411e+01,9.810000000000000497e+00
2.895979488983633776e-01,5.947248421466384549e-01,4.153551205115282308e-01,0.000000000000000000e+00,4.630166713418002011e+00,1.189125607807488771e+00,0.000000000000000000e+00,-2.872616036472146561e+01,6.189614157659268301e+01,9.810000000000000497e+00,-1.652565872831000888e+03,1.452080196609633276e+03,3.637978807091712952e-12,9.685679998196775609e-01,2.487489290937935360e-01,0.000000000000000000e+00,-2.487489290937935360e-01,9.685679998196775609e-01,0.000000000000000000e+00,0.000000000000000000e+00,-0.000000000000000000e+00,1.000000000000000000e+00,2.936060860828676677e+00,-1.203604658029844643e+01,-3.091113579975439674e+00,-0.000000000000000000e+00,-1.669011378442301918e+01,6.498725515656812490e+01,0.000000000000000000e+00,-2.872616036472146561e+01,6.189614157659268301e+01,9.810000000000000497e+00
2.898278442530844434e-01,5.957885380443073142e-01,4.156301311185925940e-01,0.000000000000000000e+00,4.623518880681347198e+00,1.203393532275604416e+00,0.000000000000000000e+00,-2.910791014862811465e+01,6.222832143854488152e+01,9.810000000000000497e+00,-1.668471602823497960e+03,1.437489743368845666e+03,-3.637978807091712952e-12,9.677572962943448154e-01,2.518845280462052583e-01,0.000000000000000000e+00,-2.518845280462052583e-01,9.677572962943448154e-01,0.000000000000000000e+00,0.000000000000000000e+00,-0.000000000000000000e+00,9.999999999999998890e-01,2.959627564603413141e+00,-1.209216714320868213e+01,-3.147307517686289025e+00,-0.000000000000000000e+00,-1.701574300541943074e+01,6.537562895623116788e+01,0.000000000000000000e+00,-2.910791014862811465e+01,6.222832143854488152e+01,9.810000000000000497e+00
2.900577207417631143e-01,5.968506018505967958e-01,4.159084059084159346e-01,0.000000000000000000e+00,4.616783446431128368e+00,1.217736159936922524e+00,0.000000000000000000e+00,-2.949327632984169156e+01,6.255705916602951788e+01,9.810000000000000497e+00,-1.684312833858930389e+03,1.422385527874343097e+03,-3.637978807091712952e-12,9.669304078933629309e-01,2.550403620825040796e-01,0.000000000000000000e+00,-2.550403620825040796e-01,9.669304078933629309e-01,0.000000000000000000e+00,0.000000000000000000e+00,-0.000000000000000000e+00,1.000000000000000000e+00,2.983225685164095697e+00,-1.214790514696207779e+01,-3.204166610061565112e+00,-0.000000000000000000e+00,-1.734537118287961377e+01,6.576122577609108077e+01,0.000000000000000000e+00,-2.949327632984169156e+01,6.255705916602951788e+01,9.810000000000000497e+00
2.902875781132619459e-01,5.979110239366490775e-01,4.161899641387136750e-01,0.000000000000000000e+00,4.609959560158230829e+00,1.232152821464637560e+00,0.000000000000000000e+00,-2.988224548716053874e+01,6.288224052144398968e+01,9.810000000000000497e+00,-1.700082204089500010e+03,1.406763783266535029e+03,3.637978807091712952e-12,9.660871145643488145e-01,2.582163570975523070e-01,0.000000000000000000e+00,-2.582163570975523070e-01,9.660871145643488145e-01,0.000000000000000000e+00,0.000000000000000000e+00,-0.000000000000000000e+00,9.999999999999998890e-01,3.006852182887299829e+00,-1.220325425033615652e+01,-3.261693288061278562e+00,-0.000000000000000000e+00,-1.767899123682438045e+01,6.614393380950527046e+01,0.000000000000000000e+00,-2.988224548716053874e+01,6.288224052144398968e+01,9.810000000000000497e+00
2.905174201864671457e-01,5.989697946736065592e-01,4.164748250672012375e-01,0.000000000000000000e+00,4.603046321872883873e+00,1.246642813799742067e+00,0.000000000000000000e+00,-3.027480293445306359e+01,6.320374793912372269e+01,9.810000000000000497e+00,-1.715763175675776438e+03,1.390608942471182672e+03,3.637978807091712952e-12,9.652271954745790250e-01,2.614124348922188812e-01,0.000000000000000000e+00,-2.614124348922188812e-01,9.652271954745790250e-01,0.000000000000000000e+00,0.000000000000000000e+00,-0.000000000000000000e+00,9.999999999999997780e-01,3.030503930540376256e+00,-1.225820921590724311e+01,-3.319890211933988589e+00,-0.000000000000000000e+00,-1.801659371854582048e+01,6.652363815105771039e+01,0.000000000000000000e+00,-3.027480293445306359e+01,6.320374793912372269e+01,9.810000000000000497e+00
2.907472489031359131e-01,6.000269044326114187e-01,4.167630079515939334e-01,0.000000000000000000e+00,4.596042854560613122e+00,1.261205418772026743e+00,0.000000000000000000e+00,-3.067093149249861739e+01,6.352146305174020569e+01,9.810000000000000497e+00,-1.731353423670036136e+03,1.373923707613779698e+03,0.000000000000000000e+00,9.643504290738168505e-01,2.646285130992977463e-01,0.000000000000000000e+00,-2.646285130992977463e-01,9.643504290738168505e-01,0.000000000000000000e+00,0.000000000000000000e+00,-0.000000000000000000e+00,9.999999999999998890e-01,3.054177712681258594e+00,-1.231276420087324830e+01,-3.378759820482167608e+00,-0.000000000000000000e+00,-1.835816729162537086e+01,6.690022287222237196e+01,0.000000000000000000e+00,-3.067093149249861739e+01,6.352146305174020569e+01,9.810000000000000497e+00
2.909770657829192086e-01,6.010823435848060559e-01,4.170545320496071851e-01,0.000000000000000000e+00,4.588948287063037590e+00,1.275839898357074675e+00,0.000000000000000000e+00,-3.107061172756267808e+01,6.383526612183926829e+01,9.810000000000000497e+00,-1.746833726546436083e+03,1.356691274364740821e+03,0.000000000000000000e+00,9.634565931594202270e-01,2.678645051096611995e-01,0.000000000000000000e+00,-2.678645051096611995e-01,9.634565931594202270e-01,0.000000000000000000e+00,0.000000000000000000e+00,-0.000000000000000000e+00,1.000000000000000222e+00,3.077870224874057925e+00,-1.236691317761981246e+01,-3.438304435900148004e+00,-0.000000000000000000e+00,-1.870369854994286740e+01,6.727357055773941852e+01,0.000000000000000000e+00,-3.107061172756267808e+01,6.383526612183926829e+01,9.810000000000000497e+00
2.912068754542097571e-01,6.021361025013326485e-01,4.173494166189564702e-01,0.000000000000000000e+00,4.581761710705276158e+00,1.290545482167241964e+00,0.000000000000000000e+00,-3.147382254239288812e+01,6.414503450929653638e+01,9.810000000000000497e+00,-1.762198886412777938e+03,1.338911083151615458e+03,-3.637978807091712952e-12,9.625454649437882315e-01,2.711203199986056411e-01,0.000000000000000000e+00,-2.711203199986056411e-01,9.625454649437882315e-01,0.000000000000000000e+00,0.000000000000000000e+00,-0.000000000000000000e+00,9.999999999999997780e-01,3.101578073169879879e+00,-1.242065094045991636e+01,-3.498526542603505263e+00,-0.000000000000000000e+00,-1.905317160193296999e+01,6.764356105190003632e+01,0.000000000000000000e+00,-3.147382254239288812e+01,6.414503450929653638e+01,9.810000000000000497e+00
2.914366779711304867e-01,6.031881715533334853e-01,4.176476809173570448e-01,0.000000000000000000e+00,4.574482274682135419e+00,1.305321393577846267e+00,0.000000000000000000e+00,-3.188053970425753292e+01,6.445064610369882985e+01,9.810000000000000497e+00,-1.777439195752725936e+03,1.320578832616622094e+03,0.000000000000000000e+00,9.616168211240162522e-01,2.743958624530292156e-01,0.000000000000000000e+00,-2.743958624530292156e-01,9.616168211240162522e-01,0.000000000000000000e+00,0.000000000000000000e+00,-0.000000000000000000e+00,1.000000000000000000e+00,3.125297773690176140e+00,-1.247397091560750226e+01,-3.559428175976859343e+00,-0.000000000000000000e+00,-1.940656878865003065e+01,6.801007427967569186e+01,0.000000000000000000e+00,-3.188053970425753292e+01,6.445064610369882985e+01,9.810000000000000497e+00
2.916664776189539232e-01,6.042385411119510774e-01,4.179493442025243866e-01,0.000000000000000000e+00,4.567109077364104763e+00,1.320166818959987776e+00,0.000000000000000000e+00,-3.229073740094334966e+01,6.475197545289955769e+01,9.810000000000000497e+00,-1.792537542631805991e+03,1.301681396444095299e+03,-3.637978807091712952e-12,9.606704379538955063e-01,2.776910326990607025e-01,0.000000000000000000e+00,-2.776910326990607025e-01,9.606704379538955063e-01,0.000000000000000000e+00,0.000000000000000000e+00,-0.000000000000000000e+00,1.000000000000000222e+00,3.149025752096248798e+00,-1.252686767079049268e+01,-3.621011621212428810e+00,-0.000000000000000000e+00,-1.976386973015285875e+01,6.837298707411198961e+01,0.000000000000000000e+00,-3.229073740094334966e+01,6.475197545289955769e+01,9.810000000000000497e+00
2.918962763201232158e-01,6.052872015483276025e-01,4.182544257321737513e-01,0.000000000000000000e+00,4.559641248526697943e+00,1.335080930395925458e+00,0.000000000000000000e+00,-3.270438698513161313e+01,6.504889674257296406e+01,9.810000000000000497e+00,-1.807490497981008957e+03,1.282221917165996274e+03,0.000000000000000000e+00,9.597060913182625663e-01,2.810057264303039704e-01,0.000000000000000000e+00,-2.810057264303039704e-01,9.597060913182625663e-01,0.000000000000000000e+00,0.000000000000000000e+00,-0.000000000000000000e+00,1.000000000000000222e+00,3.172758343096523603e+00,-1.257933503882951420e+01,-3.683278883580841878e+00,-0.000000000000000000e+00,-2.012505194630210070e+01,6.873217562615380416e+01,0.000000000000000000e+00,-3.270438698513161313e+01,6.504889674257296406e+01,9.810000000000000497e+00
2.921260761410616746e-01,6.063341432336053494e-01,4.185629447640207279e-01,0.000000000000000000e+00,4.552077918720565108e+00,1.350062876752968100e+00,0.000000000000000000e+00,-3.312145737919833266e+01,6.534128272893651967e+01,9.810000000000000497e+00,-1.822276879925309913e+03,1.262184812201769091e+03,0.000000000000000000e+00,9.587235568097453031e-01,2.843398347366595247e-01,0.000000000000000000e+00,-2.843398347366595247e-01,9.587235568097453031e-01,0.000000000000000000e+00,0.000000000000000000e+00,-0.000000000000000000e+00,9.999999999999997780e-01,3.196491790091084972e+00,-1.263136683300133889e+01,-3.746231885388481508e+00,-0.000000000000000000e+00,-2.049009054619699555e+01,6.908751461432500207e+01,0.000000000000000000e+00,-3.312145737919833266e+01,6.534128272893651967e+01,9.810000000000000497e+00
2.923558817540380383e-01,6.073793565389264959e-01,4.188749205557805722e-01,0.000000000000000000e+00,4.544418188430275229e+00,1.365111774002404799e+00,0.000000000000000000e+00,-3.354191542636034740e+01,6.562900362310057290e+01,9.810000000000000497e+00,-1.836891170944669284e+03,1.241571142825967399e+03,3.637978807091712952e-12,9.577226098078428507e-01,2.876932440340831953e-01,0.000000000000000000e+00,-2.876932440340831953e-01,9.577226098078428507e-01,0.000000000000000000e+00,0.000000000000000000e+00,-0.000000000000000000e+00,1.000000000000000222e+00,3.220222245052356325e+00,-1.268295754127209563e+01,-3.809872672555159934e+00,-0.000000000000000000e+00,-2.085895788508824822e+01,6.943887629565573150e+01,0.000000000000000000e+00,-3.354191542636034740e+01,6.562900362310057290e+01,9.810000000000000497e+00
2.925856935778583523e-01,6.084228318354335530e-01,4.191903723651687619e-01,0.000000000000000000e+00,4.536661215185138651e+00,1.380226730706337390e+00,0.000000000000000000e+00,-3.396572468112425724e+01,6.591193034542651219e+01,9.810000000000000497e+00,-1.851320897630765103e+03,1.220376143053872511e+03,3.637978807091712952e-12,9.567030255603206079e-01,2.910658359954469976e-01,0.000000000000000000e+00,-2.910658359954469976e-01,9.567030255603206079e-01,0.000000000000000000e+00,0.000000000000000000e+00,-0.000000000000000000e+00,9.999999999999998890e-01,3.243945768158139842e+00,-1.273410039122901161e+01,-3.874202837241186081e+00,-0.000000000000000000e+00,-2.123162428989524741e+01,6.978613318266769738e+01,0.000000000000000000e+00,-3.396572468112425724e+01,6.591193034542651219e+01,9.810000000000000497e+00
2.928155163912516401e-01,6.094645594942689204e-01,4.195093194499007749e-01,0.000000000000000000e+00,4.528806104969578250e+00,1.395406815207510531e+00,0.000000000000000000e+00,-3.439284679295256808e+01,6.618993053265528204e+01,9.810000000000000497e+00,-1.865548847558980924e+03,1.198589721846539760e+03,0.000000000000000000e+00,9.556645792671586426e-01,2.944574874818512988e-01,0.000000000000000000e+00,-2.944574874818512988e-01,9.556645792671586426e-01,0.000000000000000000e+00,0.000000000000000000e+00,-0.000000000000000000e+00,1.000000000000000000e+00,3.267658327706478794e+00,-1.278478978027116852e+01,-3.939224240757279727e+00,-0.000000000000000000e+00,-2.160805701268139600e+01,7.012915477341256576e+01,0.000000000000000000e+00,-3.439284679295256808e+01,6.618993053265528204e+01,9.810000000000000497e+00
2.930453520815898272e-01,6.105045298865746650e-01,4.198317810676917006e-01,0.000000000000000000e+00,4.520852004641080946e+00,1.410651083014597074e+00,0.000000000000000000e+00,-3.482324025497348430e+01,6.646287201926321586e+01,9.810000000000000497e+00,-1.879570519946617424e+03,1.176215787038876442e+03,0.000000000000000000e+00,9.546070461667001128e-01,2.978680704756517250e-01,0.000000000000000000e+00,-2.978680704756517250e-01,9.546070461667001128e-01,0.000000000000000000e+00,0.000000000000000000e+00,-0.000000000000000000e+00,1.000000000000000222e+00,3.291355800118965558e+00,-1.283501923380587328e+01,-4.004938397473351230e+00,-0.000000000000000000e+00,-2.198822102116761101e+01,7.046781041673656887e+01,0.000000000000000000e+00,-3.482324025497348430e+01,6.646287201926321586e+01,9.810000000000000497e+00
2.932752032899558214e-01,6.115427333834930756e-01,4.201577764762571277e-01,0.000000000000000000e+00,4.512798056156945847e+00,1.425958562674059849e+00,0.000000000000000000e+00,-3.525686095208222781e+01,6.673062116820973699e+01,9.810000000000000497e+00,-1.893362709207736771e+03,1.153240275794087211e+03,3.637978807091712952e-12,9.535302016243493162e-01,3.012974520141648016e-01,0.000000000000000000e+00,-3.012974520141648016e-01,9.535302016243493162e-01,0.000000000000000000e+00,0.000000000000000000e+00,-0.000000000000000000e+00,1.000000000000000222e+00,3.315033969659943125e+00,-1.288478243339869955e+01,-4.071346780968876367e+00,-0.000000000000000000e+00,-2.237207851868352648e+01,7.080196794917861780e+01,0.000000000000000000e+00,-3.525686095208222781e+01,6.673062116820973699e+01,9.810000000000000497e+00
2.935050747541922411e-01,6.125791603561665521e-01,4.204873249333124785e-01,0.000000000000000000e+00,4.504643379487590416e+00,1.441328249739084688e+00,0.000000000000000000e+00,-3.569366229676201385e+01,6.699304224942483188e+01,9.810000000000000497e+00,-1.906919774933790904e+03,1.129666173268517014e+03,3.637978807091712952e-12,9.524338212237130064e-01,3.047454941245175686e-01,0.000000000000000000e+00,-3.047454941245175686e-01,9.524338212237130064e-01,0.000000000000000000e+00,0.000000000000000000e+00,-0.000000000000000000e+00,1.000000000000000000e+00,3.338688528714333081e+00,-1.293407359018734937e+01,-4.138450944780856844e+00,-0.000000000000000000e+00,-2.275958870657466449e+01,7.113149319420568872e+01,0.000000000000000000e+00,-3.569366229676201385e+01,6.699304224942483188e+01,9.810000000000000497e+00
2.937349672752659901e-01,6.136138011757374944e-01,4.208204456965731199e-01,0.000000000000000000e+00,4.496387150921543174e+00,1.456759131223577697e+00,0.000000000000000000e+00,-3.613359427055535633e+01,6.725000048753484805e+01,9.810000000000000497e+00,-1.920226600131951272e+03,1.105488944114389597e+03,0.000000000000000000e+00,9.513176808599854706e-01,3.082120537603597055e-01,0.000000000000000000e+00,-3.082120537603597055e-01,9.513176808599854706e-01,0.000000000000000000e+00,0.000000000000000000e+00,-0.000000000000000000e+00,1.000000000000000000e+00,3.362315078082139586e+00,-1.298288576174779330e+01,-4.206251985926619419e+00,-0.000000000000000000e+00,-2.315070850880756126e+01,7.145625247346146125e+01,0.000000000000000000e+00,-3.613359427055535633e+01,6.725000048753484805e+01,9.810000000000000497e+00
2.939648861022116089e-01,6.146466462133481912e-01,4.211571580237543633e-01,0.000000000000000000e+00,4.488028495253781891e+00,1.472250150886164510e+00,0.000000000000000000e+00,-3.657660462472074414e+01,6.750135796687075640e+01,9.810000000000000497e+00,-1.933265894450116321e+03,1.080701559254724998e+03,0.000000000000000000e+00,9.501815568358060737e-01,3.116969827397816362e-01,0.000000000000000000e+00,-3.116969827397816362e-01,9.501815568358060737e-01,0.000000000000000000e+00,0.000000000000000000e+00,-0.000000000000000000e+00,9.999999999999998890e-01,3.385909126992058926e+00,-1.303121319245759757e+01,-4.274751287589724669e+00,-0.000000000000000000e+00,-2.354539143226314835e+01,7.177610925446047929e+01,0.000000000000000000e+00,-3.657660462472074414e+01,6.750135796687075640e+01,9.810000000000000497e+00
2.941948331706099040e-01,6.156776858401407093e-01,4.214974811725716863e-01,0.000000000000000000e+00,4.479566586729215594e+00,1.487800241221972408e+00,0.000000000000000000e+00,-3.702263768660176879e+01,6.774697756917920799e+01,9.810000000000000497e+00,-1.946032390786203905e+03,1.055309210012201220e+03,0.000000000000000000e+00,9.490252259595917117e-01,3.152001276845332045e-01,0.000000000000000000e+00,-3.152001276845332045e-01,9.490252259595917117e-01,0.000000000000000000e+00,0.000000000000000000e+00,-0.000000000000000000e+00,1.000000000000000222e+00,3.409466093368836770e+00,-1.307904915228352927e+01,-4.343949823487184503e+00,-0.000000000000000000e+00,-2.394358853431824130e+01,7.209092739266638716e+01,0.000000000000000000e+00,-3.702263768660176879e+01,6.774697756917920799e+01,9.810000000000000497e+00
2.944248116211203858e-01,6.167069104272573377e-01,4.218414344007404559e-01,0.000000000000000000e+00,4.471000591040284355e+00,1.503408304471168133e+00,0.000000000000000000e+00,-3.747163497804904608e+01,6.798672079644963162e+01,9.810000000000000497e+00,-1.958500818158863694e+03,1.029299736972752726e+03,-3.637978807091712952e-12,9.478484656462187186e-01,3.187213299610007766e-01,0.000000000000000000e+00,-3.187213299610007766e-01,9.478484656462187186e-01,0.000000000000000000e+00,0.000000000000000000e+00,-0.000000000000000000e+00,1.000000000000000222e+00,3.432981304484548080e+00,-1.312638719688960798e+01,-4.413848559773104085e+00,-0.000000000000000000e+00,-2.434524778115943988e+01,7.240056935622273215e+01,0.000000000000000000e+00,-3.747163497804904608e+01,6.798672079644963162e+01,9.810000000000000497e+00
2.946548263865114703e-01,6.177343103458408091e-01,4.221890369659760944e-01,0.000000000000000000e+00,4.462329657829511298e+00,1.519073209391136547e+00,0.000000000000000000e+00,-3.792353522341917227e+01,6.822044750944792213e+01,9.810000000000000497e+00,-1.970665476846086676e+03,1.002678139182418818e+03,-3.637978807091712952e-12,9.466510540199550849e-01,3.222604256232960429e-01,0.000000000000000000e+00,-3.222604256232960429e-01,9.466510540199550849e-01,0.000000000000000000e+00,0.000000000000000000e+00,-0.000000000000000000e+00,9.999999999999997780e-01,3.456449997412760489e+00,-1.317322132721867689e+01,-4.484448513221519050e+00,-0.000000000000000000e+00,-2.475031389620049538e+01,7.270489602266944473e+01,0.000000000000000000e+00,-3.792353522341917227e+01,6.822044750944792213e+01,9.810000000000000497e+00
2.948848786149577128e-01,6.187598759670330795e-01,4.225403081259939686e-01,0.000000000000000000e+00,4.453552994529767162e+00,1.534793815853919163e+00,0.000000000000000000e+00,-3.837827357002790052e+01,6.844801890516255582e+01,9.810000000000000497e+00,-1.982509504292334896e+03,9.754413843200891279e+02,0.000000000000000000e+00,9.454327700199119944e-01,3.258172453576947958e-01,0.000000000000000000e+00,-3.258172453576947958e-01,9.454327700199119944e-01,0.000000000000000000e+00,0.000000000000000000e+00,-0.000000000000000000e+00,1.000000000000000222e+00,3.479867319488460176e+00,-1.321954445229787822e+01,-4.555750228797946555e+00,-0.000000000000000000e+00,-2.515872911773002585e+01,7.300376913396050327e+01,0.000000000000000000e+00,-3.837827357002790052e+01,6.844801890516255582e+01,9.810000000000000497e+00
2.951149739410675044e-01,6.197835976619766596e-01,4.228952671385094453e-01,0.000000000000000000e+00,4.444669758065000309e+00,1.550568937762639043e+00,0.000000000000000000e+00,-3.883578262671073134e+01,6.866929328961792578e+01,9.810000000000000497e+00,-1.994014899117624736e+03,9.475850372221611906e+02,0.000000000000000000e+00,9.441933935077611029e-01,3.293916144292355908e-01,0.000000000000000000e+00,-3.293916144292355908e-01,9.441933935077611029e-01,0.000000000000000000e+00,0.000000000000000000e+00,-0.000000000000000000e+00,1.000000000000000000e+00,3.503228329160347432e+00,-1.326535067168174109e+01,-4.627754550878750983e+00,-0.000000000000000000e+00,-2.557043195502899025e+01,7.329704784049667410e+01,0.000000000000000000e+00,-3.883578262671073134e+01,6.866929328961792578e+01,9.810000000000000497e+00
2.953451145531854616e-01,6.208054658018136163e-01,4.232539332612378913e-01,0.000000000000000000e+00,4.435679159964895923e+00,1.566397378577071731e+00,0.000000000000000000e+00,-3.929599140148299341e+01,6.888413031853639268e+01,9.810000000000000497e+00,-2.005176297260797583e+03,9.191162483610387426e+02,3.637978807091712952e-12,9.429327053777302181e-01,3.329833526304801228e-01,0.000000000000000000e+00,-3.329833526304801228e-01,9.429327053777302181e-01,0.000000000000000000e+00,0.000000000000000000e+00,-0.000000000000000000e+00,1.000000000000000000e+00,3.526527996665135500e+00,-1.331063309229962499e+01,-4.700461875413089352e+00,-0.000000000000000000e+00,-2.598535830918336842e+01,7.358459219394947581e+01,0.000000000000000000e+00,-3.929599140148299341e+01,6.888413031853639268e+01,9.810000000000000497e+00
2.955753038906363539e-01,6.218254707576862383e-01,4.236163257518947844e-01,0.000000000000000000e+00,4.426580404976553140e+00,1.582277910002943822e+00,0.000000000000000000e+00,-3.975882586567367838e+01,6.909238862369427636e+01,9.810000000000000497e+00,-2.015966324723412981e+03,8.900251649320707656e+02,3.637978807091712952e-12,9.416504876690094950e-01,3.365922742320694439e-01,0.000000000000000000e+00,-3.365922742320694439e-01,9.416504876690094950e-01,0.000000000000000000e+00,0.000000000000000000e+00,-0.000000000000000000e+00,1.000000000000000000e+00,3.549761204975204976e+00,-1.335538512372738573e+01,-4.773872589572380143e+00,-0.000000000000000000e+00,-2.640344074194629442e+01,7.386626121326665384e+01,0.000000000000000000e+00,-3.975882586567367838e+01,6.909238862369427636e+01,9.810000000000000497e+00
2.958055473412348202e-01,6.228436029007371477e-01,4.239824638681954916e-01,0.000000000000000000e+00,4.417372682005218820e+00,1.598209268034629371e+00,0.000000000000000000e+00,-4.022420897041360632e+01,6.929392549544370183e+01,9.810000000000000497e+00,-2.026379091458438779e+03,8.603187146732234396e+02,0.000000000000000000e+00,9.403465236802478477e-01,3.402181879360256511e-01,0.000000000000000000e+00,-3.402181879360256511e-01,9.403465236802478477e-01,0.000000000000000000e+00,0.000000000000000000e+00,-0.000000000000000000e+00,9.999999999999997780e-01,3.572922750951802673e+00,-1.339960066586510123e+01,-4.847987143893713657e+00,-0.000000000000000000e+00,-2.682460830454850509e+01,7.414191263933741993e+01,0.000000000000000000e+00,-4.022420897041360632e+01,6.929392549544370183e+01,9.810000000000000497e+00
2.960358463013958996e-01,6.238598526021083002e-01,4.243523668678553240e-01,0.000000000000000000e+00,4.408055244119245764e+00,1.614190181358697407e+00,0.000000000000000000e+00,-4.069205994536016391e+01,6.948860021285690891e+01,9.810000000000000497e+00,-2.036397943298856262e+03,8.299971704900381155e+02,0.000000000000000000e+00,9.390205980863308710e-01,3.438608968312473757e-01,0.000000000000000000e+00,-3.438608968312473757e-01,9.390205980863308710e-01,0.000000000000000000e+00,0.000000000000000000e+00,-0.000000000000000000e+00,1.000000000000000222e+00,3.596007346255226000e+00,-1.344327249149348269e+01,-4.922805468476844304e+00,-0.000000000000000000e+00,-2.724878745386667944e+01,7.441140568133374700e+01,0.000000000000000000e+00,-4.069205994536016391e+01,6.948860021285690891e+01,9.810000000000000497e+00
2.962662066324890375e-01,6.248742102329423176e-01,4.247260540085898151e-01,0.000000000000000000e+00,4.398627295962877604e+00,1.630219330484194540e+00,0.000000000000000000e+00,-4.116229520567432587e+01,6.967626952359404413e+01,9.810000000000000497e+00,-2.046002605820569443e+03,7.990577247266774066e+02,-7.275957614183425903e-12,9.376724970574139562e-01,3.475201983512814508e-01,0.000000000000000000e+00,-3.475201983512814508e-01,9.376724970574139562e-01,0.000000000000000000e+00,0.000000000000000000e+00,-0.000000000000000000e+00,1.000000000000000000e+00,3.619009618623918900e+00,-1.348639455236721751e+01,-4.998327800581019886e+00,-0.000000000000000000e+00,-2.767590065330710658e+01,7.467459732417506757e+01,0.000000000000000000e+00,-4.116229520567432587e+01,6.967626952359404413e+01,9.810000000000000497e+00
2.964966311259302767e-01,6.258866661643813778e-01,4.251035445481142760e-01,0.000000000000000000e+00,4.389088095328684602e+00,1.646295384212012269e+00,0.000000000000000000e+00,-4.163482750022541268e+01,6.985679188169370946e+01,9.810000000000000497e+00,-2.055188747303094715e+03,7.675102674603695050e+02,3.637978807091712952e-12,9.363020083799761251e-01,3.511958842350278442e-01,0.000000000000000000e+00,-3.511958842350278442e-01,9.363020083799761251e-01,0.000000000000000000e+00,0.000000000000000000e+00,-0.000000000000000000e+00,1.000000000000000000e+00,3.641924113309715771e+00,-1.352895993055246748e+01,-5.074553939931767843e+00,-0.000000000000000000e+00,-2.810586756967294875e+01,7.493134582162548440e+01,0.000000000000000000e+00,-4.163482750022541268e+01,6.985679188169370946e+01,9.810000000000000497e+00
2.967271231678231258e-01,6.268972107675676586e-01,4.254848577441440738e-01,0.000000000000000000e+00,4.379436904685260146e+00,1.662416981855046272e+00,0.000000000000000000e+00,-4.210956628858280482e+01,7.003002554535730440e+01,9.810000000000000497e+00,-2.063926887324996642e+03,7.353477485021285247e+02,-3.637978807091712952e-12,9.349089215800029384e-01,3.548877404900258603e-01,0.000000000000000000e+00,-3.548877404900258603e-01,9.349089215800029384e-01,0.000000000000000000e+00,0.000000000000000000e+00,-0.000000000000000000e+00,1.000000000000000000e+00,3.664745294405137521e+00,-1.357096183875498951e+01,-5.151483606652042191e+00,-0.000000000000000000e+00,-2.853860444982781530e+01,7.518150915200934037e+01,0.000000000000000000e+00,-4.210956628858280482e+01,7.003002554535730440e+01,9.810000000000000497e+00
2.969576890173273309e-01,6.279058344136434489e-01,4.258700128543946306e-01,0.000000000000000000e+00,4.369672960645773152e+00,1.678582721047668702e+00,0.000000000000000000e+00,-4.258641790657803483e+01,7.019582736725928385e+01,9.810000000000000497e+00,-2.072210517662999337e+03,7.025787285472033545e+02,0.000000000000000000e+00,9.334930280482460763e-01,3.585955473584643283e-01,0.000000000000000000e+00,-3.585955473584643283e-01,9.334930280482460763e-01,0.000000000000000000e+00,0.000000000000000000e+00,-0.000000000000000000e+00,1.000000000000000222e+00,3.687467546492187331e+00,-1.361239423276924043e+01,-5.229116676923702300e+00,-0.000000000000000000e+00,-2.897402367380879795e+01,7.542494404418299325e+01,0.000000000000000000e+00,-4.258641790657803483e+01,7.019582736725928385e+01,9.810000000000000497e+00
2.971883301433800306e-01,6.289125274737512594e-01,4.262590291365813133e-01,0.000000000000000000e+00,4.359795578625175416e+00,1.694791197260054227e+00,0.000000000000000000e+00,-4.306528484109693977e+01,7.035405726685296202e+01,9.810000000000000497e+00,-2.080026471371369553e+03,6.692089202030911110e+02,0.000000000000000000e+00,9.320541211673575299e-01,3.623190792864005583e-01,0.000000000000000000e+00,-3.623190792864005583e-01,9.320541211673575299e-01,0.000000000000000000e+00,0.000000000000000000e+00,-0.000000000000000000e+00,1.000000000000000222e+00,3.710085176368906446e+00,-1.365324975006950226e+01,-5.307452396129922256e+00,-0.000000000000000000e+00,-2.941203509102743396e+01,7.566150966298287983e+01,0.000000000000000000e+00,-4.306528484109693977e+01,7.035405726685296202e+01,9.810000000000000497e+00
2.974190523875027692e-01,6.299172803190333791e-01,4.266519258484195998e-01,0.000000000000000000e+00,4.349804028972442893e+00,1.711040956298298887e+00,0.000000000000000000e+00,-4.354606654345037242e+01,7.050457311833996243e+01,9.810000000000000497e+00,-2.087349467908861698e+03,6.352358849024749361e+02,3.637978807091712952e-12,9.305919964410086509e-01,3.660581048958456707e-01,0.000000000000000000e+00,-3.660581048958456707e-01,9.305919964410086509e-01,0.000000000000000000e+00,0.000000000000000000e+00,-0.000000000000000000e+00,1.000000000000000222e+00,3.732592414677133874e+00,-1.369352217823123219e+01,-5.386490317005766748e+00,-0.000000000000000000e+00,-2.985254436521914201e+01,7.589106343534572829e+01,0.000000000000000000e+00,-4.354606654345037242e+01,7.050457311833996243e+01,9.810000000000000497e+00
2.976498596671020014e-01,6.309200833206320969e-01,4.270487222476249123e-01,0.000000000000000000e+00,4.339697623194104459e+00,1.727330526992467696e+00,0.000000000000000000e+00,-4.402865884865158819e+01,7.064723446801966134e+01,9.810000000000000497e+00,-2.094177193049734342e+03,6.006726143785053864e+02,0.000000000000000000e+00,9.291064516249257776e-01,3.698123869598466396e-01,0.000000000000000000e+00,-3.698123869598466396e-01,9.291064516249257776e-01,0.000000000000000000e+00,0.000000000000000000e+00,-0.000000000000000000e+00,9.999999999999998890e-01,3.754983418061668576e+00,-1.373320476352441233e+01,-5.466229650353930936e+00,-0.000000000000000000e+00,-3.029545408512717586e+01,7.611346411837358517e+01,0.000000000000000000e+00,-4.402865884865158819e+01,7.064723446801966134e+01,9.810000000000000497e+00
2.978807549384241415e-01,6.319209268496894794e-01,4.274494375919123401e-01,0.000000000000000000e+00,4.329475701715632674e+00,1.743658416631110208e+00,0.000000000000000000e+00,-4.451295407441448759e+01,7.078190212963146166e+01,9.810000000000000497e+00,-2.100480140442450647e+03,5.655165970606612973e+02,-3.637978807091712952e-12,9.275972868594549725e-01,3.735816823814814280e-01,0.000000000000000000e+00,-3.735816823814814280e-01,9.275972868594549725e-01,0.000000000000000000e+00,0.000000000000000000e+00,-0.000000000000000000e+00,1.000000000000000000e+00,3.777252271117963911e+00,-1.377229047651412408e+01,-5.546669356787541361e+00,-0.000000000000000000e+00,-3.074066359790036174e+01,7.632857148641900835e+01,0.000000000000000000e+00,-4.451295407441448759e+01,7.078190212963146166e+01,9.810000000000000497e+00
2.981117454709019121e-01,6.329198012773480375e-01,4.278540911389976942e-01,0.000000000000000000e+00,4.319137561866315700e+00,1.760023081697392078e+00,0.000000000000000000e+00,-4.499884138086319751e+01,7.090843517836442800e+01,9.810000000000000497e+00,-2.106249007645004895e+03,5.297768788583634887e+02,-3.637978807091712952e-12,9.260643048041553582e-01,3.773657421754075814e-01,0.000000000000000000e+00,-3.773657421754075814e-01,9.260643048041553582e-01,0.000000000000000000e+00,0.000000000000000000e+00,-0.000000000000000000e+00,9.999999999999996669e-01,3.799392988470961185e+00,-1.381077341599925745e+01,-5.627808709511943341e+00,-0.000000000000000000e+00,-3.118806796486393651e+01,7.653624388787636690e+01,0.000000000000000000e+00,-4.499884138086319751e+01,7.090843517836442800e+01,9.810000000000000497e+00
2.983428330009533780e-01,6.339166969747500602e-01,4.282627021465960082e-01,0.000000000000000000e+00,4.308682594059527915e+00,1.776422982379708415e+00,0.000000000000000000e+00,-4.548620606955140033e+01,7.102669690924959411e+01,9.810000000000000497e+00,-2.111477622101941961e+03,4.934659116436669137e+02,3.637978807091712952e-12,9.245073107737676876e-01,3.811643114535464560e-01,0.000000000000000000e+00,-3.811643114535464560e-01,9.245073107737676876e-01,0.000000000000000000e+00,0.000000000000000000e+00,-0.000000000000000000e+00,1.000000000000000000e+00,3.821399517351280473e+00,-1.384864619393031226e+01,-5.709646240282604701e+00,-0.000000000000000000e+00,-3.163755987562108984e+01,7.673634314953220326e+01,0.000000000000000000e+00,-4.548620606955140033e+01,7.102669690924959411e+01,9.810000000000000497e+00
2.985740228470645796e-01,6.349116043130378362e-01,4.286752898724229266e-01,0.000000000000000000e+00,4.298110156923533154e+00,1.792856532104195599e+00,0.000000000000000000e+00,-4.597493022198447932e+01,7.113654956050447709e+01,9.810000000000000497e+00,-2.116133587494856329e+03,4.565815513549605384e+02,0.000000000000000000e+00,9.229261128757462185e-01,3.849771294142877998e-01,0.000000000000000000e+00,-3.849771294142877998e-01,9.229261128757462185e-01,0.000000000000000000e+00,0.000000000000000000e+00,-0.000000000000000000e+00,1.000000000000000000e+00,3.843265739742331988e+00,-1.388590236065650529e+01,-5.792180712577068569e+00,-0.000000000000000000e+00,-3.208902786132797758e+01,7.692873027308154121e+01,0.000000000000000000e+00,-4.597493022198447932e+01,7.113654956050447709e+01,9.810000000000000497e+00
2.988053207775303033e-01,6.359045136633536544e-01,4.290918735741937606e-01,0.000000000000000000e+00,4.287419620896229411e+00,1.809322114548337357e+00,0.000000000000000000e+00,-4.646489245915246613e+01,7.123785627829111888e+01,9.810000000000000497e+00,-2.120214535067570978e+03,4.191384311454312410e+02,3.637978807091712952e-12,9.213205221494348285e-01,3.888039293349448977e-01,0.000000000000000000e+00,-3.888039293349448977e-01,9.213205221494348285e-01,0.000000000000000000e+00,0.000000000000000000e+00,-0.000000000000000000e+00,1.000000000000000000e+00,3.864985475044879326e+00,-1.392253557137027187e+01,-5.875410789532280909e+00,-0.000000000000000000e+00,-3.254235688778219071e+01,7.711326706782340068e+01,0.000000000000000000e+00,-4.646489245915246613e+01,7.123785627829111888e+01,9.810000000000000497e+00
2.990367293859381714e-01,6.368954153968398035e-01,4.295124725096238771e-01,0.000000000000000000e+00,4.276610419403161778e+00,1.825818105150738724e+00,0.000000000000000000e+00,-4.695596777140280409e+01,7.133048347887033458e+01,9.810000000000000497e+00,-2.123702004666076391e+03,3.811440587803372182e+02,0.000000000000000000e+00,9.196903527063126083e-01,3.926444385687110072e-01,0.000000000000000000e+00,-3.926444385687110072e-01,9.196903527063126083e-01,0.000000000000000000e+00,0.000000000000000000e+00,-0.000000000000000000e+00,1.000000000000000000e+00,3.886552482972351452e+00,-1.395853863808606832e+01,-5.959334628946733936e+00,-0.000000000000000000e+00,-3.299742913331673577e+01,7.728981810781706940e+01,0.000000000000000000e+00,-4.695596777140280409e+01,7.133048347887033458e+01,9.810000000000000497e+00
2.992682553478312468e-01,6.378842998846385726e-01,4.299371059364285319e-01,0.000000000000000000e+00,4.265681948542038526e+00,1.842342828709915725e+00,0.000000000000000000e+00,-4.744802790707741735e+01,7.141429654793996917e+01,9.810000000000000497e+00,-2.126575302002544049e+03,3.426045970841369126e+02,-3.637978807091712952e-12,9.180354218715957026e-01,3.964983785452864673e-01,0.000000000000000000e+00,-3.964983785452864673e-01,9.180354218715957026e-01,0.000000000000000000e+00,0.000000000000000000e+00,-0.000000000000000000e+00,1.000000000000000000e+00,3.907960466111921605e+00,-1.399390543977890644e+01,-6.043950684469852064e+00,-0.000000000000000000e+00,-3.345412246729851091e+01,7.745824723240981768e+01,0.000000000000000000e+00,-4.744802790707741735e+01,7.141429654793996917e+01,9.810000000000000497e+00
2.994999027136215908e-01,6.388711574978922503e-01,4.303657931123233693e-01,0.000000000000000000e+00,4.254633661119889609e+00,1.858894598908509943e+00,0.000000000000000000e+00,-4.794094104242386578e+01,7.148916407888798119e+01,9.810000000000000497e+00,-2.128833295931239263e+03,3.035367030354973394e+02,3.637978807091712952e-12,9.163555503270905955e-01,4.003654647752913354e-01,0.000000000000000000e+00,-4.003654647752913354e-01,9.163555503270905955e-01,0.000000000000000000e+00,0.000000000000000000e+00,-0.000000000000000000e+00,1.000000000000000000e+00,3.929203072782641470e+00,-1.402862916357872969e+01,-6.129256960610520721e+00,-0.000000000000000000e+00,-3.391231187884513787e+01,7.761842103949850014e+01,0.000000000000000000e+00,-4.794094104242386578e+01,7.148916407888798119e+01,9.810000000000000497e+00
2.997316752860232913e-01,6.398559786077433476e-01,4.307985532950238117e-01,0.000000000000000000e+00,4.243465034349413578e+00,1.875471704814530405e+00,0.000000000000000000e+00,-4.843457194532180665e+01,7.155495658379008717e+01,9.810000000000000497e+00,-2.130445542500994634e+03,2.639443470275728032e+02,3.637978807091712952e-12,9.146505622550556991e-01,4.042454068588913207e-01,0.000000000000000000e+00,-4.042454068588913207e-01,9.146505622550556991e-01,0.000000000000000000e+00,0.000000000000000000e+00,-0.000000000000000000e+00,1.000000000000000000e+00,3.950273900497054846e+00,-1.406270293529630599e+01,-6.215251271041525527e+00,-0.000000000000000000e+00,-3.437186901002549888e+01,7.777020785483161092e+01,0.000000000000000000e+00,-4.843457194532180665e+01,7.155495658379008717e+01,9.810000000000000497e+00
2.999635807969182610e-01,6.408387535853340422e-01,4.312354057422449483e-01,0.000000000000000000e+00,4.232175511677697344e+00,1.892072384857739209e+00,0.000000000000000000e+00,-4.892878211789708587e+01,7.161154398941236821e+01,9.810000000000000497e+00,-2.131403722934774123e+03,2.238411556346109137e+02,0.000000000000000000e+00,9.129202854826862223e-01,4.081379084993340678e-01,0.000000000000000000e+00,-4.081379084993340678e-01,9.129202854826862223e-01,0.000000000000000000e+00,0.000000000000000000e+00,-0.000000000000000000e+00,1.000000000000000222e+00,3.971166499111560277e+00,-1.409612090408854712e+01,-6.301931718722392439e+00,-0.000000000000000000e+00,-3.483266121380854230e+01,7.791347570813475443e+01,0.000000000000000000e+00,-4.892878211789708587e+01,7.161154398941236821e+01,9.810000000000000497e+00
3.001956218796919540e-01,6.418194728018065121e-01,4.316763697117023124e-01,0.000000000000000000e+00,4.220764630358545766e+00,1.908694883004693255e+00,0.000000000000000000e+00,-4.942342952896925112e+01,7.165880145504893051e+01,9.810000000000000497e+00,-2.131705707041837741e+03,1.832447706831153482e+02,3.637978807091712952e-12,9.111645516277384615e-01,4.120426675200303257e-01,0.000000000000000000e+00,-4.120426675200303257e-01,9.111645516277384615e-01,0.000000000000000000e+00,0.000000000000000000e+00,-0.000000000000000000e+00,1.000000000000000000e+00,3.991874373750062599e+00,-1.412887590205838428e+01,-6.389295660529713317e+00,-0.000000000000000000e+00,-3.529455362691086862e+01,7.804809711557864205e+01,0.000000000000000000e+00,-4.942342952896925112e+01,7.165880145504893051e+01,9.810000000000000497e+00
3.004278037856612515e-01,6.427981266283031569e-01,4.321214644611114375e-01,0.000000000000000000e+00,4.209231913689428062e+00,1.925337401227314116e+00,0.000000000000000000e+00,-4.991836890734958843e+01,7.169660467293579131e+01,9.810000000000000497e+00,-2.131316410226601874e+03,1.421596683498937637e+02,0.000000000000000000e+00,9.093831962448492012e-01,4.159593758860377077e-01,0.000000000000000000e+00,-4.159593758860377077e-01,9.093831962448492012e-01,0.000000000000000000e+00,0.000000000000000000e+00,-0.000000000000000000e+00,9.999999999999998890e-01,4.012390988578209416e+00,-1.416096145171502840e+01,-6.477340588351546913e+00,-0.000000000000000000e+00,-3.575740745563455647e+01,7.817394526128734356e+01,0.000000000000000000e+00,-4.991836890734958843e+01,7.169660467293579131e+01,9.810000000000000497e+00
3.006601339948211105e-01,6.437747054359661547e-01,4.325707092481875238e-01,0.000000000000000000e+00,4.197576876779458566e+00,1.941998101163308732e+00,0.000000000000000000e+00,-5.041345171244760337e+01,7.172483021415480664e+01,9.810000000000000497e+00,-2.130234582883611438e+03,1.006038629813119769e+02,-3.637978807091712952e-12,9.075760589721240112e-01,4.198877197306770115e-01,0.000000000000000000e+00,-4.198877197306770115e-01,9.075760589721240112e-01,0.000000000000000000e+00,0.000000000000000000e+00,-0.000000000000000000e+00,9.999999999999998890e-01,4.032709770636682123e+00,-1.419237165887261654e+01,-6.566064094025803044e+00,-0.000000000000000000e+00,-3.622108005357498683e+01,7.829089430818061146e+01,0.000000000000000000e+00,-5.041345171244760337e+01,7.172483021415480664e+01,9.810000000000000497e+00
3.008926152156247702e-01,6.447491995959383493e-01,4.330241233306461046e-01,0.000000000000000000e+00,4.185799126442647733e+00,1.958675149979694607e+00,0.000000000000000000e+00,-5.090852607546545272e+01,7.174336018853088603e+01,9.810000000000000497e+00,-2.128453460693621309e+03,5.859455024322960526e+01,-3.637978807091712952e-12,9.057429836781951682e-01,4.238273793866090822e-01,0.000000000000000000e+00,-4.238273793866090822e-01,9.057429836781951682e-01,0.000000000000000000e+00,0.000000000000000000e+00,-0.000000000000000000e+00,1.000000000000000000e+00,4.052824113227236680e+00,-1.422309941945566614e+01,-6.655463042311411392e+00,-0.000000000000000000e+00,-3.668542665600978836e+01,7.839882323084229654e+01,0.000000000000000000e+00,-5.090852607546545272e+01,7.174336018853088603e+01,9.810000000000000497e+00
3.011252536801516944e-01,6.457215994793612523e-01,4.334817259662024358e-01,0.000000000000000000e+00,4.173898244367507004e+00,1.975366666841886554e+00,0.000000000000000000e+00,-5.140343697950903135e+01,7.175207705162999616e+01,9.810000000000000497e+00,-2.125942319199049962e+03,1.614051317857229151e+01,0.000000000000000000e+00,9.038838186098000493e-01,4.277780294210607459e-01,0.000000000000000000e+00,-4.277780294210607459e-01,9.038838186098000493e-01,0.000000000000000000e+00,0.000000000000000000e+00,-0.000000000000000000e+00,9.999999999999997780e-01,4.072727379759457200e+00,-1.425313855399478769e+01,-6.745534545657514869e+00,-0.000000000000000000e+00,-3.715029842551424366e+01,7.849761159728751636e+01,0.000000000000000000e+00,-5.140343697950903135e+01,7.175207705162999616e+01,9.810000000000000497e+00
3.013580561756908915e-01,6.466918954573777079e-01,4.339435364125719952e-01,0.000000000000000000e+00,4.161873829644288314e+00,1.992070741941161405e+00,0.000000000000000000e+00,-5.189802623705637075e+01,7.175086564476045226e+01,9.810000000000000497e+00,-2.122702124282615841e+03,-2.673818024893989787e+01,0.000000000000000000e+00,9.019984165392412878e-01,4.317393386763609953e-01,0.000000000000000000e+00,-4.317393386763609953e-01,9.019984165392412878e-01,0.000000000000000000e+00,0.000000000000000000e+00,-0.000000000000000000e+00,1.000000000000000222e+00,4.092412907915553788e+00,-1.428248304344002584e+01,-6.836275619518088931e+00,-0.000000000000000000e+00,-3.761554319361634668e+01,7.858714126427854296e+01,0.000000000000000000e+00,-5.189802623705637075e+01,7.175086564476045226e+01,9.810000000000000497e+00
3.015910261428382810e-01,6.476600779011297826e-01,4.344095739274702606e-01,0.000000000000000000e+00,4.149725555195017179e+00,2.008785463604319865e+00,0.000000000000000000e+00,-5.239213257257125633e+01,7.173961592810569243e+01,9.810000000000000497e+00,-2.118721997904358432e+03,-7.002423308163997717e+01,3.637978807091712952e-12,9.000866349119049925e-01,4.357109703151422764e-01,0.000000000000000000e+00,-4.357109703151422764e-01,9.000866349119049925e-01,0.000000000000000000e+00,0.000000000000000000e+00,-0.000000000000000000e+00,9.999999999999996669e-01,4.111874013665860694e+00,-1.431112604422686374e+01,-6.927682706501562926e+00,-0.000000000000000000e+00,-3.808100652834438904e+01,7.866729863460724914e+01,0.000000000000000000e+00,-5.239213257257125633e+01,7.173961592810569243e+01,9.810000000000000497e+00
3.018241702769055568e-01,6.486261371817598764e-01,4.348798577686124323e-01,0.000000000000000000e+00,4.137453074251349783e+00,2.025508873846356028e+00,0.000000000000000000e+00,-5.288559167738100086e+01,7.171821878809268469e+01,9.810000000000000497e+00,-2.113976718355304911e+03,-1.137044585043331608e+02,-3.637978807091712952e-12,8.981483359936142108e-01,4.396925818704494060e-01,0.000000000000000000e+00,-4.396925818704494060e-01,8.981483359936142108e-01,0.000000000000000000e+00,0.000000000000000000e+00,-0.000000000000000000e+00,1.000000000000000000e+00,4.131103995624659575e+00,-1.433906156905413454e+01,-7.019752473205691068e+00,-0.000000000000000000e+00,-3.854653010832686988e+01,7.873797126129836954e+01,0.000000000000000000e+00,-5.288559167738100086e+01,7.171821878809268469e+01,9.810000000000000497e+00
3.020574951472643765e-01,6.495900636704103892e-01,4.353544071937139881e-01,0.000000000000000000e+00,4.125056069117690072e+00,2.042238991305847406e+00,0.000000000000000000e+00,-5.337823626050710146e+01,7.168656839310071405e+01,9.810000000000000497e+00,-2.108468331485375529e+03,-1.577573873912915587e+02,0.000000000000000000e+00,8.961833870175091032e-01,4.436838253011096689e-01,0.000000000000000000e+00,-4.436838253011096689e-01,8.961833870175091032e-01,0.000000000000000000e+00,0.000000000000000000e+00,-0.000000000000000000e+00,1.000000000000000000e+00,4.150096139146759455e+00,-1.436628362795698699e+01,-7.112481404755304659e+00,-0.000000000000000000e+00,-3.901195263255011270e+01,7.879904979785601427e+01,0.000000000000000000e+00,-5.337823626050710146e+01,7.168656839310071405e+01,9.810000000000000497e+00
3.022910047030848979e-01,6.505518477382232767e-01,4.358332414604903504e-01,0.000000000000000000e+00,4.112534287744727735e+00,2.058973829675652567e+00,0.000000000000000000e+00,-5.386989619384262085e+01,7.164456403942060092e+01,9.810000000000000497e+00,-2.102185474926911411e+03,-2.021642092689871788e+02,0.000000000000000000e+00,8.941916603308190936e-01,4.476843470513718337e-01,0.000000000000000000e+00,-4.476843470513718337e-01,8.941916603308190936e-01,0.000000000000000000e+00,0.000000000000000000e+00,-0.000000000000000000e+00,1.000000000000000000e+00,4.168843720878104619e+00,-1.439278560884646296e+01,-7.205865491032394488e+00,-0.000000000000000000e+00,-3.947711058499615433e+01,7.885042953045299896e+01,0.000000000000000000e+00,-5.386989619384262085e+01,7.164456403942060092e+01,9.810000000000000497e+00
3.025247058293500380e-01,6.515114797563412719e-01,4.363163798266568305e-01,0.000000000000000000e+00,4.099887464605006748e+00,2.075711358804633200e+00,0.000000000000000000e+00,-5.436039849053487671e+01,7.159210657457560956e+01,9.810000000000000497e+00,-2.095105199642421212e+03,-2.469086021982075181e+02,-3.637978807091712952e-12,8.921730335405075873e-01,4.516937881166049884e-01,0.000000000000000000e+00,-4.516937881166049884e-01,8.921730335405075873e-01,0.000000000000000000e+00,0.000000000000000000e+00,-0.000000000000000000e+00,1.000000000000000222e+00,4.187340013498291214e+00,-1.441856167738205485e+01,-7.299900914292663856e+00,-0.000000000000000000e+00,-3.994183681315282541e+01,7.889200748886827341e+01,0.000000000000000000e+00,-5.436039849053487671e+01,7.159210657457560956e+01,9.810000000000000497e+00
3.027586054271328431e-01,6.524689500959064414e-01,4.368038415499290172e-01,0.000000000000000000e+00,4.087115363118836164e+00,2.092449525364410867e+00,0.000000000000000000e+00,-5.484956741727809515e+01,7.152910048520536179e+01,9.810000000000000497e+00,-2.087230766984066577e+03,-2.919678244203969371e+02,3.637978807091712952e-12,8.901273896584059875e-01,4.557117841135033265e-01,0.000000000000000000e+00,-4.557117841135033265e-01,8.901273896584059875e-01,0.000000000000000000e+00,0.000000000000000000e+00,-0.000000000000000000e+00,1.000000000000000000e+00,4.205578290122716112e+00,-1.444360604279226123e+01,-7.394583691351621191e+00,-0.000000000000000000e+00,-4.040596137448583391e+01,7.892368417655698920e+01,0.000000000000000000e+00,-5.484956741727809515e+01,7.152910048520536179e+01,9.810000000000000497e+00
3.029927076934419983e-01,6.534242491280610743e-01,4.372956458880220554e-01,0.000000000000000000e+00,4.074217815642145801e+00,2.109186273687671864e+00,0.000000000000000000e+00,-5.533722470466619825e+01,7.145545592574980276e+01,9.810000000000000497e+00,-2.078554505079824594e+03,-3.373206183768925257e+02,3.637978807091712952e-12,8.880546172453097631e-01,4.597379653555778156e-01,0.000000000000000000e+00,-4.597379653555778156e-01,8.880546172453097631e-01,0.000000000000000000e+00,0.000000000000000000e+00,-0.000000000000000000e+00,1.000000000000000000e+00,4.223551829313776373e+00,-1.446791228882824498e+01,-7.489909324767927146e+00,-0.000000000000000000e+00,-4.086931241583795327e+01,7.894536525051772458e+01,0.000000000000000000e+00,-5.533722470466619825e+01,7.145545592574980276e+01,9.810000000000000497e+00
3.032270193884111231e-01,6.543773672239475703e-01,4.377918120986514783e-01,0.000000000000000000e+00,4.061194648080667768e+00,2.125919507607711534e+00,0.000000000000000000e+00,-5.582318946401688464e+01,7.137108526999220715e+01,9.810000000000000497e+00,-2.069051997800139361e+03,-3.829483276459795889e+02,3.637978807091712952e-12,8.859546105537252636e-01,4.637719569342212966e-01,0.000000000000000000e+00,-4.637719569342212966e-01,8.859546105537252636e-01,0.000000000000000000e+00,0.000000000000000000e+00,-0.000000000000000000e+00,1.000000000000000222e+00,4.241253919864557353e+00,-1.449147468796263816e+01,-7.585873468956470411e+00,-0.000000000000000000e+00,-4.133171477605424826e+01,7.895695873894867134e+01,0.000000000000000000e+00,-5.582318946401688464e+01,7.137108526999220715e+01,9.810000000000000497e+00
3.034615483749124598e-01,6.553282947547082182e-01,4.382923594395326528e-01,0.000000000000000000e+00,4.048045701389794360e+00,2.142647100977222774e+00,0.000000000000000000e+00,-5.630727829772237669e+01,7.127590422749672427e+01,9.810000000000000497e+00,-2.058727825609603315e+03,-4.288271266797091812e+02,0.000000000000000000e+00,8.838272696695556041e-01,4.678133788044742669e-01,0.000000000000000000e+00,-4.678133788044742669e-01,8.838272696695556041e-01,0.000000000000000000e+00,0.000000000000000000e+00,-0.000000000000000000e+00,9.999999999999998890e-01,4.258677865768329518e+00,-1.451428783502895570e+01,-7.682471752183210434e+00,-0.000000000000000000e+00,-4.179299046269342455e+01,7.895837597967992849e+01,0.000000000000000000e+00,-5.630727829772237669e+01,7.127590422749672427e+01,9.810000000000000497e+00
3.036962987970643346e-01,6.562770220914853070e-01,4.387973071683809456e-01,0.000000000000000000e+00,4.034770902142503779e+00,2.159366935189951597e+00,0.000000000000000000e+00,-5.678930566491541754e+01,7.116983534404434408e+01,9.810000000000000497e+00,-2.047581957273854641e+03,-4.749330853345454670e+02,7.275957614183425903e-12,8.816725006519883223e-01,4.718618458765971302e-01,0.000000000000000000e+00,-4.718618458765971302e-01,8.816725006519883223e-01,0.000000000000000000e+00,0.000000000000000000e+00,-0.000000000000000000e+00,9.999999999999997780e-01,4.275816991253314825e+00,-1.453634546694896912e+01,-7.779699150492016990e+00,-0.000000000000000000e+00,-4.225296019796644487e+01,7.894953449453636551e+01,0.000000000000000000e+00,-5.678930566491541754e+01,7.116983534404434408e+01,9.810000000000000497e+00
3.039312770916886564e-01,6.572235396054209033e-01,4.393066745429118347e-01,0.000000000000000000e+00,4.021370176013184583e+00,2.176076854207258826e+00,0.000000000000000000e+00,-5.726908370794799907e+01,7.105280398765145833e+01,9.810000000000000497e+00,-2.035586448907502927e+03,-5.212452294038084801e+02,-3.637978807091712952e-12,8.794902156719890396e-01,4.759169681123359696e-01,0.000000000000000000e+00,-4.759169681123359696e-01,8.794902156719890396e-01,0.000000000000000000e+00,0.000000000000000000e+00,-0.000000000000000000e+00,1.000000000000000000e+00,4.292664646044109134e+00,-1.455764194850024751e+01,-7.877550762405661544e+00,-0.000000000000000000e+00,-4.271144175944775156e+01,7.893035475005711987e+01,0.000000000000000000e+00,-5.726908370794799907e+01,7.105280398765145833e+01,9.810000000000000497e+00
3.041664923198950099e-01,6.581678376676578512e-01,4.398204808208405758e-01,0.000000000000000000e+00,4.007843443265936223e+00,2.192774661398433800e+00,0.000000000000000000e+00,-5.774642228376048791e+01,7.092473821721411298e+01,9.810000000000000497e+00,-2.022745877850800753e+03,-5.677388977820810396e+02,0.000000000000000000e+00,8.772803331484813061e-01,4.799783506272858324e-01,0.000000000000000000e+00,-4.799783506272858324e-01,8.772803331484813061e-01,0.000000000000000000e+00,0.000000000000000000e+00,-0.000000000000000000e+00,1.000000000000000222e+00,4.309214210677430934e+00,-1.457817234596070222e+01,-7.976021863686573177e+00,-0.000000000000000000e+00,-4.316824993779978570e+01,7.890076008090068171e+01,0.000000000000000000e+00,-5.774642228376048791e+01,7.092473821721411298e+01,9.810000000000000497e+00
3.044019487092816667e-01,6.591099066493379954e-01,4.403387452598827023e-01,0.000000000000000000e+00,3.994190727926599571e+00,2.209458179083685359e+00,0.000000000000000000e+00,-5.822112958596707699e+01,7.078557416957281134e+01,9.810000000000000497e+00,-2.009067096454353305e+03,-6.143882432239188347e+02,-3.637978807091712952e-12,8.750427778827999381e-01,4.840455937978908607e-01,0.000000000000000000e+00,-4.840455937978908607e-01,8.750427778827999381e-01,0.000000000000000000e+00,0.000000000000000000e+00,-0.000000000000000000e+00,9.999999999999998890e-01,4.325459101548874585e+00,-1.459793061622134402e+01,-8.075106922710553192e+00,-0.000000000000000000e+00,-4.362319896974572941e+01,7.886068109228335743e+01,0.000000000000000000e+00,-5.822112958596707699e+01,7.078557416957281134e+01,9.810000000000000497e+00
3.046376528076876755e-01,6.600497369216038468e-01,4.408614871177534145e-01,0.000000000000000000e+00,3.980412054244085507e+00,2.226125193092348908e+00,0.000000000000000000e+00,-5.869301182313634513e+01,7.063525117941360065e+01,9.810000000000000497e+00,-1.994529267368474393e+03,-6.611693031812610570e+02,3.637978807091712952e-12,8.727774811907973440e-01,4.881182933738987817e-01,0.000000000000000000e+00,-4.881182933738987817e-01,8.727774811907973440e-01,0.000000000000000000e+00,0.000000000000000000e+00,-0.000000000000000000e+00,1.000000000000000222e+00,4.341392776507937867e+00,-1.461691135591242485e+01,-8.174800541039399349e+00,-0.000000000000000000e+00,-4.407610046722391672e+01,7.881005172045300355e+01,0.000000000000000000e+00,-5.869301182313634513e+01,7.063525117941360065e+01,9.810000000000000497e+00
3.048736126837802152e-01,6.609873188555974721e-01,4.413887256521682456e-01,0.000000000000000000e+00,3.966507458693512511e+00,2.242773458898182248e+00,0.000000000000000000e+00,-5.916187335798500868e+01,7.047371244731334627e+01,9.810000000000000497e+00,-1.979127749908337137e+03,-7.080563496629765723e+02,3.637978807091712952e-12,8.704843810323589226e-01,4.921960405963372587e-01,0.000000000000000000e+00,-4.921960405963372587e-01,8.704843810323589226e-01,0.000000000000000000e+00,0.000000000000000000e+00,-0.000000000000000000e+00,1.000000000000000222e+00,4.357008740283988324e+00,-1.463510960261543126e+01,-8.275097356207448129e+00,-0.000000000000000000e+00,-4.452676375536957920e+01,7.874880980352079973e+01,0.000000000000000000e+00,-5.916187335798500868e+01,7.047371244731334627e+01,9.810000000000000497e+00
3.051098352586505413e-01,6.619226428224616043e-01,4.419204801208426181e-01,0.000000000000000000e+00,3.952477029459902536e+00,2.259400723894398499e+00,0.000000000000000000e+00,-5.962751705586084938e+01,7.030090706737969697e+01,9.810000000000000497e+00,-1.962870894508814672e+03,-7.550230132953438442e+02,0.000000000000000000e+00,8.681634221384335603e-01,4.962784223204591005e-01,0.000000000000000000e+00,-4.962784223204591005e-01,8.681634221384335603e-01,0.000000000000000000e+00,0.000000000000000000e+00,-0.000000000000000000e+00,9.999999999999998890e-01,4.372300549956539939e+00,-1.465252019439060760e+01,-8.375991685043970847e+00,-0.000000000000000000e+00,-4.497499686147024534e+01,7.867689875242366782e+01,0.000000000000000000e+00,-5.962751705586084938e+01,7.030090706737969697e+01,9.810000000000000497e+00
3.053463261958353492e-01,6.628556991933381992e-01,4.424567697814919542e-01,0.000000000000000000e+00,3.938320908658438313e+00,2.276004729615277444e+00,0.000000000000000000e+00,-6.008974447526637164e+01,7.011679025393883080e+01,9.810000000000000497e+00,-1.945756615272606723e+03,-8.020426793855440337e+02,0.000000000000000000e+00,8.658145561351070496e-01,5.003650211441317275e-01,0.000000000000000000e+00,-5.003650211441317275e-01,8.658145561351070496e-01,0.000000000000000000e+00,0.000000000000000000e+00,-0.000000000000000000e+00,9.999999999999998890e-01,4.387261820536607182e+00,-1.466913775326457525e+01,-8.477477503777429035e+00,-0.000000000000000000e+00,-4.542060672200179994e+01,7.859426775771625273e+01,0.000000000000000000e+00,-6.008974447526637164e+01,7.011679025393883080e+01,9.810000000000000497e+00
3.055830925723382885e-01,6.637864783393696566e-01,4.429976138918315098e-01,0.000000000000000000e+00,3.924039253695074336e+00,2.292583190197762466e+00,0.000000000000000000e+00,-6.054835577163517257e+01,6.992132154684742318e+01,9.810000000000000497e+00,-1.927769325248475070e+03,-8.490876125817885622e+02,0.000000000000000000e+00,8.634377416647420755e-01,5.044554155412450669e-01,0.000000000000000000e+00,-5.044554155412450669e-01,8.634377416647420755e-01,0.000000000000000000e+00,0.000000000000000000e+00,-0.000000000000000000e+00,1.000000000000000000e+00,4.401886230620964291e+00,-1.468495732783334518e+01,-8.579548812326509122e+00,-0.000000000000000000e+00,-4.586339844380182740e+01,7.850087035917393052e+01,0.000000000000000000e+00,-6.054835577163517257e+01,6.992132154684742318e+01,9.810000000000000497e+00
3.058201435225905152e-01,6.647149706316981543e-01,4.435430317095766517e-01,0.000000000000000000e+00,3.909632228149458211e+00,2.309133786832041402e+00,0.000000000000000000e+00,-6.100314973923069317e+01,6.971446444171320422e+01,9.810000000000000497e+00,-1.908914902686199639e+03,-8.961307049750175793e+02,0.000000000000000000e+00,8.610329445037421259e-01,5.085491800005342844e-01,0.000000000000000000e+00,-5.085491800005342844e-01,8.610329445037421259e-01,0.000000000000000000e+00,0.000000000000000000e+00,-0.000000000000000000e+00,1.000000000000000000e+00,4.416167528081125226e+00,-1.469997454200809806e+01,-8.682199731249026442e+00,-0.000000000000000000e+00,-4.630317519722259334e+01,7.839666417296223244e+01,0.000000000000000000e+00,-6.100314973923069317e+01,6.971446444171320422e+01,9.810000000000000497e+00
3.060574847924015796e-01,6.656411664414663143e-01,4.440930424924428577e-01,0.000000000000000000e+00,3.895100082210351644e+00,2.325654215325704488e+00,0.000000000000000000e+00,-6.145392455261813325e+01,6.949619045683166974e+01,9.810000000000000497e+00,-1.889204182394722011e+03,-9.431444390869583003e+02,0.000000000000000000e+00,8.586001376770084903e-01,5.126458851693067587e-01,0.000000000000000000e+00,-5.126458851693067587e-01,8.586001376770084903e-01,0.000000000000000000e+00,0.000000000000000000e+00,-0.000000000000000000e+00,1.000000000000000000e+00,4.430099535500985120e+00,-1.471418431038354768e+01,-8.785423748881946437e+00,-0.000000000000000000e+00,-4.673974024223458912e+01,7.828161420571360907e+01,0.000000000000000000e+00,-6.145392455261813325e+01,6.949619045683166974e+01,9.810000000000000497e+00
3.062951232660131584e-01,6.665650561398160923e-01,4.446476654981456611e-01,0.000000000000000000e+00,3.880443086674152831e+00,2.342142148409369629e+00,0.000000000000000000e+00,-6.190047747096524944e+01,6.926647597174201110e+01,9.810000000000000497e+00,-1.868631767990140361e+03,-9.901001612935215235e+02,0.000000000000000000e+00,8.561393015689469088e-01,5.167450980019412388e-01,0.000000000000000000e+00,-5.167450980019412388e-01,8.561393015689469088e-01,0.000000000000000000e+00,0.000000000000000000e+00,-0.000000000000000000e+00,1.000000000000000000e+00,4.443676156068521621e+00,-1.472758191725482391e+01,-8.889214345395377137e+00,-0.000000000000000000e+00,-4.717289555371042553e+01,7.815569031713738468e+01,0.000000000000000000e+00,-6.190047747096524944e+01,6.926647597174201110e+01,9.810000000000000497e+00
3.065330663973726000e-01,6.674866300978901101e-01,4.452069199844002068e-01,0.000000000000000000e+00,3.865661541650062816e+00,2.358595241090037931e+00,0.000000000000000000e+00,-6.234260504881311249e+01,6.902530273855470000e+01,9.810000000000000497e+00,-1.847190304938732879e+03,-1.036967667737568263e+03,0.000000000000000000e+00,8.536504240303131041e-01,5.208463819139634854e-01,0.000000000000000000e+00,-5.208463819139634854e-01,8.536504240303131041e-01,0.000000000000000000e+00,0.000000000000000000e+00,-0.000000000000000000e+00,9.999999999999996669e-01,4.456891379413298715e+00,-1.474016288248316897e+01,-8.993564918432273458e+00,-0.000000000000000000e+00,-4.760244216632994352e+01,7.801886765698696991e+01,0.000000000000000000e+00,-6.234260504881311249e+01,6.902530273855470000e+01,9.810000000000000497e+00
3.067713235288873630e-01,6.684058786868303237e-01,4.457708252089220280e-01,0.000000000000000000e+00,3.850755757454005224e+00,2.375011119198562337e+00,0.000000000000000000e+00,-6.278010310956159401e+01,6.877265699554044431e+01,9.810000000000000497e+00,-1.824888371864188230e+03,-1.083718827628879808e+03,3.637978807091712952e-12,8.511335004813038729e-01,5.249492969406114318e-01,0.000000000000000000e+00,-5.249492969406114318e-01,8.511335004813038729e-01,0.000000000000000000e+00,0.000000000000000000e+00,-0.000000000000000000e+00,9.999999999999998890e-01,4.469739287057057808e+00,-1.475192326789056096e+01,-9.098468975339201847e+00,-0.000000000000000000e+00,-4.802817984167103305e+01,7.787112597087964616e+01,0.000000000000000000e+00,-6.278010310956159401e+01,6.877265699554044431e+01,9.810000000000000497e+00
3.070099009349386288e-01,6.693227922777793548e-01,4.463394004294264361e-01,0.000000000000000000e+00,3.835726128040823024e+00,2.391387424874531042e+00,0.000000000000000000e+00,-6.321276757344511310e+01,6.850853321993653822e+01,9.810000000000000497e+00,-1.801739282034046482e+03,-1.130325577122683171e+03,-3.637978807091712952e-12,8.485885340105494556e-01,5.290533999000732734e-01,0.000000000000000000e+00,-5.290533999000732734e-01,8.485885340105494556e-01,0.000000000000000000e+00,0.000000000000000000e+00,-0.000000000000000000e+00,1.000000000000000222e+00,4.482214058296233539e+00,-1.476285852855552072e+01,-9.203919430614172725e+00,-0.000000000000000000e+00,-4.844990904488959416e+01,7.771245265055071627e+01,0.000000000000000000e+00,-6.321276757344511310e+01,6.850853321993653822e+01,9.810000000000000497e+00
3.072488058963137036e-01,6.702373612418792703e-01,4.469126649036288534e-01,0.000000000000000000e+00,3.820573071322123759e+00,2.407721781132386774e+00,0.000000000000000000e+00,-6.364039412565174558e+01,6.823293122276294298e+01,9.810000000000000497e+00,-1.777742096835048869e+03,-1.176757576545467600e+03,0.000000000000000000e+00,8.460155354695023666e-01,5.331582445618292532e-01,0.000000000000000000e+00,-5.331582445618292532e-01,8.460155354695023666e-01,0.000000000000000000e+00,0.000000000000000000e+00,-0.000000000000000000e+00,1.000000000000000222e+00,4.494309975882925912e+00,-1.477296446774253091e+01,-9.309909182961824570e+00,-0.000000000000000000e+00,-4.886742965790921289e+01,7.754284040572477466e+01,0.000000000000000000e+00,-6.364039412565174558e+01,6.823293122276294298e+01,9.810000000000000497e+00
3.074880462511969670e-01,6.711495759502725811e-01,4.474906378892447023e-01,0.000000000000000000e+00,3.805297036062456506e+00,2.424011796459722756e+00,0.000000000000000000e+00,-6.406277843979800934e+01,6.794585655510080358e+01,9.810000000000000497e+00,-1.752898237578890985e+03,-1.222984015891823219e+03,0.000000000000000000e+00,8.434145235625797321e-01,5.372633818191097088e-01,0.000000000000000000e+00,-5.372633818191097088e-01,8.434145235625797321e-01,0.000000000000000000e+00,0.000000000000000000e+00,-0.000000000000000000e+00,9.999999999999997780e-01,4.506021431700828472e+00,-1.478223713288800312e+01,-9.416431056131974842e+00,-0.000000000000000000e+00,-4.928054130691000978e+01,7.736228761123277309e+01,0.000000000000000000e+00,-6.406277843979800934e+01,6.794585655510080358e+01,9.810000000000000497e+00
3.077276305488912955e-01,6.720594267741015759e-01,4.480733386439894050e-01,0.000000000000000000e+00,3.789898499869488901e+00,2.440255063976140892e+00,0.000000000000000000e+00,-6.447971632472973624e+01,6.764732046491940309e+01,9.810000000000000497e+00,-1.727211477689997992e+03,-1.268973933893837966e+03,0.000000000000000000e+00,8.407855249323209490e-01,5.413683598662573093e-01,0.000000000000000000e+00,-5.413683598662573093e-01,8.407855249323209490e-01,0.000000000000000000e+00,0.000000000000000000e+00,-0.000000000000000000e+00,1.000000000000000000e+00,4.517342932468794814e+00,-1.479067285134474297e+01,-9.523477825686191167e+00,-0.000000000000000000e+00,-4.968904347338499861e+01,7.717079829060558893e+01,0.000000000000000000e+00,-6.447971632472973624e+01,6.764732046491940309e+01,9.810000000000000497e+00
3.079675675782419519e-01,6.729669040845083217e-01,4.486607864255782729e-01,0.000000000000000000e+00,3.774377976412370828e+00,2.456449166526618377e+00,0.000000000000000000e+00,-6.489100397083427652e+01,6.733734031255292507e+01,9.810000000000000497e+00,-1.700697442950797267e+03,-1.314699399078323040e+03,-3.637978807091712952e-12,8.381285742398957295e-01,5.454727243800550074e-01,0.000000000000000000e+00,-5.454727243800550074e-01,8.381285742398957295e-01,0.000000000000000000e+00,0.000000000000000000e+00,-0.000000000000000000e+00,9.999999999999998890e-01,4.528269105224671520e+00,-1.479826812354083643e+01,-9.631042154570305769e+00,-0.000000000000000000e+00,-5.009273584729344009e+01,7.696838246712323439e+01,0.000000000000000000e+00,-6.489100397083427652e+01,6.733734031255292507e+01,9.810000000000000497e+00
3.082078640520976576e-01,6.738719982526352181e-01,4.492530004917267838e-01,0.000000000000000000e+00,3.758736049941084012e+00,2.472591700051273822e+00,0.000000000000000000e+00,-6.529643853875042225e+01,6.701594138082600693e+01,9.810000000000000497e+00,-1.673367772313504247e+03,-1.360130946589197265e+03,3.637978807091712952e-12,8.354437142404849137e-01,5.495760187053864154e-01,0.000000000000000000e+00,-5.495760187053864154e-01,8.354437142404849137e-01,0.000000000000000000e+00,0.000000000000000000e+00,-0.000000000000000000e+00,1.000000000000000222e+00,4.538794703157745580e+00,-1.480501910383720876e+01,-9.739116253141059332e+00,-0.000000000000000000e+00,-5.049141943491321172e+01,7.675505763396706982e+01,0.000000000000000000e+00,-6.529643853875042225e+01,6.701594138082600693e+01,9.810000000000000497e+00
3.084485281996489636e-01,6.747746996496246652e-01,4.498500001001501380e-01,0.000000000000000000e+00,3.742973322361349275e+00,2.488680240300453317e+00,0.000000000000000000e+00,-6.569581777570542158e+01,6.668315424029114524e+01,9.810000000000000497e+00,-1.645226387833245099e+03,-1.405236856435571099e+03,0.000000000000000000e+00,8.327309958532257417e-01,5.536777840452827837e-01,0.000000000000000000e+00,-5.536777840452827837e-01,8.327309958532257417e-01,0.000000000000000000e+00,0.000000000000000000e+00,-0.000000000000000000e+00,9.999999999999998890e-01,4.548914611048942902e+00,-1.481092242042144669e+01,-9.847692407562226080e+00,-0.000000000000000000e+00,-5.088489535528398022e+01,7.653084664785336599e+01,0.000000000000000000e+00,-6.569581777570542158e+01,6.668315424029114524e+01,9.810000000000000497e+00
3.086895683494977338e-01,6.756749986466189517e-01,4.504518045085639799e-01,0.000000000000000000e+00,3.727090434364739302e+00,2.504712357103585862e+00,0.000000000000000000e+00,-6.608894042687722958e+01,6.633901585227600606e+01,9.810000000000000497e+00,-1.616283825653023086e+03,-1.449986802647588775e+03,-3.637978807091712952e-12,8.299904782260960623e-01,5.577775596543987913e-01,0.000000000000000000e+00,-5.577775596543987913e-01,8.299904782260960623e-01,0.000000000000000000e+00,0.000000000000000000e+00,-0.000000000000000000e+00,1.000000000000000000e+00,4.558623850481242634e+00,-1.481597485461269947e+01,-9.956762776326238296e+00,-0.000000000000000000e+00,-5.127296557226452478e+01,7.629577862860224968e+01,0.000000000000000000e+00,-6.608894042687722958e+01,6.633901585227600606e+01,9.810000000000000497e+00
3.089309929300649293e-01,6.765728856147603665e-01,4.510584329746836207e-01,0.000000000000000000e+00,3.711088065579851492e+00,2.520685615305309657e+00,0.000000000000000000e+00,-6.647560643636298039e+01,6.598356961644761043e+01,9.810000000000000497e+00,-1.586545701785536949e+03,-1.494347861697460758e+03,0.000000000000000000e+00,8.272222287952477604e-01,5.618748830362705338e-01,0.000000000000000000e+00,-5.618748830362705338e-01,8.272222287952477604e-01,0.000000000000000000e+00,0.000000000000000000e+00,-0.000000000000000000e+00,9.999999999999998890e-01,4.567917585568619820e+00,-1.482017334384376994e+01,-1.006631939312957336e+01,-0.000000000000000000e+00,-5.165543309251921045e+01,7.604988900957718556e+01,0.000000000000000000e+00,-6.647560643636298039e+01,6.598356961644761043e+01,9.810000000000000497e+00
3.091728120965531734e-01,6.774683509251913094e-01,4.516699047562243718e-01,0.000000000000000000e+00,3.694966910582481390e+00,2.536597559164313065e+00,0.000000000000000000e+00,-6.685561682523312754e+01,6.561686416803030397e+01,9.810000000000000497e+00,-1.556030495559884002e+03,-1.538292514201515587e+03,3.637978807091712952e-12,8.244263233382712608e-01,5.659692901447392899e-01,0.000000000000000000e+00,-5.659692901447392899e-01,8.244263233382712608e-01,0.000000000000000000e+00,0.000000000000000000e+00,-0.000000000000000000e+00,9.999999999999998890e-01,4.576791128185991653e+00,-1.482351534366110180e+01,-1.017635441640205407e+01,-0.000000000000000000e+00,-5.203210148157202042e+01,7.579321858443235271e+01,0.000000000000000000e+00,-6.685561682523312754e+01,6.561686416803030397e+01,9.810000000000000497e+00
3.094150328062141853e-01,6.783613849490537362e-01,4.522862391109016000e-01,0.000000000000000000e+00,3.678727751990596762e+00,2.552445763078425411e+00,0.000000000000000000e+00,-6.722877483907956275e+01,6.523895713832646948e+01,9.810000000000000497e+00,-1.524757824191154214e+03,-1.581793023580044974e+03,0.000000000000000000e+00,8.216028460221147522e-01,5.700603155880623607e-01,0.000000000000000000e+00,-5.700603155880623607e-01,8.216028460221147522e-01,0.000000000000000000e+00,0.000000000000000000e+00,-0.000000000000000000e+00,1.000000000000000000e+00,4.585239943005088747e+00,-1.482599773958399325e+01,-1.028685938863904425e+01,-0.000000000000000000e+00,-5.240277709949556595e+01,7.552581652696551373e+01,0.000000000000000000e+00,-6.722877483907956275e+01,6.523895713832646948e+01,9.810000000000000497e+00
3.096576637664821274e-01,6.792519780574903798e-01,4.529074552964308387e-01,0.000000000000000000e+00,3.662371387206880602e+00,2.568227782933691916e+00,0.000000000000000000e+00,-6.759488521744599154e+01,6.484991142756220484e+01,9.810000000000000497e+00,-1.492735832634876715e+03,-1.624817038113018498e+03,3.637978807091712952e-12,8.187518894447735063e-01,5.741474928366521180e-01,0.000000000000000000e+00,-5.741474928366521180e-01,8.187518894447735063e-01,0.000000000000000000e+00,0.000000000000000000e+00,-0.000000000000000000e+00,1.000000000000000000e+00,4.593259652771735979e+00,-1.482761794953274048e+01,-1.039782598393404811e+01,-0.000000000000000000e+00,-5.276726726791325461e+01,7.524773741149626005e+01,0.000000000000000000e+00,-6.759488521744599154e+01,6.484991142756220484e+01,9.810000000000000497e+00
3.099007138060411726e-01,6.801401206216431961e-01,4.535335725705274545e-01,0.000000000000000000e+00,3.645898652594248279e+00,2.583941173297652494e+00,0.000000000000000000e+00,-6.795375469527924395e+01,6.444979644716671885e+01,9.810000000000000497e+00,-1.459979771559359506e+03,-1.667334776407340541e+03,0.000000000000000000e+00,8.158735546709692255e-01,5.782303544337299428e-01,0.000000000000000000e+00,-5.782303544337299428e-01,8.158735546709692255e-01,0.000000000000000000e+00,0.000000000000000000e+00,-0.000000000000000000e+00,1.000000000000000000e+00,4.600846043265227614e+00,-1.482837356300599296e+01,-1.050924576722010784e+01,-0.000000000000000000e+00,-5.312538113227325454e+01,7.495904221438682669e+01,0.000000000000000000e+00,-6.795375469527924395e+01,6.444979644716671885e+01,9.810000000000000497e+00
3.101441918552591548e-01,6.810258030126548068e-01,4.541646101909068145e-01,0.000000000000000000e+00,3.629310423777380556e+00,2.599583488610408555e+00,0.000000000000000000e+00,-6.830519220978615635e+01,6.403868813890777290e+01,9.810000000000000497e+00,-1.426505899495823542e+03,-1.709316737148852553e+03,-3.637978807091712952e-12,8.129679512615894943e-01,5.823084322088544207e-01,0.000000000000000000e+00,-5.823084322088544207e-01,8.129679512615894943e-01,0.000000000000000000e+00,0.000000000000000000e+00,-0.000000000000000000e+00,1.000000000000000222e+00,4.607995068273226025e+00,-1.482826233917473147e+01,-1.062111019469704409e+01,-0.000000000000000000e+00,-5.347692987061142134e+01,7.465979833360481166e+01,0.000000000000000000e+00,-6.830519220978615635e+01,6.403868813890777290e+01,9.810000000000000497e+00
3.103881069465462272e-01,6.819090156016672788e-01,4.548005874152842298e-01,0.000000000000000000e+00,3.612607615618348866e+00,2.615152284183356102e+00,0.000000000000000000e+00,-6.864900910080004337e+01,6.361666896688912232e+01,9.810000000000000497e+00,-1.392331395530636655e+03,-1.750733716342350817e+03,-3.637978807091712952e-12,8.100351972967109182e-01,5.863812574941994482e-01,0.000000000000000000e+00,-5.863812574941994482e-01,8.100351972967109182e-01,0.000000000000000000e+00,0.000000000000000000e+00,-0.000000000000000000e+00,1.000000000000000000e+00,4.614702854208074356e+00,-1.482728220929372043e+01,-1.073341061736889301e+01,-0.000000000000000000e+00,-5.382172689150633005e+01,7.435007958425801178e+01,0.000000000000000000e+00,-6.864900910080004337e+01,6.361666896688912232e+01,9.810000000000000497e+00
3.106324682147078020e-01,6.827897487598230120e-01,4.554415235013751784e-01,0.000000000000000000e+00,3.595791182162827671e+00,2.630645117202828676e+00,0.000000000000000000e+00,-6.898501931226184070e+01,6.318382790347438061e+01,9.810000000000000497e+00,-1.357471843905834248e+03,-1.791555131991772214e+03,-3.637978807091712952e-12,8.070754193924595254e-01,5.904483613428743727e-01,0.000000000000000000e+00,-5.904483613428743727e-01,8.070754193924595254e-01,0.000000000000000000e+00,0.000000000000000000e+00,-0.000000000000000000e+00,1.000000000000000000e+00,4.620965704722119760e+00,-1.482543127900858515e+01,-1.084613828467416496e+01,-0.000000000000000000e+00,-5.415958803325325732e+01,7.402996618814854912e+01,0.000000000000000000e+00,-6.898501931226184070e+01,6.318382790347438061e+01,9.810000000000000497e+00
3.108772856849369437e-01,6.836679928582642951e-01,4.560874377068950269e-01,0.000000000000000000e+00,3.578862104879145356e+00,2.646059539108866598e+00,0.000000000000000000e+00,-6.931303940677892683e+01,6.274025980430580063e+01,9.810000000000000497e+00,-1.321948090795514872e+03,-1.831753751369615202e+03,0.000000000000000000e+00,8.040887527110744948e-01,5.945092747498127439e-01,0.000000000000000000e+00,-5.945092747498127439e-01,8.040887527110744948e-01,0.000000000000000000e+00,0.000000000000000000e+00,-0.000000000000000000e+00,9.999999999999997780e-01,4.626780105323740955e+00,-1.482270799814708795e+01,-1.095928447213723267e+01,-0.000000000000000000e+00,-5.449033140863183888e+01,7.369954427644303507e+01,0.000000000000000000e+00,-6.931303940677892683e+01,6.274025980430580063e+01,9.810000000000000497e+00
3.111225681131459253e-01,6.845437382681334171e-01,4.567383492895591424e-01,0.000000000000000000e+00,3.561821424565351002e+00,2.661393120080190133e+00,0.000000000000000000e+00,-6.963288926887230446e+01,6.228606703271329081e+01,9.810000000000000497e+00,-1.285783532360481331e+03,-1.871303767507866723e+03,-3.637978807091712952e-12,8.010753409644422174e-01,5.985635288745067006e-01,0.000000000000000000e+00,-5.985635288745067006e-01,8.010753409644422174e-01,0.000000000000000000e+00,0.000000000000000000e+00,-0.000000000000000000e+00,9.999999999999997780e-01,4.632142727587029718e+00,-1.481911070109070039e+01,-1.107284014678032591e+01,-0.000000000000000000e+00,-5.481377856778160407e+01,7.335890717949361317e+01,0.000000000000000000e+00,-6.963288926887230446e+01,6.228606703271329081e+01,9.810000000000000497e+00
3.113683246504181934e-01,6.854169753605727777e-01,4.573942775070830580e-01,0.000000000000000000e+00,3.544670216524339779e+00,2.676643432214548923e+00,0.000000000000000000e+00,-6.994439192636616554e+01,6.182135814436151833e+01,9.810000000000000497e+00,-1.248996948860731209e+03,-1.910176436959343846e+03,0.000000000000000000e+00,7.980353364109743497e-01,6.026106552654234561e-01,0.000000000000000000e+00,-6.026106552654234561e-01,7.980353364109743497e-01,0.000000000000000000e+00,0.000000000000000000e+00,-0.000000000000000000e+00,1.000000000000000000e+00,4.637050433247514647e+00,-1.481463796694412949e+01,-1.118679623001397516e+01,-0.000000000000000000e+00,-5.512975395942203249e+01,7.300815437437549349e+01,0.000000000000000000e+00,-6.994439192636616554e+01,6.182135814436151833e+01,9.810000000000000497e+00
3.116145648411572933e-01,6.862876945067244439e-01,4.580552416171820296e-01,0.000000000000000000e+00,3.527409590419754881e+00,2.691808050408542652e+00,0.000000000000000000e+00,-7.024737374065571771e+01,6.134624784216195792e+01,9.810000000000000497e+00,-1.211608956361102173e+03,-1.948344072175415931e+03,0.000000000000000000e+00,7.949688998457588029e-01,6.066501860858726225e-01,0.000000000000000000e+00,-6.066501860858726225e-01,7.949688998457588029e-01,0.000000000000000000e+00,0.000000000000000000e+00,-0.000000000000000000e+00,1.000000000000000000e+00,4.641500278360892295e+00,-1.480928861922646078e+01,-1.130114360246825989e+01,-0.000000000000000000e+00,-5.543808512142926048e+01,7.264739144463021603e+01,0.000000000000000000e+00,-7.024737374065571771e+01,6.134624784216195792e+01,9.810000000000000497e+00
3.118612983337465949e-01,6.871558860777309263e-01,4.587212608775713685e-01,0.000000000000000000e+00,3.510040694358433466e+00,2.706884556521654606e+00,0.000000000000000000e+00,-7.054166466683510350e+01,6.086085713976441980e+01,9.810000000000000497e+00,-1.173641921023896430e+03,-1.985780154759355355e+03,-3.637978807091712952e-12,7.918762005836049722e-01,6.106816543415025667e-01,0.000000000000000000e+00,-6.106816543415025667e-01,7.918762005836049722e-01,0.000000000000000000e+00,0.000000000000000000e+00,-0.000000000000000000e+00,1.000000000000000222e+00,4.645489516989155909e+00,-1.480306166559656766e+01,-1.141587306273812885e+01,-0.000000000000000000e+00,-5.573860300123853762e+01,7.227673020250254865e+01,0.000000000000000000e+00,-7.054166466683510350e+01,6.086085713976441980e+01,9.810000000000000497e+00
3.121085348808563809e-01,6.880215404447342920e-01,4.593923545459666080e-01,0.000000000000000000e+00,3.492564714648785706e+00,2.721870540395904925e+00,0.000000000000000000e+00,-7.082709844439209235e+01,6.036531329522348699e+01,9.810000000000000497e+00,-1.135118999471567804e+03,-2.022458761201443849e+03,0.000000000000000000e+00,7.887574164356379036e-01,6.147045941082412979e-01,0.000000000000000000e+00,-6.147045941082412979e-01,7.887574164356379036e-01,0.000000000000000000e+00,0.000000000000000000e+00,-0.000000000000000000e+00,1.000000000000000000e+00,4.649015604751851605e+00,-1.479595629942836510e+01,-1.153097533153344045e+01,-0.000000000000000000e+00,-5.603114214496373080e+01,7.189628862675692744e+01,0.000000000000000000e+00,-7.082709844439209235e+01,6.036531329522348699e+01,9.810000000000000497e+00
3.123562843397438837e-01,6.888846479788773847e-01,4.600685418800831705e-01,0.000000000000000000e+00,3.474982875525955972e+00,2.736763600876170432e+00,0.000000000000000000e+00,-7.110351278799501529e+01,5.985974973995989501e+01,9.810000000000000497e+00,-1.096064107121346751e+03,-2.058354610541340662e+03,0.000000000000000000e+00,7.856127336786273840e-01,6.187185407614630428e-01,0.000000000000000000e+00,-6.187185407614630428e-01,7.856127336786273840e-01,0.000000000000000000e+00,0.000000000000000000e+00,-0.000000000000000000e+00,1.000000000000000222e+00,4.652076202433663710e+00,-1.478797190124445748e+01,-1.164644105590877032e+01,-0.000000000000000000e+00,-5.631554088675055425e+01,7.150619079586866178e+01,0.000000000000000000e+00,-7.110351278799501529e+01,5.985974973995989501e+01,9.810000000000000497e+00
3.126045566725450531e-01,6.897451990513020492e-01,4.607498421376364228e-01,0.000000000000000000e+00,3.457296438845753439e+00,2.751561346827316790e+00,0.000000000000000000e+00,-7.137074956960042016e+01,5.934430599232674552e+01,9.810000000000000497e+00,-1.056501889533596113e+03,-2.093443104674719507e+03,0.000000000000000000e+00,7.824423470174652895e-01,6.227230312055275219e-01,0.000000000000000000e+00,-6.227230312055275219e-01,7.824423470174652895e-01,0.000000000000000000e+00,0.000000000000000000e+00,-0.000000000000000000e+00,1.000000000000000000e+00,4.654669178945820107e+00,-1.477910804001562006e+01,-1.176226081355880204e+01,-0.000000000000000000e+00,-5.659164152958480543e+01,7.110656680588554934e+01,0.000000000000000000e+00,-7.137074956960042016e+01,5.934430599232674552e+01,9.810000000000000497e+00
3.128533619465621585e-01,6.906031840331505745e-01,4.614362745763416207e-01,0.000000000000000000e+00,3.439506703748065330e+00,2.766261398146192541e+00,0.000000000000000000e+00,-7.162865500232243221e+01,5.881912756981175505e+01,9.810000000000000497e+00,-1.016457698018319206e+03,-2.127700360326896771e+03,3.637978807091712952e-12,7.792464595409175354e-01,6.267176041032717082e-01,0.000000000000000000e+00,-6.267176041032717082e-01,7.792464595409175354e-01,0.000000000000000000e+00,0.000000000000000000e+00,-0.000000000000000000e+00,1.000000000000000000e+00,4.656792614533810770e+00,-1.476936447432511912e+01,-1.187842511717049376e+01,-0.000000000000000000e+00,-5.685929052799730954e+01,7.069755268698224882e+01,0.000000000000000000e+00,-7.162865500232243221e+01,5.881912756981175505e+01,9.810000000000000497e+00
3.131027103345427887e-01,6.914585932955654712e-01,4.621278584539142420e-01,0.000000000000000000e+00,3.421615006286446103e+00,2.780861386771504407e+00,0.000000000000000000e+00,-7.187707981784615185e+01,5.828436588960945386e+01,9.810000000000000497e+00,-9.759575464247900527e+02,-2.161103261446027318e+03,-3.637978807091712952e-12,7.760252826698731399e-01,6.307018001061542867e-01,0.000000000000000000e+00,-6.307018001061542867e-01,7.760252826698731399e-01,0.000000000000000000e+00,0.000000000000000000e+00,-0.000000000000000000e+00,9.999999999999998890e-01,4.658444803564587566e+00,-1.475874115338076820e+01,-1.199492441884509653e+01,-0.000000000000000000e+00,-5.711833866446537655e+01,7.027929030845454861e+01,0.000000000000000000e+00,-7.187707981784615185e+01,5.828436588960945386e+01,9.810000000000000497e+00
3.133526121149535770e-01,6.923114172096889174e-01,4.628246130280697646e-01,0.000000000000000000e+00,3.403622719028852828e+00,2.795358957684482171e+00,0.000000000000000000e+00,-7.211587943638414799e+01,5.774017815735335546e+01,9.810000000000000497e+00,-9.350280855488963425e+02,-2.193629486082121730e+03,3.637978807091712952e-12,7.727790360991574348e-01,6.346751620834528707e-01,0.000000000000000000e+00,-6.346751620834528707e-01,7.727790360991574348e-01,0.000000000000000000e+00,0.000000000000000000e+00,-0.000000000000000000e+00,1.000000000000000000e+00,4.659624256848581503e+00,-1.474723821789360834e+01,-1.211174911456053849e+01,-0.000000000000000000e+00,-5.736864121849053788e+01,6.985192727191389395e+01,0.000000000000000000e+00,-7.211587943638414799e+01,5.774017815735335546e+01,9.810000000000000497e+00
3.136030776722470992e-01,6.931616461466632018e-01,4.635265575565234997e-01,0.000000000000000000e+00,3.385531250626393707e+00,2.809751769903218399e+00,0.000000000000000000e+00,-7.234491413905054458e+01,5.718672725655007127e+01,9.810000000000000497e+00,-8.936965703710739035e+02,-2.225257539526981418e+03,3.637978807091712952e-12,7.695079477321805639e-01,6.386372353511873268e-01,0.000000000000000000e+00,-6.386372353511873268e-01,7.695079477321805639e-01,0.000000000000000000e+00,0.000000000000000000e+00,-0.000000000000000000e+00,1.000000000000000222e+00,4.660329704319194022e+00,-1.473485600080524094e+01,-1.222888954868500733e+01,-0.000000000000000000e+00,-5.761005813824530009e+01,6.941561680523507505e+01,0.000000000000000000e+00,-7.234491413905054458e+01,5.718672725655007127e+01,9.810000000000000497e+00
3.138541174971235526e-01,6.940092704776308352e-01,4.642337112969908142e-01,0.000000000000000000e+00,3.367342045350104840e+00,2.824037497469766844e+00,0.000000000000000000e+00,-7.256404922927096379e+01,5.662418162265738886e+01,9.810000000000000497e+00,-8.519908098932064604e+02,-2.255966805101037608e+03,0.000000000000000000e+00,7.662122536083756374e-01,6.425875679005736973e-01,0.000000000000000000e+00,-6.425875679005736973e-01,7.662122536083756374e-01,0.000000000000000000e+00,0.000000000000000000e+00,-0.000000000000000000e+00,1.000000000000000000e+00,4.660560096996487545e+00,-1.472159502786262841e+01,-1.234633601853951923e+01,-0.000000000000000000e+00,-5.784245420140833005e+01,6.897051764119690631e+01,0.000000000000000000e+00,-7.256404922927096379e+01,5.662418162265738886e+01,9.810000000000000497e+00
3.141057421867857191e-01,6.948542805737338846e-01,4.649460935071871859e-01,0.000000000000000000e+00,3.349056582599381215e+00,2.838213830424808126e+00,0.000000000000000000e+00,-7.277315518798576477e+01,5.605271510866892015e+01,9.810000000000000497e+00,-8.099391399958112743e+02,-2.285737563607573975e+03,0.000000000000000000e+00,7.628921978242085844e-01,6.465257106248353258e-01,0.000000000000000000e+00,-6.465257106248353258e-01,7.628921978242085844e-01,0.000000000000000000e+00,0.000000000000000000e+00,-0.000000000000000000e+00,9.999999999999997780e-01,4.660314608657778024e+00,-1.470745601805102609e+01,-1.246407877898500871e+01,-0.000000000000000000e+00,-5.806569916993473157e+01,6.851679388765393242e+01,0.000000000000000000e+00,-7.277315518798576477e+01,5.605271510866892015e+01,9.810000000000000497e+00
3.143579624451903753e-01,6.956966668061146386e-01,4.656637234448278706e-01,0.000000000000000000e+00,3.330676376379483106e+00,2.852278475772294986e+00,0.000000000000000000e+00,-7.297210782944560492e+01,5.547250685061096220e+01,9.810000000000000497e+00,-7.675703852824226487e+02,-2.314551023540348979e+03,0.000000000000000000e+00,7.595480324471380884e-01,6.504512175449295164e-01,0.000000000000000000e+00,-6.504512175449295164e-01,7.595480324471380884e-01,0.000000000000000000e+00,0.000000000000000000e+00,-0.000000000000000000e+00,9.999999999999998890e-01,4.659592637776250434e+00,-1.469243988387310118e+01,-1.258210804704580177e+01,-0.000000000000000000e+00,-5.827966794557250552e+01,6.805461489765676220e+01,0.000000000000000000e+00,-7.297210782944560492e+01,5.547250685061096220e+01,9.810000000000000497e+00
3.146107890832905429e-01,6.965364195459156083e-01,4.663866203676284017e-01,0.000000000000000000e+00,3.312202974748317708e+00,2.866229158433094337e+00,0.000000000000000000e+00,-7.316078844529150160e+01,5.488374111874514938e+01,9.810000000000000497e+00,-7.249138080331322271e+02,-2.342389363061389304e+03,3.637978807091712952e-12,7.561800174225222770e-01,6.543636460339724570e-01,0.000000000000000000e+00,-6.543636460339724570e-01,7.561800174225222770e-01,0.000000000000000000e+00,0.000000000000000000e+00,-0.000000000000000000e+00,1.000000000000000000e+00,4.658393808754462739e+00,-1.467654773146853131e+01,-1.270041400656210051e+01,-0.000000000000000000e+00,-5.848424071382297029e+01,6.758415512530724811e+01,0.000000000000000000e+00,-7.316078844529150160e+01,5.488374111874514938e+01,9.810000000000000497e+00
3.148642330192787941e-01,6.973735291642788603e-01,4.671148035333041459e-01,0.000000000000000000e+00,3.293637959236059398e+00,2.880063622182685190e+00,0.000000000000000000e+00,-7.333908394275590581e+01,5.428660716234703898e+01,9.810000000000000497e+00,-6.819990766019618604e+02,-2.369235745971745928e+03,0.000000000000000000e+00,7.527884204742643082e-01,6.582625570392580672e-01,0.000000000000000000e+00,-6.582625570392580672e-01,7.527884204742643082e-01,0.000000000000000000e+00,0.000000000000000000e+00,-0.000000000000000000e+00,1.000000000000000222e+00,4.656717972953219764e+00,-1.465978086059126184e+01,-1.281898681285292874e+01,-0.000000000000000000e+00,-5.867930308216465107e+01,6.710559397519996594e+01,0.000000000000000000e+00,-7.333908394275590581e+01,5.428660716234703898e+01,9.810000000000000497e+00
3.151183052788191219e-01,6.982079860323469056e-01,4.678482921995704702e-01,0.000000000000000000e+00,3.274982944234860138e+00,2.893779630576010398e+00,0.000000000000000000e+00,-7.350688698091263973e+01,5.368129905286316017e+01,9.810000000000000497e+00,-6.388562205145717598e+02,-2.395074350582683110e+03,0.000000000000000000e+00,7.493735169984808708e-01,6.621475153025400129e-01,0.000000000000000000e+00,-6.621475153025400129e-01,7.493735169984808708e-01,0.000000000000000000e+00,0.000000000000000000e+00,-0.000000000000000000e+00,1.000000000000000000e+00,4.654565209839158335e+00,-1.464214076442414836e+01,-1.293781659739803480e+01,-0.000000000000000000e+00,-5.886474621648849848e+01,6.661911565026119320e+01,0.000000000000000000e+00,-7.350688698091263973e+01,5.368129905286316017e+01,9.810000000000000497e+00
3.153730169952796980e-01,6.990397805212620330e-01,4.685871056241426857e-01,0.000000000000000000e+00,3.256239576360078658e+00,2.907374967856713788e+00,0.000000000000000000e+00,-7.366409609427333294e+01,5.306801551368533154e+01,9.810000000000000497e+00,-5.955155765741656069e+02,-2.419890405400961754e+03,0.000000000000000000e+00,7.459355899505418774e-01,6.660180895780061228e-01,0.000000000000000000e+00,-6.660180895780061228e-01,7.459355899505418774e-01,0.000000000000000000e+00,0.000000000000000000e+00,-0.000000000000000000e+00,1.000000000000000000e+00,4.651935827419923619e+00,-1.462362912923878611e+01,-1.305689347252980248e+01,-0.000000000000000000e+00,-5.904046696503455394e+01,6.612490898621513224e+01,0.000000000000000000e+00,-7.366409609427333294e+01,5.306801551368533154e+01,9.810000000000000497e+00
3.156283794099578044e-01,6.998689030021665314e-01,4.693312630647363259e-01,0.000000000000000000e+00,3.237409533785671645e+00,2.920847439847825466e+00,0.000000000000000000e+00,-7.381061580980534131e+01,5.244695974439802200e+01,9.810000000000000497e+00,-5.520066862088860944e+02,-2.443668078158108983e+03,0.000000000000000000e+00,7.424749297259893854e-01,6.698738528472262255e-01,0.000000000000000000e+00,-6.698738528472262255e-01,7.424749297259893854e-01,0.000000000000000000e+00,0.000000000000000000e+00,-0.000000000000000000e+00,1.000000000000000222e+00,4.648830362475909084e+00,-1.460424783390565828e+01,-1.317620753611783435e+01,-0.000000000000000000e+00,-5.920636797589968836e+01,6.562316728051585812e+01,0.000000000000000000e+00,-7.381061580980534131e+01,5.244695974439802200e+01,9.810000000000000497e+00
3.158844045103519904e-01,7.006953438462024675e-01,4.700807837790666466e-01,0.000000000000000000e+00,3.218494516246934722e+00,2.934194866341817143e+00,0.000000000000000000e+00,-7.394635653773821105e+01,5.181833875764589692e+01,9.810000000000000497e+00,-5.083600369064952247e+02,-2.466393885894503910e+03,-3.637978807091712952e-12,7.389918340349678205e-01,6.737143825313770540e-01,0.000000000000000000e+00,-6.737143825313770540e-01,7.389918340349678205e-01,0.000000000000000000e+00,0.000000000000000000e+00,-0.000000000000000000e+00,1.000000000000000000e+00,4.645249580873083595e+00,-1.458399906940181090e+01,-1.329574898579365794e+01,-0.000000000000000000e+00,-5.936235746833640547e+01,6.511408774343955486e+01,0.000000000000000000e+00,-7.394635653773821105e+01,5.181833875764589692e+01,9.810000000000000497e+00
3.161411039996850914e-01,7.015190934245123522e-01,4.708356870248491255e-01,0.000000000000000000e+00,3.199496259399001286e+00,2.947415095400843565e+00,0.000000000000000000e+00,-7.407123502504799717e+01,5.118236398174430946e+01,9.810000000000000497e+00,-4.646089624584128615e+02,-2.488060766386814066e+03,-3.637978807091712952e-12,7.354866077702643112e-01,6.775392607005068513e-01,0.000000000000000000e+00,-6.775392607005068513e-01,7.354866077702643112e-01,0.000000000000000000e+00,0.000000000000000000e+00,-0.000000000000000000e+00,1.000000000000000000e+00,4.641194477429951171e+00,-1.456288514114885935e+01,-1.341550794801475810e+01,-0.000000000000000000e+00,-5.950834988389913605e+01,6.459787192975906578e+01,0.000000000000000000e+00,-7.407123502504799717e+01,5.118236398174430946e+01,9.810000000000000497e+00
3.163984887307388361e-01,7.023401421082385854e-01,4.715959920597992405e-01,0.000000000000000000e+00,3.180416542271514935e+00,2.960506012091415506e+00,0.000000000000000000e+00,-7.418517466372364311e+01,5.053925149518465076e+01,9.810000000000000497e+00,-4.207850103983946610e+02,-2.508659129680178012e+03,3.637978807091712952e-12,7.319595628693829070e-01,6.813480742792641376e-01,0.000000000000000000e+00,-6.813480742792641376e-01,7.319595628693829070e-01,0.000000000000000000e+00,0.000000000000000000e+00,-0.000000000000000000e+00,9.999999999999997780e-01,4.636666275398843240e+00,-1.454090836533891462e+01,-1.353547438352530463e+01,-0.000000000000000000e+00,-5.964426629838472849e+01,6.407472587870995540e+01,0.000000000000000000e+00,-7.418517466372364311e+01,5.053925149518465076e+01,9.810000000000000497e+00
3.166565703834731682e-01,7.031584802685233448e-01,4.723617181416322475e-01,0.000000000000000000e+00,3.161257162040755020e+00,2.973465516966931510e+00,0.000000000000000000e+00,-7.428810499013837898e+01,4.988922055181468806e+01,9.810000000000000497e+00,-3.769181572327797767e+02,-2.528177339603076689e+03,3.637978807091712952e-12,7.284110181707028620e-01,6.851404152489619648e-01,0.000000000000000000e+00,-6.851404152489619648e-01,7.284110181707028620e-01,0.000000000000000000e+00,0.000000000000000000e+00,-0.000000000000000000e+00,1.000000000000000000e+00,4.631666425755465610e+00,-1.451807138341203718e+01,-1.365563838013490638e+01,-0.000000000000000000e+00,-5.977003360672633647e+01,6.354485893194959800e+01,0.000000000000000000e+00,-7.428810499013837898e+01,4.988922055181468806e+01,9.810000000000000497e+00
3.169153607469357148e-01,7.039740982765088084e-01,4.731328845280635131e-01,0.000000000000000000e+00,3.142019943728690201e+00,2.986291536322709383e+00,0.000000000000000000e+00,-7.437996201271866425e+01,4.923249392829695381e+01,9.810000000000000497e+00,-3.330396797712310217e+02,-2.546607263216341380e+03,0.000000000000000000e+00,7.248412992638523233e-01,6.889158808457607197e-01,0.000000000000000000e+00,-6.889158808457607197e-01,7.248412992638523233e-01,0.000000000000000000e+00,0.000000000000000000e+00,-0.000000000000000000e+00,9.999999999999998890e-01,4.626196606320751137e+00,-1.449437702461126776e+01,-1.377599003445553016e+01,-0.000000000000000000e+00,-5.988558498810739650e+01,6.300848396275248575e+01,0.000000000000000000e+00,-7.437996201271866425e+01,4.923249392829695381e+01,9.810000000000000497e+00
3.171748717194706746e-01,7.047869865033374870e-01,4.739095104768085154e-01,0.000000000000000000e+00,3.122706739388615205e+00,2.998982022963831096e+00,0.000000000000000000e+00,-7.446068828302912834e+01,4.856929771815985930e+01,9.810000000000000497e+00,-2.891799081064818893e+02,-2.563939165359886829e+03,-3.637978807091712952e-12,7.212507383343446099e-01,6.926740737548668925e-01,0.000000000000000000e+00,-6.926740737548668925e-01,7.212507383343446099e-01,0.000000000000000000e+00,0.000000000000000000e+00,-0.000000000000000000e+00,1.000000000000000000e+00,4.620258720571420064e+00,-1.446982830456643399e+01,-1.389651945647129949e+01,-0.000000000000000000e+00,-5.999085997846268725e+01,6.246581717463116235e+01,0.000000000000000000e+00,-7.446068828302912834e+01,4.856929771815985930e+01,9.810000000000000497e+00
3.174351160938309047e-01,7.055971353201515583e-01,4.746916152455826210e-01,0.000000000000000000e+00,3.103319415931862668e+00,3.011534945946131359e+00,0.000000000000000000e+00,-7.453023266124699830e+01,4.789986053200599514e+01,9.810000000000000497e+00,-2.453689885906351265e+02,-2.580163685232691932e+03,-3.637978807091712952e-12,7.176396740028517796e-01,6.964146023002968366e-01,0.000000000000000000e+00,-6.964146023002968366e-01,7.176396740028517796e-01,0.000000000000000000e+00,0.000000000000000000e+00,-0.000000000000000000e+00,1.000000000000000000e+00,4.613854896211854850e+00,-1.444442856546884713e+01,-1.401721691161135652e+01,-0.000000000000000000e+00,-6.008580409577815828e+01,6.191707744361735166e+01,0.000000000000000000e+00,-7.453023266124699830e+01,4.789986053200599514e+01,9.810000000000000497e+00
3.176961069839351337e-01,7.064045350980936444e-01,4.754792180921013078e-01,0.000000000000000000e+00,3.083859862641741501e+00,3.023948298928275769e+00,0.000000000000000000e+00,-7.458855057086782381e+01,4.722441372055340736e+01,9.810000000000000497e+00,-2.016408609906502534e+02,-2.595284464208685677e+03,-7.275957614183425903e-12,7.140084511590470973e-01,7.001370806302567029e-01,0.000000000000000000e+00,-7.001370806302567029e-01,7.140084511590470973e-01,0.000000000000000000e+00,0.000000000000000000e+00,-0.000000000000000000e+00,1.000000000000000000e+00,4.606987483399993977e+00,-1.441818136643620463e+01,-1.413807272660080905e+01,-0.000000000000000000e+00,-6.017036920443162273e+01,6.136248644715421818e+01,0.000000000000000000e+00,-7.458855057086782381e+01,4.722441372055340736e+01,9.810000000000000497e+00
3.179578550356427780e-01,7.072091762083054789e-01,4.762723382740797762e-01,0.000000000000000000e+00,3.064330030475820088e+00,3.036220140509198195e+00,0.000000000000000000e+00,-7.463560512048897522e+01,4.654319324432544391e+01,9.810000000000000497e+00,-1.580277381699124817e+02,-2.609301499574517948e+03,-3.637978807091712952e-12,7.103574207906108162e-01,7.038411288975027214e-01,0.000000000000000000e+00,-7.038411288975027214e-01,7.103574207906108162e-01,0.000000000000000000e+00,0.000000000000000000e+00,-0.000000000000000000e+00,1.000000000000000000e+00,4.599659052712427254e+00,-1.439108998380462623e+01,-1.425907680248234932e+01,-0.000000000000000000e+00,-6.024451513668435609e+01,6.080227004680779146e+01,0.000000000000000000e+00,-7.463560512048897522e+01,4.654319324432544391e+01,9.810000000000000497e+00
3.182203725917761572e-01,7.080110490219297947e-01,4.770709950492335594e-01,0.000000000000000000e+00,3.044731870998956591e+00,3.048348536563180833e+00,0.000000000000000000e+00,-7.467136556775281520e+01,4.585643632555050431e+01,9.810000000000000497e+00,-1.145579849401838146e+02,-2.622205391310999403e+03,0.000000000000000000e+00,7.066869398071908837e-01,7.075263734349044320e-01,0.000000000000000000e+00,-7.075263734349044320e-01,7.066869398071908837e-01,0.000000000000000000e+00,0.000000000000000000e+00,-0.000000000000000000e+00,1.000000000000000000e+00,4.591872393216453574e+00,-1.436315816174296955e+01,-1.438021934864480400e+01,-0.000000000000000000e+00,-6.030820740600984919e+01,6.023665567419531186e+01,0.000000000000000000e+00,-7.467136556775281520e+01,4.585643632555050431e+01,9.810000000000000497e+00
3.184836725377740985e-01,7.088101439101088808e-01,4.778752076752780242e-01,0.000000000000000000e+00,3.025067352233612450e+00,3.060331576662206565e+00,0.000000000000000000e+00,-7.469580776536096778e+01,4.516438209646772606e+01,9.810000000000000497e+00,-7.126013574926764704e+01,-2.633986032561340835e+03,3.637978807091712952e-12,7.029973708593715287e-01,7.111924469261545756e-01,0.000000000000000000e+00,-7.111924469261545756e-01,7.029973708593715287e-01,0.000000000000000000e+00,0.000000000000000000e+00,-0.000000000000000000e+00,1.000000000000000000e+00,4.583630509757845140e+00,-1.433438989728798774e+01,-1.450149068663460916e+01,-0.000000000000000000e+00,-6.036141786807298359e+01,5.966587278310233700e+01,0.000000000000000000e+00,-7.469580776536096778e+01,4.516438209646772606e+01,9.810000000000000497e+00
3.187477699229818717e-01,7.096064512439846927e-01,4.786849954099285376e-01,0.000000000000000000e+00,3.005338434606728004e+00,3.072167350717128986e+00,0.000000000000000000e+00,-7.470891351937686409e+01,4.446727017869424259e+01,9.810000000000000497e+00,-2.816704877078882419e+01,-2.644654654282814590e+03,0.000000000000000000e+00,6.992890821538784163e-01,7.148389885704234947e-01,0.000000000000000000e+00,-7.148389885704234947e-01,6.992890821538784163e-01,0.000000000000000000e+00,0.000000000000000000e+00,-0.000000000000000000e+00,9.999999999999997780e-01,4.574936620217434857e+00,-1.430478971734473248e+01,-1.462288154387223216e+01,-0.000000000000000000e+00,-6.040412380203213161e+01,5.909015172256647475e+01,0.000000000000000000e+00,-7.470891351937686409e+01,4.446727017869424259e+01,9.810000000000000497e+00
3.190126747255767614e-01,7.103999613946999636e-01,4.795003775109005772e-01,0.000000000000000000e+00,2.985547173598301463e+00,3.083854054991787663e+00,0.000000000000000000e+00,-7.471067349225209853e+01,4.376534582627637349e+01,9.810000000000000497e+00,1.468894276890205219e+01,-2.654221308147898526e+03,0.000000000000000000e+00,6.955624472638622935e-01,7.184656442421633038e-01,0.000000000000000000e+00,-7.184656442421633038e-01,6.955624472638622935e-01,0.000000000000000000e+00,0.000000000000000000e+00,-0.000000000000000000e+00,1.000000000000000000e+00,4.565794152946248907e+00,-1.427436141307379458e+01,-1.474438177209278500e+01,-0.000000000000000000e+00,-6.043631207917830039e+01,5.850972759836916026e+01,0.000000000000000000e+00,-7.471067349225209853e+01,4.376534582627637349e+01,9.810000000000000497e+00
3.192783997367894533e-01,7.111906647333967602e-01,4.803213732359093990e-01,0.000000000000000000e+00,2.965695605698920101e+00,3.095389878600128597e+00,0.000000000000000000e+00,-7.470108407964586661e+01,4.305885382964753916e+01,9.810000000000000497e+00,5.728274820401566103e+01,-2.662667273586805095e+03,0.000000000000000000e+00,6.918178449352208048e-01,7.220720666451421188e-01,0.000000000000000000e+00,-7.220720666451421188e-01,6.918178449352208048e-01,0.000000000000000000e+00,0.000000000000000000e+00,-0.000000000000000000e+00,9.999999999999997780e-01,4.556206743194841202e+00,-1.424310942277335990e+01,-1.486598174887764579e+01,-0.000000000000000000e+00,-6.045797465687250849e+01,5.792483557852518317e+01,0.000000000000000000e+00,-7.470108407964586661e+01,4.305885382964753916e+01,9.810000000000000497e+00
3.195449609960094861e-01,7.119785516312172602e-01,4.811480018426704808e-01,0.000000000000000000e+00,2.945785741669303182e+00,3.106772995866708520e+00,0.000000000000000000e+00,-7.468014716748876936e+01,4.234803800428984744e+01,9.810000000000000497e+00,9.958400649545365013e+01,-2.670003402896822081e+03,0.000000000000000000e+00,6.880556588896933334e-01,7.256579154600808490e-01,0.000000000000000000e+00,-7.256579154600808490e-01,6.880556588896933334e-01,0.000000000000000000e+00,0.000000000000000000e+00,-0.000000000000000000e+00,9.999999999999998890e-01,4.546178229899676460e+00,-1.421103888533875548e+01,-1.498767246634957573e+01,-0.000000000000000000e+00,-6.046910828215001033e+01,5.733571047063942672e+01,0.000000000000000000e+00,-7.468014716748876936e+01,4.234803800428984744e+01,9.810000000000000497e+00
3.198123694664198324e-01,7.127636124593041966e-01,4.819802825888991893e-01,0.000000000000000000e+00,2.925819684096257589e+00,3.118001690689486516e+00,0.000000000000000000e+00,-7.464787352810326126e+01,4.163314708126299024e+01,9.810000000000000497e+00,1.415612654225260485e+02,-2.676248679732700111e+03,0.000000000000000000e+00,6.842762776235080668e-01,7.292228574871443270e-01,0.000000000000000000e+00,-7.292228574871443270e-01,6.842762776235080668e-01,0.000000000000000000e+00,0.000000000000000000e+00,-0.000000000000000000e+00,1.000000000000000444e+00,4.535712652197743111e+00,-1.417815421195154713e+01,-1.510944404537911190e+01,-0.000000000000000000e+00,-6.046971931615171059e+01,5.674259112664210392e+01,0.000000000000000000e+00,-7.464787352810326126e+01,4.163314708126299024e+01,9.810000000000000497e+00
3.200806374321117920e-01,7.135458375887994142e-01,4.828182347323109469e-01,0.000000000000000000e+00,2.905799535068458450e+00,3.129074262723998245e+00,0.000000000000000000e+00,-7.460428019888593099e+01,4.091442975188381581e+01,9.810000000000000497e+00,1.831895340842311271e+02,-2.681385579470661469e+03,0.000000000000000000e+00,6.804800942033828459e-01,7.327665667816424255e-01,0.000000000000000000e+00,-7.327665667816424255e-01,6.804800942033828459e-01,0.000000000000000000e+00,0.000000000000000000e+00,-0.000000000000000000e+00,1.000000000000000000e+00,4.524814245325629258e+00,-1.414446018846788711e+01,-1.523128688050271506e+01,-0.000000000000000000e+00,-6.045982001041804210e+01,5.614571663238653088e+01,0.000000000000000000e+00,-7.460428019888593099e+01,4.091442975188381581e+01,9.810000000000000497e+00
3.203497824746625033e-01,7.143252173908456459e-01,4.836618775306211759e-01,0.000000000000000000e+00,2.885727339256401791e+00,3.139988966026470596e+00,0.000000000000000000e+00,-7.454938873615220984e+01,4.019213157900649946e+01,9.810000000000000497e+00,2.244403734077059198e+02,-2.685431390015684883e+03,0.000000000000000000e+00,6.766675060592082236e-01,7.362887247837028859e-01,0.000000000000000000e+00,-7.362887247837028859e-01,6.766675060592082236e-01,0.000000000000000000e+00,0.000000000000000000e+00,-0.000000000000000000e+00,1.000000000000000000e+00,4.513487436850581069e+00,-1.410996262472736262e+01,-1.535319236505082507e+01,-0.000000000000000000e+00,-6.043942611142485077e+01,5.554532394405732276e+01,0.000000000000000000e+00,-7.454938873615220984e+01,4.019213157900649946e+01,9.810000000000000497e+00
3.206198142022097519e-01,7.151017422365848475e-01,4.845112302415451877e-01,0.000000000000000000e+00,2.865605270592813003e+00,3.150744211662553251e+00,0.000000000000000000e+00,-7.448323076199058335e+01,3.946650441115073704e+01,9.810000000000000497e+00,2.652848315650189761e+02,-2.688403186882642331e+03,0.000000000000000000e+00,6.728389147736993925e-01,7.397890204417409965e-01,0.000000000000000000e+00,-7.397890204417409965e-01,6.728389147736993925e-01,0.000000000000000000e+00,0.000000000000000000e+00,-0.000000000000000000e+00,1.000000000000000222e+00,4.501736842311355069e+00,-1.407466613052629789e+01,-1.547515050203158182e+01,-0.000000000000000000e+00,-6.040856463146428723e+01,5.494165491318231886e+01,0.000000000000000000e+00,-7.448323076199058335e+01,3.946650441115073704e+01,9.810000000000000497e+00
3.208907478913849420e-01,7.158754024971594188e-01,4.853663121227983490e-01,0.000000000000000000e+00,2.845435438317390542e+00,3.161338360229235089e+00,0.000000000000000000e+00,-7.440584216464664280e+01,3.873779624062680682e+01,9.810000000000000497e+00,3.056984922366391402e+02,-2.690292050294257933e+03,3.637978807091712952e-12,6.689947258698797361e-01,7.432671503290618764e-01,0.000000000000000000e+00,-7.432671503290618764e-01,6.689947258698797361e-01,0.000000000000000000e+00,0.000000000000000000e+00,-0.000000000000000000e+00,9.999999999999997780e-01,4.489567260802866500e+00,-1.403857639538230373e+01,-1.559715236694129636e+01,-0.000000000000000000e+00,-6.036726576926433552e+01,5.433494860756810141e+01,0.000000000000000000e+00,-7.440584216464664280e+01,3.873779624062680682e+01,9.810000000000000497e+00
3.211625982719956141e-01,7.166461885437116486e-01,4.862271424320960822e-01,0.000000000000000000e+00,2.825219973971478726e+00,3.171769816502187478e+00,0.000000000000000000e+00,-7.431726564702623250e+01,3.800625550559016119e+01,9.810000000000000497e+00,3.456545010411064140e+02,-2.691122423615786829e+03,3.637978807091712952e-12,6.651353485958121370e-01,7.467228187542733764e-01,0.000000000000000000e+00,-7.467228187542733764e-01,6.651353485958121370e-01,0.000000000000000000e+00,0.000000000000000000e+00,-0.000000000000000000e+00,1.000000000000000000e+00,4.476983670488894340e+00,-1.400169914072308863e+01,-1.571918899180854901e+01,-0.000000000000000000e+00,-6.031556650630314209e+01,5.372544449739871197e+01,0.000000000000000000e+00,-7.431726564702623250e+01,3.800625550559016119e+01,9.810000000000000497e+00
3.214353768460670446e-01,7.174140907473840478e-01,4.870937404271539206e-01,0.000000000000000000e+00,2.804961067696133625e+00,3.182037072610004458e+00,0.000000000000000000e+00,-7.421755184692682406e+01,3.727213276138260056e+01,9.810000000000000497e+00,3.851276028377469629e+02,-2.690893780669255648e+03,0.000000000000000000e+00,6.612611957074919777e-01,7.501557378648102681e-01,0.000000000000000000e+00,-7.501557378648102681e-01,6.612611957074919777e-01,0.000000000000000000e+00,0.000000000000000000e+00,-0.000000000000000000e+00,1.000000000000000000e+00,4.463991223725472857e+00,-1.396403968987590893e+01,-1.584125087806611809e+01,-0.000000000000000000e+00,-6.025351215705092045e+01,5.311338363944872043e+01,0.000000000000000000e+00,-7.421755184692682406e+01,3.727213276138260056e+01,9.810000000000000497e+00
3.217091017503070915e-01,7.181790994793186833e-01,4.879661253656871200e-01,0.000000000000000000e+00,2.784660829225542145e+00,3.192138552905515514e+00,0.000000000000000000e+00,-7.410675495162196569e+01,3.653567342153979070e+01,9.810000000000000497e+00,4.240939887418644503e+02,-2.689625971752771875e+03,0.000000000000000000e+00,6.573726832498671957e-01,7.535656277437750017e-01,0.000000000000000000e+00,-7.535656277437750017e-01,6.573726832498671957e-01,0.000000000000000000e+00,0.000000000000000000e+00,-0.000000000000000000e+00,9.999999999999998890e-01,4.450595242065730872e+00,-1.392560455870735403e+01,-1.596332979507937644e+01,-0.000000000000000000e+00,-6.018115039291461699e+01,5.249900321661916536e+01,0.000000000000000000e+00,-7.410675495162196569e+01,3.653567342153979070e+01,9.810000000000000497e+00
3.219837824829420714e-01,7.189412051106578438e-01,4.888443165054111028e-01,0.000000000000000000e+00,2.764321500203291482e+00,3.202072855896839432e+00,0.000000000000000000e+00,-7.398493931645998600e+01,3.579712840853225941e+01,9.810000000000000497e+00,4.625287200560851488e+02,-2.687327166381051939e+03,0.000000000000000000e+00,6.534702303364597897e-01,7.569522164998359059e-01,0.000000000000000000e+00,-7.569522164998359059e-01,6.534702303364597897e-01,0.000000000000000000e+00,0.000000000000000000e+00,-0.000000000000000000e+00,1.000000000000000222e+00,4.436801211352082497e+00,-1.388639899446996573e+01,-1.608541599921550969e+01,-0.000000000000000000e+00,-6.009854032199002205e+01,5.188254440774776555e+01,0.000000000000000000e+00,-7.398493931645998600e+01,3.579712840853225941e+01,9.810000000000000497e+00
3.222594387676308014e-01,7.197003980125440403e-01,4.897283331040411247e-01,0.000000000000000000e+00,2.743945190231082965e+00,3.211838454058198344e+00,0.000000000000000000e+00,-7.385217104495751528e+01,3.505674056527391258e+01,9.810000000000000497e+00,5.004101228307117708e+02,-2.684012159580073785e+03,0.000000000000000000e+00,6.495542589272044198e-01,7.603152403506918677e-01,0.000000000000000000e+00,-7.603152403506918677e-01,6.495542589272044198e-01,0.000000000000000000e+00,0.000000000000000000e+00,-0.000000000000000000e+00,1.000000000000000000e+00,4.422614776407719717e+00,-1.384642998653790613e+01,-1.620750168061546148e+01,-0.000000000000000000e+00,-6.000574105841961625e+01,5.126424224588937761e+01,0.000000000000000000e+00,-7.385217104495751528e+01,3.505674056527391258e+01,9.810000000000000497e+00
3.225360799766345821e-01,7.204566685561193395e-01,4.906181944192927746e-01,0.000000000000000000e+00,2.723534161936870923e+00,3.221434023838794847e+00,0.000000000000000000e+00,-7.370852702788356225e+01,3.431475896397427050e+01,9.810000000000000497e+00,5.377147325318073854e+02,-2.679697995268790692e+03,0.000000000000000000e+00,6.456251936058589047e-01,7.636544436991100637e-01,0.000000000000000000e+00,-7.636544436991100637e-01,6.456251936058589047e-01,0.000000000000000000e+00,0.000000000000000000e+00,-0.000000000000000000e+00,1.000000000000000000e+00,4.408041735448103182e+00,-1.380570299811259360e+01,-1.632957720255100043e+01,-0.000000000000000000e+00,-5.990282402977096865e+01,5.064433616652527093e+01,0.000000000000000000e+00,-7.370852702788356225e+01,3.431475896397427050e+01,9.810000000000000497e+00
3.228137254919908883e-01,7.212100071125263634e-01,4.915139197088815304e-01,0.000000000000000000e+00,2.703090547556969092e+00,3.230858117214107317e+00,0.000000000000000000e+00,-7.355408573735996924e+01,3.357142439076597640e+01,9.810000000000000497e+00,5.744220853062870447e+02,-2.674394058736419538e+03,3.637978807091712952e-12,6.416834613563937584e-01,7.669695792022506176e-01,0.000000000000000000e+00,-7.669695792022506176e-01,6.416834613563937584e-01,0.000000000000000000e+00,0.000000000000000000e+00,-0.000000000000000000e+00,9.999999999999997780e-01,4.393088034846318379e+00,-1.376422516816838026e+01,-1.645163483403520388e+01,-0.000000000000000000e+00,-5.978986056919158898e+01,5.002305922480118028e+01,0.000000000000000000e+00,-7.355408573735996924e+01,3.357142439076597640e+01,9.810000000000000497e+00
3.230923865483550927e-01,7.219604040529069566e-01,4.924155282305223702e-01,0.000000000000000000e+00,2.682616599108908595e+00,3.240109456683870626e+00,0.000000000000000000e+00,-7.338893527751778834e+01,3.282698184447747281e+01,9.810000000000000497e+00,6.105112969771726057e+02,-2.668126289709653065e+03,-3.637978807091712952e-12,6.377294913386382103e-01,7.702604078342348837e-01,0.000000000000000000e+00,-7.702604078342348837e-01,6.377294913386382103e-01,0.000000000000000000e+00,0.000000000000000000e+00,-0.000000000000000000e+00,1.000000000000000000e+00,4.377759763400813853e+00,-1.372200246919563327e+01,-1.657366542048865554e+01,-0.000000000000000000e+00,-5.966693280832215152e+01,4.940064726496612479e+01,0.000000000000000000e+00,-7.338893527751778834e+01,3.282698184447747281e+01,9.810000000000000497e+00
3.233720801454253446e-01,7.227078497484038522e-01,4.933230392419311050e-01,0.000000000000000000e+00,2.662114495318371521e+00,3.249186708108175115e+00,0.000000000000000000e+00,-7.321316697508582649e+01,3.208167063739158209e+01,9.810000000000000497e+00,6.459622201310266973e+02,-2.660898447550061974e+03,-3.637978807091712952e-12,6.337637146640602293e-01,7.735266989414208982e-01,0.000000000000000000e+00,-7.735266989414208982e-01,6.337637146640602293e-01,0.000000000000000000e+00,0.000000000000000000e+00,-0.000000000000000000e+00,9.999999999999998890e-01,4.362063146544940651e+00,-1.367904186365131380e+01,-1.669566094215482011e+01,-0.000000000000000000e+00,-5.953412511143451269e+01,4.877733157954639864e+01,0.000000000000000000e+00,-7.321316697508582649e+01,3.208167063739158209e+01,9.810000000000000497e+00
3.236528214827135153e-01,7.234523345701591168e-01,4.942364720008228796e-01,0.000000000000000000e+00,2.641586444960851932e+00,3.258088604530628540e+00,0.000000000000000000e+00,-7.302687867926172771e+01,3.133572946635311141e+01,9.810000000000000497e+00,6.807573586413782323e+02,-2.652743240024807164e+03,0.000000000000000000e+00,6.297865641712537821e-01,7.767682302909713066e-01,0.000000000000000000e+00,-7.767682302909713066e-01,6.297865641712537821e-01,0.000000000000000000e+00,0.000000000000000000e+00,-0.000000000000000000e+00,1.000000000000000222e+00,4.346004540574822883e+00,-1.363535012733817098e+01,-1.681761312540507092e+01,-0.000000000000000000e+00,-5.939152855192355673e+01,4.815334259175818232e+01,0.000000000000000000e+00,-7.302687867926172771e+01,3.133572946635311141e+01,9.810000000000000497e+00
3.239346235993283418e-01,7.241938488893151504e-01,4.951558457649132272e-01,0.000000000000000000e+00,2.621034690333028383e+00,3.266813953456610520e+00,0.000000000000000000e+00,-7.283017482192627767e+01,3.058939642745696830e+01,9.810000000000000497e+00,7.148768347403238295e+02,-2.643664700653716864e+03,-3.637978807091712952e-12,6.257984742018525282e-01,7.799847881123279647e-01,0.000000000000000000e+00,-7.799847881123279647e-01,6.257984742018525282e-01,0.000000000000000000e+00,0.000000000000000000e+00,-0.000000000000000000e+00,9.999999999999997780e-01,4.329590426608005416e+00,-1.359093380459902001e+01,-1.693951337505108512e+01,-0.000000000000000000e+00,-5.923924101732725234e+01,4.752890980250805342e+01,0.000000000000000000e+00,-7.283017482192627767e+01,3.058939642745696830e+01,9.810000000000000497e+00
3.242175061452126639e-01,7.249323830770142418e-01,4.960811797919176258e-01,0.000000000000000000e+00,2.600461386919843410e+00,3.275361488566605583e+00,0.000000000000000000e+00,-7.262316220268752431e+01,2.984290287289914900e+01,9.810000000000000497e+00,7.483046127485868055e+02,-2.633685064928780776e+03,0.000000000000000000e+00,6.217998803769624327e-01,7.831761671317605256e-01,0.000000000000000000e+00,-7.831761671317605256e-01,6.217998803769624327e-01,0.000000000000000000e+00,0.000000000000000000e+00,-0.000000000000000000e+00,1.000000000000000000e+00,4.312827404735074310e+00,-1.354580051087120296e+01,-1.706135439975328083e+01,-0.000000000000000000e+00,-5.907736169181632135e+01,4.690425727265242983e+01,0.000000000000000000e+00,-7.262316220268752431e+01,2.984290287289914900e+01,9.810000000000000497e+00
3.245014814793761304e-01,7.256679275043986799e-01,4.970124933395511091e-01,0.000000000000000000e+00,2.579868791541551687e+00,3.283730104581456199e+00,0.000000000000000000e+00,-7.240595630733649557e+01,2.909648267427197510e+01,9.810000000000000497e+00,7.810263354396302020e+02,-2.622839797300701321e+03,-3.637978807091712952e-12,6.177912193740484614e-01,7.863421706002585720e-01,0.000000000000000000e+00,-7.863421706002585720e-01,6.177912193740484614e-01,0.000000000000000000e+00,0.000000000000000000e+00,-0.000000000000000000e+00,9.999999999999997780e-01,4.295722187883260546e+00,-1.349995685643723853e+01,-1.718312764020263472e+01,-0.000000000000000000e+00,-5.890599945089925171e+01,4.627961031447460982e+01,0.000000000000000000e+00,-7.240595630733649557e+01,2.909648267427197510e+01,9.810000000000000497e+00
3.247865650745520583e-01,7.264004725426107534e-01,4.979498056655294325e-01,0.000000000000000000e+00,2.559259119693551021e+00,3.291918681634715682e+00,0.000000000000000000e+00,-7.217867632485445029e+01,2.835036496633503589e+01,9.810000000000000497e+00,8.130237760338204680e+02,-2.611128183198539773e+03,0.000000000000000000e+00,6.137729287051958416e-01,7.894826103142782436e-01,0.000000000000000000e+00,-7.894826103142782436e-01,6.137729287051958416e-01,0.000000000000000000e+00,0.000000000000000000e+00,-0.000000000000000000e+00,1.000000000000000000e+00,4.278281595513783842e+00,-1.345340999594574072e+01,-1.730482519591375024e+01,-0.000000000000000000e+00,-5.872526632890871667e+01,4.565519016224878612e+01,0.000000000000000000e+00,-7.217867632485445029e+01,2.835036496633503589e+01,9.810000000000000497e+00
3.250727757018669339e-01,7.271300085627927512e-01,4.988931360275677962e-01,0.000000000000000000e+00,2.538634542778462233e+00,3.299926080112024263e+00,0.000000000000000000e+00,-7.194144487287113066e+01,2.760477391796654345e+01,9.810000000000000497e+00,8.442835279209393775e+02,-2.598575114608422155e+03,0.000000000000000000e+00,6.097454464965351706e-01,7.925973066297543612e-01,0.000000000000000000e+00,-7.925973066297543612e-01,6.097454464965351706e-01,0.000000000000000000e+00,0.000000000000000000e+00,-0.000000000000000000e+00,9.999999999999997780e-01,4.260512547631720714e+00,-1.340616763020651625e+01,-1.742643986434273629e+01,-0.000000000000000000e+00,-5.853527724266461263e+01,4.503121378230927974e+01,0.000000000000000000e+00,-7.194144487287113066e+01,2.760477391796654345e+01,9.810000000000000497e+00
3.253601279475051844e-01,7.278565259360869621e-01,4.998425036833815671e-01,0.000000000000000000e+00,2.517997287863780631e+00,3.307751269888167478e+00,0.000000000000000000e+00,-7.169439137646831739e+01,2.685993355563779872e+01,9.810000000000000497e+00,8.747944381019624416e+02,-2.585214550638105720e+03,0.000000000000000000e+00,6.057092112688344798e-01,7.956860884696216329e-01,0.000000000000000000e+00,-7.956860884696216329e-01,6.057092112688344798e-01,0.000000000000000000e+00,0.000000000000000000e+00,-0.000000000000000000e+00,1.000000000000000000e+00,4.242422058543874996e+00,-1.335823691893527432e+01,-1.754796375081144433e+01,-0.000000000000000000e+00,-5.833615445753304840e+01,4.440789730644924305e+01,0.000000000000000000e+00,-7.169439137646831739e+01,2.685993355563779872e+01,9.810000000000000497e+00
3.256486372307272892e-01,7.285800150336358971e-01,5.007979278906863341e-01,0.000000000000000000e+00,2.497349568914650764e+00,3.315393244098944425e+00,0.000000000000000000e+00,-7.143764954564882430e+01,2.611606423640728281e+01,9.810000000000000497e+00,9.045432583381043514e+02,-2.571062431682177703e+03,0.000000000000000000e+00,6.016646617200950287e-01,7.987487933244368232e-01,0.000000000000000000e+00,-7.987487933244368232e-01,6.016646617200950287e-01,0.000000000000000000e+00,0.000000000000000000e+00,-0.000000000000000000e+00,1.000000000000000222e+00,4.224017230503162246e+00,-1.330962521030953027e+01,-1.766938920085851805e+01,-0.000000000000000000e+00,-5.812802433533929758e+01,4.378545343726580086e+01,0.000000000000000000e+00,-7.143764954564882430e+01,2.611606423640728281e+01,9.810000000000000497e+00
3.259383201970236232e-01,7.293004662265816229e-01,5.017594279071972974e-01,0.000000000000000000e+00,2.476693580806689443e+00,3.322851011504951213e+00,0.000000000000000000e+00,-7.117135701110098012e+01,2.537338225595640040e+01,9.810000000000000497e+00,9.335172232511977199e+02,-2.556134526591311442e+03,0.000000000000000000e+00,5.976122365099523215e-01,8.017852672465196617e-01,0.000000000000000000e+00,-8.017852672465196617e-01,5.976122365099523215e-01,0.000000000000000000e+00,0.000000000000000000e+00,-0.000000000000000000e+00,1.000000000000000222e+00,4.205305247376552202e+00,-1.326034008637510730e+01,-1.779070887507997867e+01,-0.000000000000000000e+00,-5.791101692472587104e+01,4.316409113103637907e+01,0.000000000000000000e+00,-7.117135701110098012e+01,2.537338225595640040e+01,9.810000000000000497e+00
3.262291945674332116e-01,7.300178698860664284e-01,5.027270229906299903e-01,0.000000000000000000e+00,2.456031500663313327e+00,3.330123598282522135e+00,0.000000000000000000e+00,-7.089565521888097521e+01,2.463209982688492516e+01,9.810000000000000497e+00,9.617056401321460726e+02,-2.540452697263768641e+03,3.637978807091712952e-12,5.935523740464249132e-01,8.047953648374552849e-01,0.000000000000000000e+00,-8.047953648374552849e-01,5.935523740464249132e-01,0.000000000000000000e+00,0.000000000000000000e+00,-0.000000000000000000e+00,9.999999999999998890e-01,4.186293368523258174e+00,-1.321038933033866769e+01,-1.791191572240796859e+01,-0.000000000000000000e+00,-5.768526588854231107e+01,4.254401554929289375e+01,0.000000000000000000e+00,-7.089565521888097521e+01,2.463209982688492516e+01,9.810000000000000497e+00
3.265212776024858932e-01,7.307322163832328243e-01,5.037007323986996132e-01,0.000000000000000000e+00,2.435365507402492025e+00,3.337210074882449362e+00,0.000000000000000000e+00,-7.061068999409974367e+01,2.389242594545082099e+01,9.810000000000000497e+00,9.891011190275894478e+02,-2.524048162321254495e+03,0.000000000000000000e+00,5.894855122744773190e-01,8.077789492296126861e-01,0.000000000000000000e+00,-8.077789492296126861e-01,5.894855122744773190e-01,0.000000000000000000e+00,0.000000000000000000e+00,-0.000000000000000000e+00,1.000000000000000000e+00,4.166988922514364369e+00,-1.315978070608137251e+01,-1.803300269388281762e+01,-0.000000000000000000e+00,-5.745090928801837293e+01,4.192542863933363861e+01,0.000000000000000000e+00,-7.061068999409974367e+01,2.389242594545082099e+01,9.810000000000000497e+00
3.268145848682172949e-01,7.314434960892228776e-01,5.046805753891216995e-01,0.000000000000000000e+00,2.414697796878705560e+00,3.344109578492864721e+00,0.000000000000000000e+00,-7.031661196679770853e+01,2.315456702950709911e+01,9.810000000000000497e+00,1.015695507133626961e+03,-2.506945481413633388e+03,3.637978807091712952e-12,5.854120884676512482e-01,8.107358920609983866e-01,0.000000000000000000e+00,-8.107358920609983866e-01,5.854120884676512482e-01,0.000000000000000000e+00,0.000000000000000000e+00,-0.000000000000000000e+00,1.000000000000000000e+00,4.147399300557427892e+00,-1.310852179093771319e+01,-1.815396251142528428e+01,-0.000000000000000000e+00,-5.720809017585999356e+01,4.130852954093238338e+01,0.000000000000000000e+00,-7.031661196679770853e+01,2.315456702950709911e+01,9.810000000000000497e+00
3.271091336197956001e-01,7.321516993751790991e-01,5.056665712196117823e-01,0.000000000000000000e+00,2.394030536361376971e+00,3.350821251983329141e+00,0.000000000000000000e+00,-7.001357476313511086e+01,2.241872462213017059e+01,9.810000000000000497e+00,1.041480125835936633e+03,-2.489163435579932411e+03,3.637978807091712952e-12,5.813325390224984845e-01,8.136660734439251641e-01,0.000000000000000000e+00,-8.136660734439251641e-01,5.813325390224984845e-01,0.000000000000000000e+00,0.000000000000000000e+00,-0.000000000000000000e+00,9.999999999999997780e-01,4.127531950584685916e+00,-1.305662043593862442e+01,-1.827478830003482102e+01,-0.000000000000000000e+00,-5.695695432719649176e+01,4.069351292216499161e+01,0.000000000000000000e+00,-7.001357476313511086e+01,2.241872462213017059e+01,9.810000000000000497e+00
3.274049412696999339e-01,7.328568166122437777e-01,5.066587391478849511e-01,0.000000000000000000e+00,2.373365883997974990e+00,3.357344270793580332e+00,0.000000000000000000e+00,-6.970173555995872050e+01,2.168509626796401690e+01,9.810000000000000497e+00,1.066448461694846628e+03,-2.470726096326390689e+03,0.000000000000000000e+00,5.772472992552303284e-01,8.165693819281630850e-01,0.000000000000000000e+00,-8.165693819281630850e-01,5.772472992552303284e-01,0.000000000000000000e+00,0.000000000000000000e+00,-0.000000000000000000e+00,9.999999999999997780e-01,4.107394370866098932e+00,-1.300408454798635383e+01,-1.839547330163550853e+01,-0.000000000000000000e+00,-5.669765101197236845e+01,4.008056956959952544e+01,0.000000000000000000e+00,-6.970173555995872050e+01,2.168509626796401690e+01,9.810000000000000497e+00
3.277020253888472956e-01,7.335588381715589801e-01,5.076570984316568502e-01,0.000000000000000000e+00,2.352705987972804724e+00,3.363677842521503702e+00,0.000000000000000000e+00,-6.938125490047841026e+01,2.095387540235828894e+01,9.810000000000000497e+00,1.090594951912353281e+03,-2.451657740994742198e+03,0.000000000000000000e+00,5.731568032025005088e-01,8.194457144574556207e-01,0.000000000000000000e+00,-8.194457144574556207e-01,5.731568032025005088e-01,0.000000000000000000e+00,0.000000000000000000e+00,-0.000000000000000000e+00,9.999999999999997780e-01,4.086994103675173129e+00,-1.295092208532769185e+01,-1.851601087485424202e+01,-0.000000000000000000e+00,-5.643033281515071309e+01,3.946988627721253096e+01,0.000000000000000000e+00,-6.938125490047841026e+01,2.095387540235828894e+01,9.810000000000000497e+00
3.280004037077440260e-01,7.342577544242673282e-01,5.086616683286426799e-01,0.000000000000000000e+00,2.332052985682038670e+00,3.369821206488044840e+00,0.000000000000000000e+00,-6.905229651490593312e+01,2.022525125207871710e+01,9.810000000000000497e+00,1.113914979778797715e+03,-2.431982816942414502e+03,1.818989403545856476e-12,5.690614834247484932e-01,8.222949763207998419e-01,0.000000000000000000e+00,-8.222949763207998419e-01,5.690614834247484932e-01,0.000000000000000000e+00,0.000000000000000000e+00,-0.000000000000000000e+00,1.000000000000000000e+00,4.066338729460126977e+00,-1.289714105302944880e+01,-1.863639449463685693e+01,-0.000000000000000000e+00,-5.615515546187648255e+01,3.886164574671557403e+01,0.000000000000000000e+00,-6.905229651490593312e+01,2.022525125207871710e+01,9.810000000000000497e+00
3.283000941176595910e-01,7.349535557415108888e-01,5.096724680965578624e-01,0.000000000000000000e+00,2.311409002929158518e+00,3.375773633277379115e+00,0.000000000000000000e+00,-6.871502713096067794e+01,1.949940873682362152e+01,9.810000000000000497e+00,1.136404868607380195e+03,-2.411725906065457821e+03,0.000000000000000000e+00,5.649617708131091653e-01,8.251170810980197334e-01,0.000000000000000000e+00,-8.251170810980197334e-01,5.649617708131091653e-01,0.000000000000000000e+00,0.000000000000000000e+00,-0.000000000000000000e+00,1.000000000000000222e+00,4.045435860412670337e+00,-1.284274949847876357e+01,-1.875661775168729761e+01,-0.000000000000000000e+00,-5.587227763248191792e+01,3.825602648851091914e+01,0.000000000000000000e+00,-6.871502713096067794e+01,1.949940873682362152e+01,9.810000000000000497e+00
3.286011146718288423e-01,7.356462324944320619e-01,5.106895169931179312e-01,0.000000000000000000e+00,2.290776153143291527e+00,3.381534424251951609e+00,0.000000000000000000e+00,-6.836961628999685558e+01,1.877652838252165068e+01,9.810000000000000497e+00,1.158061859586261562e+03,-2.390911679943652416e+03,1.818989403545856476e-12,5.608580944004998292e-01,8.279119505994824157e-01,0.000000000000000000e+00,-8.279119505994824157e-01,5.608580944004998292e-01,0.000000000000000000e+00,0.000000000000000000e+00,-0.000000000000000000e+00,9.999999999999997780e-01,4.024293134560358531e+00,-1.278775550692457230e+01,-1.887667435172486208e+01,-0.000000000000000000e+00,-5.558186078307227973e+01,3.765320273424651276e+01,0.000000000000000000e+00,-6.836961628999685558e+01,1.877652838252165068e+01,9.810000000000000497e+00
3.289034835866767592e-01,7.363357750541732472e-01,5.117128342760381976e-01,0.000000000000000000e+00,2.270156536615426379e+00,3.387102911047005005e+00,0.000000000000000000e+00,-6.801623616224712521e+01,1.805678624137348010e+01,9.810000000000000497e+00,1.178884106100580539e+03,-2.369564868181179918e+03,0.000000000000000000e+00,5.567508811756796128e-01,8.306795148010478469e-01,0.000000000000000000e+00,-8.306795148010478469e-01,5.567508811756796128e-01,0.000000000000000000e+00,0.000000000000000000e+00,-0.000000000000000000e+00,1.000000000000000000e+00,4.002918209893109314e+00,-1.273216719703343003e+01,-1.899655811458022470e+01,-0.000000000000000000e+00,-5.528406896521369873e+01,3.705334435595370479e+01,0.000000000000000000e+00,-6.801623616224712521e+01,1.805678624137348010e+01,9.810000000000000497e+00
3.292072192430712807e-01,7.370221737918765115e-01,5.127424392030339728e-01,0.000000000000000000e+00,2.249552239758950467e+00,3.392478455041551655e+00,0.000000000000000000e+00,-6.765506135761511075e+01,1.734035381621447058e+01,9.810000000000000497e+00,1.198870656690545729e+03,-2.347710220522265445e+03,0.000000000000000000e+00,5.526405559018394698e-01,8.334197117734292171e-01,0.000000000000000000e+00,-8.334197117734292171e-01,5.526405559018394698e-01,0.000000000000000000e+00,0.000000000000000000e+00,-0.000000000000000000e+00,1.000000000000000000e+00,3.981318758252222256e+00,-1.267599271649705983e+01,-1.911626297310965228e+01,-0.000000000000000000e+00,-5.497906864111804737e+01,3.645661678932412286e+01,0.000000000000000000e+00,-6.765506135761511075e+01,1.734035381621447058e+01,9.810000000000000497e+00
3.295123401876027813e-01,7.377054190786843657e-01,5.137783510318207902e-01,0.000000000000000000e+00,2.228965334391596720e+00,3.397660446808639545e+00,0.000000000000000000e+00,-6.728626874219354193e+01,1.662739799578132249e+01,9.810000000000000497e+00,1.218021434484413476e+03,-2.325372468517922243e+03,0.000000000000000000e+00,5.485275409390738544e-01,8.361324876066786871e-01,0.000000000000000000e+00,-8.361324876066786871e-01,5.485275409390738544e-01,0.000000000000000000e+00,0.000000000000000000e+00,-0.000000000000000000e+00,1.000000000000000000e+00,3.959502459702498367e+00,-1.261924023767733161e+01,-1.923578297193905939e+01,-0.000000000000000000e+00,-5.466702850451621032e+01,3.586318096772038189e+01,0.000000000000000000e+00,-6.728626874219354193e+01,1.662739799578132249e+01,9.810000000000000497e+00
3.298188651338891941e-01,7.383855012857389877e-01,5.148205890201138502e-01,0.000000000000000000e+00,2.208397877039508739e+00,3.402648305546178253e+00,0.000000000000000000e+00,-6.691003725222660137e+01,1.591808099499069584e+01,9.810000000000000497e+00,1.236337228334828978e+03,-2.302576296654235193e+03,0.000000000000000000e+00,5.444122560708476444e-01,8.388177963299596751e-01,0.000000000000000000e+00,-8.388177963299596751e-01,5.444122560708476444e-01,0.000000000000000000e+00,0.000000000000000000e+00,-0.000000000000000000e+00,9.999999999999998890e-01,3.937476996771618332e+00,-1.256191795329411498e+01,-1.935511226604101864e+01,-0.000000000000000000e+00,-5.434811929893248106e+01,3.527319326103171448e+01,0.000000000000000000e+00,-6.691003725222660137e+01,1.591808099499069584e+01,9.810000000000000497e+00
3.301268129639124416e-01,7.390624107841827772e-01,5.158691724256287969e-01,0.000000000000000000e+00,2.187851908265416867e+00,3.407441478487622355e+00,0.000000000000000000e+00,-6.652654770652414129e+01,1.521256030082745170e+01,9.810000000000000497e+00,1.253818534850826836e+03,-2.279343850382665551e+03,1.818989403545856476e-12,5.402951183350285236e-01,8.414755998264817904e-01,0.000000000000000000e+00,-8.414755998264817904e-01,5.402951183350285236e-01,0.000000000000000000e+00,0.000000000000000000e+00,-0.000000000000000000e+00,9.999999999999997780e-01,3.915250048616183864e+00,-1.250403407216955465e+01,-1.947424511913730427e+01,-0.000000000000000000e+00,-5.402251363435458842e+01,3.468680541996475597e+01,0.000000000000000000e+00,-6.652654770652414129e+01,1.521256030082745170e+01,9.810000000000000497e+00
3.304362036366846334e-01,7.397361379451576902e-01,5.169241205060808309e-01,0.000000000000000000e+00,2.167329440729218071e+00,3.412039422517019638e+00,0.000000000000000000e+00,-6.613598217559139414e+01,1.451098810455616928e+01,9.810000000000000497e+00,1.270466121950055822e+03,-2.255696143960045447e+03,-1.818989403545856476e-12,5.361765418595116905e-01,8.441058677438366686e-01,0.000000000000000000e+00,-8.441058677438366686e-01,5.361765418595116905e-01,0.000000000000000000e+00,0.000000000000000000e+00,-0.000000000000000000e+00,1.000000000000000222e+00,3.892829285805967654e+00,-1.244559692299396580e+01,-1.959317607189621668e+01,-0.000000000000000000e+00,-5.369038525259742300e+01,3.410416417645238596e+01,0.000000000000000000e+00,-6.613598217559139414e+01,1.451098810455616928e+01,9.810000000000000497e+00
3.307470576863690837e-01,7.404066731398066814e-01,5.179854525191853742e-01,0.000000000000000000e+00,2.146832465062412432e+00,3.416441612927475724e+00,0.000000000000000000e+00,-6.573852404819012918e+01,1.381351157427114629e+01,9.810000000000000497e+00,1.286286557871993864e+03,-2.231664725497874315e+03,0.000000000000000000e+00,5.320569377015408330e-01,8.467085774005473908e-01,0.000000000000000000e+00,-8.467085774005473908e-01,5.320569377015408330e-01,0.000000000000000000e+00,0.000000000000000000e+00,-0.000000000000000000e+00,1.000000000000000000e+00,3.870222364894204681e+00,-1.238661488493528395e+01,-1.971189984541691587e+01,-0.000000000000000000e+00,-5.335190916325483812e+01,3.352541141968806215e+01,0.000000000000000000e+00,-6.573852404819012918e+01,1.381351157427114629e+01,9.810000000000000497e+00
3.310593927474310139e-01,7.410740067392715957e-01,5.190531877226579605e-01,0.000000000000000000e+00,2.126362992246229489e+00,3.420647611477544370e+00,0.000000000000000000e+00,-6.533435957876241673e+01,1.312027480949085501e+01,9.810000000000000497e+00,1.301285478328878526e+03,-2.207277330996774253e+03,0.000000000000000000e+00,5.279367136924798531e-01,8.492837136879434201e-01,0.000000000000000000e+00,-8.492837136879434201e-01,5.279367136924798531e-01,0.000000000000000000e+00,0.000000000000000000e+00,-0.000000000000000000e+00,1.000000000000000000e+00,3.847436922804141179e+00,-1.232709597647489908e+01,-1.983041068817683694e+01,-0.000000000000000000e+00,-5.300726360228752299e+01,3.295068549766769195e+01,0.000000000000000000e+00,-6.533435957876241673e+01,1.312027480949085501e+01,9.810000000000000497e+00
3.313732284009199835e-01,7.417381291146949440e-01,5.201273453742137898e-01,0.000000000000000000e+00,2.105922992688748163e+00,3.424656970906032605e+00,0.000000000000000000e+00,-6.492367530073502735e+01,1.243141600893667231e+01,9.810000000000000497e+00,1.315463407668503351e+03,-2.182549029260379029e+03,-1.818989403545856476e-12,5.238162742871067534e-01,8.518312689682003835e-01,0.000000000000000000e+00,-8.518312689682003835e-01,5.238162742871067534e-01,0.000000000000000000e+00,0.000000000000000000e+00,-0.000000000000000000e+00,1.000000000000000000e+00,3.824480571857618916e+00,-1.226704842898540804e+01,-1.994870328146696892e+01,-0.000000000000000000e+00,-5.265662687174962286e+01,3.238011929040364123e+01,0.000000000000000000e+00,-6.492367530073502735e+01,1.243141600893667231e+01,9.810000000000000497e+00
3.316885859888163979e-01,7.423990306372187931e-01,5.212079447315685066e-01,0.000000000000000000e+00,2.085514398484655363e+00,3.428469236965950628e+00,0.000000000000000000e+00,-6.450665794111162654e+01,1.174706760061912192e+01,9.810000000000000497e+00,1.328823452549346257e+03,-2.157499111558470759e+03,-1.818989403545856476e-12,5.196960204173979303e-01,8.543512429687917242e-01,0.000000000000000000e+00,-8.543512429687917242e-01,5.196960204173979303e-01,0.000000000000000000e+00,0.000000000000000000e+00,-0.000000000000000000e+00,1.000000000000000000e+00,3.801360894731869777e+00,-1.220648064977615554e+01,-2.006677270115505962e+01,-0.000000000000000000e+00,-5.230017729133547277e+01,3.181384030177418154e+01,0.000000000000000000e+00,-6.450665794111162654e+01,1.174706760061912192e+01,9.810000000000000497e+00
3.320054872408908508e-01,7.430567016779856537e-01,5.222950050524372001e-01,0.000000000000000000e+00,2.065139120069054979e+00,3.432083974551833450e+00,0.000000000000000000e+00,-6.408349493325300728e+01,1.106735703247990088e+01,9.810000000000000497e+00,1.341377680882636923e+03,-2.132162303816912754e+03,3.637978807091712952e-12,5.155763493514051721e-01,8.568436426731996791e-01,0.000000000000000000e+00,-8.568436426731996791e-01,5.155763493514051721e-01,0.000000000000000000e+00,0.000000000000000000e+00,-0.000000000000000000e+00,1.000000000000000000e+00,3.778085439649421673e+00,-1.214540105330643449e+01,-2.018461415721190022e+01,-0.000000000000000000e+00,-5.193809387994657101e+01,3.125197118969180110e+01,0.000000000000000000e+00,-6.408349493325300728e+01,1.106735703247990088e+01,9.810000000000000497e+00
3.323239493945998602e-01,7.437111326081378149e-01,5.233885455945352927e-01,0.000000000000000000e+00,2.044799104776234611e+00,3.435500865991089281e+00,0.000000000000000000e+00,-6.365437667635863761e+01,1.039240945218340073e+01,9.810000000000000497e+00,1.353131036370235961e+03,-2.106558721373154185e+03,-1.818989403545856476e-12,5.114576545565092669e-01,8.593084822085457208e-01,0.000000000000000000e+00,-8.593084822085457208e-01,5.114576545565092669e-01,0.000000000000000000e+00,0.000000000000000000e+00,-0.000000000000000000e+00,1.000000000000000000e+00,3.754661715314400627e+00,-1.208381751380256830e+01,-2.030222207950837188e+01,-0.000000000000000000e+00,-5.157055916255607286e+01,3.069463153169177261e+01,0.000000000000000000e+00,-6.365437667635863761e+01,1.039240945218340073e+01,9.810000000000000497e+00
3.326439959412293979e-01,7.443623137988173433e-01,5.244885856155784287e-01,0.000000000000000000e+00,2.024496205756567413e+00,3.438719493678454864e+00,0.000000000000000000e+00,-6.321949101118197234e+01,9.722341742538230136e+00,9.810000000000000497e+00,1.364087171974315424e+03,-2.080703657678139280e+03,0.000000000000000000e+00,5.073403255687128910e-01,8.617457827293572015e-01,0.000000000000000000e+00,-8.617457827293572015e-01,5.073403255687128910e-01,0.000000000000000000e+00,0.000000000000000000e+00,-0.000000000000000000e+00,1.000000000000000000e+00,3.731097186288689471e+00,-1.202173857160952686e+01,-2.041959212200699980e+01,-0.000000000000000000e+00,-5.119775243957244726e+01,3.014193386454522994e+01,0.000000000000000000e+00,-6.321949101118197234e+01,9.722341742538230136e+00,9.810000000000000497e+00
3.329656474581240699e-01,7.450102356211668608e-01,5.255951443732818085e-01,0.000000000000000000e+00,2.004232293067464532e+00,3.441739524101994352e+00,0.000000000000000000e+00,-6.277902763009006293e+01,9.057267628169121565e+00,9.810000000000000497e+00,1.374259917731164023e+03,-2.054630098815876408e+03,1.818989403545856476e-12,5.032247478657686512e-01,8.641555722990124089e-01,0.000000000000000000e+00,-8.641555722990124089e-01,5.032247478657686512e-01,0.000000000000000000e+00,0.000000000000000000e+00,-0.000000000000000000e+00,1.000000000000000000e+00,3.707399268758353905e+00,-1.195917239526662890e+01,-2.053671944649839887e+01,-0.000000000000000000e+00,-5.081985523482343581e+01,2.959398707466752043e+01,0.000000000000000000e+00,-6.277902763009006293e+01,9.057267628169121565e+00,9.810000000000000497e+00
3.332889235623708313e-01,7.456548884463285454e-01,5.267082411253610763e-01,0.000000000000000000e+00,1.984009229065280655e+00,3.444560668612909993e+00,0.000000000000000000e+00,-6.233317693816028537e+01,8.397296566347883129e+00,9.810000000000000497e+00,1.383652489548709127e+03,-2.028350971493311590e+03,0.000000000000000000e+00,4.991113027458492502e-01,8.665378857680379188e-01,0.000000000000000000e+00,-8.665378857680379188e-01,4.991113027458492502e-01,0.000000000000000000e+00,0.000000000000000000e+00,-0.000000000000000000e+00,1.000000000000000000e+00,3.683575325976482073e+00,-1.189612700740578610e+01,-2.065359908524170152e+01,-0.000000000000000000e+00,-5.043704993075449750e+01,2.905089565158958465e+01,0.000000000000000000e+00,-6.233317693816028537e+01,8.397296566347883129e+00,9.810000000000000497e+00
3.336138492732056426e-01,7.462962626454447967e-01,5.278278951295310994e-01,0.000000000000000000e+00,1.963828792377271037e+00,3.447182551239948989e+00,0.000000000000000000e+00,-6.188212672790837132e+01,7.742530368576250765e+00,9.810000000000000497e+00,1.392277119125981699e+03,-2.001892473731008067e+03,0.000000000000000000e+00,4.950003672111461528e-01,8.688927646498332269e-01,0.000000000000000000e+00,-8.688927646498332269e-01,4.950003672111461528e-01,0.000000000000000000e+00,0.000000000000000000e+00,-0.000000000000000000e+00,1.000000000000000000e+00,3.659632663955168841e+00,-1.183261096211386665e+01,-2.077022712088511724e+01,-0.000000000000000000e+00,-5.004951576579450290e+01,2.851275748946136801e+01,0.000000000000000000e+00,-6.188212672790837132e+01,7.742530368576250765e+00,9.810000000000000497e+00
3.339404425259598352e-01,7.469343485896575707e-01,5.289541256435077443e-01,0.000000000000000000e+00,1.943692826154539199e+00,3.449604965730235229e+00,0.000000000000000000e+00,-6.142606824005004285e+01,7.093069904300811857e+00,9.810000000000000497e+00,1.400143350775600993e+03,-1.975276370545989266e+03,-1.818989403545856476e-12,4.908923138568246358e-01,8.712202569937713692e-01,0.000000000000000000e+00,-8.712202569937713692e-01,4.908923138568246358e-01,0.000000000000000000e+00,0.000000000000000000e+00,-0.000000000000000000e+00,1.000000000000000222e+00,3.635578527424335071e+00,-1.176863200189492531e+01,-2.088659835922072361e+01,-0.000000000000000000e+00,-4.965743623815512109e+01,2.797966826352153547e+01,0.000000000000000000e+00,-6.142606824005004285e+01,7.093069904300811857e+00,9.810000000000000497e+00
3.342687289138485673e-01,7.475691366501096002e-01,5.300869519250062112e-01,0.000000000000000000e+00,1.923603062877002445e+00,3.451827569446363597e+00,0.000000000000000000e+00,-6.096518868279669334e+01,6.449007293303122168e+00,9.810000000000000497e+00,1.407259015404575621e+03,-1.948518918014620795e+03,0.000000000000000000e+00,4.867875107646847943e-01,8.735204172562436309e-01,0.000000000000000000e+00,-8.735204172562436309e-01,4.867875107646847943e-01,0.000000000000000000e+00,0.000000000000000000e+00,-0.000000000000000000e+00,1.000000000000000000e+00,3.611420096070924846e+00,-1.170419862385766763e+01,-2.100270906601866017e+01,-0.000000000000000000e+00,-4.926099005893902927e+01,2.745171635932178233e+01,0.000000000000000000e+00,-6.096518868279669334e+01,6.449007293303122168e+00,9.810000000000000497e+00
3.345987286866074495e-01,7.482006171979427300e-01,5.312263932317418114e-01,0.000000000000000000e+00,1.903561277783680117e+00,3.453850152879090807e+00,0.000000000000000000e+00,-6.049967754733260961e+01,5.810432814682044977e+00,9.810000000000000497e+00,1.413640401457363623e+03,-1.921649669195388014e+03,1.818989403545856476e-12,4.826863214019054271e-01,8.757933061696101529e-01,0.000000000000000000e+00,-8.757933061696101529e-01,4.826863214019054271e-01,0.000000000000000000e+00,0.000000000000000000e+00,-0.000000000000000000e+00,1.000000000000000000e+00,3.587164480599120520e+00,-1.163931870209601804e+01,-2.111855454711091085e+01,-0.000000000000000000e+00,-4.886035884523658979e+01,2.692898736179295582e+01,0.000000000000000000e+00,-6.049967754733260961e+01,5.810432814682044977e+00,9.810000000000000497e+00
3.349304639220992419e-01,7.488287806042999151e-01,5.323724688214304113e-01,0.000000000000000000e+00,1.883569203801297220e+00,3.455672489846434825e+00,0.000000000000000000e+00,-6.002972290122090726e+01,5.177431156230994702e+00,9.810000000000000497e+00,1.419290388969951891e+03,-1.894675888512120764e+03,0.000000000000000000e+00,4.785891045252040343e-01,8.780389906090523278e-01,0.000000000000000000e+00,-8.780389906090523278e-01,4.785891045252040343e-01,0.000000000000000000e+00,0.000000000000000000e+00,-0.000000000000000000e+00,1.000000000000000000e+00,3.562818719220329999e+00,-1.157400024237439951e+01,-2.123413047650807783e+01,-0.000000000000000000e+00,-4.845572265884651131e+01,2.641156163273907254e+01,0.000000000000000000e+00,-6.002972290122090726e+01,5.177431156230994702e+00,9.810000000000000497e+00
3.352639614065258677e-01,7.494536172403228891e-01,5.335251979517866561e-01,0.000000000000000000e+00,1.863628498674070100e+00,3.457294274326490946e+00,0.000000000000000000e+00,-5.955550983126462228e+01,4.550080047003731920e+00,9.810000000000000497e+00,1.424225497675608494e+03,-1.867624102630673406e+03,0.000000000000000000e+00,4.744962140894892211e-01,8.802575434580163227e-01,0.000000000000000000e+00,-8.802575434580163227e-01,4.744962140894892211e-01,0.000000000000000000e+00,0.000000000000000000e+00,-0.000000000000000000e+00,9.999999999999998890e-01,3.538389774072653537e+00,-1.150825165486564394e+01,-2.134943342097591312e+01,-0.000000000000000000e+00,-4.804725817639897656e+01,2.589951346797964504e+01,0.000000000000000000e+00,-5.955550983126462228e+01,4.550080047003731920e+00,9.810000000000000497e+00
3.355992402487130155e-01,7.500751174771541629e-01,5.346845998805265232e-01,0.000000000000000000e+00,1.843740887948987162e+00,3.458715382980940944e+00,0.000000000000000000e+00,-5.907722643661659845e+01,3.928456604699732679e+00,9.810000000000000497e+00,1.428462360906662070e+03,-1.840520552999813845e+03,1.818989403545856476e-12,4.704079991623714707e-01,8.824490434716637521e-01,0.000000000000000000e+00,-8.824490434716637521e-01,4.704079991623714707e-01,0.000000000000000000e+00,0.000000000000000000e+00,-0.000000000000000000e+00,1.000000000000000000e+00,3.513884527906898647e+00,-1.144208050652477837e+01,-2.146445854723517499e+01,-0.000000000000000000e+00,-4.763514593009181652e+01,2.539291515193490767e+01,0.000000000000000000e+00,-5.907722643661659845e+01,3.928456604699732679e+00,9.810000000000000497e+00
3.359363244847362595e-01,7.506932716859360255e-01,5.358506938653651019e-01,0.000000000000000000e+00,1.823908018784020868e+00,3.459935606954128051e+00,0.000000000000000000e+00,-5.859505746418339811e+01,3.312630962781469179e+00,9.810000000000000497e+00,1.432003320547795738e+03,-1.813369102021550134e+03,-3.637978807091712952e-12,4.663248038428938202e-01,8.846135751393862101e-01,0.000000000000000000e+00,-8.846135751393862101e-01,4.663248038428938202e-01,0.000000000000000000e+00,0.000000000000000000e+00,-0.000000000000000000e+00,9.999999999999998890e-01,3.489309781114446007e+00,-1.137549478963881278e+01,-2.157920194661589619e+01,-0.000000000000000000e+00,-4.721956267454458356e+01,2.489183290939736537e+01,0.000000000000000000e+00,-5.859505746418339811e+01,3.312630962781469179e+00,9.810000000000000497e+00
3.362752410436106176e-01,7.513080702378107656e-01,5.370234991640179256e-01,0.000000000000000000e+00,1.804131484343711289e+00,3.460954692554264245e+00,0.000000000000000000e+00,-5.810918520218883287e+01,2.702667441331918496e+00,9.810000000000000497e+00,1.434864445642117062e+03,-1.786192476592027106e+03,-1.818989403545856476e-12,4.622469671856448414e-01,8.867512285459057120e-01,0.000000000000000000e+00,-8.867512285459057120e-01,4.622469671856448414e-01,0.000000000000000000e+00,0.000000000000000000e+00,-0.000000000000000000e+00,9.999999999999997780e-01,3.464672248562324253e+00,-1.130850269439956968e+01,-2.169366024903779788e+01,-0.000000000000000000e+00,-4.680068250778926142e+01,2.439632769036971638e+01,0.000000000000000000e+00,-5.810918520218883287e+01,2.702667441331918496e+00,9.810000000000000497e+00
3.366160121651218806e-01,7.519195035039208941e-01,5.382030350342006386e-01,0.000000000000000000e+00,1.784412909788150925e+00,3.461772504336209089e+00,0.000000000000000000e+00,-5.761979309091451285e+01,2.098628348713145186e+00,9.810000000000000497e+00,1.437063788506202400e+03,-1.759015364582566235e+03,-1.818989403545856476e-12,4.581748231297963492e-01,8.888620992313597258e-01,0.000000000000000000e+00,-8.888620992313597258e-01,4.581748231297963492e-01,0.000000000000000000e+00,0.000000000000000000e+00,-0.000000000000000000e+00,9.999999999999997780e-01,3.439978556790105557e+00,-1.124111187371565634e+01,-2.180782922446806893e+01,-0.000000000000000000e+00,-4.637868121719885295e+01,2.390645757318121412e+01,0.000000000000000000e+00,-5.761979309091451285e+01,2.098628348713145186e+00,9.810000000000000497e+00
3.369586618170093972e-01,7.525275618554082557e-01,5.393893207336279971e-01,0.000000000000000000e+00,1.764753878797537645e+00,3.462388886489502493e+00,0.000000000000000000e+00,-5.712706244376711595e+01,1.500570848999078777e+00,9.810000000000000497e+00,1.438611628067097627e+03,-1.731850434162115789e+03,0.000000000000000000e+00,4.541087004330148225e-01,8.909462880505414351e-01,0.000000000000000000e+00,-8.909462880505414351e-01,4.541087004330148225e-01,0.000000000000000000e+00,0.000000000000000000e+00,-0.000000000000000000e+00,9.999999999999998890e-01,3.415235241305642155e+00,-1.117333006902429915e+01,-2.192170495889701343e+01,-0.000000000000000000e+00,-4.595373237474281325e+01,2.342227580789609220e+01,0.000000000000000000e+00,-5.712706244376711595e+01,1.500570848999078777e+00,9.810000000000000497e+00
3.373032150918234828e-01,7.531322356634154724e-01,5.405823755200158676e-01,0.000000000000000000e+00,1.745155940677117323e+00,3.462803674529126852e+00,0.000000000000000000e+00,-5.663117263962166703e+01,9.085473558882384282e-01,9.810000000000000497e+00,1.439520554560353048e+03,-1.704712805260001687e+03,1.818989403545856476e-12,4.500489226102945550e-01,8.930039010314081427e-01,0.000000000000000000e+00,-8.930039010314081427e-01,4.500489226102945550e-01,0.000000000000000000e+00,0.000000000000000000e+00,-0.000000000000000000e+00,9.999999999999997780e-01,3.390448744119182400e+00,-1.110516504279905980e+01,-2.203528373604052604e+01,-0.000000000000000000e+00,-4.552600759682260900e+01,2.294383109192876447e+01,0.000000000000000000e+00,-5.663117263962166703e+01,9.085473558882384282e-01,9.810000000000000497e+00
3.376496973588500317e-01,7.537335152990848330e-01,5.417822186510794502e-01,0.000000000000000000e+00,1.725620619947584533e+00,3.463016712832231558e+00,0.000000000000000000e+00,-5.613230143523500715e+01,3.226060263493870650e-01,9.810000000000000497e+00,1.439804604454271612e+03,-1.677618736692997345e+03,-1.818989403545856476e-12,4.459958078773939572e-01,8.950350492331518026e-01,0.000000000000000000e+00,-8.950350492331518026e-01,4.459958078773939572e-01,0.000000000000000000e+00,0.000000000000000000e+00,-0.000000000000000000e+00,9.999999999999997780e-01,3.365625411395486211e+00,-1.103662449359205411e+01,-2.214856187550875077e+01,-0.000000000000000000e+00,-4.509567694164295659e+01,2.247116790185813784e+01,0.000000000000000000e+00,-5.613230143523500715e+01,3.226060263493870650e-01,9.810000000000000497e+00
3.379981342677087497e-01,7.543313911335587374e-01,5.429888693845342784e-01,0.000000000000000000e+00,1.706149416271236952e+00,3.463027853798469113e+00,0.000000000000000000e+00,-5.563062486070622015e+01,-2.572091648539149844e-01,9.810000000000000497e+00,1.439478049216239015e+03,-1.650583958843509663e+03,0.000000000000000000e+00,4.419496690991642773e-01,8.970398486038060337e-01,0.000000000000000000e+00,-8.970398486038060337e-01,4.419496690991642773e-01,0.000000000000000000e+00,0.000000000000000000e+00,-0.000000000000000000e+00,1.000000000000000000e+00,3.340771491066443666e+00,-1.096771605370633473e+01,-2.226153572736065200e+01,-0.000000000000000000e+00,-4.466290880699988719e+01,2.200432656250673702e+01,0.000000000000000000e+00,-5.563062486070622015e+01,-2.572091648539149844e-01,9.810000000000000497e+00
3.383485517520185004e-01,7.549258535379792523e-01,5.442023469780957745e-01,0.000000000000000000e+00,1.686743804401456215e+00,3.462836957011815819e+00,0.000000000000000000e+00,-5.512631712267886996e+01,-8.308583461773721979e-01,9.810000000000000497e+00,1.438555363543229760e+03,-1.623623666471095248e+03,1.818989403545856476e-12,4.379108137428018299e-01,8.990184198375008595e-01,0.000000000000000000e+00,-8.990184198375008595e-01,4.379108137428018299e-01,0.000000000000000000e+00,0.000000000000000000e+00,-0.000000000000000000e+00,9.999999999999997780e-01,3.315893130818435175e+00,-1.089844728698323095e+01,-2.237420166650775144e+01,-0.000000000000000000e+00,-4.422786983569563546e+01,2.154334332033037924e+01,0.000000000000000000e+00,-5.512631712267886996e+01,-8.308583461773721979e-01,9.810000000000000497e+00
3.387009760331342045e-01,7.555168928834887776e-01,5.454226706894791388e-01,0.000000000000000000e+00,1.667405234152620652e+00,3.462443888405420722e+00,0.000000000000000000e+00,-5.461955051351291957e+01,-1.398305667064079216e+00,9.810000000000000497e+00,1.437051204218951170e+03,-1.596752517687453292e+03,-3.637978807091712952e-12,4.338795438353564293e-01,9.009708882318134826e-01,0.000000000000000000e+00,-9.009708882318134826e-01,4.338795438353564293e-01,0.000000000000000000e+00,0.000000000000000000e+00,-0.000000000000000000e+00,1.000000000000000000e+00,3.290996376323129802e+00,-1.082882568669005252e+01,-2.248655608697441011e+01,-0.000000000000000000e+00,-4.379072482682286704e+01,2.108825041991033089e+01,0.000000000000000000e+00,-5.461955051351291957e+01,-1.398305667064079216e+00,9.810000000000000497e+00
3.390554336239557931e-01,7.561044995412296021e-01,5.466498597763997935e-01,0.000000000000000000e+00,1.648135130391476411e+00,3.461848519429643556e+00,0.000000000000000000e+00,-5.411049532115139726e+01,-1.959519215201773079e+00,9.810000000000000497e+00,1.434980388441414107e+03,-1.569984633286872622e+03,-1.818989403545856476e-12,4.298561559257705333e-01,9.028973835451731267e-01,0.000000000000000000e+00,-9.028973835451731267e-01,4.298561559257705333e-01,0.000000000000000000e+00,0.000000000000000000e+00,-0.000000000000000000e+00,9.999999999999997780e-01,3.266087169313934169e+00,-1.075885867351759373e+01,-2.259859539601151823e+01,-0.000000000000000000e+00,-4.335163664763380353e+01,2.063907618080974515e+01,0.000000000000000000e+00,-5.411049532115139726e+01,-1.959519215201773079e+00,9.810000000000000497e+00
3.394119513328094917e-01,7.566886638823440148e-01,5.478839334965731611e-01,0.000000000000000000e+00,1.628934893051030341e+00,3.461050726223243945e+00,0.000000000000000000e+00,-5.359931974565638058e+01,-2.514470930469471455e+00,9.810000000000000497e+00,1.432357865034049610e+03,-1.543333593373175063e+03,0.000000000000000000e+00,4.258409410517679516e-01,9.047980398542785352e-01,0.000000000000000000e+00,-9.047980398542785352e-01,4.258409410517679516e-01,0.000000000000000000e+00,0.000000000000000000e+00,-0.000000000000000000e+00,1.000000000000000000e+00,3.241171345952897465e+00,-1.068855359369697844e+01,-2.271031600805795847e+01,-0.000000000000000000e+00,-4.291076615195940036e+01,2.019584507758848702e+01,0.000000000000000000e+00,-5.359931974565638058e+01,-2.514470930469471455e+00,9.810000000000000497e+00
3.397705562674027124e-01,7.572693762779744153e-01,5.491249111077146638e-01,0.000000000000000000e+00,1.609805897163685717e+00,3.460050388789757569e+00,0.000000000000000000e+00,-5.308618982178111878e+01,-3.063136516175056556e+00,9.810000000000000497e+00,1.429198692056132131e+03,-1.516812437820333798e+03,0.000000000000000000e+00,4.218341847107744402e-01,9.066729954120152923e-01,0.000000000000000000e+00,-9.066729954120152923e-01,4.218341847107744402e-01,0.000000000000000000e+00,0.000000000000000000e+00,-0.000000000000000000e+00,1.000000000000000000e+00,3.216254635441713638e+00,-1.061791771721849642e+01,-2.282171433856036202e+01,-0.000000000000000000e+00,-4.246827210456262236e+01,1.975857782238530547e+01,0.000000000000000000e+00,-5.308618982178111878e+01,-3.063136516175056556e+00,9.810000000000000497e+00
3.401312758388553292e-01,7.578466270992632037e-01,5.503728118675399461e-01,0.000000000000000000e+00,1.590749492914930840e+00,3.458847390178645398e+00,0.000000000000000000e+00,-5.257126934407490637e+01,-3.605495349390736237e+00,9.810000000000000497e+00,1.425513636576433782e+03,-1.490428890546681941e+03,0.000000000000000000e+00,4.178361668352678082e-01,9.085223925057710481e-01,0.000000000000000000e+00,-9.085223925057710481e-01,4.178361668352678082e-01,0.000000000000000000e+00,0.000000000000000000e+00,-0.000000000000000000e+00,1.000000000000000000e+00,3.191342658612712935e+00,-1.054695823616338579e+01,-2.293278679764304684e+01,-0.000000000000000000e+00,-4.202431110791152236e+01,1.932729144825231060e+01,0.000000000000000000e+00,-5.257126934407490637e+01,-3.605495349390736237e+00,9.810000000000000497e+00
3.404941411284482800e-01,7.584204067173524466e-01,5.516276550337639861e-01,0.000000000000000000e+00,1.571766970491004445e+00,3.457441538185139773e+00,0.000000000000000000e+00,-5.205471820477382039e+01,-4.141531834829137892e+00,9.810000000000000497e+00,1.421320108042767970e+03,-1.464197324738466705e+03,1.818989403545856476e-12,4.138471617723989970e-01,9.103463773163101846e-01,0.000000000000000000e+00,-9.103463773163101846e-01,4.138471617723989970e-01,0.000000000000000000e+00,0.000000000000000000e+00,-0.000000000000000000e+00,1.000000000000000000e+00,3.166440926655596400e+00,-1.047568253502164382e+01,-2.304353038167608503e+01,-0.000000000000000000e+00,-4.157903566975217302e+01,1.890199854684694714e+01,0.000000000000000000e+00,-5.205471820477382039e+01,-4.141531834829137892e+00,9.810000000000000497e+00
3.408591784818062465e-01,7.589907055033843220e-01,5.528894598641022062e-01,0.000000000000000000e+00,1.552859648874149290e+00,3.455832757411552603e+00,0.000000000000000000e+00,-5.153669632791084609e+01,-4.671231654887531448e+00,9.810000000000000497e+00,1.416638974589499412e+03,-1.438135479837208550e+03,0.000000000000000000e+00,4.098674382678665351e-01,9.121450997772978520e-01,0.000000000000000000e+00,-9.121450997772978520e-01,4.098674382678665351e-01,0.000000000000000000e+00,0.000000000000000000e+00,-0.000000000000000000e+00,1.000000000000000000e+00,3.141554840196785658e+00,-1.040409749923424521e+01,-2.315394116604498365e+01,-0.000000000000000000e+00,-4.113259882867659911e+01,1.848270951115745220e+01,0.000000000000000000e+00,-5.153669632791084609e+01,-4.671231654887531448e+00,9.810000000000000497e+00
3.412264153581719417e-01,7.595575138285015626e-01,5.541582456162701398e-01,0.000000000000000000e+00,1.534028813756761700e+00,3.454020955278924720e+00,0.000000000000000000e+00,-5.101736081783516141e+01,-5.194584253337609425e+00,9.810000000000000497e+00,1.411478227238330874e+03,-1.412246477433906875e+03,1.818989403545856476e-12,4.058972594533409861e-01,9.139187134358653930e-01,0.000000000000000000e+00,-9.139187134358653930e-01,4.058972594533409861e-01,0.000000000000000000e+00,0.000000000000000000e+00,-0.000000000000000000e+00,1.000000000000000222e+00,3.116689688384890022e+00,-1.033221000271907819e+01,-2.326401534553764350e+01,-0.000000000000000000e+00,-4.068515081511608145e+01,1.806943109220003407e+01,0.000000000000000000e+00,-5.101736081783516141e+01,-5.194584253337609425e+00,9.810000000000000497e+00
3.415958844142159556e-01,7.601208220638462354e-01,5.554340315479833201e-01,0.000000000000000000e+00,1.515275676098623014e+00,3.452005925438980771e+00,0.000000000000000000e+00,-5.049686399966574157e+01,-5.711584415143924787e+00,9.810000000000000497e+00,1.405852661459852243e+03,-1.386540137535741451e+03,0.000000000000000000e+00,4.019368828382813286e-01,9.156673753138995231e-01,0.000000000000000000e+00,-9.156673753138995231e-01,4.019368828382813286e-01,0.000000000000000000e+00,0.000000000000000000e+00,-0.000000000000000000e+00,1.000000000000000000e+00,3.091850647843853661e+00,-1.026002721707964760e+01,-2.337374994345185542e+01,-0.000000000000000000e+00,-4.023683678258609575e+01,1.766216552830793063e+01,0.000000000000000000e+00,-5.049686399966574157e+01,-5.711584415143924787e+00,9.810000000000000497e+00
3.419676141247213197e-01,7.606806205805606291e-01,5.567168369169570585e-01,0.000000000000000000e+00,1.496601469637099946e+00,3.449787564678572060e+00,0.000000000000000000e+00,-4.997535778847733923e+01,-6.222228199353317279e+00,9.810000000000000497e+00,1.399782764759889687e+03,-1.361031974737568817e+03,0.000000000000000000e+00,3.979865603057689549e-01,9.173912457702996237e-01,0.000000000000000000e+00,-9.173912457702996237e-01,3.979865603057689549e-01,0.000000000000000000e+00,0.000000000000000000e+00,-0.000000000000000000e+00,9.999999999999997780e-01,3.067042782185387395e+00,-1.018755586759465714e+01,-2.348314114312496770e+01,-0.000000000000000000e+00,-3.978780192088267853e+01,1.726091294377165042e+01,0.000000000000000000e+00,-4.997535778847733923e+01,-6.222228199353317279e+00,9.810000000000000497e+00
3.423416337890686778e-01,7.612368997497870327e-01,5.580066809809064443e-01,0.000000000000000000e+00,1.478007398828002916e+00,3.447365756608147702e+00,0.000000000000000000e+00,-4.945299128010997691e+01,-6.726514978670667944e+00,9.810000000000000497e+00,1.393278151717575383e+03,-1.335725722582190429e+03,-1.818989403545856476e-12,3.940465381114509058e-01,9.190904883646554557e-01,0.000000000000000000e+00,-9.190904883646554557e-01,3.940465381114509058e-01,0.000000000000000000e+00,0.000000000000000000e+00,-0.000000000000000000e+00,1.000000000000000000e+00,3.042271041535807186e+00,-1.011480263365578658e+01,-2.359218516887320050e+01,-0.000000000000000000e+00,-3.933818864645419211e+01,1.686567019020253255e+01,0.000000000000000000e+00,-4.945299128010997691e+01,-6.726514978670667944e+00,9.810000000000000497e+00
3.427179771008371789e-01,7.617896499426679569e-01,5.593035829975473439e-01,0.000000000000000000e+00,1.459494603406995772e+00,3.444740286130513862e+00,0.000000000000000000e+00,-4.892990906623943914e+01,-7.224448758962463302e+00,9.810000000000000497e+00,1.386355588554288261e+03,-1.310631767177705115e+03,1.818989403545856476e-12,3.901170568865591770e-01,9.207652697219683713e-01,0.000000000000000000e+00,-9.207652697219683713e-01,3.901170568865591770e-01,0.000000000000000000e+00,0.000000000000000000e+00,-0.000000000000000000e+00,1.000000000000000000e+00,3.017540261910167665e+00,-1.004177440790502551e+01,-2.370087889766501021e+01,-0.000000000000000000e+00,-3.888813465833441541e+01,1.647643013870254691e+01,0.000000000000000000e+00,-4.892990906623943914e+01,-7.224448758962463302e+00,9.810000000000000497e+00
3.430966727490862289e-01,7.623388615303453575e-01,5.606075622245946244e-01,0.000000000000000000e+00,1.441064253812591289e+00,3.441911060371864117e+00,0.000000000000000000e+00,-4.840625555889118914e+01,-7.716034258781128585e+00,9.810000000000000497e+00,1.379032503108282981e+03,-1.285761011778498869e+03,0.000000000000000000e+00,3.861983516445662290e-01,9.224157593986671566e-01,0.000000000000000000e+00,-9.224157593986671566e-01,3.861983516445662290e-01,0.000000000000000000e+00,0.000000000000000000e+00,-0.000000000000000000e+00,9.999999999999998890e-01,2.992855164956936154e+00,-9.968477589212614731e+00,-2.380921820703354186e+01,-0.000000000000000000e+00,-3.843777796967857796e+01,1.609318394825241327e+01,0.000000000000000000e+00,-4.840625555889118914e+01,-7.716034258781128585e+00,9.810000000000000497e+00
3.434777533984822995e-01,7.628845248839618565e-01,5.619186379197642633e-01,0.000000000000000000e+00,1.422717460633269537e+00,3.438877896169073356e+00,0.000000000000000000e+00,-4.788217079788984165e+01,-8.201280449229683356e+00,9.810000000000000497e+00,1.371317723588661465e+03,-1.261115351023681797e+03,0.000000000000000000e+00,3.822906517910418800e-01,9.240421297501431042e-01,0.000000000000000000e+00,-9.240421297501431042e-01,3.822906517910418800e-01,0.000000000000000000e+00,0.000000000000000000e+00,-0.000000000000000000e+00,1.000000000000000000e+00,2.968220357813489585e+00,-9.894918754327495236e+00,-2.391719953552802025e+01,-0.000000000000000000e+00,-3.798725204356234997e+01,1.571591908629833689e+01,0.000000000000000000e+00,-4.788217079788984165e+01,-8.201280449229683356e+00,9.810000000000000497e+00
3.438612536092340854e-01,7.634266303746595206e-01,5.632368293407712390e-01,0.000000000000000000e+00,1.404455296648283280e+00,3.435640567464375295e+00,0.000000000000000000e+00,-4.735779140926362629e+01,-8.680199562054550455e+00,9.810000000000000497e+00,1.363230878662310715e+03,-1.236706686408961104e+03,0.000000000000000000e+00,3.783941811369557207e-01,9.256445557997371454e-01,0.000000000000000000e+00,-9.256445557997371454e-01,3.783941811369557207e-01,0.000000000000000000e+00,0.000000000000000000e+00,-0.000000000000000000e+00,9.999999999999998890e-01,2.943640333018096467e+00,-9.821104489812066518e+00,-2.402481950335425154e+01,-0.000000000000000000e+00,-3.753668691945156155e+01,1.534461994129970108e+01,0.000000000000000000e+00,-4.735779140926362629e+01,-8.680199562054550455e+00,9.810000000000000497e+00
3.442472028836267017e-01,7.639651683735808607e-01,5.645621557453309736e-01,0.000000000000000000e+00,1.386278865472012845e+00,3.432198971680277211e+00,0.000000000000000000e+00,-4.683325374538419084e+01,-9.152804296746221979e+00,9.810000000000000497e+00,1.354788235119005549e+03,-1.212543499895313289e+03,0.000000000000000000e+00,3.745091579151128003e-01,9.272232151093462438e-01,0.000000000000000000e+00,-9.272232151093462438e-01,3.745091579151128003e-01,0.000000000000000000e+00,0.000000000000000000e+00,-0.000000000000000000e+00,9.999999999999998890e-01,2.919119468509980386e+00,-9.747040901690981585e+00,-2.413207370677092456e+01,-0.000000000000000000e+00,-3.708621284369321103e+01,1.497926941002470258e+01,0.000000000000000000e+00,-4.683325374538419084e+01,-9.152804296746221979e+00,9.810000000000000497e+00
3.446356354606445738e-01,7.645001292518680547e-01,5.658946363911590005e-01,0.000000000000000000e+00,1.368189205116905338e+00,3.428552894622934666e+00,0.000000000000000000e+00,-4.630868939381711158e+01,-9.619111541019471190e+00,9.810000000000000497e+00,1.345996091266511939e+03,-1.188624558431960395e+03,-1.818989403545856476e-12,3.706357947998547009e-01,9.287782876516225139e-01,0.000000000000000000e+00,-9.287782876516225139e-01,3.706357947998547009e-01,0.000000000000000000e+00,0.000000000000000000e+00,-0.000000000000000000e+00,1.000000000000000000e+00,2.894662027661507597e+00,-9.672734311937547957e+00,-2.423895839850483114e+01,-0.000000000000000000e+00,-3.663595508187956540e+01,1.461984685748535995e+01,0.000000000000000000e+00,-4.630868939381711158e+01,-9.619111541019471190e+00,9.810000000000000497e+00
3.450265888624454158e-01,7.650315033806632803e-01,5.672342905359704091e-01,0.000000000000000000e+00,1.350187303891937418e+00,3.424702042954894665e+00,0.000000000000000000e+00,-4.578422586485052648e+01,-1.007914162454532025e+01,9.810000000000000497e+00,1.336872667289440869e+03,-1.164959272477462946e+03,0.000000000000000000e+00,3.667742989299057066e-01,9.303099556838441142e-01,0.000000000000000000e+00,-9.303099556838441142e-01,3.667742989299057066e-01,0.000000000000000000e+00,0.000000000000000000e+00,-0.000000000000000000e+00,9.999999999999998890e-01,2.870272159608017848e+00,-9.598191135847986999e+00,-2.434547021502802977e+01,-0.000000000000000000e+00,-3.618603472900254303e+01,1.426632859048270952e+01,0.000000000000000000e+00,-4.578422586485052648e+01,-1.007914162454532025e+01,9.810000000000000497e+00
3.454200949974449153e-01,7.655592811311092705e-01,5.685811374374813987e-01,0.000000000000000000e+00,1.332274186560802764e+00,3.420646259639507303e+00,0.000000000000000000e+00,-4.525999057627380751e+01,-1.053291487739622667e+01,9.810000000000000497e+00,1.327436126181761210e+03,-1.141556801603264830e+03,1.818989403545856476e-12,3.629248719337138662e-01,9.318184036237411316e-01,0.000000000000000000e+00,-9.318184036237411316e-01,3.629248719337138662e-01,0.000000000000000000e+00,0.000000000000000000e+00,-0.000000000000000000e+00,1.000000000000000000e+00,2.845953899586657787e+00,-9.523417280223753778e+00,-2.445160465255093030e+01,-0.000000000000000000e+00,-3.573657329605005373e+01,1.391868977515470363e+01,0.000000000000000000e+00,-4.525999057627380751e+01,-1.053291487739622667e+01,9.810000000000000497e+00
3.458161890926497728e-01,7.660834528743478700e-01,5.699351963534063925e-01,0.000000000000000000e+00,1.314450828060266030e+00,3.416385307226188939e+00,0.000000000000000000e+00,-4.473610681721260818e+01,-1.098045491327467360e+01,9.810000000000000497e+00,1.317696898367386893e+03,-1.118418904545838814e+03,0.000000000000000000e+00,3.590877099579861675e-01,9.333038179270077839e-01,0.000000000000000000e+00,-9.333038179270077839e-01,3.590877099579861675e-01,0.000000000000000000e+00,0.000000000000000000e+00,-0.000000000000000000e+00,1.000000000000000000e+00,2.821711169272761666e+00,-9.448418754236181272e+00,-2.455735758189418405e+01,-0.000000000000000000e+00,-3.528768806297642868e+01,1.357690266861951045e+01,0.000000000000000000e+00,-4.473610681721260818e+01,-1.098045491327467360e+01,9.810000000000000497e+00
3.462149072815105533e-01,7.666040089815217007e-01,5.712964865414612570e-01,0.000000000000000000e+00,1.296718177573225272e+00,3.411918925259648017e+00,0.000000000000000000e+00,-4.421269484147509132e+01,-1.142178759576144920e+01,9.810000000000000497e+00,1.307668556839635130e+03,-1.095549966120976023e+03,1.818989403545856476e-12,3.552630036987314277e-01,9.347663869667945935e-01,0.000000000000000000e+00,-9.347663869667945935e-01,3.552630036987314277e-01,0.000000000000000000e+00,0.000000000000000000e+00,-0.000000000000000000e+00,1.000000000000000000e+00,2.797547777308074135e+00,-9.373201499532433090e+00,-2.466272482304342972e+01,-0.000000000000000000e+00,-3.483949334194265646e+01,1.324093722728198053e+01,0.000000000000000000e+00,-4.421269484147509132e+01,-1.142178759576144920e+01,9.810000000000000497e+00
3.466162861979286691e-01,7.671209398237728294e-01,5.726650272593613034e-01,0.000000000000000000e+00,1.279077162877034546e+00,3.407246839557124485e+00,0.000000000000000000e+00,-4.368987204978725458e+01,-1.185694078319960987e+01,9.810000000000000497e+00,1.297364966477856797e+03,-1.072954376279385542e+03,-1.818989403545856476e-12,3.514509384350169574e-01,9.362063009151060378e-01,0.000000000000000000e+00,-9.362063009151060378e-01,3.514509384350169574e-01,0.000000000000000000e+00,0.000000000000000000e+00,-0.000000000000000000e+00,1.000000000000000222e+00,2.773467419821191715e+00,-9.297771361992001715e+00,-2.476770206483435288e+01,-0.000000000000000000e+00,-3.439210068779525642e+01,1.291076128163474301e+01,0.000000000000000000e+00,-4.368987204978725458e+01,-1.185694078319960987e+01,9.810000000000000497e+00
3.470203629846866367e-01,7.676342357722436560e-01,5.740408377648220650e-01,0.000000000000000000e+00,1.261528690696656518e+00,3.402368761456072033e+00,0.000000000000000000e+00,-4.316775299140155653e+01,-1.228594422948635767e+01,9.810000000000000497e+00,1.286799797442625277e+03,-1.050636109099741589e+03,-1.818989403545856476e-12,3.476516940652960574e-01,9.376237516261678451e-01,0.000000000000000000e+00,-9.376237516261678451e-01,3.476516940652960574e-01,0.000000000000000000e+00,0.000000000000000000e+00,-0.000000000000000000e+00,1.000000000000000000e+00,2.749473681233504774e+00,-9.222134091765468611e+00,-2.487228485501542963e+01,-0.000000000000000000e+00,-3.394561889963608792e+01,1.258634062552907196e+01,0.000000000000000000e+00,-4.316775299140155653e+01,-1.228594422948635767e+01,9.810000000000000497e+00
3.474271753020514164e-01,7.681438871980765803e-01,5.754239373155587423e-01,0.000000000000000000e+00,1.244073647067059252e+00,3.397284387074290812e+00,0.000000000000000000e+00,-4.264644936618923765e+01,-1.270882948662204370e+01,9.810000000000000497e+00,1.275985775226850819e+03,-1.028598141466076413e+03,0.000000000000000000e+00,3.438654451456531480e-01,9.390189325220136274e-01,0.000000000000000000e+00,-9.390189325220136274e-01,3.438654451456531480e-01,0.000000000000000000e+00,0.000000000000000000e+00,-0.000000000000000000e+00,1.000000000000000222e+00,2.725570034931767971e+00,-9.146295343403510358e+00,-2.497646859007867448e+01,-0.000000000000000000e+00,-3.350015402278572907e+01,1.226763910345663078e+01,0.000000000000000000e+00,-4.264644936618923765e+01,-1.270882948662204370e+01,9.810000000000000497e+00
3.478367620679469474e-01,7.686498844724136692e-01,5.768143451692867574e-01,0.000000000000000000e+00,1.226712891074690948e+00,3.391993378238068235e+00,0.000000000000000000e+00,-4.212606971568909842e+01,-1.312563005691334261e+01,9.810000000000000497e+00,1.264933029553139932e+03,-1.006841197947005639e+03,1.818989403545856476e-12,3.400923609309986495e-01,9.403920384798987175e-01,0.000000000000000000e+00,-9.403920384798987175e-01,3.400923609309986495e-01,0.000000000000000000e+00,0.000000000000000000e+00,-0.000000000000000000e+00,1.000000000000000000e+00,2.701759844026528690e+00,-9.070260719386274317e+00,-2.508024862451521386e+01,-0.000000000000000000e+00,-3.305580899630282232e+01,1.195461856760187125e+01,0.000000000000000000e+00,-4.212606971568909842e+01,-1.312563005691334261e+01,9.810000000000000497e+00
3.482491651409754807e-01,7.691522179663975445e-01,5.782120805837215327e-01,0.000000000000000000e+00,1.209447240463234818e+00,3.386495319230117929e+00,0.000000000000000000e+00,-4.160671872874721089e+01,-1.353638184215709117e+01,9.810000000000000497e+00,1.253658110102835053e+03,-9.853708511749555328e+02,0.000000000000000000e+00,3.363326054179429647e-01,9.417432657220217163e-01,0.000000000000000000e+00,-9.417432657220217163e-01,3.363326054179429647e-01,0.000000000000000000e+00,0.000000000000000000e+00,-0.000000000000000000e+00,1.000000000000000222e+00,2.678046362367382027e+00,-8.994035863795868835e+00,-2.518362052904977588e+01,-0.000000000000000000e+00,-3.261268286495134561e+01,1.164723868689268471e+01,0.000000000000000000e+00,-4.160671872874721089e+01,-1.353638184215709117e+01,9.810000000000000497e+00
3.486644210365310026e-01,7.696508780511702730e-01,5.796171628165784906e-01,0.000000000000000000e+00,1.192277546901789442e+00,3.380789924554270964e+00,0.000000000000000000e+00,-4.108850080306426378e+01,-1.394112024661833438e+01,9.810000000000000497e+00,1.242177059192013985e+03,-9.641921567769659305e+02,1.818989403545856476e-12,3.325863373899023423e-01,9.430728117073304828e-01,0.000000000000000000e+00,-9.430728117073304828e-01,3.325863373899023423e-01,0.000000000000000000e+00,0.000000000000000000e+00,-0.000000000000000000e+00,1.000000000000000000e+00,2.654432735391836662e+00,-8.917625976990347425e+00,-2.528657872682039809e+01,-0.000000000000000000e+00,-3.217087482607391991e+01,1.134545848020206371e+01,0.000000000000000000e+00,-4.108850080306426378e+01,-1.394112024661833438e+01,9.810000000000000497e+00
3.490825696074650319e-01,7.701458550978742545e-01,5.810296111255729423e-01,0.000000000000000000e+00,1.175204617475553270e+00,3.374876821120512460e+00,0.000000000000000000e+00,-4.057151632490480608e+01,-1.433988304988623774e+01,9.810000000000000497e+00,1.230492874179777573e+03,-9.432998170217397274e+02,-1.818989403545856476e-12,3.288537104643230458e-01,9.443808750254566453e-01,0.000000000000000000e+00,-9.443808750254566453e-01,3.288537104643230458e-01,0.000000000000000000e+00,0.000000000000000000e+00,-0.000000000000000000e+00,1.000000000000000000e+00,2.630922001165293178e+00,-8.841036332950384491e+00,-2.538911790429484583e+01,-0.000000000000000000e+00,-3.173047999195442515e+01,1.104923485440860809e+01,0.000000000000000000e+00,-4.057151632490480608e+01,-1.433988304988623774e+01,9.810000000000000497e+00
3.495036583468846270e-01,7.706371394776516670e-01,5.824494447684204212e-01,0.000000000000000000e+00,1.158229178533090931e+00,3.368755436696178496e+00,0.000000000000000000e+00,-4.005585992751254309e+01,-1.473271163602852063e+01,9.810000000000000497e+00,1.218622585242963396e+03,-9.226990399457718013e+02,-1.818989403545856476e-12,3.251348731415834026e-01,9.456676552929186297e-01,0.000000000000000000e+00,-9.456676552929186297e-01,3.251348731415834026e-01,0.000000000000000000e+00,0.000000000000000000e+00,-0.000000000000000000e+00,1.000000000000000000e+00,2.607517091517747687e+00,-8.764272500856890247e+00,-2.549123367220102665e+01,-0.000000000000000000e+00,-3.129158742665564930e+01,1.075852203617250602e+01,0.000000000000000000e+00,-4.005585992751254309e+01,-1.473271163602852063e+01,9.810000000000000497e+00
3.499277232686223149e-01,7.711247215616450212e-01,5.838766830028362387e-01,0.000000000000000000e+00,1.141352045010391114e+00,3.362425485219977084e+00,0.000000000000000000e+00,-3.954162856503825196e+01,-1.511964465956065951e+01,9.810000000000000497e+00,1.206579160792411130e+03,-9.023921991175629955e+02,0.000000000000000000e+00,3.214299688557126222e-01,9.469333530515311459e-01,0.000000000000000000e+00,-9.469333530515311459e-01,3.214299688557126222e-01,0.000000000000000000e+00,0.000000000000000000e+00,-0.000000000000000000e+00,1.000000000000000000e+00,2.584220833194781353e+00,-8.687339278248309427e+00,-2.559291948144597484e+01,-0.000000000000000000e+00,-3.085428928678994254e+01,1.047327482188531533e+01,0.000000000000000000e+00,-3.954162856503825196e+01,-1.511964465956065951e+01,9.810000000000000497e+00
3.503548126709038479e-01,7.716085917209964951e-01,5.853113450865357059e-01,0.000000000000000000e+00,1.124573911697998918e+00,3.355886361955040975e+00,0.000000000000000000e+00,-3.902891155379327159e+01,-1.550072567384649602e+01,9.810000000000000497e+00,1.194372724519525946e+03,-8.823788499934416905e+02,1.818989403545856476e-12,3.177391360267068920e-01,9.481781696690774197e-01,0.000000000000000000e+00,-9.481781696690774197e-01,3.177391360267068920e-01,0.000000000000000000e+00,0.000000000000000000e+00,-0.000000000000000000e+00,9.999999999999998890e-01,2.561035948954063279e+00,-8.610242010018142267e+00,-2.569417041777500543e+01,-0.000000000000000000e+00,-3.041866954377512755e+01,1.019344474392850941e+01,0.000000000000000000e+00,-3.902891155379327159e+01,-1.550072567384649602e+01,9.810000000000000497e+00
3.507849652480692360e-01,7.720887403268483773e-01,5.867534502772343563e-01,0.000000000000000000e+00,1.107895545047032471e+00,3.349137701805952272e+00,0.000000000000000000e+00,-3.851779974398365169e+01,-1.587599600948105127e+01,9.810000000000000497e+00,1.182012414561570040e+03,-8.626583148958816309e+02,0.000000000000000000e+00,3.140625081147711550e-01,9.494023072421191589e-01,0.000000000000000000e+00,-9.494023072421191589e-01,3.140625081147711550e-01,0.000000000000000000e+00,0.000000000000000000e+00,-0.000000000000000000e+00,9.999999999999998890e-01,2.537965058833761223e+00,-8.532985394227528886e+00,-2.579497969869870744e+01,-0.000000000000000000e+00,-2.998481434975612459e+01,9.918983689217656163e+00,0.000000000000000000e+00,-3.851779974398365169e+01,-1.587599600948105127e+01,9.810000000000000497e+00
3.512182338991788888e-01,7.725651577503429568e-01,5.882030178326473902e-01,0.000000000000000000e+00,1.091317578445520242e+00,3.342178767585120447e+00,0.000000000000000000e+00,-3.800837571028665707e+01,-1.624550216814354897e+01,9.810000000000000497e+00,1.169509573373608873e+03,-8.432308661665338150e+02,1.818989403545856476e-12,3.104002136756364161e-01,9.506059685012078209e-01,0.000000000000000000e+00,-9.506059685012078209e-01,3.104002136756364161e-01,0.000000000000000000e+00,0.000000000000000000e+00,-0.000000000000000000e+00,1.000000000000000000e+00,2.515010681512777069e+00,-8.455574744342682081e+00,-2.589534241583909946e+01,-0.000000000000000000e+00,-2.955280096594397321e+01,9.649840247695550488e+00,0.000000000000000000e+00,-3.800837571028665707e+01,-1.624550216814354897e+01,9.810000000000000497e+00
3.516546582695462275e-01,7.730378343626226334e-01,5.896600670104905628e-01,0.000000000000000000e+00,1.074840748071187679e+00,3.335009156665937891e+00,0.000000000000000000e+00,-3.750072508203308530e+01,-1.660928718010826088e+01,9.810000000000000497e+00,1.156881253386185563e+03,-8.241011831084397272e+02,1.818989403545856476e-12,3.067523764174680534e-01,9.517893567183003389e-01,0.000000000000000000e+00,-9.517893567183003389e-01,3.067523764174680534e-01,0.000000000000000000e+00,0.000000000000000000e+00,-0.000000000000000000e+00,1.000000000000000000e+00,2.492175235587853255e+00,-8.378014554018381688e+00,-2.599525120579188808e+01,-0.000000000000000000e+00,-2.912271052801470717e+01,9.385964025683625422e+00,0.000000000000000000e+00,-3.750072508203308530e+01,-1.660928718010826088e+01,9.810000000000000497e+00
3.520942863590575955e-01,7.735067605348296960e-01,5.911246170684789636e-01,0.000000000000000000e+00,1.058465708705457420e+00,3.327628243758717907e+00,0.000000000000000000e+00,-3.699492770458668645e+01,-1.696739722061557387e+01,9.810000000000000497e+00,1.144131434282731789e+03,-8.052643109966629709e+02,1.818989403545856476e-12,3.031191152590417270e-01,9.529526756164630186e-01,0.000000000000000000e+00,-9.529526756164630186e-01,3.031191152590417270e-01,0.000000000000000000e+00,0.000000000000000000e+00,-0.000000000000000000e+00,1.000000000000000000e+00,2.469461040990022838e+00,-8.300309622061126547e+00,-2.609469962337613325e+01,-0.000000000000000000e+00,-2.869461808252555812e+01,9.127302402760561151e+00,0.000000000000000000e+00,-3.699492770458668645e+01,-1.696739722061557387e+01,9.810000000000000497e+00
3.525371669685332110e-01,7.739719266381064333e-01,5.925966872643279038e-01,0.000000000000000000e+00,1.042193099395215317e+00,3.320035374645714743e+00,0.000000000000000000e+00,-3.649106079764224120e+01,-1.731987914925332817e+01,9.810000000000000497e+00,1.131270111397177971e+03,-7.867196219646939426e+02,1.818989403545856476e-12,2.995005443890400576e-01,9.540961292818814776e-01,0.000000000000000000e+00,-9.540961292818814776e-01,2.995005443890400576e-01,0.000000000000000000e+00,0.000000000000000000e+00,-0.000000000000000000e+00,1.000000000000000000e+00,2.446870320314849856e+00,-8.222464653547280733e+00,-2.619368093340143133e+01,-0.000000000000000000e+00,-2.826859614409496047e+01,8.873801784148103167e+00,0.000000000000000000e+00,-3.649106079764224120e+01,-1.731987914925332817e+01,9.810000000000000497e+00
3.529833504890156903e-01,7.744333230435950233e-01,5.940762968557530277e-01,0.000000000000000000e+00,1.026023537650617046e+00,3.312229845110411741e+00,0.000000000000000000e+00,-3.598919868484914275e+01,-1.766678064779263480e+01,9.810000000000000497e+00,1.118308704807459435e+03,-7.684673346120616770e+02,0.000000000000000000e+00,2.958967733267907074e-01,9.552199220780489552e-01,0.000000000000000000e+00,-9.552199220780489552e-01,2.958967733267907074e-01,0.000000000000000000e+00,0.000000000000000000e+00,-0.000000000000000000e+00,1.000000000000000000e+00,2.424405200277828687e+00,-8.144484297139738871e+00,-2.629218821216300128e+01,-0.000000000000000000e+00,-2.784471438770940210e+01,8.625407564370368263e+00,0.000000000000000000e+00,-3.598919868484914275e+01,-1.766678064779263480e+01,9.810000000000000497e+00
3.534328860326112487e-01,7.748909401224378657e-01,5.955634651004695357e-01,0.000000000000000000e+00,1.009957643523492710e+00,3.304210975982202481e+00,0.000000000000000000e+00,-3.548941397554896326e+01,-1.800814930144979442e+01,9.810000000000000497e+00,1.105258436298536253e+03,-7.505074707316307467e+02,-1.818989403545856476e-12,2.923079069837126176e-01,9.563242585623357161e-01,0.000000000000000000e+00,-9.563242585623357161e-01,2.923079069837126176e-01,0.000000000000000000e+00,0.000000000000000000e+00,-0.000000000000000000e+00,9.999999999999998890e-01,2.402067713305060526e+00,-8.066373010440910818e+00,-2.639021389499042058e+01,-0.000000000000000000e+00,-2.742304096510805422e+01,8.382064593540626163e+00,0.000000000000000000e+00,-3.548941397554896326e+01,-1.800814930144979442e+01,9.810000000000000497e+00
3.538858242747468519e-01,7.753447682457773604e-01,5.970582112561930721e-01,0.000000000000000000e+00,9.939960167176817851e-01,3.295978038616063976e+00,0.000000000000000000e+00,-3.499177647068902530e+01,-1.834403335115779043e+01,9.810000000000000497e+00,1.092126354349951725e+03,-7.328372289230792376e+02,3.637978807091712952e-12,2.887340457257054349e-01,9.574093434048293050e-01,0.000000000000000000e+00,-9.574093434048293050e-01,2.887340457257054349e-01,0.000000000000000000e+00,0.000000000000000000e+00,-0.000000000000000000e+00,1.000000000000000000e+00,2.379859798980485941e+00,-7.988135198306080653e+00,-2.648775019245453421e+01,-0.000000000000000000e+00,-2.700364127238294643e+01,8.143716841296742004e+00,0.000000000000000000e+00,-3.499177647068902530e+01,-1.834403335115779043e+01,9.810000000000000497e+00
3.543422195540611996e-01,7.757947977847557963e-01,5.985605545806388372e-01,0.000000000000000000e+00,9.781392209048010988e-01,3.287530198470984377e+00,0.000000000000000000e+00,-3.449635240802255964e+01,-1.867448217090496598e+01,9.810000000000000497e+00,1.078922247300193703e+03,-7.154555169866398501e+02,-1.818989403545856476e-12,2.851752854365944279e-01,9.584753813093777053e-01,0.000000000000000000e+00,-9.584753813093777053e-01,2.851752854365944279e-01,0.000000000000000000e+00,0.000000000000000000e+00,-0.000000000000000000e+00,1.000000000000000000e+00,2.357783305488467818e+00,-7.909775302009669495e+00,-2.658478937632496653e+01,-0.000000000000000000e+00,-2.658657710601289281e+01,7.910307205420001431e+00,0.000000000000000000e+00,-3.449635240802255964e+01,-1.867448217090496598e+01,9.810000000000000497e+00
3.548021239397838311e-01,7.762410191105152402e-01,6.000705143315221424e-01,0.000000000000000000e+00,9.623878319354621791e-01,3.278866671830124702e+00,0.000000000000000000e+00,-3.400320682628218094e+01,-1.899954451648578413e+01,9.810000000000000497e+00,1.065657142151409062e+03,-6.983620430725495680e+02,0.000000000000000000e+00,2.816317175824573638e-01,9.595225769368612712e-01,0.000000000000000000e+00,-9.595225769368612712e-01,2.816317175824573638e-01,0.000000000000000000e+00,0.000000000000000000e+00,-0.000000000000000000e+00,9.999999999999998890e-01,2.335839991218943368e+00,-7.831297532259846150e+00,-2.668132287590504959e+01,-0.000000000000000000e+00,-2.617190929402233124e+01,7.681778359419265456e+00,0.000000000000000000e+00,-3.400320682628218094e+01,-1.899954451648578413e+01,9.810000000000000497e+00
3.552655913846485269e-01,7.766834225941982028e-01,6.015881097665584099e-01,0.000000000000000000e+00,9.467424050662716084e-01,3.269986615932391594e+00,0.000000000000000000e+00,-3.351240198920505264e+01,-1.931926961627088701e+01,9.810000000000000497e+00,1.052339278408515383e+03,-6.815546368756004085e+02,-1.818989403545856476e-12,2.781034292764293925e-01,9.605511348307751440e-01,0.000000000000000000e+00,-9.605511348307751440e-01,2.781034292764293925e-01,0.000000000000000000e+00,0.000000000000000000e+00,-0.000000000000000000e+00,9.999999999999998890e-01,2.314031526455181620e+00,-7.752706059371442748e+00,-2.677734187857360837e+01,-0.000000000000000000e+00,-2.575969592983360812e+01,7.458072262302723132e+00,0.000000000000000000e+00,-3.351240198920505264e+01,-1.931926961627088701e+01,9.810000000000000497e+00
3.557326767613802065e-01,7.771219986069470842e-01,6.031133601434632840e-01,0.000000000000000000e+00,9.312034834048029674e-01,3.260889154230219855e+00,0.000000000000000000e+00,-3.302399781302578674e+01,-1.963370681585753630e+01,9.810000000000000497e+00,1.038972308320640877e+03,-6.650283812259040133e+02,-1.818989403545856476e-12,2.745905033440503296e-01,9.615612593450617585e-01,0.000000000000000000e+00,-9.615612593450617585e-01,2.745905033440503296e-01,0.000000000000000000e+00,0.000000000000000000e+00,-0.000000000000000000e+00,1.000000000000000000e+00,2.292359494850279678e+00,-7.674004970086096833e+00,-2.687283716440346737e+01,-0.000000000000000000e+00,-2.534999284293969168e+01,7.239130348545932847e+00,0.000000000000000000e+00,-3.302399781302578674e+01,-1.963370681585753630e+01,9.810000000000000497e+00
3.562034432704389575e-01,7.775567375199040621e-01,6.046462847199521873e-01,0.000000000000000000e+00,9.157715423193255599e-01,3.251573176486863836e+00,0.000000000000000000e+00,-3.253804914949730431e+01,-1.994290741301339409e+01,9.810000000000000497e+00,1.025567832240478310e+03,-6.487830573669016303e+02,1.818989403545856476e-12,2.710930183896307910e-01,9.625531545740211303e-01,0.000000000000000000e+00,-9.625531545740211303e-01,2.710930183896307910e-01,0.000000000000000000e+00,0.000000000000000000e+00,-0.000000000000000000e+00,1.000000000000000222e+00,2.270825395004600900e+00,-7.595198565154239745e+00,-2.696780013713893354e+01,-0.000000000000000000e+00,-2.494285058434306279e+01,7.024892724125540333e+00,0.000000000000000000e+00,-3.253804914949730431e+01,-1.994290741301339409e+01,9.810000000000000497e+00
3.566779431474300099e-01,7.779876297042113142e-01,6.061869027537399868e-01,0.000000000000000000e+00,9.004471380402651048e-01,3.242037857287230374e+00,0.000000000000000000e+00,-3.205461310537407371e+01,-2.024691951569745640e+01,9.810000000000000497e+00,1.012134557184959704e+03,-6.328169284081413934e+02,1.818989403545856476e-12,2.676110488627698181e-01,9.635270242845127564e-01,0.000000000000000000e+00,-9.635270242845127564e-01,2.676110488627698181e-01,0.000000000000000000e+00,0.000000000000000000e+00,-0.000000000000000000e+00,9.999999999999997780e-01,2.249430642165642702e+00,-7.516290572045220664e+00,-2.706222003656591468e+01,-0.000000000000000000e+00,-2.453832253332885216e+01,6.815300520868456502e+00,0.000000000000000000e+00,-3.205461310537407371e+01,-2.024691951569745640e+01,9.810000000000000497e+00
3.571562416180810717e-01,7.784146655310111296e-01,6.077352335025423269e-01,0.000000000000000000e+00,8.852307254806810466e-01,3.232282011081080597e+00,0.000000000000000000e+00,-3.157374010740974057e+01,-2.054579420736236273e+01,9.810000000000000497e+00,9.986787899210612522e+02,-6.171264800481621933e+02,-1.818989403545856476e-12,2.641446651254029110e-01,9.644830718502989120e-01,0.000000000000000000e+00,-9.644830718502989120e-01,2.641446651254029110e-01,0.000000000000000000e+00,0.000000000000000000e+00,-0.000000000000000000e+00,1.000000000000000000e+00,2.228176569845464972e+00,-7.437285116155956999e+00,-2.715608733438228484e+01,-0.000000000000000000e+00,-2.413645499125378535e+01,6.610293127019920334e+00,0.000000000000000000e+00,-3.157374010740974057e+01,-2.054579420736236273e+01,9.810000000000000497e+00
3.576383949702299780e-01,7.788378353714460189e-01,6.092912962240747410e-01,0.000000000000000000e+00,8.701228250210542026e-01,3.222304684041976675e+00,0.000000000000000000e+00,-3.109548213488269042e+01,-2.083957982179214952e+01,9.810000000000000497e+00,9.852072024851695460e+02,-6.017087555490361410e+02,1.818989403545856476e-12,2.606939335191620910e-01,9.654215001885479985e-01,0.000000000000000000e+00,-9.654215001885479985e-01,2.606939335191620910e-01,0.000000000000000000e+00,0.000000000000000000e+00,-0.000000000000000000e+00,9.999999999999998890e-01,2.207064431513710456e+00,-7.358185850128696082e+00,-2.724939060223753629e+01,-0.000000000000000000e+00,-2.373729628475399522e+01,6.409810780445384992e+00,0.000000000000000000e+00,-3.109548213488269042e+01,-2.083957982179214952e+01,9.810000000000000497e+00
3.581244729598064280e-01,7.792571295966583822e-01,6.108551101760527624e-01,0.000000000000000000e+00,8.551238561813415684e-01,3.212104546086794965e+00,0.000000000000000000e+00,-3.061988452776502356e+01,-2.112832749825894396e+01,9.810000000000000497e+00,9.717255577605319559e+02,-5.865599918636908114e+02,-1.818989403545856476e-12,2.572589164329306954e-01,9.663425116984941665e-01,0.000000000000000000e+00,-9.663425116984941665e-01,2.572589164329306954e-01,0.000000000000000000e+00,0.000000000000000000e+00,-0.000000000000000000e+00,1.000000000000000000e+00,2.186095402169661917e+00,-7.278996815350955885e+00,-2.734211961522196432e+01,-0.000000000000000000e+00,-2.334088771241406590e+01,6.213792116963021250e+00,0.000000000000000000e+00,-3.061988452776502356e+01,-2.112832749825894396e+01,9.810000000000000497e+00
3.586145364483358522e-01,7.796725385777902861e-01,6.124266946161914804e-01,0.000000000000000000e+00,8.402343042552469221e-01,3.201680498657129892e+00,0.000000000000000000e+00,-3.014699424393058536e+01,-2.141208552613871419e+01,9.810000000000000497e+00,9.582450555735813396e+02,-5.716797439777183172e+02,0.000000000000000000e+00,2.538396723709702707e-01,9.672463082021034442e-01,0.000000000000000000e+00,-9.672463082021034442e-01,2.538396723709702707e-01,0.000000000000000000e+00,0.000000000000000000e+00,-0.000000000000000000e+00,1.000000000000000000e+00,2.165270579946399376e+00,-7.199721594910744038e+00,-2.743426221643983709e+01,-0.000000000000000000e+00,-2.294727264901984043e+01,6.022176690301122903e+00,0.000000000000000000e+00,-3.014699424393058536e+01,-2.141208552613871419e+01,9.810000000000000497e+00
3.591086517736297168e-01,7.800840526859840196e-01,6.140060688022063173e-01,0.000000000000000000e+00,8.254546147539023604e-01,3.191031283830487286e+00,0.000000000000000000e+00,-2.967685466337518463e+01,-2.169090283727850377e+01,9.810000000000000497e+00,9.447692582931776997e+02,-5.570631329323405225e+02,-1.818989403545856476e-12,2.504362560210417477e-01,9.681330908868692742e-01,0.000000000000000000e+00,-9.681330908868692742e-01,2.504362560210417477e-01,0.000000000000000000e+00,0.000000000000000000e+00,-0.000000000000000000e+00,9.999999999999998890e-01,2.144590987888807643e+00,-7.120363856993603413e+00,-2.752580628154406028e+01,-0.000000000000000000e+00,-2.255649080638158210e+01,5.834903444265556516e+00,0.000000000000000000e+00,-2.967685466337518463e+01,-2.169090283727850377e+01,9.810000000000000497e+00
3.596068877220503501e-01,7.804916622923819824e-01,6.155932519918126955e-01,0.000000000000000000e+00,8.107852171824453391e-01,3.180155566038585402e+00,0.000000000000000000e+00,-2.920950678132037837e+01,-2.196482814658184424e+01,9.810000000000000497e+00,9.313042476406662900e+02,-5.427067543587218097e+02,0.000000000000000000e+00,2.470487183224456817e-01,9.690030602507078150e-01,0.000000000000000000e+00,-9.690030602507078150e-01,2.470487183224456817e-01,0.000000000000000000e+00,0.000000000000000000e+00,-0.000000000000000000e+00,1.000000000000000000e+00,2.124057575594295422e+00,-7.040927235387298921e+00,-2.761673925864270274e+01,-0.000000000000000000e+00,-2.216857954593308122e+01,5.651911112060858500e+00,0.000000000000000000e+00,-2.920950678132037837e+01,-2.196482814658184424e+01,9.810000000000000497e+00
3.601093144468306972e-01,7.808953577681264635e-01,6.171882634427261483e-01,0.000000000000000000e+00,7.962265338257241698e-01,3.169051961597599387e+00,0.000000000000000000e+00,-2.874498966547924539e+01,-2.223390960775625302e+01,9.810000000000000497e+00,9.178565703158819815e+02,-5.286074786051503906e+02,-1.818989403545856476e-12,2.436771065343726339e-01,9.698564160488066799e-01,0.000000000000000000e+00,-9.698564160488066799e-01,2.436771065343726339e-01,0.000000000000000000e+00,0.000000000000000000e+00,-0.000000000000000000e+00,9.999999999999998890e-01,2.103671220804521624e+00,-6.961415290470869266e+00,-2.770704798766590571e+01,-0.000000000000000000e+00,-2.178357437500837790e+01,5.473138379909650908e+00,0.000000000000000000e+00,-2.874498966547924539e+01,-2.223390960775625302e+01,9.810000000000000497e+00
3.606160034996669372e-01,7.812951294843597516e-01,6.187911224126617649e-01,0.000000000000000000e+00,7.817789803518796488e-01,3.157719037941329354e+00,0.000000000000000000e+00,-2.828334051006981298e+01,-2.249819474340961989e+01,9.810000000000000497e+00,9.044325266039413691e+02,-5.147620500900738989e+02,0.000000000000000000e+00,2.403214643042185517e-01,9.706933572424796264e-01,0.000000000000000000e+00,-9.706933572424796264e-01,2.403214643042185517e-01,0.000000000000000000e+00,0.000000000000000000e+00,-0.000000000000000000e+00,1.000000000000000000e+00,2.083432731127738524e+00,-6.881831511769645360e+00,-2.779671867212197256e+01,-0.000000000000000000e+00,-2.140150899830016940e+01,5.298523928712352671e+00,0.000000000000000000e+00,-2.828334051006981298e+01,-2.249819474340961989e+01,9.810000000000000497e+00
3.611270278631512620e-01,7.816909678122243577e-01,6.204018481593355228e-01,0.000000000000000000e+00,7.674429664188127109e-01,3.146155312872199072e+00,0.000000000000000000e+00,-2.782459468924733770e+01,-2.275773037600930948e+01,9.810000000000000497e+00,8.910367100780749752e+02,-5.011663527448508830e+02,0.000000000000000000e+00,2.369818317356746917e-01,9.715140819500273084e-01,0.000000000000000000e+00,-9.715140819500273084e-01,2.369818317356746917e-01,0.000000000000000000e+00,0.000000000000000000e+00,-0.000000000000000000e+00,1.000000000000000000e+00,2.063342845657290869e+00,-6.802179320639493376e+00,-2.788573684974063482e+01,-0.000000000000000000e+00,-2.102241536860784521e+01,5.128006473731326231e+00,0.000000000000000000e+00,-2.782459468924733770e+01,-2.275773037600930948e+01,9.810000000000000497e+00
3.616424647953727090e-01,7.820828631228622374e-01,6.220204599404621781e-01,0.000000000000000000e+00,7.532188773860654107e-01,3.134359175187534152e+00,0.000000000000000000e+00,-2.736878485943931949e+01,-2.301256316188888462e+01,9.810000000000000497e+00,8.776732738912469358e+02,-4.878160686133778654e+02,0.000000000000000000e+00,2.336582454570098610e-01,9.723187873994576513e-01,0.000000000000000000e+00,-9.723187873994576513e-01,2.336582454570098610e-01,0.000000000000000000e+00,0.000000000000000000e+00,-0.000000000000000000e+00,1.000000000000000000e+00,2.043402236542664063e+00,-6.722462158042745273e+00,-2.797408771542570349e+01,-0.000000000000000000e+00,-2.064632270139657422e+01,4.961524553536818871e+00,0.000000000000000000e+00,-2.736878485943931949e+01,-2.301256316188888462e+01,9.810000000000000497e+00
3.621623935664955440e-01,7.824708057874156797e-01,6.236469770137571533e-01,0.000000000000000000e+00,7.391070913123288788e-01,3.122328947212866801e+00,0.000000000000000000e+00,-2.691594183117455685e+01,-2.326273898392836870e+01,9.810000000000000497e+00,8.643512134892080212e+02,-4.747093423528713174e+02,-1.818989403545856476e-12,2.303507386891602560e-01,9.731076698831214733e-01,0.000000000000000000e+00,-9.731076698831214733e-01,2.303507386891602560e-01,0.000000000000000000e+00,0.000000000000000000e+00,-0.000000000000000000e+00,9.999999999999998890e-01,2.023611510753565046e+00,-6.642683408200218409e+00,-2.806175578124667780e+01,-0.000000000000000000e+00,-2.027325842297434022e+01,4.799016797318308214e+00,0.000000000000000000e+00,-2.691594183117455685e+01,-2.326273898392836870e+01,9.810000000000000497e+00
3.626868879836171455e-01,7.828547861770273064e-01,6.252814186369362037e-01,0.000000000000000000e+00,7.251080290664605466e-01,3.110063095315404258e+00,0.000000000000000000e+00,-2.646609712447493834e+01,-2.350830132364112401e+01,9.810000000000000497e+00,8.510715458096019574e+02,-4.618404566361459729e+02,0.000000000000000000e+00,2.270593413132651894e-01,9.738809247143030978e-01,0.000000000000000000e+00,-9.738809247143030978e-01,2.270593413132651894e-01,0.000000000000000000e+00,0.000000000000000000e+00,-0.000000000000000000e+00,1.000000000000000000e+00,2.003971211742701097e+00,-6.562846185457146042e+00,-2.814872391897202775e+01,-0.000000000000000000e+00,-1.990325093901779141e+01,4.640422595330902844e+00,0.000000000000000000e+00,-2.646609712447493834e+01,-2.350830132364112401e+01,9.810000000000000497e+00
3.632160398715325589e-01,7.832347946628394064e-01,6.269238040677147517e-01,0.000000000000000000e+00,7.112220001628538624e-01,3.097559570321768874e+00,0.000000000000000000e+00,-2.601927520690883711e+01,-2.374929607886253535e+01,9.810000000000000497e+00,8.378395243860904884e+02,-4.492056067161720421e+02,0.000000000000000000e+00,2.237840799382325718e-01,9.746387461855796630e-01,0.000000000000000000e+00,-9.746387461855796630e-01,2.237840799382325718e-01,0.000000000000000000e+00,0.000000000000000000e+00,-0.000000000000000000e+00,1.000000000000000000e+00,1.984481820896007553e+00,-6.482954016471093261e+00,-2.823497621428725068e+01,-0.000000000000000000e+00,-1.953632119043774296e+01,4.485680135424716219e+00,0.000000000000000000e+00,-2.601927520690883711e+01,-2.374929607886253535e+01,9.810000000000000497e+00
3.637499255524964670e-01,7.836108216159940465e-01,6.285741525638079974e-01,0.000000000000000000e+00,6.974494248247403716e-01,3.084816750180467526e+00,0.000000000000000000e+00,-2.557550473202645591e+01,-2.398576451024917588e+01,9.810000000000000497e+00,8.246636332738235069e+02,-4.368028524937326438e+02,1.818989403545856476e-12,2.205249779683146061e-01,9.753813275289179296e-01,0.000000000000000000e+00,-9.753813275289179296e-01,2.205249779683146061e-01,0.000000000000000000e+00,0.000000000000000000e+00,-0.000000000000000000e+00,9.999999999999998890e-01,1.965143759196629425e+00,-6.403009873557704346e+00,-2.832049379707376602e+01,-0.000000000000000000e+00,-1.917249485846875245e+01,4.334729286824588357e+00,0.000000000000000000e+00,-2.557550473202645591e+01,-2.398576451024917588e+01,9.810000000000000497e+00
3.642886339743415802e-01,7.839828574076336265e-01,6.302324833829311412e-01,0.000000000000000000e+00,6.837906501575928830e-01,3.071832648795014720e+00,0.000000000000000000e+00,-2.513480927346185467e+01,-2.421774897709951802e+01,9.810000000000000497e+00,8.115423030058991571e+02,-4.246252674552779354e+02,0.000000000000000000e+00,2.172820556699063543e-01,9.761088608776480324e-01,0.000000000000000000e+00,-9.761088608776480324e-01,2.172820556699063543e-01,0.000000000000000000e+00,0.000000000000000000e+00,-0.000000000000000000e+00,9.999999999999998890e-01,1.945957388927529896e+00,-6.323016981383572599e+00,-2.840525824362016749e+01,-0.000000000000000000e+00,-1.881179229207828030e+01,4.187509266520651252e+00,0.000000000000000000e+00,-2.513480927346185467e+01,-2.421774897709951802e+01,9.810000000000000497e+00
3.648322583732942492e-01,7.843508924089004353e-01,6.318988157827998275e-01,0.000000000000000000e+00,6.702460074612698326e-01,3.058605149436953941e+00,0.000000000000000000e+00,-2.469721022963199175e+01,-2.444529105770597610e+01,9.810000000000000497e+00,7.984814124823424208e+02,-4.126695744964417827e+02,-1.818989403545856476e-12,2.140553302381008050e-01,9.768215372301419785e-01,0.000000000000000000e+00,-9.768215372301419785e-01,2.140553302381008050e-01,0.000000000000000000e+00,0.000000000000000000e+00,-0.000000000000000000e+00,1.000000000000000000e+00,1.926923015147351093e+00,-6.242978564641999739e+00,-2.848925047381492348e+01,-0.000000000000000000e+00,-1.845423166498999379e+01,4.043959416108948268e+00,0.000000000000000000e+00,-2.469721022963199175e+01,-2.444529105770597610e+01,9.810000000000000497e+00
3.653808888560545198e-01,7.847149169909367616e-01,6.335731690211294787e-01,0.000000000000000000e+00,6.568158598691542505e-01,3.045132216266769554e+00,0.000000000000000000e+00,-2.426272927432404458e+01,-2.466843003783257871e+01,9.810000000000000497e+00,7.854867476642248221e+02,-4.009325112548467587e+02,0.000000000000000000e+00,2.108448158631010538e-01,9.775195464151369418e-01,0.000000000000000000e+00,-9.775195464151369418e-01,2.108448158631010538e-01,0.000000000000000000e+00,0.000000000000000000e+00,-0.000000000000000000e+00,1.000000000000000000e+00,1.908040887289009779e+00,-6.162897659572541542e+00,-2.857244983770337754e+01,-0.000000000000000000e+00,-1.809983161475150126e+01,3.904019799870797058e+00,0.000000000000000000e+00,-2.426272927432404458e+01,-2.466843003783257871e+01,9.810000000000000497e+00
3.659346198154588281e-01,7.850749215248850055e-01,6.352555623556352948e-01,0.000000000000000000e+00,6.435005561817558339e-01,3.031411684590040512e+00,0.000000000000000000e+00,-2.383138603355578766e+01,-2.488720428687454955e+01,9.810000000000000497e+00,7.725597039805288659e+02,-3.894088046041506459e+02,0.000000000000000000e+00,2.076505237958696792e-01,9.782030770587981650e-01,0.000000000000000000e+00,-9.782030770587981650e-01,2.076505237958696792e-01,0.000000000000000000e+00,0.000000000000000000e+00,-0.000000000000000000e+00,1.000000000000000000e+00,1.889311200785698253e+00,-6.082777312804276804e+00,-2.865483493939033721e+01,-0.000000000000000000e+00,-1.774860872075151264e+01,3.767630652515788992e+00,0.000000000000000000e+00,-2.383138603355578766e+01,-2.488720428687454955e+01,9.810000000000000497e+00
3.664935521522088013e-01,7.854308963818875666e-01,6.369460150440331425e-01,0.000000000000000000e+00,6.303004194302023189e-01,3.017441196774848677e+00,0.000000000000000000e+00,-2.340319751039125862e+01,-2.510165153134368410e+01,9.810000000000000497e+00,7.597037324106931919e+02,-3.780941471378100687e+02,0.000000000000000000e+00,2.044724624134081903e-01,9.788723165533885773e-01,0.000000000000000000e+00,-9.788723165533885773e-01,2.044724624134081903e-01,0.000000000000000000e+00,0.000000000000000000e+00,-0.000000000000000000e+00,1.000000000000000000e+00,1.870734098454647443e+00,-6.002620626353284194e+00,-2.873638380717367724e+01,-0.000000000000000000e+00,-1.740057688403797442e+01,3.634732275829991810e+00,0.000000000000000000e+00,-2.340319751039125862e+01,-2.510165153134368410e+01,9.810000000000000497e+00
3.670577859917860120e-01,7.857828319330862898e-01,6.386445463440376669e-01,0.000000000000000000e+00,6.172157927911582354e-01,3.003218411125127218e+00,0.000000000000000000e+00,-2.297818045674707932e+01,-2.531180741130328471e+01,9.810000000000000497e+00,7.469243744728046295e+02,-3.669852231214717904e+02,-1.818989403545856476e-12,2.013106372839876257e-01,9.795274510274404323e-01,0.000000000000000000e+00,-9.795274510274404323e-01,2.013106372839876257e-01,0.000000000000000000e+00,0.000000000000000000e+00,-0.000000000000000000e+00,9.999999999999998890e-01,1.852309672107838479e+00,-5.922430582334754945e+00,-2.881707300949840089e+01,-0.000000000000000000e+00,-1.705574987441232437e+01,3.505265598195114407e+00,0.000000000000000000e+00,-2.297818045674707932e+01,-2.531180741130328471e+01,9.810000000000000497e+00
3.676274227022176544e-01,7.861307185496240191e-01,6.403511755133647343e-01,0.000000000000000000e+00,6.042470276461407996e-01,2.988740945643903135e+00,0.000000000000000000e+00,-2.255635079171653246e+01,-2.551770579999968547e+01,9.810000000000000497e+00,7.342224707883578958e+02,-3.560767121241333371e+02,0.000000000000000000e+00,1.981650512311200207e-01,9.801686653176420183e-01,0.000000000000000000e+00,-9.801686653176420183e-01,1.981650512311200207e-01,0.000000000000000000e+00,0.000000000000000000e+00,-0.000000000000000000e+00,1.000000000000000000e+00,1.834037964149735966e+00,-5.842210100963680652e+00,-2.889687783789973352e+01,-0.000000000000000000e+00,-1.671414069075285269e+01,3.379172037900048053e+00,0.000000000000000000e+00,-2.255635079171653246e+01,-2.551770579999968547e+01,9.810000000000000497e+00
3.682025746435542146e-01,7.864745466026427101e-01,6.420659218097296561e-01,0.000000000000000000e+00,5.913944280493200756e-01,2.974006096885658756e+00,0.000000000000000000e+00,-2.213772074977341831e+01,-2.571938037147021916e+01,9.810000000000000497e+00,7.216011529419520230e+02,-3.453642567360075191e+02,1.818989403545856476e-12,1.950357043973996174e-01,9.807961429421561128e-01,0.000000000000000000e+00,-9.807961429421561128e-01,1.950357043973996174e-01,0.000000000000000000e+00,0.000000000000000000e+00,-0.000000000000000000e+00,1.000000000000000222e+00,1.815918968858344584e+00,-5.761962249459468666e+00,-2.897577326935582676e+01,-0.000000000000000000e+00,-1.637575850031394964e+01,3.256392897885608484e+00,0.000000000000000000e+00,-2.213772074977341831e+01,-2.571938037147021916e+01,9.810000000000000497e+00
3.687833487334862270e-01,7.868143064632847627e-01,6.437888044908478546e-01,0.000000000000000000e+00,5.786583486463401371e-01,2.959011315095699590e+00,0.000000000000000000e+00,-2.172230395415677862e+01,-2.591686165793919372e+01,9.810000000000000497e+00,7.090626185438668472e+02,-3.348432787095807726e+02,0.000000000000000000e+00,1.919225943080595242e-01,9.814100660753709571e-01,0.000000000000000000e+00,-9.814100660753709571e-01,1.919225943080595242e-01,0.000000000000000000e+00,0.000000000000000000e+00,-0.000000000000000000e+00,1.000000000000000000e+00,1.797952634000760108e+00,-5.681689886041224824e+00,-2.905373213916234576e+01,-0.000000000000000000e+00,-1.604061406811555202e+01,3.136870481223150708e+00,0.000000000000000000e+00,-2.172230395415677862e+01,-2.591686165793919372e+01,9.810000000000000497e+00
3.693698665097724376e-01,7.871499885026926879e-01,6.455198428144348632e-01,0.000000000000000000e+00,5.660390802285019118e-01,2.943753624018158099e+00,0.000000000000000000e+00,-2.131010951105901441e+01,-2.611018031737104650e+01,9.810000000000000497e+00,6.966094126210809918e+02,-3.245092430665281427e+02,0.000000000000000000e+00,1.888257159331312718e-01,9.820106155242622759e-01,0.000000000000000000e+00,-9.820106155242622759e-01,1.888257159331312718e-01,0.000000000000000000e+00,0.000000000000000000e+00,-0.000000000000000000e+00,1.000000000000000000e+00,1.780138862284472268e+00,-5.601396078553807278e+00,-2.913072715606039509e+01,-0.000000000000000000e+00,-1.570871343250520624e+01,3.020546838689348590e+00,0.000000000000000000e+00,-2.131010951105901441e+01,-2.611018031737104650e+01,9.810000000000000497e+00
3.699622415400323217e-01,7.874815830920084414e-01,6.472590560382056601e-01,0.000000000000000000e+00,5.535369804278225114e-01,2.928230277324130437e+00,0.000000000000000000e+00,-2.090114880469228353e+01,-2.629936328857787231e+01,9.810000000000000497e+00,6.842457845891876786e+02,-3.143584865197226463e+02,-9.094947017729282379e-13,1.857450617497685141e-01,9.825979707060129575e-01,0.000000000000000000e+00,-9.825979707060129575e-01,1.857450617497685141e-01,0.000000000000000000e+00,0.000000000000000000e+00,-0.000000000000000000e+00,1.000000000000000000e+00,1.762477512621194009e+00,-5.521083647261904481e+00,-2.920672849545870164e+01,-0.000000000000000000e+00,-1.538006515743037994e+01,2.907365206880828001e+00,0.000000000000000000e+00,-2.090114880469228353e+01,-2.629936328857787231e+01,9.810000000000000497e+00
3.705605982323734726e-01,7.878090806023744230e-01,6.490064634198757787e-01,0.000000000000000000e+00,5.411523682586356632e-01,2.912438213247875662e+00,0.000000000000000000e+00,-2.049543004113264644e+01,-2.648443676046335682e+01,9.810000000000000497e+00,6.719717724359834392e+02,-3.043855861128467950e+02,9.094947017729282379e-13,1.826806218037062834e-01,9.831723096270619244e-01,0.000000000000000000e+00,-9.831723096270619244e-01,1.826806218037062834e-01,0.000000000000000000e+00,0.000000000000000000e+00,-0.000000000000000000e+00,1.000000000000000000e+00,1.744968401717176709e+00,-5.440755542252655452e+00,-2.928170563345572575e+01,-0.000000000000000000e+00,-1.505467449887999187e+01,2.797268872992370259e+00,0.000000000000000000e+00,-2.049543004113264644e+01,-2.648443676046335682e+01,9.810000000000000497e+00
3.711650642570023528e-01,7.881324714049331437e-01,6.507620842171608633e-01,0.000000000000000000e+00,5.288855691619838151e-01,2.896374275542067167e+00,0.000000000000000000e+00,-2.009296060035614673e+01,-2.666542479629399054e+01,9.810000000000000497e+00,6.597900527026904456e+02,-2.945862590943033865e+02,9.094947017729282379e-13,1.796323837696441605e-01,9.837338088635743105e-01,0.000000000000000000e+00,-9.837338088635743105e-01,1.796323837696441605e-01,0.000000000000000000e+00,0.000000000000000000e+00,-0.000000000000000000e+00,1.000000000000000000e+00,1.727611305405063913e+00,-5.360414690100069102e+00,-2.935562647179829909e+01,-0.000000000000000000e+00,-1.473254591025607851e+01,2.690201675504307222e+00,0.000000000000000000e+00,-2.009296060035614673e+01,-2.666542479629399054e+01,9.810000000000000497e+00
3.717757706438886700e-01,7.884517458708266702e-01,6.525259376877761142e-01,0.000000000000000000e+00,5.167369158515187078e-01,2.880035212149837598e+00,0.000000000000000000e+00,-1.969374709864581163e+01,-2.684234923984472587e+01,9.810000000000000497e+00,6.477022932514737477e+02,-2.849558704365372250e+02,0.000000000000000000e+00,1.766003330115480385e-01,9.842826435431086818e-01,0.000000000000000000e+00,-9.842826435431086818e-01,1.766003330115480385e-01,0.000000000000000000e+00,0.000000000000000000e+00,-0.000000000000000000e+00,1.000000000000000000e+00,1.710405959917803198e+00,-5.280063999528731067e+00,-2.942845725660720291e+01,-0.000000000000000000e+00,-1.441368309911707968e+01,2.586108016762478368e+00,0.000000000000000000e+00,-1.969374709864581163e+01,-2.684234923984472587e+01,9.810000000000000497e+00
3.723928547760766983e-01,7.887668943711975134e-01,6.542980430894372867e-01,0.000000000000000000e+00,5.047067341297958309e-01,2.863417588603638375e+00,0.000000000000000000e+00,-1.929779465817632200e+01,-2.701523002383524386e+01,9.810000000000000497e+00,6.357090347552039020e+02,-2.754893938021123176e+02,0.000000000000000000e+00,1.735844526419634826e-01,9.848189873276154138e-01,0.000000000000000000e+00,-9.848189873276154138e-01,1.735844526419634826e-01,0.000000000000000000e+00,0.000000000000000000e+00,-0.000000000000000000e+00,1.000000000000000000e+00,1.693352063323078749e+00,-5.199706412825377377e+00,-2.950016275041481606e+01,-0.000000000000000000e+00,-1.409808824535094374e+01,2.484932726579570428e+00,0.000000000000000000e+00,-1.929779465817632200e+01,-2.701523002383524386e+01,9.810000000000000497e+00
3.730164611720578893e-01,7.890779072771877400e-01,6.560784196798590262e-01,0.000000000000000000e+00,4.927953414459818049e-01,2.846517765739664974e+00,0.000000000000000000e+00,-1.890510683584085783e+01,-2.718408510553095425e+01,9.810000000000000497e+00,6.238136230597119720e+02,-2.661828726601670496e+02,0.000000000000000000e+00,1.705847235805857121e-01,9.853430123976802957e-01,0.000000000000000000e+00,-9.853430123976802957e-01,1.705847235805857121e-01,0.000000000000000000e+00,0.000000000000000000e+00,-0.000000000000000000e+00,1.000000000000000000e+00,1.676449276818956724e+00,-5.119344912645321877e+00,-2.957070616786915451e+01,-0.000000000000000000e+00,-1.378576192319553506e+01,2.386621062338200261e+00,0.000000000000000000e+00,-1.890510683584085783e+01,-2.718408510553095425e+01,9.810000000000000497e+00
3.736467307925043224e-01,7.893847749599398611e-01,6.578670867167573100e-01,0.000000000000000000e+00,4.810031036351208322e-01,2.829332217493872648e+00,0.000000000000000000e+00,-1.851568864285403748e+01,-2.734892886183701677e+01,9.810000000000000497e+00,6.120174792375619290e+02,-2.570317328738856304e+02,0.000000000000000000e+00,1.676011246122046106e-01,9.858548894379559613e-01,0.000000000000000000e+00,-9.858548894379559613e-01,1.676011246122046106e-01,0.000000000000000000e+00,0.000000000000000000e+00,-0.000000000000000000e+00,1.000000000000000222e+00,1.659697225990410363e+00,-5.038982362086326106e+00,-2.964004812586251703e+01,-0.000000000000000000e+00,-1.347670628076770960e+01,2.291119264025498925e+00,0.000000000000000000e+00,-1.851568864285403748e+01,-2.734892886183701677e+01,9.810000000000000497e+00
3.742838190903932105e-01,7.896874877905959433e-01,6.596640634578472273e-01,0.000000000000000000e+00,4.693303439509707298e-01,2.811856999454555694e+00,0.000000000000000000e+00,-1.812954174065988511e+01,-2.750977442791462479e+01,9.810000000000000497e+00,6.003194872058156761e+02,-2.480304434765421320e+02,9.094947017729282379e-13,1.646336324439486021e-01,9.863547876237590550e-01,0.000000000000000000e+00,-9.863547876237590550e-01,1.646336324439486021e-01,0.000000000000000000e+00,0.000000000000000000e+00,-0.000000000000000000e+00,1.000000000000000000e+00,1.643095502109534145e+00,-4.958621782023269198e+00,-2.970814809895718511e+01,-0.000000000000000000e+00,-1.317091995863661680e+01,2.198373671042559874e+00,0.000000000000000000e+00,-1.812954174065988511e+01,-2.750977442791462479e+01,9.810000000000000497e+00
3.749278864973372150e-01,7.899860361402986086e-01,6.614693691608446446e-01,0.000000000000000000e+00,4.577773952405297941e-01,2.794088031002559980e+00,0.000000000000000000e+00,-1.774666720399225994e+01,-2.766663217431520749e+01,9.810000000000000497e+00,5.887225092275857605e+02,-2.391749697956620366e+02,-9.094947017729282379e-13,1.616822217616425139e-01,9.868428746088300230e-01,0.000000000000000000e+00,-9.868428746088300230e-01,1.616822217616425139e-01,0.000000000000000000e+00,0.000000000000000000e+00,-0.000000000000000000e+00,1.000000000000000000e+00,1.626643663427830955e+00,-4.878266198351554728e+00,-2.977496341796578250e+01,-0.000000000000000000e+00,-1.286840100564070610e+01,2.108331243650575892e+00,0.000000000000000000e+00,-1.774666720399225994e+01,-2.766663217431520749e+01,9.810000000000000497e+00
3.755790937057210677e-01,7.902804103801899238e-01,6.632830230834642071e-01,0.000000000000000000e+00,4.463446244954397124e-01,2.776021238557403681e+00,0.000000000000000000e+00,-1.736706685181170329e+01,-2.781950898352677370e+01,9.810000000000000497e+00,5.772281724470431072e+02,-2.304608875326011912e+02,0.000000000000000000e+00,1.587468652853794571e-01,9.873193165141991301e-01,0.000000000000000000e+00,-9.873193165141991301e-01,1.587468652853794571e-01,0.000000000000000000e+00,0.000000000000000000e+00,-0.000000000000000000e+00,9.999999999999997780e-01,1.610341236295566913e+00,-4.797918587553714254e+00,-2.984044876752970055e+01,-0.000000000000000000e+00,-1.256914826425798992e+01,2.020939784002928175e+00,0.000000000000000000e+00,-1.736706685181170329e+01,-2.781950898352677370e+01,9.810000000000000497e+00
3.762376112138316464e-01,7.905706008814121777e-01,6.651050444834218922e-01,0.000000000000000000e+00,4.350323878156277524e-01,2.757652274422720762e+00,0.000000000000000000e+00,-1.699074085394085643e+01,-2.796840929993366132e+01,9.810000000000000497e+00,5.658347997024720826e+02,-2.218826455021917354e+02,0.000000000000000000e+00,1.558275338247225583e-01,9.877842779180607824e-01,0.000000000000000000e+00,-9.877842779180607824e-01,1.558275338247225583e-01,0.000000000000000000e+00,0.000000000000000000e+00,-0.000000000000000000e+00,9.999999999999997780e-01,1.594187716416960221e+00,-4.717582009309146507e+00,-2.990455681488397133e+01,-0.000000000000000000e+00,-1.227315884463170903e+01,1.936147514950310677e+00,0.000000000000000000e+00,-1.699074085394085643e+01,-2.796840929993366132e+01,9.810000000000000497e+00
3.769036232997181046e-01,7.908565980151078811e-01,6.669354526184329002e-01,0.000000000000000000e+00,4.238410157781760668e-01,2.738976399230109493e+00,0.000000000000000000e+00,-1.661768693046194656e+01,-2.811333532193579288e+01,9.810000000000000497e+00,5.545448521140187950e+02,-2.134360869953015936e+02,-9.094947017729282379e-13,1.529241963325382869e-01,9.882379218467823856e-01,0.000000000000000000e+00,-9.882379218467823856e-01,1.529241963325382869e-01,0.000000000000000000e+00,0.000000000000000000e+00,-0.000000000000000000e+00,9.999999999999998890e-01,1.578182570101409832e+00,-4.637259641874977412e+00,-2.996723828834272751e+01,-0.000000000000000000e+00,-1.198042728858696826e+01,1.853902966406933306e+00,0.000000000000000000e+00,-1.661768693046194656e+01,-2.811333532193579288e+01,9.810000000000000497e+00
3.775773064421683034e-01,7.911383921524192120e-01,6.687742667462126533e-01,0.000000000000000000e+00,4.127709171325967819e-01,2.719989130693011514e+00,0.000000000000000000e+00,-1.624790595640254764e+01,-2.825428431459116041e+01,9.810000000000000497e+00,5.433593638480069785e+02,-2.051167074477634742e+02,0.000000000000000000e+00,1.500368199583665962e-01,9.886804097668673297e-01,0.000000000000000000e+00,-9.886804097668673297e-01,1.500368199583665962e-01,0.000000000000000000e+00,0.000000000000000000e+00,-0.000000000000000000e+00,1.000000000000000000e+00,1.562325235270096480e+00,-4.556954534843920435e+00,-3.002844020586852025e+01,-0.000000000000000000e+00,-1.169095142155862810e+01,1.774155891277359842e+00,0.000000000000000000e+00,-1.624790595640254764e+01,-2.825428431459116041e+01,9.810000000000000497e+00
3.782588587814391112e-01,7.914159736644884591e-01,6.706215061244766851e-01,0.000000000000000000e+00,4.018224435774542802e-01,2.700685364975743408e+00,0.000000000000000000e+00,-1.588139466424238933e+01,-2.839125178172940522e+01,9.810000000000000497e+00,5.322775115606673353e+02,-1.969192879306865507e+02,9.094947017729282379e-13,1.471653701012035631e-01,9.891119015778627732e-01,0.000000000000000000e+00,-9.891119015778627732e-01,1.471653701012035631e-01,0.000000000000000000e+00,0.000000000000000000e+00,-0.000000000000000000e+00,1.000000000000000000e+00,1.546615122705028433e+00,-4.476669950564091671e+00,-3.008810785101075069e+01,-0.000000000000000000e+00,-1.140472471367829677e+01,1.696856069281345469e+00,0.000000000000000000e+00,-1.588139466424238933e+01,-2.839125178172940522e+01,9.810000000000000497e+00
3.789484772010721092e-01,7.916893329224581333e-01,6.724771900109400846e-01,0.000000000000000000e+00,3.909959989697904814e-01,2.681060066927069663e+00,0.000000000000000000e+00,-1.551815155768138865e+01,-2.852422864841735972e+01,9.810000000000000497e+00,5.213003270128428994e+02,-1.888393320143331948e+02,0.000000000000000000e+00,1.443098104608570853e-01,9.895325556063082617e-01,0.000000000000000000e+00,-9.895325556063082617e-01,1.443098104608570853e-01,0.000000000000000000e+00,0.000000000000000000e+00,-0.000000000000000000e+00,1.000000000000000000e+00,1.531051617121986563e+00,-4.396409109620962319e+00,-3.014618290912449083e+01,-0.000000000000000000e+00,-1.112174244806042722e+01,1.621954260707132001e+00,0.000000000000000000e+00,-1.551815155768138865e+01,-2.852422864841735972e+01,9.810000000000000497e+00
3.796463740544556709e-01,7.919584602974700793e-01,6.743413376633183853e-01,0.000000000000000000e+00,3.802919663454223942e-01,2.661107771533601341e+00,0.000000000000000000e+00,-1.515817294622027944e+01,-2.865320282392282181e+01,9.810000000000000497e+00,5.104270002210232633e+02,-1.808717132880774443e+02,9.094947017729282379e-13,1.414701030892404621e-01,9.899425286004837066e-01,0.000000000000000000e+00,-9.899425286004837066e-01,1.414701030892404621e-01,0.000000000000000000e+00,0.000000000000000000e+00,-0.000000000000000000e+00,9.999999999999998890e-01,1.515634078156509190e+00,-4.316175368494772790e+00,-3.020260440098460819e+01,-0.000000000000000000e+00,-1.084199757772550576e+01,1.549401577061787050e+00,0.000000000000000000e+00,-1.515817294622027944e+01,-2.865320282392282181e+01,9.810000000000000497e+00
3.803527687036138971e-01,7.922233461606669191e-01,6.762139683393270095e-01,0.000000000000000000e+00,3.697107496433519880e-01,2.640822842307642304e+00,0.000000000000000000e+00,-1.480145521552364585e+01,-2.877815801890636038e+01,9.810000000000000497e+00,4.996585761392470886e+02,-1.730119214710539381e+02,-9.094947017729282379e-13,1.386462084404834205e-01,9.903419757261013867e-01,0.000000000000000000e+00,-9.903419757261013867e-01,1.386462084404834205e-01,0.000000000000000000e+00,0.000000000000000000e+00,-0.000000000000000000e+00,1.000000000000000000e+00,1.500361841605944324e+00,-4.235972133206950652e+00,-3.025730785362004127e+01,-0.000000000000000000e+00,-1.056548308231669608e+01,1.479149834713679779e+00,0.000000000000000000e+00,-1.480145521552364585e+01,-2.877815801890636038e+01,9.810000000000000497e+00
3.810678877825441901e-01,7.924839808831909416e-01,6.780951012966812685e-01,0.000000000000000000e+00,3.592527750527332309e-01,2.620199468693312994e+00,0.000000000000000000e+00,-1.444799491069936970e+01,-2.889907353351279795e+01,9.810000000000000497e+00,4.889956030368193751e+02,-1.652552970071628806e+02,-9.094947017729282379e-13,1.358380854199339460e-01,9.907310505628894592e-01,0.000000000000000000e+00,-9.907310505628894592e-01,1.358380854199339460e-01,0.000000000000000000e+00,0.000000000000000000e+00,-0.000000000000000000e+00,9.999999999999998890e-01,1.485234220368659486e+00,-4.155802871194387293e+00,-3.031022508733390808e+01,-0.000000000000000000e+00,-1.029219203950498240e+01,1.411151553821109905e+00,0.000000000000000000e+00,-1.444799491069936970e+01,-2.889907353351279795e+01,9.810000000000000497e+00
3.817919676843150589e-01,7.927403548361844354e-01,6.799847557930968067e-01,0.000000000000000000e+00,3.489184833761883042e-01,2.599231596473271289e+00,0.000000000000000000e+00,-1.409778831976163005e+01,-2.901592421927799492e+01,9.810000000000000497e+00,4.784363885168404522e+02,-1.575965295431160484e+02,0.000000000000000000e+00,1.330456914329959106e-01,9.911099051019095496e-01,0.000000000000000000e+00,-9.911099051019095496e-01,1.330456914329959106e-01,0.000000000000000000e+00,0.000000000000000000e+00,-0.000000000000000000e+00,1.000000000000000000e+00,1.470250505391963225e+00,-4.075671139904983420e+00,-3.036128410616100481e+01,-0.000000000000000000e+00,-1.002211717985664663e+01,1.345359886883008782e+00,0.000000000000000000e+00,-1.409778831976163005e+01,-2.901592421927799492e+01,9.810000000000000497e+00
3.825252656045616817e-01,7.929924583907896896e-01,6.818829510862887133e-01,0.000000000000000000e+00,3.387082893471155542e-01,2.577912597886162782e+00,0.000000000000000000e+00,-1.375082919598200526e+01,-2.912868105834669308e+01,9.810000000000000497e+00,4.679810941373889364e+02,-1.500307971360889496e+02,-9.094947017729282379e-13,1.302689824327574464e-01,9.914786897437251056e-01,0.000000000000000000e+00,-9.914786897437251056e-01,1.302689824327574464e-01,0.000000000000000000e+00,0.000000000000000000e+00,-0.000000000000000000e+00,1.000000000000000000e+00,1.455409966781743059e+00,-3.995580665499522066e+00,-3.041040936233382297e+01,-0.000000000000000000e+00,-9.755248530482482749e+00,1.281728303987128781e+00,0.000000000000000000e+00,-1.375082919598200526e+01,-2.912868105834669308e+01,9.810000000000000497e+00
3.832680379857368314e-01,7.932402819181491038e-01,6.837897064339724107e-01,0.000000000000000000e+00,3.286226738364121935e-01,2.556235932282453049e+00,0.000000000000000000e+00,-1.340711388254179504e+01,-2.923730897359169134e+01,9.810000000000000497e+00,4.576307179408122465e+02,-1.425535894197419111e+02,0.000000000000000000e+00,1.275079129667455458e-01,9.918375532973455755e-01,0.000000000000000000e+00,-9.918375532973455755e-01,1.275079129667455458e-01,0.000000000000000000e+00,0.000000000000000000e+00,-0.000000000000000000e+00,1.000000000000000000e+00,1.440711854696927086e+00,-3.915535191458630493e+00,-3.045752027294831521e+01,-0.000000000000000000e+00,-9.491578691083164543e+00,1.220211299356623869e+00,0.000000000000000000e+00,-1.340711388254179504e+01,-2.923730897359169134e+01,9.810000000000000497e+00
3.840205593819858154e-01,7.934838157894047450e-01,6.857050410938634322e-01,0.000000000000000000e+00,3.186621106084630561e-01,2.534194580842262123e+00,0.000000000000000000e+00,-1.306663723319744186e+01,-2.934176807510594287e+01,9.810000000000000497e+00,4.473840314819044579e+02,-1.351596960396600480e+02,0.000000000000000000e+00,1.247624362231911643e-01,9.921866429798650300e-01,0.000000000000000000e+00,-9.921866429798650300e-01,1.247624362231911643e-01,0.000000000000000000e+00,0.000000000000000000e+00,-0.000000000000000000e+00,1.000000000000000000e+00,1.426155400248660721e+00,-3.835538622058602964e+00,-3.050253188894169298e+01,-0.000000000000000000e+00,-9.231098611138838450e+00,1.160763813835750113e+00,0.000000000000000000e+00,-1.306663723319744186e+01,-2.934176807510594287e+01,9.810000000000000497e+00
3.847831167088109905e-01,7.937230503756990130e-01,6.876289743236769780e-01,0.000000000000000000e+00,3.088270945105737741e-01,2.511781228886508011e+00,0.000000000000000000e+00,-1.272939417238761983e+01,-2.944201275318015831e+01,9.810000000000000497e+00,4.372397320915015371e+02,-1.278439037245298096e+02,0.000000000000000000e+00,1.220325040763331065e-01,9.925261044168357527e-01,0.000000000000000000e+00,-9.925261044168357527e-01,1.220325040763331065e-01,0.000000000000000000e+00,0.000000000000000000e+00,-0.000000000000000000e+00,9.999999999999997780e-01,1.411739816570218631e+00,-3.755594985428903243e+00,-3.054535419779250205e+01,-0.000000000000000000e+00,-8.973799186958716589e+00,1.103341444612344624e+00,0.000000000000000000e+00,-1.272939417238761983e+01,-2.944201275318015831e+01,9.810000000000000497e+00
3.855560181807683451e-01,7.939579760481745296e-01,6.895615253811290257e-01,0.000000000000000000e+00,2.991181128365398290e-01,2.488988001579715004e+00,0.000000000000000000e+00,-1.239537805318915176e+01,-2.953799183396092332e+01,9.810000000000000497e+00,4.271983117540248713e+02,-1.206014083241825574e+02,9.094947017729282379e-13,1.193180671304806678e-01,9.928560816433800174e-01,0.000000000000000000e+00,-9.928560816433800174e-01,1.193180671304806678e-01,0.000000000000000000e+00,0.000000000000000000e+00,-0.000000000000000000e+00,1.000000000000000000e+00,1.397464299609164851e+00,-3.675708484169151635e+00,-3.058589206666115601e+01,-0.000000000000000000e+00,-8.719669569020000566e+00,1.047900232700231360e+00,0.000000000000000000e+00,-1.239537805318915176e+01,-2.953799183396092332e+01,9.810000000000000497e+00
3.863395723158533634e-01,7.941885831779730287e-01,6.915027135239339984e-01,0.000000000000000000e+00,2.895357285284052562e-01,2.465807115400105332e+00,0.000000000000000000e+00,-1.206458537638690665e+01,-2.962964671801826455e+01,9.810000000000000497e+00,4.172587935291494432e+02,-1.134270805318483326e+02,-9.094947017729282379e-13,1.166190747640996755e-01,9.931767171058559773e-01,0.000000000000000000e+00,-9.931767171058559773e-01,1.166190747640996755e-01,0.000000000000000000e+00,0.000000000000000000e+00,-0.000000000000000000e+00,1.000000000000000222e+00,1.383328028934307063e+00,-3.595883401905936694e+00,-3.062404396042926535e+01,-0.000000000000000000e+00,-8.468701974480969952e+00,9.943972424110016917e-01,0.000000000000000000e+00,-1.206458537638690665e+01,-2.962964671801826455e+01,9.810000000000000497e+00
3.871341229867457101e-01,7.944148621362372431e-01,6.934525580098079844e-01,0.000000000000000000e+00,2.800804561646053625e-01,2.442229817279570447e+00,0.000000000000000000e+00,-1.173700870570719701e+01,-2.971691311615451170e+01,9.810000000000000497e+00,4.074197608899103216e+02,-1.063155113389257167e+02,1.818989403545856476e-12,1.139354751725216858e-01,9.934881516642317667e-01,0.000000000000000000e+00,-9.934881516642317667e-01,1.139354751725216858e-01,0.000000000000000000e+00,0.000000000000000000e+00,-0.000000000000000000e+00,9.999999999999998890e-01,1.369330168740146680e+00,-3.516124274437559372e+00,-3.065970279356140438e+01,-0.000000000000000000e+00,-8.220884431269638526e+00,9.427896774068934560e-01,0.000000000000000000e+00,-1.173700870570719701e+01,-2.971691311615451170e+01,9.810000000000000497e+00
3.879400162615423420e-01,7.946368032941092396e-01,6.954110780964660732e-01,0.000000000000000000e+00,2.707528890248014908e-01,2.418247411229893729e+00,0.000000000000000000e+00,-1.141264390967612741e+01,-2.979971841267693122e+01,9.810000000000000497e+00,3.976809939089871477e+02,-9.926166490438845358e+01,0.000000000000000000e+00,1.112672154098331007e-01,9.937905245950685584e-01,0.000000000000000000e+00,-9.937905245950685584e-01,1.112672154098331007e-01,0.000000000000000000e+00,0.000000000000000000e+00,-0.000000000000000000e+00,9.999999999999997780e-01,1.355469868601876238e+00,-3.436435752750455208e+00,-3.069275416738181050e+01,-0.000000000000000000e+00,-7.976208156925671311e+00,8.930357547048808353e-01,0.000000000000000000e+00,-1.141264390967612741e+01,-2.979971841267693122e+01,9.810000000000000497e+00
3.887576298646412964e-01,7.948543970227315292e-01,6.973782930416239090e-01,0.000000000000000000e+00,2.615535999821191337e-01,2.393850369476853590e+00,0.000000000000000000e+00,-1.109148444663841815e+01,-2.987798275533667081e+01,9.810000000000000497e+00,3.880419105736391430e+02,-9.226024981022783322e+01,0.000000000000000000e+00,1.086142414302764120e-01,9.940839735950506295e-01,0.000000000000000000e+00,-9.940839735950506295e-01,1.086142414302764120e-01,0.000000000000000000e+00,0.000000000000000000e+00,-0.000000000000000000e+00,9.999999999999997780e-01,1.341746264264964239e+00,-3.356822729569080010e+00,-3.072307676895518824e+01,-0.000000000000000000e+00,-7.734661717069337250e+00,8.450940136185171037e-01,0.000000000000000000e+00,-1.109148444663841815e+01,-2.987798275533667081e+01,9.810000000000000497e+00
3.895873450097685486e-01,7.950676336932462895e-01,6.993542221029970252e-01,0.000000000000000000e+00,2.524832452146485440e-01,2.369029211981627192e+00,0.000000000000000000e+00,-1.077352735259978900e+01,-2.995161694755451620e+01,9.810000000000000497e+00,3.785010452193746460e+02,-8.530580970316441380e+01,-9.094947017729282379e-13,1.059764981286142049e-01,9.943686347851061758e-01,0.000000000000000000e+00,-9.943686347851061758e-01,1.059764981286142049e-01,0.000000000000000000e+00,0.000000000000000000e+00,-0.000000000000000000e+00,1.000000000000000000e+00,1.328158478474068982e+00,-3.277290262369997098e+00,-3.075054093627834462e+01,-0.000000000000000000e+00,-7.496237090229791455e+00,7.989239887238295257e-01,0.000000000000000000e+00,-1.077352735259978900e+01,-2.995161694755451620e+01,9.810000000000000497e+00
3.904295881153203585e-01,7.952765036767959206e-01,7.013388845383001780e-01,0.000000000000000000e+00,2.435424308700150364e-01,2.343773242026639281e+00,0.000000000000000000e+00,-1.045876543857308327e+01,-3.002052365093204855e+01,9.810000000000000497e+00,3.690567602127594000e+02,-7.839262333821534412e+01,0.000000000000000000e+00,1.033539293797896275e-01,9.946446427150541503e-01,0.000000000000000000e+00,-9.946446427150541503e-01,1.033539293797896275e-01,0.000000000000000000e+00,0.000000000000000000e+00,-0.000000000000000000e+00,1.000000000000000222e+00,1.314705621712832784e+00,-3.197843700544864998e+00,-3.077500898199046375e+01,-0.000000000000000000e+00,-7.260921738028217831e+00,7.544853310584161976e-01,0.000000000000000000e+00,-1.045876543857308327e+01,-3.002052365093204855e+01,9.810000000000000497e+00
3.912847893945886057e-01,7.954809973445226001e-01,7.033322996052493448e-01,0.000000000000000000e+00,2.347318586930036699e-01,2.318071837879164043e+00,0.000000000000000000e+00,-1.014719577455921318e+01,-3.008459473196041856e+01,9.810000000000000497e+00,3.597086819075311723e+02,-7.151530806399750873e+01,9.094947017729282379e-13,1.007464780778076913e-01,9.949121303687668005e-01,0.000000000000000000e+00,-9.949121303687668005e-01,1.007464780778076913e-01,0.000000000000000000e+00,0.000000000000000000e+00,-0.000000000000000000e+00,1.000000000000000222e+00,1.301386792951211291e+00,-3.118488597171084731e+00,-3.079633345937908828e+01,-0.000000000000000000e+00,-7.028707177388128002e+00,7.117387274186686152e-01,0.000000000000000000e+00,-1.014719577455921318e+01,-3.008459473196041856e+01,9.810000000000000497e+00
3.921534202364898025e-01,7.956811050675687280e-01,7.053344865615595038e-01,0.000000000000000000e+00,2.260522123036383668e-01,2.291913324692071541e+00,0.000000000000000000e+00,-9.838812973425993036e+00,-3.014371189002088869e+01,9.810000000000000497e+00,3.504552678735035443e+02,-6.466799501092100400e+01,0.000000000000000000e+00,9.815408617382793965e-02,9.951712291698251445e-01,0.000000000000000000e+00,-9.951712291698251445e-01,9.815408617382793965e-02,0.000000000000000000e+00,0.000000000000000000e+00,-0.000000000000000000e+00,9.999999999999998890e-01,1.288201080389256292e+00,-3.039230806908049143e+00,-3.081435705575299977e+01,-0.000000000000000000e+00,-6.799582166517944337e+00,6.706451657321109705e-01,0.000000000000000000e+00,-9.838812973425993036e+00,-3.014371189002088869e+01,9.810000000000000497e+00
3.930359661664525883e-01,7.958768172170764821e-01,7.073454646649462996e-01,0.000000000000000000e+00,2.175042517651921692e-01,2.265285830974953729e+00,0.000000000000000000e+00,-9.533614752508061230e+00,-3.019774472646056296e+01,9.810000000000000497e+00,3.412952173271423817e+02,-5.784484428409996326e+01,9.094947017729282379e-13,9.557669471341546930e-02,9.954220689876523975e-01,0.000000000000000000e+00,-9.954220689876523975e-01,9.557669471341546930e-02,0.000000000000000000e+00,0.000000000000000000e+00,-0.000000000000000000e+00,1.000000000000000000e+00,1.275147562110633404e+00,-2.960076462381967755e+00,-3.082891122549276730e+01,-0.000000000000000000e+00,-6.573538290126093031e+00,6.311664990322030100e-01,0.000000000000000000e+00,-9.533614752508061230e+00,-3.019774472646056296e+01,9.810000000000000497e+00
3.939329590619985999e-01,7.960681241641881511e-01,7.093652531731251543e-01,0.000000000000000000e+00,2.090887243891206559e-01,2.238176323455612682e+00,0.000000000000000000e+00,-9.231596566221780265e+00,-3.024655060518006167e+01,9.810000000000000497e+00,3.322266395317074057e+02,-5.103965182866522809e+01,0.000000000000000000e+00,9.301424387328842414e-02,9.956647781440701728e-01,0.000000000000000000e+00,-9.956647781440701728e-01,9.301424387328842414e-02,0.000000000000000000e+00,0.000000000000000000e+00,-0.000000000000000000e+00,1.000000000000000000e+00,1.262225306843901329e+00,-2.881032032807506749e+00,-3.083981549835536384e+01,-0.000000000000000000e+00,-6.350564533414273960e+00,5.932648931753008448e-01,0.000000000000000000e+00,-9.231596566221780265e+00,-3.024655060518006167e+01,9.810000000000000497e+00
3.948449524317714787e-01,7.962550162800463571e-01,7.113938713438112682e-01,0.000000000000000000e+00,2.008064501358238774e-01,2.210571399756753763e+00,0.000000000000000000e+00,-8.932756674717296619e+00,-3.028997277979483727e+01,9.810000000000000497e+00,3.232485152530416599e+02,-4.424631768123072106e+01,0.000000000000000000e+00,9.046667299673968876e-02,9.958994834203404034e-01,0.000000000000000000e+00,-9.958994834203404034e-01,9.046667299673968876e-02,0.000000000000000000e+00,0.000000000000000000e+00,-0.000000000000000000e+00,9.999999999999998890e-01,1.249433374610505521e+00,-2.802104327657389593e+00,-3.084687609219878013e+01,-0.000000000000000000e+00,-6.130652347059907470e+00,5.569033124039430849e-01,0.000000000000000000e+00,-8.932756674717296619e+00,-3.028997277979483727e+01,9.810000000000000497e+00
3.957725444683926619e-01,7.964374839357930558e-01,7.134313384347201747e-01,0.000000000000000000e+00,1.926582649455174934e-01,2.182456612772658566e+00,0.000000000000000000e+00,-8.637092675435900091e+00,-3.032783957525267127e+01,9.810000000000000497e+00,3.143591552798952762e+02,-3.745836430810595630e+01,9.094947017729282379e-13,8.793392062892239902e-02,9.961263100645552093e-01,0.000000000000000000e+00,-9.961263100645552093e-01,8.793392062892239902e-02,0.000000000000000000e+00,0.000000000000000000e+00,-0.000000000000000000e+00,1.000000000000000000e+00,1.236770817271983569e+00,-2.723300538444252350e+00,-3.084988474476181608e+01,-0.000000000000000000e+00,-5.913792136991647297e+00,5.220451695091440358e-01,0.000000000000000000e+00,-8.637092675435900091e+00,-3.032783957525267127e+01,9.810000000000000497e+00
3.967163656700025132e-01,7.966155175025707580e-01,7.154776737035672962e-01,0.000000000000000000e+00,1.846450683916606439e-01,2.153816892233695324e+00,0.000000000000000000e+00,-8.344604345754429886e+00,-3.035996270320061896e+01,9.810000000000000497e+00,3.055571947958624150e+02,-3.066922159337809717e+01,0.000000000000000000e+00,8.541592455117175131e-02,9.963453817994383233e-01,0.000000000000000000e+00,-9.963453817994383233e-01,8.541592455117175131e-02,0.000000000000000000e+00,0.000000000000000000e+00,-0.000000000000000000e+00,1.000000000000000000e+00,1.224236679266169636e+00,-2.644628272314948791e+00,-3.084861727532608811e+01,-0.000000000000000000e+00,-5.699976073439480651e+00,4.886545721254683117e-01,0.000000000000000000e+00,-8.344604345754429886e+00,-3.035996270320061896e+01,9.810000000000000497e+00
3.976770951745180471e-01,7.967891073515216416e-01,7.175328964080678329e-01,0.000000000000000000e+00,1.767677914857673782e-01,2.124636086200604179e+00,0.000000000000000000e+00,-8.055291611461623091e+00,-3.038613581790612983e+01,9.810000000000000497e+00,2.968403038914943863e+02,-2.387187206160706410e+01,0.000000000000000000e+00,8.291262181435958556e-02,9.965568208305380926e-01,0.000000000000000000e+00,-9.965568208305380926e-01,8.291262181435958556e-02,0.000000000000000000e+00,0.000000000000000000e+00,-0.000000000000000000e+00,1.000000000000000222e+00,1.211829998182556434e+00,-2.566095587073817796e+00,-3.084283193851031868e+01,-0.000000000000000000e+00,-5.489196024387804407e+00,4.566961206041905696e-01,0.000000000000000000e+00,-8.055291611461623091e+00,-3.038613581790612983e+01,9.810000000000000497e+00
3.986554633423474159e-01,7.969582438537881064e-01,7.195970258059375402e-01,0.000000000000000000e+00,1.690274060302253134e-01,2.094896933257433869e+00,0.000000000000000000e+00,-7.769155027639156330e+00,-3.040613258011513054e+01,9.810000000000000497e+00,2.882068243943672314e+02,-1.705915565068971773e+01,0.000000000000000000e+00,8.042394877186558044e-02,9.967607478547400035e-01,0.000000000000000000e+00,-9.967607478547400035e-01,8.042394877186558044e-02,0.000000000000000000e+00,0.000000000000000000e+00,-0.000000000000000000e+00,1.000000000000000222e+00,1.199549805341969977e+00,-2.487711026861220809e+00,-3.083226752039464102e+01,-0.000000000000000000e+00,-5.281444000777935521e+00,4.261349402795121533e-01,0.000000000000000000e+00,-7.769155027639156330e+00,-3.040613258011513054e+01,9.810000000000000497e+00
3.996522483352382693e-01,7.971229173805124413e-01,7.216700811548913963e-01,0.000000000000000000e+00,1.614249492287203602e-01,2.064581227445665412e+00,0.000000000000000000e+00,-7.486197240912373374e+00,-3.041970460336602500e+01,9.810000000000000497e+00,2.796549069556372160e+02,-1.022361059335344180e+01,0.000000000000000000e+00,7.794984111151882777e-02,9.969572820691411374e-01,0.000000000000000000e+00,-9.969572820691411374e-01,7.794984111151882777e-02,0.000000000000000000e+00,0.000000000000000000e+00,-0.000000000000000000e+00,1.000000000000000222e+00,1.187395126375345500e+00,-2.409483678789154482e+00,-3.081664138556684307e+01,-0.000000000000000000e+00,-5.076713562123218892e+00,3.969367822008175173e-01,0.000000000000000000e+00,-7.486197240912373374e+00,-3.041970460336602500e+01,9.810000000000000497e+00
4.006682925471239942e-01,7.972831183028368240e-01,7.237520817126449346e-01,0.000000000000000000e+00,1.539614999379027016e-01,2.033669379904388119e+00,0.000000000000000000e+00,-7.206421407762274356e+00,-3.042657903805006470e+01,9.810000000000000497e+00,2.711825458456783053e+02,-3.357379556193336612e+00,-1.818989403545856476e-12,7.549023388709122373e-02,9.971465411802180601e-01,0.000000000000000000e+00,-9.971465411802180601e-01,7.549023388709122373e-02,0.000000000000000000e+00,0.000000000000000000e+00,-0.000000000000000000e+00,1.000000000000000000e+00,1.175364981723070912e+00,-2.331423208230938737e+00,-3.079564691231274765e+01,-0.000000000000000000e+00,-4.874998199531335175e+00,3.690678742626821163e-01,0.000000000000000000e+00,-7.206421407762274356e+00,-3.042657903805006470e+01,9.810000000000000497e+00
4.017044974361281273e-01,7.974388369919035435e-01,7.258430467369135775e-01,0.000000000000000000e+00,1.466382107523833966e-01,2.002140656843340860e+00,0.000000000000000000e+00,-6.929833132552746022e+00,-3.042645598361045955e+01,9.810000000000000497e+00,2.627876353572214612e+02,3.547753232536706491e+00,9.094947017729282379e-13,7.304506154903719906e-02,9.973286414132993549e-01,0.000000000000000000e+00,-9.973286414132993549e-01,7.304506154903719906e-02,0.000000000000000000e+00,0.000000000000000000e+00,-0.000000000000000000e+00,1.000000000000000222e+00,1.163458387267648275e+00,-2.253539935416115636e+00,-3.076895103511338192e+01,-0.000000000000000000e+00,-4.676293197136630830e+00,3.424950515029239750e-01,0.000000000000000000e+00,-6.929833132552746022e+00,-3.042645598361045955e+01,9.810000000000000497e+00
4.027618442243326990e-01,7.975900638188552216e-01,7.279429954854127471e-01,0.000000000000000000e+00,1.394562807709668895e-01,1.969972633042685883e+00,0.000000000000000000e+00,-6.656438611741270606e+00,-3.041900516310565905e+01,9.810000000000000497e+00,2.544680632610011344e+02,1.050047614838513255e+01,0.000000000000000000e+00,7.061425797418169337e-02,9.975036975223479097e-01,0.000000000000000000e+00,-9.975036975223479097e-01,7.061425797418169337e-02,0.000000000000000000e+00,0.000000000000000000e+00,-0.000000000000000000e+00,1.000000000000000000e+00,1.151674354832537217e+00,-2.175844870172959578e+00,-3.073619075663326683e+01,-0.000000000000000000e+00,-4.480593741568310584e+00,3.171855935276071681e-01,0.000000000000000000e+00,-6.656438611741270606e+00,-3.041900516310565905e+01,9.810000000000000497e+00
4.038413847876579088e-01,7.977367891548339252e-01,7.300519472158579770e-01,0.000000000000000000e+00,1.324169998563484163e-01,1.937141577755546296e+00,0.000000000000000000e+00,-6.386247378271488806e+00,-3.040386273597615130e+01,9.810000000000000497e+00,2.462212488331001623e+02,1.750997805028418952e+01,0.000000000000000000e+00,6.819775649514175919e-02,9.976718227999774591e-01,0.000000000000000000e+00,-9.976718227999774591e-01,6.819775649514175919e-02,0.000000000000000000e+00,0.000000000000000000e+00,-0.000000000000000000e+00,1.000000000000000222e+00,1.140011892583383535e+00,-2.098349824636968286e+00,-3.069697013517901496e+01,-0.000000000000000000e+00,-4.287897553634520520e+00,2.931073992028631059e-01,0.000000000000000000e+00,-6.386247378271488806e+00,-3.040386273597615130e+01,9.810000000000000497e+00
4.049442791142904285e-01,7.978790033709819429e-01,7.321699211859643563e-01,0.000000000000000000e+00,1.255216937198104510e-01,1.903621426755207846e+00,0.000000000000000000e+00,-6.119268559522498485e+00,-3.038062632253864592e+01,9.810000000000000497e+00,2.380444979551789402e+02,2.458611069062499155e+01,9.094947017729282379e-13,6.579548992906734950e-02,9.978331290877217041e-01,0.000000000000000000e+00,-9.978331290877217041e-01,6.579548992906734950e-02,0.000000000000000000e+00,0.000000000000000000e+00,-0.000000000000000000e+00,9.999999999999998890e-01,1.128470005586648117e+00,-2.021067415332697514e+00,-3.065085502536429374e+01,-0.000000000000000000e+00,-4.098201144189800971e+00,2.702287028256479262e-01,0.000000000000000000e+00,-6.119268559522498485e+00,-3.038062632253864592e+01,9.810000000000000497e+00
4.060717752056755558e-01,7.980166968384415638e-01,7.342969366534473075e-01,0.000000000000000000e+00,1.187717973101106300e-01,1.869384544485153565e+00,0.000000000000000000e+00,-5.855515542636990922e+00,-3.034885110482171910e+01,9.810000000000000497e+00,2.299361157903672392e+02,3.173912576562725008e+01,0.000000000000000000e+00,6.340739060540213912e-02,9.979877267865643331e-01,0.000000000000000000e+00,-9.979877267865643331e-01,6.340739060540213912e-02,0.000000000000000000e+00,0.000000000000000000e+00,-0.000000000000000000e+00,1.000000000000000222e+00,1.117047696305401017e+00,-1.944011239408790725e+00,-3.059736947288632436e+01,-0.000000000000000000e+00,-3.911504303228200197e+00,2.485183680646049498e-01,0.000000000000000000e+00,-5.855515542636990922e+00,-3.034885110482171910e+01,9.810000000000000497e+00
4.072252326143889212e-01,7.981498599283551876e-01,7.364330128760224747e-01,0.000000000000000000e+00,1.121688363043699260e-01,1.834401169769438900e+00,0.000000000000000000e+00,-5.595004631989803912e+00,-3.030804403655128354e+01,9.810000000000000497e+00,2.218931327046288970e+02,3.898017561810593179e+01,0.000000000000000000e+00,6.103339039316986459e-02,9.981357248676729910e-01,0.000000000000000000e+00,-9.981357248676729910e-01,6.103339039316986459e-02,0.000000000000000000e+00,0.000000000000000000e+00,-0.000000000000000000e+00,1.000000000000000000e+00,1.105743965019504671e+00,-1.867195953034167299e+00,-3.053598979256949519e+01,-0.000000000000000000e+00,-3.727808678955636168e+00,2.279457560182103770e-01,0.000000000000000000e+00,-5.595004631989803912e+00,-3.030804403655128354e+01,9.810000000000000497e+00
4.084061508957196884e-01,7.982784830118651032e-01,7.385781691114049474e-01,0.000000000000000000e+00,1.057144093802594581e-01,1.798638745653051263e+00,0.000000000000000000e+00,-5.337753635913694339e+00,-3.025765654019632223e+01,9.810000000000000497e+00,2.139124422979380142e+02,4.632130194159799430e+01,-4.547473508864641190e-13,5.867342072756102922e-02,9.982772308833486319e-01,0.000000000000000000e+00,-9.982772308833486319e-01,5.867342072756102922e-02,0.000000000000000000e+00,0.000000000000000000e+00,-0.000000000000000000e+00,9.999999999999998890e-01,1.094557810257937192e+00,-1.790637337713903099e+00,-3.046613715108805209e+01,-0.000000000000000000e+00,-3.547116298199791462e+00,2.084806108917300616e-01,0.000000000000000000e+00,-5.337753635913694339e+00,-3.025765654019632223e+01,9.810000000000000497e+00
4.096161733242156266e-01,7.984025564601135994e-01,7.407324246173105919e-01,0.000000000000000000e+00,9.941022442149895222e-02,1.762062044593366572e+00,0.000000000000000000e+00,-5.083784086870470453e+00,-3.019707728083336562e+01,9.810000000000000497e+00,2.059913786117783729e+02,5.377540418612079520e+01,-4.547473508864641190e-13,5.632741263593818437e-02,9.984123509781620553e-01,0.000000000000000000e+00,-9.984123509781620553e-01,5.632741263593818437e-02,0.000000000000000000e+00,0.000000000000000000e+00,-0.000000000000000000e+00,9.999999999999998890e-01,1.083488229194367269e+00,-1.714352478620472464e+00,-3.038717044660853617e+01,-0.000000000000000000e+00,-3.369431608249997989e+00,1.900931657751714909e-01,0.000000000000000000e+00,-5.083784086870470453e+00,-3.019707728083336562e+01,9.810000000000000497e+00
4.108571087468872451e-01,7.985220706442428540e-01,7.428957986514542755e-01,0.000000000000000000e+00,9.325810487787233871e-02,1.724632784608634894e+00,0.000000000000000000e+00,-4.833121457761602180e+00,-3.012562293484168663e+01,9.810000000000000497e+00,1.981268436339012169e+02,6.135651543937456154e+01,0.000000000000000000e+00,5.399529676326238897e-02,9.985411899002699654e-01,0.000000000000000000e+00,-9.985411899002699654e-01,5.399529676326238897e-02,0.000000000000000000e+00,0.000000000000000000e+00,-0.000000000000000000e+00,9.999999999999997780e-01,1.072534218121012684e+00,-1.638359916134610073e+00,-3.029837704781446917e+01,-0.000000000000000000e+00,-3.194761541626992329e+00,1.727541129727817037e-01,0.000000000000000000e+00,-4.833121457761602180e+00,-3.012562293484168663e+01,9.810000000000000497e+00
4.121309625302521651e-01,7.986370159353954890e-01,7.450683104715515315e-01,0.000000000000000000e+00,8.725998973207980958e-02,1.686309028340392979e+00,0.000000000000000000e+00,-4.585794877049253593e+00,-3.004252671597994961e+01,9.810000000000000497e+00,1.903155207158813482e+02,6.907997321367838595e+01,0.000000000000000000e+00,5.167700339655422609e-02,9.986638510129184354e-01,0.000000000000000000e+00,-9.986638510129184354e-01,5.167700339655422609e-02,0.000000000000000000e+00,0.000000000000000000e+00,-0.000000000000000000e+00,1.000000000000000000e+00,1.061694772826117905e+00,-1.562679796845553470e+00,-3.019896126411083870e+01,-0.000000000000000000e+00,-3.023115080203699900e+00,1.564345481308905550e-01,0.000000000000000000e+00,-4.585794877049253593e+00,-3.004252671597994961e+01,9.810000000000000497e+00
4.134399606434721597e-01,7.987473827047134600e-01,7.472499793353178932e-01,0.000000000000000000e+00,8.141795514202766759e-02,1.647044863881241161e+00,0.000000000000000000e+00,-4.341838332604121220e+00,-2.994692540571526251e+01,9.810000000000000497e+00,1.825538349002581526e+02,7.696259532245130686e+01,0.000000000000000000e+00,4.937246248913743779e-02,9.987804363060777124e-01,0.000000000000000000e+00,-9.987804363060777124e-01,4.937246248913743779e-02,0.000000000000000000e+00,0.000000000000000000e+00,-0.000000000000000000e+00,1.000000000000000222e+00,1.050968888882552132e+00,-1.487334100169907192e+00,-3.008803139659968195e+01,-0.000000000000000000e+00,-2.854504232434214028e+00,1.411059908844198574e-01,0.000000000000000000e+00,-4.341838332604121220e+00,-2.994692540571526251e+01,9.810000000000000497e+00
4.147865955898159540e-01,7.988531613233391671e-01,7.494408245004685609e-01,0.000000000000000000e+00,7.573421298627246168e-02,1.606789517325273975e+00,0.000000000000000000e+00,-4.101290180693452747e+00,-2.983784232901306410e+01,9.810000000000000497e+00,1.748381314384296275e+02,8.502296271623526991e+01,0.000000000000000000e+00,4.708160368427806441e-02,9.988910464082239038e-01,0.000000000000000000e+00,-9.988910464082239038e-01,4.708160368427806441e-02,0.000000000000000000e+00,0.000000000000000000e+00,-0.000000000000000000e+00,1.000000000000000000e+00,1.040355562125907074e+00,-1.412346831665074243e+00,-2.996458264322816589e+01,-0.000000000000000000e+00,-2.688943349028378282e+00,1.267403142151011519e-01,0.000000000000000000e+00,-4.101290180693452747e+00,-2.983784232901306410e+01,9.810000000000000497e+00
4.161736533194986820e-01,7.989543421624151209e-01,7.516408652247194011e-01,0.000000000000000000e+00,7.021115171204801719e-02,1.565487154475922571e+00,0.000000000000000000e+00,-3.864195693919055152e+00,-2.971416897914590294e+01,9.810000000000000497e+00,1.671648577882674545e+02,9.328161366982385516e+01,0.000000000000000000e+00,4.480435633773209581e-02,9.989957805982773165e-01,0.000000000000000000e+00,-9.989957805982773165e-01,4.480435633773209581e-02,0.000000000000000000e+00,0.000000000000000000e+00,-0.000000000000000000e+00,9.999999999999998890e-01,1.029853789012956211e+00,-1.337744377316425703e+00,-2.982747879211749265e+01,-0.000000000000000000e+00,-2.526451316602629671e+00,1.133098129715882779e-01,0.000000000000000000e+00,-3.864195693919055152e+00,-2.971416897914590294e+01,9.810000000000000497e+00
4.176042715654424975e-01,7.990509155930834995e-01,7.538501207657852810e-01,0.000000000000000000e+00,6.485134487297077033e-02,1.523075882443993834e+00,0.000000000000000000e+00,-3.630607251209083675e+00,-2.957464045895486038e+01,9.810000000000000497e+00,1.595296928315667628e+02,1.017615371377942211e+02,4.547473508864641190e-13,4.254064954016695266e-02,9.990947368176357202e-01,0.000000000000000000e+00,-9.990947368176357202e-01,4.254064954016695266e-02,0.000000000000000000e+00,0.000000000000000000e+00,-0.000000000000000000e+00,1.000000000000000222e+00,1.019462566828330585e+00,-1.263555816189528169e+00,-2.967542760338668728e+01,-0.000000000000000000e+00,-2.367051435019555505e+00,1.007871444318259452e-01,0.000000000000000000e+00,-3.630607251209083675e+00,-2.957464045895486038e+01,9.810000000000000497e+00
4.190820205880082527e-01,7.991428719864863695e-01,7.560686103813816228e-01,0.000000000000000000e+00,5.965755327246655138e-02,1.479486281508274992e+00,0.000000000000000000e+00,-3.400583895259486678e+00,-2.941780363541237264e+01,9.810000000000000497e+00,1.519279545676869247e+02,1.104886589666384680e+02,0.000000000000000000e+00,4.029041213912349512e-02,9.991880116823157465e-01,0.000000000000000000e+00,-9.991880116823157465e-01,4.029041213912349512e-02,0.000000000000000000e+00,0.000000000000000000e+00,-0.000000000000000000e+00,9.999999999999998890e-01,1.009180894091581848e+00,-1.189813245836186528e+00,-2.950694888092064616e+01,-0.000000000000000000e+00,-2.210770649423300149e+00,8.914524550827228333e-02,0.000000000000000000e+00,-3.400583895259486678e+00,-2.941780363541237264e+01,9.810000000000000497e+00
4.206109722816315788e-01,7.992302017137663528e-01,7.582963533292239600e-01,0.000000000000000000e+00,5.463276865442558833e-02,1.434640539839672435e+00,0.000000000000000000e+00,-3.174193948402954213e+00,-2.924198028017478990e+01,9.810000000000000497e+00,1.443550982880537958e+02,1.194922964492434403e+02,0.000000000000000000e+00,3.805357275993694055e-02,9.992757004952156352e-01,0.000000000000000000e+00,-9.992757004952156352e-01,3.805357275993694055e-02,0.000000000000000000e+00,0.000000000000000000e+00,-0.000000000000000000e+00,9.999999999999996669e-01,9.990077709522019456e-01,-1.116552320394704756e+00,-2.932033764978408286e+01,-0.000000000000000000e+00,-2.057641628008249235e+00,7.835736960929123862e-02,0.000000000000000000e+00,-3.174193948402954213e+00,-2.924198028017478990e+01,9.810000000000000497e+00
4.221957951398483955e-01,7.993128951460657383e-01,7.605333688670278258e-01,0.000000000000000000e+00,4.978025172042433583e-02,1.388451147601217794e+00,0.000000000000000000e+00,-2.951517216426692514e+00,-2.904521995903349563e+01,9.810000000000000497e+00,1.368058558987622746e+02,1.288059200710140431e+02,-9.094947017729282379e-13,3.583005982620893898e-02,9.993578972584598041e-01,0.000000000000000000e+00,-9.993578972584598041e-01,3.583005982620893898e-02,0.000000000000000000e+00,0.000000000000000000e+00,-0.000000000000000000e+00,1.000000000000000000e+00,9.889421993585751913e-01,-1.043812875325508038e+00,-2.911361703765756914e+01,-0.000000000000000000e+00,-1.907704341101184475e+00,6.839707862407179428e-02,0.000000000000000000e+00,-2.951517216426692514e+00,-2.904521995903349563e+01,9.810000000000000497e+00
4.238419167988039526e-01,7.993909426545265928e-01,7.627796762525085317e-01,0.000000000000000000e+00,4.510353448450041269e-02,1.340818062510872100e+00,0.000000000000000000e+00,-2.732644189397513301e+00,-2.882523401516462513e+01,9.810000000000000497e+00,1.292743180219687247e+02,1.384682325868907355e+02,-4.547473508864641190e-13,3.361980158020270310e-02,9.994346946858049252e-01,0.000000000000000000e+00,-9.994346946858049252e-01,3.361980158020270310e-02,0.000000000000000000e+00,0.000000000000000000e+00,-0.000000000000000000e+00,1.000000000000000222e+00,9.789831833661023497e-01,-9.716394947697681861e-01,-2.888447213120161550e+01,-0.000000000000000000e+00,-1.761004694627745115e+00,5.923811603698886374e-02,0.000000000000000000e+00,-2.732644189397513301e+00,-2.882523401516462513e+01,9.810000000000000497e+00
4.255556733354521337e-01,7.994643346102914272e-01,7.650352947433812778e-01,0.000000000000000000e+00,4.060649009929553216e-02,1.291626889455020910e+00,0.000000000000000000e+00,-2.517680451071989012e+00,-2.857931688521267688e+01,9.810000000000000497e+00,1.217546436515252708e+02,1.485241925131140306e+02,4.547473508864641190e-13,3.142272610214971729e-02,9.995061842151398146e-01,0.000000000000000000e+00,-9.995061842151398146e-01,3.142272610214971729e-02,0.000000000000000000e+00,0.000000000000000000e+00,-0.000000000000000000e+00,9.999999999999997780e-01,9.691297294890443004e-01,-9.000825070695215313e-01,-2.863017133508054357e+01,-0.000000000000000000e+00,-1.617597944002467703e+00,5.085444986786519239e-02,0.000000000000000000e+00,-2.517680451071989012e+00,-2.857931688521267688e+01,9.810000000000000497e+00
4.273445221013547624e-01,7.995330613845024192e-01,7.673002435973615976e-01,0.000000000000000000e+00,3.629339461279330187e-02,1.240746048779219013e+00,0.000000000000000000e+00,-2.306750453313446414e+00,-2.830424068308671437e+01,9.810000000000000497e+00,1.142398780337679227e+02,1.590266292962014631e+02,0.000000000000000000e+00,2.923876132923790283e-02,9.995724560210390575e-01,0.000000000000000000e+00,-9.995724560210390575e-01,2.923876132923790283e-02,0.000000000000000000e+00,0.000000000000000000e+00,-0.000000000000000000e+00,1.000000000000000222e+00,9.593808469261406735e-01,-8.291991635657137705e-01,-2.834746093115618848e+01,-0.000000000000000000e+00,-1.477551289747732755e+00,4.322024806947289549e-02,0.000000000000000000e+00,-2.306750453313446414e+00,-2.830424068308671437e+01,9.810000000000000497e+00
4.292174030483820180e-01,7.995971133483020798e-01,7.695745420721648022e-01,0.000000000000000000e+00,3.216894084427824457e-02,1.188020912093290082e+00,0.000000000000000000e+00,-2.099996857336052791e+00,-2.799610062299936786e+01,9.810000000000000497e+00,1.067223291653775163e+02,1.700386740537642254e+02,-4.547473508864641190e-13,2.706783507405054884e-02,9.996335990273655936e-01,0.000000000000000000e+00,-9.996335990273655936e-01,2.706783507405054884e-02,0.000000000000000000e+00,0.000000000000000000e+00,-0.000000000000000000e+00,9.999999999999998890e-01,9.497355477908446808e-01,-7.590547778401208756e-01,-2.803241032596150006e+01,-0.000000000000000000e+00,-1.340942079495931916e+00,3.630970296213165832e-02,0.000000000000000000e+00,-2.099996857336052791e+00,-2.799610062299936786e+01,9.810000000000000497e+00
4.311850790395519994e-01,7.996564808728323648e-01,7.718582094255063142e-01,0.000000000000000000e+00,2.823838388174577593e-02,1.133270298983280133e+00,0.000000000000000000e+00,-1.897590873719362969e+00,-2.765012612969040973e+01,9.810000000000000497e+00,9.919367437824956824e+01,1.816362669853524494e+02,0.000000000000000000e+00,2.490987504263608016e-02,9.996897009199205986e-01,0.000000000000000000e+00,-9.996897009199205986e-01,2.490987504263608016e-02,0.000000000000000000e+00,0.000000000000000000e+00,-0.000000000000000000e+00,1.000000000000000000e+00,9.401928473593336166e-01,-6.897249235354974140e-01,-2.768022325868918543e+01,-0.000000000000000000e+00,-1.207865950183865555e+00,3.009712899877634018e-02,0.000000000000000000e+00,-1.897590873719362969e+00,-2.765012612969040973e+01,9.810000000000000497e+00
4.332607970891368954e-01,7.997111543292358959e-01,7.741512649151018888e-01,0.000000000000000000e+00,2.450758050931621523e-02,1.076276523299095400e+00,0.000000000000000000e+00,-1.699732952503513861e+00,-2.726038431319977917e+01,9.810000000000000497e+00,9.164405841311815948e+01,1.939127960269725008e+02,0.000000000000000000e+00,2.276480885191908485e-02,9.997408481591294471e-01,0.000000000000000000e+00,-9.997408481591294471e-01,2.276480885191908485e-02,0.000000000000000000e+00,0.000000000000000000e+00,-0.000000000000000000e+00,9.999999999999998890e-01,9.307517643641503025e-01,-6.212974780280987597e-01,-2.728494105456006835e+01,-0.000000000000000000e+00,-1.078435474475414990e+00,2.455674136029078677e-02,0.000000000000000000e+00,-1.699732952503513861e+00,-2.726038431319977917e+01,9.810000000000000497e+00
4.354610668058389589e-01,7.997611240886548511e-01,7.764537277986663932e-01,0.000000000000000000e+00,2.098316720974763294e-02,1.016776218000405185e+00,0.000000000000000000e+00,-1.506665221898251694e+00,-2.681937933800569951e+01,9.810000000000000497e+00,8.406263059963805517e+01,2.069846794524091820e+02,4.547473508864641190e-13,2.063256404650761280e-02,9.997871259927618715e-01,0.000000000000000000e+00,-9.997871259927618715e-01,2.063256404650761280e-02,0.000000000000000000e+00,0.000000000000000000e+00,-0.000000000000000000e+00,9.999999999999998890e-01,9.214113211598604636e-01,-5.538761589533751639e-01,-2.683904200504044724e+01,-0.000000000000000000e+00,-9.527890629448765303e-01,1.966266703474681479e-02,0.000000000000000000e+00,-1.506665221898251694e+00,-2.681937933800569951e+01,9.810000000000000497e+00
4.378069422081938278e-01,7.998063805222315192e-01,7.787656173339153609e-01,0.000000000000000000e+00,1.767270861167182655e-02,9.544436246696206272e-01,0.000000000000000000e+00,-1.318680557004306531e+00,-2.631743063939499550e+01,9.810000000000000497e+00,7.643649007161056375e+01,2.210005197497739573e+02,-4.547473508864641190e-13,1.851306811538860550e-02,9.998286184686628886e-01,0.000000000000000000e+00,-9.998286184686628886e-01,1.851306811538860550e-02,0.000000000000000000e+00,0.000000000000000000e+00,-0.000000000000000000e+00,1.000000000000000000e+00,9.121705439188861897e-01,-4.875848424134123227e-01,-2.633281940832040746e+01,-0.000000000000000000e+00,-8.310957145908942634e-01,1.538876892541262385e-02,0.000000000000000000e+00,-1.318680557004306531e+00,-2.631743063939499550e+01,9.810000000000000497e+00
4.403259316755843145e-01,7.998469140011081890e-01,7.810869527785642141e-01,0.000000000000000000e+00,1.458494231381696898e-02,8.888673907868818169e-01,0.000000000000000000e+00,-1.136139487772558576e+00,-2.574171796101339282e+01,9.810000000000000497e+00,6.875062018073245440e+01,2.361547843009357166e+02,0.000000000000000000e+00,1.640624850786587957e-02,9.998654084475060433e-01,0.000000000000000000e+00,-9.998654084475060433e-01,1.640624850786587957e-02,0.000000000000000000e+00,0.000000000000000000e+00,-0.000000000000000000e+00,1.000000000000000000e+00,9.030284629085220116e-01,-4.225739894814079523e-01,-2.575342646977136596e+01,-0.000000000000000000e+00,-7.135654982911505684e-01,1.170850875797488713e-02,0.000000000000000000e+00,-1.136139487772558576e+00,-2.574171796101339282e+01,9.810000000000000497e+00
4.430550782107240959e-01,7.998827148964273714e-01,7.834177533903287083e-01,0.000000000000000000e+00,1.173011764246086573e-02,8.195143557526121114e-01,0.000000000000000000e+00,-9.594947175218508928e-01,-2.507472806807522758e+01,9.810000000000000497e+00,6.098705508281450705e+01,2.527099884328822554e+02,2.273736754432320595e-13,1.431203264898354630e-02,9.998975776155547557e-01,0.000000000000000000e+00,-9.998975776155547557e-01,1.431203264898354630e-02,0.000000000000000000e+00,0.000000000000000000e+00,-0.000000000000000000e+00,9.999999999999998890e-01,8.939841126504033397e-01,-3.590301078283337222e-01,-2.508332281746844572e+01,-0.000000000000000000e+00,-6.004646096935171151e-01,8.594749393219341255e-03,0.000000000000000000e+00,-9.594947175218508928e-01,-2.507472806807522758e+01,9.810000000000000497e+00
4.460462470753627229e-01,7.999137735793311332e-01,7.857580384269237106e-01,0.000000000000000000e+00,9.120476323440686317e-03,7.456692323755397256e-01,0.000000000000000000e+00,-7.893273340677779970e-01,-2.429157054669453331e+01,9.810000000000000497e+00,5.312380177776370260e+01,2.710348644500595583e+02,0.000000000000000000e+00,1.223034795470583427e-02,9.999252064974193388e-01,0.000000000000000000e+00,-9.999252064974193388e-01,1.223034795470583427e-02,0.000000000000000000e+00,0.000000000000000000e+00,-0.000000000000000000e+00,9.999999999999998890e-01,8.850365320555633186e-01,-2.971902081210094915e-01,-2.429759000520267520e+01,-0.000000000000000000e+00,-4.921371259467685055e-01,6.019458508143331332e-03,0.000000000000000000e+00,-7.893273340677779970e-01,-2.429157054669453331e+01,9.810000000000000497e+00
4.493757963632459829e-01,7.999400804209617633e-01,7.881078271460646434e-01,0.000000000000000000e+00,6.771003420839270814e-03,6.663293646464880648e-01,0.000000000000000000e+00,-6.264070730828613653e-01,-2.335500639407240797e+01,9.810000000000000497e+00,4.513369995714328553e+01,2.916745068133632230e+02,-2.273736754432320595e-13,1.016112184667572471e-02,9.999483744688106857e-01,0.000000000000000000e+00,-9.999483744688106857e-01,1.016112184667572471e-02,0.000000000000000000e+00,0.000000000000000000e+00,-0.000000000000000000e+00,9.999999999999998890e-01,8.761847646605238626e-01,-2.373654898132653845e-01,-2.335895969709480369e+01,-0.000000000000000000e+00,-3.890415832695959808e-01,3.953303022394488199e-03,0.000000000000000000e+00,-6.264070730828613653e-01,-2.335500639407240797e+01,9.810000000000000497e+00
4.531640025885970702e-01,7.999616257924616614e-01,7.904671388054671510e-01,0.000000000000000000e+00,4.700677939736664680e-03,5.800049534274092089e-01,0.000000000000000000e+00,-4.718005417320110251e-01,-2.220531935234408039e+01,9.810000000000000497e+00,3.698278257138080249e+01,3.154921933780706240e+02,-1.136868377216160297e-13,8.104281766236518317e-03,9.999671597692864067e-01,0.000000000000000000e+00,-9.999671597692864067e-01,8.104281766236518317e-03,0.000000000000000000e+00,0.000000000000000000e+00,-0.000000000000000000e+00,1.000000000000000222e+00,8.674278588060202466e-01,-1.799832424414669063e-01,-2.220768439963049090e+01,-0.000000000000000000e+00,-2.918172992905441188e-01,2.365047286411275668e-03,0.000000000000000000e+00,-4.718005417320110251e-01,-2.220531935234408039e+01,9.810000000000000497e+00
4.576201046368167380e-01,7.999784000649731164e-01,7.928359926628464338e-01,0.000000000000000000e+00,2.934679253895418078e-03,4.842811764802033569e-01,0.000000000000000000e+00,-3.270764302959175973e-01,-2.073654739456173957e+01,9.810000000000000497e+00,2.862976253939829974e+01,3.440006418700352242e+02,-1.136868377216160297e-13,6.059755188277254033e-03,9.999816395149753179e-01,0.000000000000000000e+00,-9.999816395149753179e-01,6.059755188277254033e-03,0.000000000000000000e+00,0.000000000000000000e+00,-0.000000000000000000e+00,9.999999999999998890e-01,8.587648677614502235e-01,-1.256681039655099530e-01,-2.073776790212129484e+01,-0.000000000000000000e+00,-2.014083263304076721e-01,1.220507559553695928e-03,0.000000000000000000e+00,-3.270764302959175973e-01,-2.073654739456173957e+01,9.810000000000000497e+00
4.631700197535458252e-01,7.999903936096385282e-01,7.952144079759183581e-01,0.000000000000000000e+00,1.509008679766203447e-03,3.746760567273981768e-01,0.000000000000000000e+00,-1.947817261632683317e-01,-1.872789579525674952e+01,9.810000000000000497e+00,2.069067132669189846e+01,3.803136818467284002e+02,0.000000000000000000e+00,4.027469634570296150e-03,9.999918897112829441e-01,0.000000000000000000e+00,-9.999918897112829441e-01,4.027469634570296150e-03,0.000000000000000000e+00,0.000000000000000000e+00,-0.000000000000000000e+00,1.000000000000000000e+00,8.501948498868635573e-01,-7.542857936715981204e-02,-1.872837649032983620e+01,-0.000000000000000000e+00,-1.193531467961085057e-01,4.806950730875656267e-04,0.000000000000000000e+00,-1.947817261632683317e-01,-1.872789579525674952e+01,9.810000000000000497e+00
4.709872018425614315e-01,7.999975967976000746e-01,7.976024040023976802e-01,0.000000000000000000e+00,4.826104701531593673e-04,2.404208792051148458e-01,0.000000000000000000e+00,-6.768492989732494136e-02,-1.555243977801702471e+01,9.810000000000000497e+00,1.330290738052507749e+01,4.337734306653542831e+02,2.842170943040400743e-14,2.007352686741857833e-03,9.999979852655660473e-01,0.000000000000000000e+00,-9.999979852655660473e-01,2.007352686741857833e-03,0.000000000000000000e+00,0.000000000000000000e+00,-0.000000000000000000e+00,1.000000000000000222e+00,6.308655267622108598e-01,-3.121944160937527302e-02,-1.555251297726039006e+01,-0.000000000000000000e+00,-3.646548828794966141e-02,7.319924336520564783e-05,0.000000000000000000e+00,-6.768492989732494136e-02,-1.555243977801702471e+01,9.810000000000000497e+00
5.000000140705278540e-01,8.000000000000000444e-01,8.000000000000000444e-01,0.000000000000000000e+00,4.273223224717116310e-17,4.263254272953395856e-14,0.000000000000000000e+00,9.079672006107799645e-09,9.058490147005345317e-06,9.810000000000000497e+00,2.332932721073938342e+00,5.360545097905278453e+02,0.000000000000000000e+00,1.002337839713903942e-03,9.999994976593015172e-01,0.000000000000000000e+00,-9.999994976593015172e-01,1.002337839713903942e-03,0.000000000000000000e+00,0.000000000000000000e+00,-0.000000000000000000e+00,1.000000000000000222e+00,4.183377145788804152e-01,9.079672006107799645e-09,9.058490147005345317e-06,0.000000000000000000e+00,-7.603432760060840843e-28,7.621212195574366671e-31,0.000000000000000000e+00,9.079672006107799645e-09,9.058490147005345317e-06,9.810000000000000497e+00
