t,sx,sy,sz,vx,vy,vz,ax,ay,az,jx,jy,jz,Fx,Fy,Fz
0.000000000000000000e+00,2.999999999999999889e-02,0.000000000000000000e+00,-6.999999999999999556e-01,0.000000000000000000e+00,0.000000000000000000e+00,-0.000000000000000000e+00,0.000000000000000000e+00,0.000000000000000000e+00,-0.000000000000000000e+00,2.736146269321312711e-03,1.031502842261634439e-01,-6.840365673303280825e-02,0.000000000000000000e+00,0.000000000000000000e+00,-9.810000000000000941e-01
1.503759398496240518e-02,3.000000156830692072e-02,5.912597761785327969e-08,-7.000000392091295653e-01,3.124728557315604644e-07,1.178082568194251497e-05,-7.812401853939817566e-06,4.144984422961135810e-05,1.562913252537839574e-03,-1.036438769572553672e-03,2.734101733318518822e-03,1.031503926864974635e-01,-6.840365673303280825e-02,4.144984422961135640e-06,1.562913252537839737e-04,-9.811036438769573653e-01
3.007518796992481036e-02,3.000001249601624495e-02,4.712284324140124941e-07,-7.000003124929294884e-01,1.242974379775128448e-06,4.688683386301324365e-05,-3.109277149055834081e-05,8.216810504076554487e-05,3.102270658455342188e-03,-2.057252834076174312e-03,2.678547997668262980e-03,1.015882471280547678e-01,-6.736723108244015157e-02,8.216810504076555504e-06,3.102270658455342622e-04,-9.812057252834076593e-01
4.511278195488721554e-02,3.000004198571252015e-02,1.584403578743692898e-06,-7.000010506887843764e-01,2.778726169623698021e-06,1.049647891796185931e-04,-6.960674277257417086e-05,1.218896814265619171e-04,4.618205125206085310e-03,-3.062520907390302652e-03,2.599683813746514818e-03,1.000352394415172236e-01,-6.633603990483030732e-02,1.218896814265619171e-05,4.618205125206085743e-04,-9.813062520907390729e-01
6.015037593984962072e-02,3.000009901144018096e-02,3.741451185648930515e-06,-7.000024811186756901e-01,4.901690410459689603e-06,1.856635218320895847e-04,-1.231211332300659387e-04,1.601817359014885537e-04,6.110858361901932295e-03,-4.052321703394378555e-03,2.486665301513799921e-03,9.849193373199419121e-02,-6.531008320020324776e-02,1.601817359014885537e-05,6.110858361901932946e-04,-9.814052321703394810e-01
7.518796992481202590e-02,3.000019222100092781e-02,7.279906608692511904e-06,-7.000048276069813502e-01,7.586117471128839265e-06,2.886340549926450557e-04,-1.914039440604721953e-04,1.964529592693498895e-04,7.580380201005298621e-03,-5.026733935967843403e-03,2.329257012030599115e-03,9.695884470597798677e-02,-6.428936096855897286e-02,1.964529592693499099e-05,7.580380201005299055e-04,-9.815026733935968695e-01
9.022556390977443108e-02,3.000032980241165367e-02,1.253207465601169182e-05,-7.000083104982753879e-01,1.079623108336873659e-05,4.135297209890917165e-04,-2.742243601285917110e-04,2.299626043286551842e-04,9.026927776652989011e-03,-5.985836318990137711e-03,2.117816545376296437e-03,9.543642674228432210e-02,-6.327387320989748265e-02,2.299626043286552113e-05,9.026927776652989878e-04,-9.815985836318991131e-01
1.052631578947368363e-01,3.000051931656575258e-02,1.982506510203262514e-05,-7.000131466751271514e-01,1.448404762676609589e-05,5.600062638001151527e-04,-3.713527499665830625e-04,2.598292882376808432e-04,1.045066451957914720e-02,-6.929707566340700259e-03,1.843279172059514824e-03,9.392506049088655828e-02,-6.226361992421874936e-02,2.598292882376808432e-05,1.045066451957914764e-03,-9.816929707566341978e-01
1.203007518796992414e-01,3.000076749808819332e-02,2.948082962091977884e-05,-7.000195495759010678e-01,1.858732604280537092e-05,7.277219248385815523e-04,-4.825606657739647007e-04,2.850395639483175756e-04,1.185175893420938216e-02,-7.858426391898971561e-03,1.497142506303069916e-03,9.242503736128832026e-02,-6.125860111152289789e-02,2.850395639483176027e-05,1.185175893420938259e-03,-9.817858426391899984e-01
1.353383458646616466e-01,3.000108002632268303e-02,4.181619986267644484e-05,-7.000277292125558493e-01,2.302764491321694393e-05,9.163375085216310867e-04,-6.076208434176154924e-04,3.044562618903186627e-04,1.323038312877335837e-02,-8.772071509544395601e-03,1.071451285678280685e-03,9.093654224050087831e-02,-6.025881677180985191e-02,3.044562618903186830e-05,1.323038312877335924e-03,-9.818772071509545007e-01
1.503759398496240518e-01,3.000146126833733162e-02,5.714292633905630698e-05,-7.000378921884444772e-01,2.770860326200678844e-05,1.125516423725601064e-03,-7.463072024317739077e-04,3.168266039560952373e-04,1.458671107423885685e-02,-9.670721633156411159e-03,5.587823181937520180e-04,8.945963475979654134e-02,-5.926426690507949346e-02,3.168266039560952780e-05,1.458671107423885685e-03,-9.819670721633156907e-01
1.654135338345864570e-01,3.000191399578351278e-02,7.576771772521181784e-05,-7.000502417161132973e-01,3.251414167854623535e-05,1.354924696895290145e-03,-8.983948460180389952e-04,3.207900928067170605e-04,1.592091657251739484e-02,-1.055445547661445528e-02,-4.777033516607201869e-05,8.799422940923376513e-02,-5.827495151133188500e-02,3.207900928067170605e-05,1.592091657251739484e-03,-9.820554455476615541e-01
1.804511278195488622e-01,3.000243907739219562e-02,9.799228011734530065e-05,-7.000649776351015596e-01,3.730698041247264702e-05,1.604230952316137082e-03,-1.063660061045368973e-03,3.148861805943062265e-04,1.723317091874062082e-02,-1.142335175379797195e-02,-7.546098675521719723e-04,8.654007477954550609e-02,-5.729087059056719305e-02,3.148861805943062130e-05,1.723317091874062212e-03,-9.821423351753798547e-01
1.954887218045112673e-01,3.000303514884178346e-02,1.241133557175254452e-04,-7.000822964297412909e-01,4.192717116145770837e-05,1.873106354860226523e-03,-1.241880318050082692e-03,2.975617223731190104e-04,1.852364024647032079e-02,-1.227748917858640168e-02,-1.567650841405911818e-03,8.509673219239495545e-02,-5.631202414278524415e-02,2.975617223731190104e-05,1.852364024647032252e-03,-9.822277489178586896e-01
2.105263157894736725e-01,3.000369826168318779e-02,1.544227603452052067e-04,-7.001023912469563903e-01,4.619075936165214786e-05,2.161224510378380835e-03,-1.432834271235859094e-03,2.671782207468931724e-04,1.979248254849550262e-02,-1.311694646485918152e-02,-2.492332823730530281e-03,8.366355396228121466e-02,-5.533841216798605911e-02,2.671782207468931928e-05,1.979248254849550175e-03,-9.823116946464860444e-01
2.255639097744360777e-01,3.000442151296035809e-02,1.892074191016851253e-04,-7.001254519140621690e-01,4.988855389924008060e-05,2.468261318826992824e-03,-1.636301758473736670e-03,2.220188696664495732e-04,2.103984436940063013e-02,-1.394180232649575718e-02,-3.533633447774573496e-03,8.223966151655953682e-02,-5.437003466616973507e-02,2.220188696664496004e-05,2.103984436940063273e-03,-9.823941802326496830e-01
2.406015037593984829e-01,3.000519465711940989e-02,2.287493994396043462e-04,-7.001516649565653339e-01,5.278500129133786959e-05,2.793894775185856369e-03,-1.852063801302113351e-03,1.602954067399051260e-04,2.226585716937421605e-02,-1.475213547737556398e-02,-4.696080802323205315e-03,8.082392358419313028e-02,-5.340689163733631367e-02,1.602954067399051192e-05,2.226585716937421865e-03,-9.824752135477377024e-01
2.556390977443608881e-01,3.000600370175587547e-02,2.733259408152589670e-04,-7.001812136159627498e-01,5.461716153660072138e-05,3.137804713238553402e-03,-2.079902604926748676e-03,8.015478493707169907e-05,2.347063336178125195e-02,-1.554802463137805110e-02,-5.983765045484421181e-03,7.941493464900138688e-02,-5.244898308148550348e-02,8.015478493707169568e-06,2.347063336178125195e-03,-9.825548024631378663e-01
2.706766917293232932e-01,3.000683048870918593e-02,3.232094800278272496e-04,-7.002142778675416457e-01,5.509378301132936834e-05,3.499672487346438925e-03,-2.319601558220761844e-03,-2.031432385289215796e-05,2.465426202986168921e-02,-1.632954850238264866e-02,-7.400349136431229671e-03,7.801099384937194847e-02,-5.149630899861717959e-02,-2.031432385289215796e-06,2.465426202986169268e-03,-9.826329548502383826e-01
2.857142857142856984e-01,3.000765226197512833e-02,3.786676712770740321e-04,-7.002510344381785989e-01,5.389447398637169318e-05,3.879180587448060984e-03,-2.570945233724631056e-03,-1.430751793296257965e-04,2.581680433055647331e-02,-1.709678580426879368e-02,-8.949078576092867054e-03,7.661008449368487960e-02,-5.054886938873207752e-02,-1.430751793296258101e-05,2.581680433055647591e-03,-9.827096785804270151e-01
3.007518796992481036e-01,3.000844122387246252e-02,4.399633999004010716e-04,-7.002916568241396300e-01,5.066896856424727563e-05,4.276012182654808855e-03,-2.833719387646194392e-03,-2.901367616231375246e-04,2.695828859591918591e-02,-1.784981525091594232e-02,-1.063279004633643950e-02,7.520985434909971401e-02,-4.960666425182998912e-02,-2.901367616231375314e-05,2.695828859591918852e-03,-9.827849815250916388e-01
3.157894736842105088e-01,3.000916408086853546e-02,5.073547886817702905e-04,-7.003363153088789650e-01,4.503648508501309922e-05,4.689850588988292782e-03,-3.107710959860651104e-03,-4.635476810711140283e-04,2.807870514486191654e-02,-1.858871555620352986e-02,-1.245391883679038657e-02,7.380759685092096178e-02,-4.866969358791019967e-02,-4.635476810711140690e-05,2.807870514486192001e-03,-9.828588715556204614e-01
3.308270676691729140e-01,3.000978158044143376e-02,5.810951955595656171e-04,-7.003851769808391303e-01,3.658517532352559786e-05,5.120378657012934591e-03,-3.392708073910559886e-03,-6.653901898712932458e-04,2.917800082012678847e-02,-1.931356543401098469e-02,-1.441450494916601301e-02,7.240023337047293839e-02,-4.773795739697311163e-02,-6.653901898712932729e-05,2.917800082012679107e-03,-9.829313565434012467e-01
3.458646616541353191e-01,3.001024804033316368e-02,6.614332014983599975e-04,-7.004384057512501593e-01,2.487166309977583930e-05,5.567278075356490302e-03,-3.688500037005840605e-03,-8.977742749042237885e-04,3.025607326738616321e-02,-2.002444359821775946e-02,-1.651619777075558071e-02,7.098429667131976595e-02,-4.681145567901934257e-02,-8.977742749042237885e-05,3.025607326738616668e-03,-9.830024443598218697e-01
3.609022556390977243e-01,3.001051087153012997e-02,7.486125872312786398e-04,-7.004961623719293540e-01,9.420671247469854107e-06,6.030228586379759309e-03,-3.994877340023770401e-03,-1.162831809413619483e-03,3.131276497527350072e-02,-2.072142876270329642e-02,-1.876025921173920738e-02,6.955591567677534004e-02,-4.589018843404827491e-02,-1.162831809413619483e-04,3.131276497527350159e-03,-9.830721428762704273e-01
3.759398496240601295e-01,3.001051009629381733e-02,8.428722975256299366e-04,-7.005586044530804912e-01,-1.027526376667345278e-05,6.508907110553225836e-03,-4.311631657508988892e-03,-1.462710739676398568e-03,3.234785709695157940e-02,-2.140459964134703089e-02,-2.114756520502590609e-02,6.811080166593869167e-02,-4.497415566205961029e-02,-1.462710739676398568e-04,3.234785709695158114e-03,-9.831404599641347941e-01
3.909774436090225347e-01,3.001017786255665010e-02,9.444463915750885875e-04,-7.006258864810935849e-01,-3.475598991025337955e-05,7.002986776421230367e-03,-4.638555847673493833e-03,-1.799569281309471806e-03,3.336106307555193606e-02,-2.207403494802839816e-02,-2.367860547258785267e-02,6.664423601094432437e-02,-4.406335736305385525e-02,-1.799569281309472022e-04,3.336106307555193693e-03,-9.832074034948029562e-01
4.060150375939849399e-01,3.000943795599603572e-02,1.053563978077421553e-03,-7.006981598363444252e-01,-6.459385028461905030e-05,7.512135853382810244e-03,-4.975443952396644588e-03,-2.175570098462626441e-03,3.435202209748693114e-02,-2.272981339662684397e-02,-2.635348146861852051e-02,6.515105956474048776e-02,-4.315779353703110000e-02,-2.175570098462626441e-04,3.435202209748693288e-03,-9.832729813396627883e-01
4.210526315789473450e-01,3.000820531110329550e-02,1.170449133517838117e-03,-7.007755728109935633e-01,-1.003937059897411677e-04,8.036016584891473788e-03,-5.322091197225160830e-03,-2.592874437853438623e-03,3.532029239926171016e-02,-2.337201370102181402e-02,-2.917190241734966480e-02,6.362566380645842679e-02,-4.225746418399117105e-02,-2.592874437853438948e-04,3.532029239926171276e-03,-9.833372013701022762e-01
4.360902255639097502e-01,3.000638552257449757e-02,1.295320802144942895e-03,-7.008582706267865170e-01,-1.427928702571703743e-04,8.574283920073619975e-03,-5.678293991373119937e-03,-3.053636188428058076e-03,3.626534445501282400e-02,-2.400071457509274364e-02,-3.213317937199082486e-02,6.206198385024595809e-02,-4.136236930393361738e-02,-3.053636188428058402e-04,3.626534445501282400e-03,-9.834000714575094060e-01
4.511278195488721554e-01,3.000387435836708930e-02,1.428392676099355220e-03,-7.009463954528530882e-01,-1.924609525064352271e-04,9.126584142186708673e-03,-6.043849927721962195e-03,-3.559995836397785059e-03,3.718655407358997106e-02,-2.461599473271906813e-02,-3.523621723099929631e-02,6.045349342329397330e-02,-4.047250889685919534e-02,-3.559995836397785059e-04,3.718655407358997193e-03,-9.834615994732720523e-01
4.661654135338345606e-01,3.000055727578984643e-02,1.569873054134599205e-03,-7.010400864235064589e-01,-2.500996105185244534e-04,9.692553392783530980e-03,-6.418557782820483865e-03,-4.114074284522244856e-03,3.808319543559222226e-02,-2.521793288778024014e-02,-3.847950465873790221e-02,5.879320191957881220e-02,-3.958788296276768287e-02,-4.114074284522245182e-04,3.808319543559222486e-03,-9.835217932887780901e-01
4.812030075187969658e-01,2.999630894202432591e-02,1.719964677356350955e-03,-7.011394796560432852e-01,-3.164422084464513468e-04,1.027181609091848413e-02,-6.802217516884846715e-03,-4.717966503802362328e-03,3.895443410238363935e-02,-2.580660775415568806e-02,-4.186110186952432533e-02,5.707365363755374787e-02,-3.870849150165866365e-02,-4.717966503802362328e-04,3.895443410238364282e-03,-9.835806607754156161e-01
4.962406015037593709e-01,2.999099276051409024e-02,1.878864540399801135e-03,-7.012447082685425714e-01,-3.922533778999836174e-04,1.086398324722542656e-02,-7.194630273798570223e-03,-5.373734985226361234e-03,3.979932003075832558e-02,-2.638209804572486106e-02,-4.537862624710740228e-02,5.528692931249817172e-02,-3.783433451353265808e-02,-5.373734985226361017e-04,3.979932003075832385e-03,-9.836382098045726163e-01
5.112781954887217761e-01,2.998446040470290064e-02,2.046763676466223803e-03,-7.013559023976659867e-01,-4.783284788524307216e-04,1.146865067321587925e-02,-7.595598381112528101e-03,-6.083402958896374536e-03,4.061678062861310418e-02,-2.694448247636719793e-02,-4.902923578571495578e-02,5.342465005741860173e-02,-3.696541199838904168e-02,-6.083402958896375187e-04,4.061678062861310765e-03,-9.836944482476368545e-01
5.263157894736841813e-01,2.997655136065603687e-02,2.223846914649117105e-03,-7.014731892164566274e-01,-5.754929566250425663e-04,1.208539708669095596e-02,-8.004925350044964777e-03,-6.848947347767610043e-03,4.140561388872650295e-02,-2.749383975996212703e-02,-5.280961035399697745e-02,5.147798383019061563e-02,-3.610172395622854996e-02,-6.848947347767610477e-04,4.140561388872650295e-03,-9.837493839759963166e-01
5.413533834586465865e-01,2.996709248015857682e-02,2.410292607998017460e-03,-7.015966929521387785e-01,-6.846015907125877452e-04,1.271378211473158347e-02,-8.422415875481474579e-03,-7.672291423372654129e-03,4.216448163954347739e-02,-2.803024861038910798e-02,-5.671593079942498228e-02,4.943765454884957444e-02,-3.524327038705085680e-02,-7.672291423372654779e-04,4.216448163954347739e-03,-9.838030248610389883e-01
5.563909774436089917e-01,2.995589754595205656e-02,2.606272330794535616e-03,-7.017265349039176758e-01,-8.065376307256598171e-04,1.335334419633087306e-02,-8.847875835975021683e-03,-8.555297131296400737e-03,4.289190295373324774e-02,-2.855378774152756566e-02,-6.074385592800073119e-02,4.729395398154902230e-02,-3.439005129085567075e-02,-8.555297131296401387e-04,4.289190295373324774e-03,-9.838553787741528556e-01
5.714285714285713969e-01,2.994276685084557715e-02,2.811950543550924449e-03,-7.018628334607787123e-01,-9.422118142451563075e-04,1.400359838735953585e-02,-9.281112293745917563e-03,-9.499757054827560193e-03,4.358624775722536732e-02,-2.906453586725694926e-02,-6.488849741246087433e-02,4.503675654246660359e-02,-3.354206666764380368e-02,-9.499757054827560193e-04,4.358624775722536732e-03,-9.839064535867257932e-01
5.864661654135338020e-01,2.992748679251911251e-02,3.027484224286826949e-03,-7.020057041192869773e-01,-1.092561260916316470e-03,1.466403407121292038e-02,-9.721933494681847879e-03,-1.050738598615710839e-02,4.424573068343998217e-02,-2.956257170145670105e-02,-6.914439270153237282e-02,4.265553712976009881e-02,-3.269931651741463802e-02,-1.050738598615710883e-03,4.424573068343998217e-03,-9.839562571701457871e-01
6.015037593984962072e-01,2.990982948592562154e-02,3.253022464695342914e-03,-7.021552595013870190e-01,-1.258548236658050320e-03,1.533411257917584834e-02,-1.017014886833784645e-02,-1.157981207573673989e-02,4.486840521951039606e-02,-3.004797395800625978e-02,-7.350547602318377449e-02,4.013939214639976327e-02,-3.186180084016797254e-02,-1.157981207573673945e-03,4.486840521951039433e-03,-9.840047973958007121e-01
6.165413533834586124e-01,2.988955239529386687e-02,3.488706029875632622e-03,-7.023116093722018283e-01,-1.441158781432715736e-03,1.601326472526149250e-02,-1.062556902793631609e-02,-1.271856753196811025e-02,4.545215819344720909e-02,-3.052082135078506078e-02,-7.796504759621421254e-02,3.747706384909887944e-02,-3.102951963590422010e-02,-1.271856753196811156e-03,4.545215819344721429e-03,-9.840520821350785541e-01
6.315789473684210176e-01,2.986639798783551764e-02,3.734666880386414145e-03,-7.024748606578331556e-01,-1.641401193616761310e-03,1.670088826103314009e-02,-1.108800577036701644e-02,-1.392507884527985872e-02,4.599470465340798481e-02,-3.098119259367255324e-02,-8.251574118690772897e-02,3.465696817452282308e-02,-3.020247290462296438e-02,-1.392507884527985872e-03,4.599470465340798481e-03,-9.840981192593672988e-01
6.466165413533834228e-01,2.984009341136754229e-02,3.991027655463401727e-03,-7.026451174631599406e-01,-1.860304363638858299e-03,1.739634525670393991e-02,-1.155727207618706225e-02,-1.520065651287994500e-02,4.649358319250475324e-02,-3.142916640054815858e-02,-8.714949017083303828e-02,3.166722619525680349e-02,-2.938066064632482641e-02,-1.520065651287994587e-03,4.649358319250475151e-03,-9.841429166400549322e-01
6.616541353383458279e-01,2.981035019817391413e-02,4.257901116344550013e-03,-7.028224810896390728e-01,-2.098915949214597357e-03,1.809895941563078453e-02,-1.203318210962093376e-02,-1.654648424305960736e-02,4.694615177489495916e-02,-3.186482148529134334e-02,-9.185749228415324152e-02,2.849569936043591656e-02,-2.856408286100918167e-02,-1.654648424305960909e-03,4.694615177489496263e-03,-9.841864821485292181e-01
6.766917293233082331e-01,2.977686399754815583e-02,4.535389548760339166e-03,-7.030070500531037103e-01,-2.358300384210922432e-03,1.880801333017415380e-02,-1.251555121856046983e-02,-1.796360762088568958e-02,4.734958412124168348e-02,-3.228823656178151508e-02,-9.663017327399496537e-02,2.513002867735256857e-02,-2.775273954867644999e-02,-1.796360762088569001e-03,4.734958412124169042e-03,-9.842288236561782533e-01
6.917293233082706383e-01,2.973931433957993642e-02,4.823584123772910008e-03,-7.031989201015637070e-01,-2.639536712925055414e-03,1.952274568778696387e-02,-1.300419593456487305e-02,-1.945292222046410280e-02,4.770086671398337391e-02,-3.269949034389815767e-02,-1.014571496834589387e-01,2.155767799045698457e-02,-2.694663070932703727e-02,-1.945292222046410280e-03,4.770086671398337738e-03,-9.842699490343899127e-01
7.067669172932330435e-01,2.969736443287428890e-02,5.122564216288014866e-03,-7.033981842330045975e-01,-2.943716241367436322e-03,2.024234843712201248e-02,-1.349893397286069420e-02,-2.101516115270032209e-02,4.799679648519619007e-02,-3.309866154552067868e-02,-1.063271910336779369e-01,1.776598151283485458e-02,-2.614575634295992004e-02,-2.101516115270032122e-03,4.799679648519619354e-03,-9.843098661545521821e-01
7.218045112781954487e-01,2.965066099901919605e-02,5.432396680718184871e-03,-7.036049327131872477e-01,-3.271939997002453436e-03,2.096596392490923666e-02,-1.399958423234185824e-02,-2.265088204163547003e-02,4.823397925214461396e-02,-3.348582888052852730e-02,-1.112281816928786249e-01,1.374219576220606955e-02,-2.535011644957571239e-02,-2.265088204163546916e-03,4.823397925214461569e-03,-9.843485828880529365e-01
7.368421052631578538e-01,2.959883414674671989e-02,5.753135083444600555e-03,-7.038192530934473945e-01,-3.625315988330378957e-03,2.169268201534960486e-02,-1.450596679556964697e-02,-2.436045342700711783e-02,4.840882896786648931e-02,-3.386107106280114576e-02,-1.161470827505775155e-01,9.473556048516105360e-03,-2.455971102917420615e-02,-2.436045342700711956e-03,4.840882896786649625e-03,-9.843861071062801615e-01
7.518796992481202590e-01,2.954149728886240611e-02,6.084818891909523318e-03,-7.040412302284951851e-01,-4.004956255695760192e-03,2.242153720480193069e-02,-1.501790292877269208e-02,-2.614404059568412042e-02,4.851756785630092356e-02,-3.422446680621797632e-02,-1.210698942437671982e-01,4.947337653134454075e-03,-2.377454008175540826e-02,-2.614404059568412129e-03,4.851756785630092703e-03,-9.844224466806218432e-01
7.669172932330826642e-01,2.947824710514671334e-02,6.427472620371185892e-03,-7.042709462942146059e-01,-4.411973704787549092e-03,2.315150574559953628e-02,-1.553521508184699945e-02,-2.800159085005868298e-02,4.855622750350432892e-02,-3.457609482465845430e-02,-1.259816181110769151e-01,1.509218302181251914e-04,-2.299460360731951647e-02,-2.800159085005868645e-03,4.855622750350433239e-03,-9.844576094824659673e-01
7.819548872180450694e-01,2.940866355455944159e-02,6.781104932569287022e-03,-7.045084808054629111e-01,-4.847478714461504398e-03,2.388150279392361325e-02,-1.605772688835592141e-02,-2.993281822735368441e-02,4.852065097837643393e-02,-3.491603383200202193e-02,-1.308662222803063935e-01,-4.928133251200712481e-03,-2.221990160586674590e-02,-2.993281822735368528e-03,4.852065097837643393e-03,-9.844916033832002977e-01
7.969924812030074746e-01,2.933230994020220861e-02,7.145707701782053750e-03,-7.047539106338703840e-01,-5.312575510772177961e-03,2.461037959777753054e-02,-1.658526316553017924e-02,-3.193718769012190983e-02,4.840649605799366567e-02,-3.524436254212812841e-02,-1.357066063242657883e-01,-1.030201652063978540e-02,-2.145043407739605917e-02,-3.193718769012191070e-03,4.840649605799367088e-03,-9.845244362542129313e-01
8.120300751879698797e-01,2.924873303061350030e-02,7.521255029005666920e-03,-7.050073100256397662e-01,-5.808358299457061155e-03,2.533692074224643681e-02,-1.711764991426785107e-02,-3.401389881497546980e-02,4.820923963407713203e-02,-3.556115966891618824e-02,-1.404845691493286641e-01,-1.598258288911634517e-02,-2.068620102190868795e-02,-3.401389881497547153e-03,4.820923963407713377e-03,-9.845561159668917428e-01
8.270676691729322849e-01,2.915746324108395640e-02,7.907702220253940914e-03,-7.052687506193455746e-01,-6.335907149575627922e-03,2.605984147038623369e-02,-1.765471431913438055e-02,-3.616186901378781737e-02,4.792418337826272884e-02,-3.586650392624568529e-02,-1.451807792103106398e-01,-2.198126693664192652e-02,-1.992720243940423672e-02,-3.616186901378781911e-03,4.792418337826273578e-03,-9.845866503926246072e-01
8.421052631578946901e-01,2.905801487878551664e-02,8.304984724260814147e-03,-7.055383014637336414e-01,-6.896283621577815708e-03,2.677778509926062589e-02,-1.819628474836256990e-02,-3.837971632924972593e-02,4.754646074463809297e-02,-3.616047402799602017e-02,-1.497747477740080380e-01,-2.830899136360819079e-02,-1.917343832988207056e-02,-3.837971632924972766e-03,4.754646074463809644e-03,-9.846160474027997322e-01
8.571428571428570953e-01,2.894988645560362533e-02,8.713017032170616849e-03,-7.058160290355208755e-01,-7.490526133766474415e-03,2.748932055182810169e-02,-1.874219075385255909e-02,-4.066574185472707909e-02,4.707104538841848373e-02,-3.644314868804664903e-02,-1.542448057816935003e-01,-3.497607019336145678e-02,-1.842490869334302561e-02,-4.066574185472708255e-03,4.707104538841848894e-03,-9.846443148688047708e-01
8.721804511278195005e-01,2.883256107264707199e-02,9.131691541121341252e-03,-7.061019972571946912e-01,-8.119645061932608335e-03,2.819294002656752909e-02,-1.929226307117188483e-02,-4.301791183684737507e-02,4.649276107958988380e-02,-3.671460662027700717e-02,-1.585680848878006644e-01,-4.199210674490707479e-02,-1.768161352978647391e-02,-4.301791183684737681e-03,4.649276107958988900e-03,-9.846714606620278198e-01
8.872180451127819056e-01,2.870550688048108950e-02,9.560877383964085097e-03,-7.063962675148123260e-01,-8.784617567886997616e-03,2.888705682791229898e-02,-1.984633361955542505e-02,-4.543383952811573534e-02,4.580629318980224129e-02,-3.697492653856654377e-02,-1.627205032776309068e-01,-4.936588643016688593e-02,-1.694355283921263056e-02,-4.543383952811573361e-03,4.580629318980224303e-03,-9.846974926538567541e-01
9.022556390977443108e-01,2.856817761918608103e-02,1.000041922771772139e-02,-7.066988986758003799e-01,-9.486382153693091041e-03,2.957000338173320850e-02,-2.040423550190540933e-02,-4.791076686610971219e-02,4.500620182968459448e-02,-3.722418715679468026e-02,-1.666767568908275876e-01,-5.710526446972554598e-02,-1.621072662162210964e-02,-4.791076686610971219e-03,4.500620182968459275e-03,-9.847224187156795594e-01
9.172932330827067160e-01,2.842001324238310062e-02,1.045013604373089440e-02,-7.070099471067546881e-01,-1.022583293962873140e-02,3.024002946125819297e-02,-2.096580300479144662e-02,-5.044554606539303210e-02,4.408693671201924930e-02,-3.746246718884089361e-02,-1.704103166992412544e-01,-6.521704866454142158e-02,-1.548313487701469954e-02,-5.044554606539303730e-03,4.408693671201924756e-03,-9.847462467188842217e-01
9.323308270676691212e-01,2.826044062938701251e-02,1.090981985291375467e-02,-7.073294666912393058e-01,-1.100381366527375393e-02,3.089530064993404462e-02,-2.153087159845048712e-02,-5.303462121819235708e-02,4.304285381379140130e-02,-3.768984534858459828e-02,-1.738934327072498565e-01,-7.370687740878725802e-02,-1.476077760538917379e-02,-5.303462121819236229e-03,4.304285381379140650e-03,-9.847689845348585047e-01
9.473684210526315264e-01,2.808887438964581193e-02,1.137923444980849796e-02,-7.076575088475863806e-01,-1.182111141464101123e-02,3.153389706881069149e-02,-2.209927793678685692e-02,-5.567401001005571615e-02,4.186823390696184366e-02,-3.790640034990522961e-02,-1.770971453591867195e-01,-8.257909318084052930e-02,-1.404365480674676231e-02,-5.567401001005571962e-03,4.186823390696184713e-03,-9.847906400349906164e-01
9.624060150375939315e-01,2.790471776359868677e-02,1.185811410969028583e-02,-7.079941225466955812e-01,-1.267845006794344337e-02,3.215381239704967475e-02,-2.267085985737223031e-02,-5.835928566711028054e-02,4.055730302382966335e-02,-3.811221090668224371e-02,-1.799913050518052449e-01,-9.183661180546849601e-02,-1.333176648108746684e-02,-5.835928566711028574e-03,4.055730302382966335e-03,-9.848112210906683206e-01
9.774436090225563367e-01,2.770736362403252578e-02,1.234616228332760177e-02,-7.083393543298334150e-01,-1.357648348442304538e-02,3.275295321511399738e-02,-2.324545638144564011e-02,-6.108555926211055309e-02,3.910425491799872366e-02,-3.830735573279507589e-02,-1.825446004592448934e-01,-1.014807878403396479e-01,-1.262511262841046512e-02,-6.108555926211055656e-03,3.910425491799872887e-03,-9.848307355732796031e-01
9.924812030075187419e-01,2.749619558193549737e-02,1.284305028448203337e-02,-7.086932483264329896e-01,-1.451578842266012213e-02,3.332913870107150067e-02,-2.382290771391350551e-02,-6.384746251715006649e-02,3.750327557617397223e-02,-3.849191354212316146e-02,-1.847245963832138405e-01,-1.115112765041375853e-01,-1.192369324871616829e-02,-6.384746251715006649e-03,3.750327557617397483e-03,-9.848491913542124498e-01
1.007518796992481036e+00,2.727058920073368448e-02,1.334841597569134779e-02,-7.090558462718934418e-01,-1.549685720693539000e-02,3.388010071122450617e-02,-2.440305524334956955e-02,-6.663913125163828388e-02,3.574856982923272503e-02,-3.866596304854594268e-02,-1.864977818415996247e-01,-1.219258926315507918e-01,-1.122750834200519042e-02,-6.663913125163828562e-03,3.574856982923272676e-03,-9.848665963048547356e-01
1.022556390977443552e+00,2.702991332265062760e-02,1.386186245835410724e-02,-7.094271875253795878e-01,-1.652009015053259797e-02,3.440348427694991246e-02,-2.498574154199495814e-02,-6.945418963484020769e-02,3.383439010318350926e-02,-3.882958296594286873e-02,-1.878296291039234234e-01,-1.327204672120676499e-01,-1.053655790827671274e-02,-6.945418963484020942e-03,3.383439010318351012e-03,-9.848829582965943352e-01
1.037593984962406068e+00,2.677353151074762794e-02,1.438295677361781273e-02,-7.098073090876210189e-01,-1.758578774934427963e-02,3.489684855017839010e-02,-2.557081036575815577e-02,-7.228573541285615578e-02,3.175506734169096512e-02,-3.898285200819336105e-02,-1.886846643714269744e-01,-1.438887021445779124e-01,-9.850841947530733500e-03,-7.228573541285615578e-03,3.175506734169096859e-03,-9.848982852008194566e-01
1.052631578947368363e+00,2.650080360998189125e-02,1.491122862106361059e-02,-7.101962456187118633e-01,-1.869414266177659226e-02,3.535766823034355855e-02,-2.615810665421497774e-02,-7.512632629029350473e-02,2.950504412175617222e-02,-3.912584888917687576e-02,-1.890265507825736047e-01,-1.554220239179781304e-01,-9.170360459767870273e-03,-7.512632629029351167e-03,2.950504412175617482e-03,-9.849125848889177526e-01
1.067669172932330657e+00,2.621108743035856226e-02,1.544616910267607168e-02,-7.105940294559105475e-01,-1.984523149373543585e-02,3.578333550587341205e-02,-2.674747653060864302e-02,-7.796796765694832820e-02,2.707890997285749765e-02,-3.925865232277284123e-02,-1.888181844008220700e-01,-1.673094370088572536e-01,-8.495113444988326018e-03,-7.796796765694832994e-03,2.707890997285749765e-03,-9.849258652322774310e-01
1.082706766917293173e+00,2.590374055494816530e-02,1.598722950008464941e-02,-7.110006906314388919e-01,-2.103900641041127687e-02,3.617116254335842745e-02,-2.733876730184971182e-02,-8.080210185946549994e-02,2.447143889733947170e-02,-3.938134102286073440e-02,-1.880218038101436895e-01,-1.795373778704985046e-01,-7.825100903191075513e-03,-8.080210185946550688e-03,2.447143889733947256e-03,-9.849381341022861447e-01
1.097744360902255689e+00,2.557812227519150675e-02,1.653382009356108365e-02,-7.114162568902817618e-01,-2.227528659965655883e-02,3.651838455739570694e-02,-2.793182745851610638e-02,-8.361959922706679871e-02,2.167762907605193939e-02,-3.949399370331994202e-02,-1.865991139043600144e-01,-1.920895704723379616e-01,-7.160322834376120493e-03,-8.361959922706680565e-03,2.167762907605193853e-03,-9.849493993703321015e-01
1.112781954887217983e+00,2.523359565551728731e-02,1.708530903175077553e-02,-7.118407537079868286e-01,-2.355374961495829839e-02,3.682216349375613124e-02,-2.852650667485307975e-02,-8.641075106889954671e-02,1.869274472817517713e-02,-3.959668907802994103e-02,-1.845114244084683497e-01,-2.049468844350845753e-01,-6.500779238545100272e-03,-8.641075106889955018e-03,1.869274472817517756e-03,-9.849596689078030654e-01
1.127819548872180277e+00,2.486952972885170601e-02,1.764102126160282946e-02,-7.122742043084634433e-01,-2.487392262933860176e-02,3.707959235793315683e-02,-2.912265580877327828e-02,-8.916526486823503350e-02,1.551236007779641796e-02,-3.968950586087017368e-02,-1.817198036131925376e-01,-2.180871968932351079e-01,-5.846470115695758842e-03,-8.916526486823504391e-03,1.551236007779641839e-03,-9.849689505860871330e-01
1.142857142857142794e+00,2.448530182410236719e-02,1.820023752843985196e-02,-7.127166296817830649e-01,-2.623517363495487392e-02,3.728770022028694842e-02,-2.972012690185673114e-02,-9.187226190549543925e-02,1.213240536213740922e-02,-3.977252276572004058e-02,-1.781852477376307253e-01,-2.314852593029508299e-01,-5.197395465829327856e-03,-9.187226190549544619e-03,1.213240536213740922e-03,-9.849772522765720684e-01
1.157894736842105310e+00,2.408030002614960224e-02,1.876219345656953211e-02,-7.131680486019777998e-01,-2.763670262670373315e-02,3.744345792787795446e-02,-3.031877317935078101e-02,-9.452027754776529123e-02,8.549214797374062036e-03,-3.984581850645902562e-02,-1.738688662585470834e-01,-2.451125704984815079e-01,-4.553555288946419671e-03,-9.452027754776529470e-03,8.549214797374062903e-04,-9.849845818506459683e-01
1.172932330827067604e+00,2.365392576827506782e-02,1.932607872128268636e-02,-7.136284776448406086e-01,-2.907753281174214194e-02,3.754378455166966500e-02,-3.091844905017012909e-02,-9.709726444689834035e-02,4.759576397763136402e-03,-3.990947179696655023e-02,-1.687320834583414253e-01,-2.589372573834335389e-01,-3.914949585045807839e-03,-9.709726444689835423e-03,4.759576397763136835e-04,-9.849909471796967075e-01
1.187969924812029898e+00,2.320559655629984841e-02,1.989103632350093520e-02,-7.140979312057245121e-01,-3.055650189050453450e-02,3.758555459605177063e-02,-3.151901010689687338e-02,-9.959059889140212118e-02,7.607835223388953461e-04,-3.996356135112205665e-02,-1.627368563466157769e-01,-2.729239647233709376e-01,-3.281578354128309415e-03,-9.959059889140212118e-03,7.607835223388954274e-05,-9.849963561351122721e-01
1.203007518796992414e+00,2.273474882299112571e-02,2.045616197872726985e-02,-7.145764215173422418e-01,-3.207225345849478576e-02,3.756560599557588753e-02,-3.212031312578044612e-02,-1.019870905588146637e-01,-3.449311999188339750e-03,-4.000816588280499408e-02,-1.558459090023286420e-01,-2.870337555823795350e-01,-2.653441596193515870e-03,-1.019870905588146637e-02,-3.449311999188340184e-04,-9.850008165882806477e-01
1.218045112781954931e+00,2.224084091052744641e-02,2.102050363230974564e-02,-7.150639586675655579e-01,-3.362322858184390445e-02,3.748074892138769654e-02,-3.272221606673766936e-02,-1.042729959151161012e-01,-7.872245333439054082e-03,-4.004336410589479089e-02,-1.480229832646847155e-01,-3.012240240171647487e-01,-2.030539311241222073e-03,-1.042729959151161151e-02,-7.872245333439054950e-04,-9.850043364105895982e-01
1.233082706766917225e+00,2.172335617798788407e-02,2.158306111334613170e-02,-7.155605506172251218e-01,-3.520765760331788508e-02,3.732777541706595870e-02,-3.332457807335265781e-02,-1.064340355056724585e-01,-1.250888290014202237e-02,-4.006923473427089627e-02,-1.392331055710080701e-01,-3.154484217068533880e-01,-1.412871499271837637e-03,-1.064340355056724724e-02,-1.250888290014202237e-03,-9.850069234734272206e-01
1.248120300751879519e+00,2.118180622995067403e-02,2.214278593983033325e-02,-7.160662032179092584e-01,-3.682355223910931813e-02,3.710346988042717564e-02,-3.392725947287696109e-02,-1.084554153781315117e-01,-1.735936564122207010e-02,-4.008585648181274552e-02,-1.294428695990002542e-01,-3.296568002536305331e-01,-8.004381602853626694e-04,-1.084554153781315186e-02,-1.735936564122207053e-03,-9.850085856481813895e-01
1.263157894736842035e+00,2.061573426135257514e-02,2.269858128786453669e-02,-7.165809202297646063e-01,-3.846869803031684881e-02,3.680462040430954734e-02,-3.453012177622945961e-02,-1.103218528714102753e-01,-2.242305155120190296e-02,-4.009330806239977396e-02,-1.186207342191192698e-01,-3.437951709373449072e-01,-1.932392942807719489e-04,-1.103218528714102788e-02,-2.242305155120190557e-03,-9.850093308062400910e-01
1.278195488721804551e+00,2.002471851277301193e-02,2.324930213792734610e-02,-7.171047033392944359e-01,-4.014064721647599837e-02,3.642803098540251666e-02,-3.513302767799639237e-02,-1.120176069962758036e-01,-2.769845774503519598e-02,-4.009166818991141690e-02,-1.067373361006236920e-01,-3.578056837449314354e-01,4.087250987400888329e-04,-1.120176069962758141e-02,-2.769845774503519858e-03,-9.850091668189911998e-01
1.293233082706766846e+00,1.940837582926901658e-02,2.379375561129245392e-02,-7.176375521771590771e-01,-4.183671210181529737e-02,3.597053460582929491e-02,-3.573584105643132919e-02,-1.135265136218654991e-01,-3.318320236707897330e-02,-4.008101557822714434e-02,-9.376581614250481533e-02,-3.716266275215207582e-01,1.005455018777424861e-03,-1.135265136218654991e-02,-3.318320236707897677e-03,-9.850081015578228127e-01
1.308270676691729140e+00,1.876636531480047748e-02,2.433070150972761747e-02,-7.181794643359747932e-01,-4.355395898803412352e-02,3.542900718741281291e-02,-3.633842697345525397e-02,-1.148320256686752860e-01,-3.887394667280072436e-02,-4.006142894122637771e-02,-7.968215871872330602e-02,-3.851924531029507492e-01,1.596950465832876588e-03,-1.148320256686752999e-02,-3.887394667280072522e-03,-9.850061428941226938e-01
1.323308270676691656e+00,1.809839207315354706e-02,2.485885307156408125e-02,-7.187304353881136532e-01,-4.528920275029260645e-02,3.480038241335950411e-02,-3.694065167465649530e-02,-1.159172584919237470e-01,-4.476633764278608457e-02,-4.003298699278855927e-02,-6.446554253650355060e-02,-3.984338212877284180e-01,2.183211439905624086e-03,-1.159172584919237504e-02,-4.476633764278608978e-03,-9.850032986992789397e-01
1.338345864661654172e+00,1.740421102509637566e-02,2.537687795710602892e-02,-7.192904589035031826e-01,-4.703900213572705102e-02,3.408166740647786130e-02,-3.754238258929072647e-02,-1.167650406196524965e-01,-5.085495151644414680e-02,-3.999576844679312432e-02,-4.809870170784749654e-02,-4.112776774888133313e-01,2.764237940995872053e-03,-1.167650406196524965e-02,-5.085495151644414680e-03,-9.849995768446794253e-01
1.353383458646616466e+00,1.668363079029138232e-02,2.588339947614065606e-02,-7.198595264674252370e-01,-4.879965586610893191e-02,3.326995924701711682e-02,-3.814348833028096547e-02,-1.173579699873376903e-01,-5.713323866023892195e-02,-3.994985201711950817e-02,-3.056829542903841124e-02,-4.236473548704700609e-01,3.340029969102595048e-03,-1.173579699873376903e-02,-5.713323866023892542e-03,-9.849949852017120255e-01
1.368421052631578760e+00,1.593651762124525043e-02,2.637699807000777955e-02,-7.204376276983160965e-01,-5.056719962820927644e-02,3.236246230677039537e-02,-3.874383869421762355e-02,-1.176784757850661001e-01,-6.359347021204297956e-02,-3.989531641764718084e-02,-1.186528445182122304e-02,-4.354627077215714737e-01,3.910587524227023860e-03,-1.176784757850661035e-02,-6.359347021204298303e-03,-9.849895316417648372e-01
1.383458646616541277e+00,1.516279937531004110e-02,2.685621306028499952e-02,-7.210247502655657836e-01,-5.233740403696027915e-02,3.135650636925157997e-02,-3.934330466135847748e-02,-1.177088860044036844e-01,-7.022668696901190888e-02,-3.983224036225554293e-02,8.014687685243826465e-03,-4.466402767426866927e-01,4.475910606368748226e-03,-1.177088860044036948e-02,-7.022668696901191408e-03,-9.849832240362256242e-01
1.398496240601503793e+00,1.436246950945952588e-02,2.731954467563752278e-02,-7.216208799073177138e-01,-5.410577365758016677e-02,3.024956549853909799e-02,-3.994175839562862790e-02,-1.174315007398989141e-01,-7.702265101091647359e-02,-3.976070256482406445e-02,2.907091091461674881e-02,-4.570934878289428238e-01,5.035999215526948056e-03,-1.174315007398989141e-02,-7.702265101091647879e-03,-9.849760702564824832e-01
1.413533834586466087e+00,1.353559108126514005e-02,2.776545636776209247e-02,-7.222260004482677909e-01,-5.586754717338975745e-02,2.903927761180889050e-02,-4.053907324462055484e-02,-1.168286712646959963e-01,-8.396980057379790918e-02,-3.968078173923217378e-02,5.129722485471457927e-02,-4.667328858127230973e-01,5.590853351702647703e-03,-1.168286712646959997e-02,-8.396980057379791959e-03,-9.849680781739232893e-01
1.428571428571428381e+00,1.268230073819040515e-02,2.819237742661931390e-02,-7.228400938174642798e-01,-5.761769878605511874e-02,2.772346470267531005e-02,-4.113512373959408303e-02,-1.158828848609826934e-01,-9.105520870979436077e-02,-3.959255659935932009e-02,7.468163766723273644e-02,-4.754664044888008423e-01,6.140473014895848035e-03,-1.158828848609826968e-02,-9.105520870979436771e-03,-9.849592556599360282e-01
1.443609022556390897e+00,1.180281267602243181e-02,2.859870590429225770e-02,-7.234631400661074574e-01,-5.935094093438930685e-02,2.630015365425755064e-02,-4.172978559547646515e-02,-1.145768553440041915e-01,-9.826454628766102817e-02,-3.949610585908493177e-02,9.920595045613542218e-02,-4.831996740786362876e-01,6.684858205106344355e-03,-1.145768553440042019e-02,-9.826454628766103511e-03,-9.849496105859085748e-01
1.458646616541353414e+00,1.089742254597240480e-02,2.898281185582708003e-02,-7.240951173853485967e-01,-6.106172841658839834e-02,2.476759757242668822e-02,-4.232293571086220840e-02,-1.128936191732003158e-01,-1.055820499044917427e-01,-3.939150823228845799e-02,1.248453903158182887e-01,-4.898363670994708152e-01,7.224008922333725533e-03,-1.128936191732003193e-02,-1.055820499044917565e-02,-9.849391508232289150e-01
1.473684210526315708e+00,9.966511288714254707e-03,2.934304090430096476e-02,-7.247360021240898398e-01,-6.274426399881903593e-02,2.312429756100799552e-02,-4.291445216801324097e-02,-1.108166369957795522e-01,-1.129904952920811612e-01,-3.927884243284932714e-02,1.515682553359606055e-01,-4.952785833871392596e-01,7.757925166577787739e-03,-1.108166369957795661e-02,-1.129904952920811681e-02,-9.849278842432850345e-01
1.488721804511278002e+00,9.010548872403548876e-03,2.967771813611966986e-02,-7.253857688067837373e-01,-6.439250559036539812e-02,2.136902485186394432e-02,-4.350421423285884964e-02,-1.083299004168690738e-01,-1.204711768108280012e-01,-3.915818717464701615e-02,1.793355750596167530e-01,-4.994272747787554811e-01,8.286606937840170287e-03,-1.083299004168690807e-02,-1.204711768108280082e-02,-9.849158187174648083e-01
1.503759398496240518e+00,8.030097910537714601e-03,2.998515233117042891e-02,-7.260443901512325660e-01,-6.600017506204698681e-02,1.950084319382051901e-02,-4.409210235499569364e-02,-1.054180437364620471e-01,-1.280038936297065444e-01,-3.902962117156090482e-02,2.081007900664044730e-01,-5.021827096926423373e-01,8.810054236119848822e-03,-1.054180437364620609e-02,-1.280038936297065583e-02,-9.849029621171562221e-01
1.518796992481203034e+00,7.025817134396447269e-03,3.026364053094406786e-02,-7.267118370863880905e-01,-6.756076878029070032e-02,1.751913139538242500e-02,-4.467799816768772830e-02,-1.020664603369543511e-01,-1.355669431922201518e-01,-3.889322313747048399e-02,2.378094545112919844e-01,-5.034449775482431333e-01,9.328267061416206651e-03,-1.020664603369543511e-02,-1.355669431922201622e-02,-9.848893223137471509e-01
1.533834586466165328e+00,5.998464693750677791e-03,3.051147294609259444e-02,-7.273880787701506589e-01,-6.906756992404698703e-02,1.542360590718017122e-02,-4.526178448786636471e-02,-9.826142334638768294e-02,-1.431371225650157342e-01,-3.874907178625515425e-02,2.683989655883477488e-01,-5.031145326487354019e-01,9.841245413729040811e-03,-9.826142334638769335e-03,-1.431371225650157446e-02,-9.848749071786255804e-01
1.548872180451127623e+00,4.948901258563001213e-03,3.072693820310624241e-02,-7.280730826071691864e-01,-7.051366264564909447e-02,1.321434332117499971e-02,-4.584334531613026842e-02,-9.399021014192544821e-02,-1.506897382575986821e-01,-3.859724583179442031e-02,2.997983240048502362e-01,-5.010927768045437825e-01,1.034898929305937479e-02,-9.399021014192545168e-03,-1.506897382575986960e-02,-9.848597245831794966e-01
1.563909774436090139e+00,3.878092893534944036e-03,3.090832892787852976e-02,-7.287668142666403615e-01,-7.189194812970042814e-02,1.089180265489383265e-02,-4.642256583674555376e-02,-8.924123019594100426e-02,-1.581986250880046962e-01,-3.843782398796765504e-02,3.319279296412017133e-01,-4.972826796080253020e-01,1.085149869940823554e-02,-8.924123019594101466e-03,-1.581986250880047101e-02,-9.848437823987968853e-01
1.578947368421052655e+00,2.787113676601978788e-03,3.105394766188283515e-02,-7.294692377001080752e-01,-7.319516259611748288e-02,8.456847280459922622e-03,-4.699933241764565200e-02,-8.400415570381360164e-02,-1.656361746499834808e-01,-3.827088496865432149e-02,3.646994166328865195e-01,-4.915894348797822389e-01,1.134877363277295506e-02,-8.400415570381359817e-03,-1.656361746499834808e-02,-9.848270884968655103e-01
1.593984962406014949e+00,1.677148031849103917e-03,3.116211310451325392e-02,-7.301803151592634045e-01,-7.441589728454067743e-02,5.910766350012670346e-03,-4.757353261043135301e-02,-7.827005436856596110e-02,-1.729733739119527491e-01,-3.809650748773388274e-02,3.980155321392424561e-01,-4.839211513972369594e-01,1.184081409315558553e-02,-7.827005436856595763e-03,-1.729733739119527700e-02,-9.848096507487734685e-01
1.609022556390977243e+00,5.494927468338184785e-04,3.123116667285192119e-02,-7.309000072137435966e-01,-7.554662044744654692e-02,3.255295561367018038e-03,-4.814505515037083988e-02,-7.203152365335606377e-02,-1.801798544463668050e-01,-3.791477025908573245e-02,4.317700630567274933e-01,-4.741895755885128794e-01,1.232762008055551285e-02,-7.203152365335606377e-03,-1.801798544463668189e-02,-9.847914770259086348e-01
1.624060150375939759e+00,-5.944413560280849664e-04,3.125947936772194291e-02,-7.316282727689318310e-01,-7.657970136845419773e-02,4.926371005414232566e-04,-4.871378995639960574e-02,-6.528282574909731462e-02,-1.872239527499952316e-01,-3.772575199658935452e-02,4.658478148890158321e-01,-4.623108434319793680e-01,1.280919159497191477e-02,-6.528282574909731635e-03,-1.872239527499952247e-02,-9.847725751996589949e-01
1.639097744360902276e+00,-1.753128124518343184e-03,3.124545893237788696e-02,-7.323650690837567589e-01,-7.750743641052633415e-02,-2.374521408810776127e-03,-4.927962813112055779e-02,-5.802002244174046808e-02,-1.940727820707041917e-01,-3.752953141412417037e-02,5.001246468994260397e-01,-4.482062583470592942e-01,1.328552863640520068e-02,-5.802002244174046981e-03,-1.940727820707041987e-02,-9.847529531414125348e-01
1.654135338345864570e+00,-2.924925188594904978e-03,3.118755728758499865e-02,-7.331103517884919318e-01,-7.832207708604030372e-02,-5.342989124901963149e-03,-4.984246196080390628e-02,-5.024110900263710489e-02,-2.006923161045153226e-01,-3.732618722556965002e-02,5.344675675404287896e-01,-4.318030913985255737e-01,1.375663120485680867e-02,-5.024110900263710836e-03,-2.006923161045153295e-02,-9.847326187225570182e-01
1.669172932330826864e+00,-4.108073509552076161e-03,3.108427822415470165e-02,-7.338640749025551191e-01,-7.901586012707768891e-02,-8.409055557113553556e-03,-5.040218491538726170e-02,-4.194614616660694018e-02,-2.070474848679010882e-01,-3.711579814480517325e-02,5.687348939778198442e-01,-4.130353996683620021e-01,1.422249930032612117e-02,-4.194614616660694018e-03,-2.070474848679011021e-02,-9.847115798144806531e-01
1.684210526315789380e+00,-5.300697396187751924e-03,3.093418533125275385e-02,-7.346261908523082917e-01,-7.958103951979196566e-02,-1.156847567007338907e-02,-5.095869164847560001e-02,-3.313738920655935616e-02,-2.131022829844008981e-01,-3.689844288571021702e-02,6.027764793014094291e-01,-3.918448581805650810e-01,1.468313292281068008e-02,-3.313738920655935703e-03,-2.131022829844009259e-02,-9.846898442885710923e-01
1.699248120300751896e+00,-6.500805017145477004e-03,3.073591013598980445e-02,-7.353966504888567179e-01,-8.000992045141185061e-02,-1.481645671053363061e-02,-5.151187799734118639e-02,-2.381941306151711540e-02,-2.188198905517490800e-01,-3.667420016216424439e-02,6.364340107379995448e-01,-3.681816002995838000e-01,1.513853207231355934e-02,-2.381941306151711887e-03,-2.188198905517491077e-02,-9.846674200162165436e-01
1.714285714285714191e+00,-7.706289437705969407e-03,3.048816042696134154e-02,-7.361754031058487246e-01,-8.029489510239024019e-02,-1.814764694698373787e-02,-5.206164098292376946e-02,-1.399923242742975166e-02,-2.241628066758863669e-01,-3.644314868804664903e-02,6.695413818545321583e-01,-3.420050610674286173e-01,1.558869674883455424e-02,-1.399923242742975209e-03,-2.241628066758863738e-02,-9.846443148688047708e-01
1.729323308270676485e+00,-8.914930208162780145e-03,3.018972873154096570e-02,-7.369623964572749042e-01,-8.042848019948242722e-02,-2.155612651258895923e-02,-5.260787880983036624e-02,-3.686415678028513720e-03,-2.290929956716473981e-01,-3.620536717723689402e-02,7.019251413587814792e-01,-3.132848175030218951e-01,1.603362695237120494e-02,-3.686415678028514046e-04,-2.290929956716473981e-02,-9.846205367177237600e-01
1.744360902255639001e+00,-1.012439552952087811e-02,2.983950091386860029e-02,-7.377575767752678759e-01,-8.040335622822626649e-02,-2.503540054135000928e-02,-5.315049086633535230e-02,7.106808553040841470e-03,-2.335720458368558961e-01,-3.596093434361443547e-02,7.334050206711703046e-01,-2.820014194657057827e-01,1.647332268292514904e-02,7.106808553040841686e-04,-2.335720458368559238e-02,-9.845960934343614968e-01
1.759398496240601517e+00,-1.133224502059696978e-02,2.943646485763364365e-02,-7.385608887879019369e-01,-8.021240818549292551e-02,-2.857839478523846802e-02,-5.368937772438050343e-02,1.836545332665985575e-02,-2.375613406073265876e-01,-3.570992890105869483e-02,7.637945419543488157e-01,-2.481472042887592488e-01,1.690778394049741520e-02,1.836545332665985662e-03,-2.375613406073266015e-02,-9.845709928901059671e-01
1.774436090225563811e+00,-1.253593310866934867e-02,2.897971919495570536e-02,-7.393722757369920462e-01,-7.984876773459266552e-02,-3.217745389638492631e-02,-5.422444113957494705e-02,3.007168510847829657e-02,-2.410222417953225282e-01,-3.545242956344910046e-02,7.929017077478388575e-01,-2.117270880242555497e-01,1.733701072508533544e-02,3.007168510847829917e-03,-2.410222417953225560e-02,-9.845452429563450458e-01
1.789473684210526105e+00,-1.373281306361925913e-02,2.846848203993486079e-02,-7.401916793958940310e-01,-7.930585660697893335e-02,-3.582434255310307236e-02,-5.475558405119512750e-02,4.220474646705813654e-02,-2.439162845038612137e-01,-3.518851504466515012e-02,8.205297727644728090e-01,-1.727593258137569698e-01,1.776100303669280941e-02,4.220474646705814001e-03,-2.439162845038612276e-02,-9.845188515044666078e-01
1.804511278195488622e+00,-1.492014169302042538e-02,2.790209968280551664e-02,-7.410190400873032379e-01,-7.857743107602666033e-02,-3.951024960154493615e-02,-5.528271058218495182e-02,5.474089099564127814e-02,-2.462053831945127946e-01,-3.491826405858615423e-02,8.464780977654313698e-01,-1.312762336164695065e-01,1.817976087531716564e-02,5.474089099564128334e-03,-2.462053831945128224e-02,-9.844918264058587498e-01
1.819548872180451138e+00,-1.609508471286978312e-02,2.728005519810803789e-02,-7.418542967010550715e-01,-7.765762730981201623e-02,-4.322579537603987027e-02,-5.580572603915553986e-02,6.765333168690570997e-02,-2.478520482676926373e-01,-3.464175531909170075e-02,8.705430847443227371e-01,-8.732486329366034861e-02,1.859328424095615592e-02,6.765333168690571171e-03,-2.478520482676926581e-02,-9.844641755319092358e-01
1.834586466165413432e+00,-1.725472280561045693e-02,2.660197691791734223e-02,-7.426973867119235351e-01,-7.654100739145107413e-02,-4.696104235062020793e-02,-5.632453691238553661e-02,8.091220397307344325e-02,-2.488196123927434722e-01,-3.435906754006115560e-02,8.925191919209503055e-01,-4.096762287164823491e-02,1.900157313361387421e-02,8.091220397307344672e-03,-2.488196123927434791e-02,-9.844359067540061625e-01
1.849624060150375726e+00,-1.839605837378249439e-02,2.586764671896521831e-02,-7.435482461974213253e-01,-7.522260577751778421e-02,-5.070550926183597235e-02,-5.683905087582077909e-02,9.448454461544231187e-02,-2.490724657011710863e-01,-3.407027943537398879e-02,9.122000262764586864e-01,7.717166308448653034e-03,1.940462755328765942e-02,9.448454461544231880e-03,-2.490724657011711071e-02,-9.844070279435375159e-01
1.864661654135338242e+00,-1.951602299405333016e-02,2.507700807049162081e-02,-7.444068098555991497e-01,-7.369797594754773362e-02,-5.444818882868986132e-02,-5.734917678707456695e-02,1.083342875873139211e-01,-2.485762988312942290e-01,-3.377546971890964950e-02,9.293795105584687910e-01,5.863478389215981412e-02,1.980244749997976325e-02,1.083342875873139280e-02,-2.485762988312942290e-02,-9.843775469718910598e-01
1.879699248120300759e+00,-2.061148557253849808e-02,2.423017378788657264e-02,-7.452730110228452665e-01,-7.196323698080465958e-02,-5.817756917936604821e-02,-5.785482468742756540e-02,1.224222780418728340e-01,-2.472983526872791493e-01,-3.347471710454753141e-02,9.438531208526499405e-01,1.116737045746120094e-01,2.019503297369059855e-02,1.224222780418728410e-02,-2.472983526872791701e-02,-9.843474717104548910e-01
1.894736842105263053e+00,-2.167926119823461450e-02,2.332743343566890185e-02,-7.461467816916851348e-01,-7.001511978054981988e-02,-6.188165907639227303e-02,-5.835590580182779125e-02,1.367063053914757409e-01,-2.452076736512729949e-01,-3.316810030616707677e-02,9.554191899629482787e-01,1.667052801290559993e-01,2.058238397441729262e-02,1.367063053914757513e-02,-2.452076736512730226e-02,-9.843168100306167734e-01
1.909774436090225347e+00,-2.271612068706665641e-02,2.236926032211671370e-02,-7.470280525285805107e-01,-6.785101265118685665e-02,-6.554801701198685604e-02,-5.885233253889057131e-02,1.511411564467388946e-01,-2.422753728652917715e-01,-3.285569803764776253e-02,9.638802709729088480e-01,2.235835174154455762e-01,2.096450050216025485e-02,1.511411564467388981e-02,-2.422753728652917923e-02,-9.842855698037649148e-01
1.924812030075187863e+00,-2.371880080451709352e-02,2.135631802694671136e-02,-7.479167528917294305e-01,-6.546900592006386910e-02,-6.916378422364387324e-02,-5.934401849089860487e-02,1.656786894725961745e-01,-2.384748880809746396e-01,-3.253758901286902400e-02,9.690445544832101410e-01,2.821449601065829094e-01,2.134138255692092853e-02,1.656786894725961745e-02,-2.384748880809746396e-02,-9.842537589012869681e-01
1.939849624060150379e+00,-2.468401515007599342e-02,2.028946640286144118e-02,-7.488128108488654178e-01,-6.286793528359396754e-02,-7.271572165656062237e-02,-5.983087843380199833e-02,1.802679299140771685e-01,-2.337822464616121088e-01,-3.221385194571028954e-02,9.707273321440383906e-01,3.422086815016884831e-01,2.171303013869909856e-02,1.802679299140771615e-02,-2.337822464616121088e-02,-9.842213851945711411e-01
1.954887218045112673e+00,-2.560846568185459055e-02,1.916976699156866873e-02,-7.497161531950571334e-01,-6.004742354689956291e-02,-7.619025087440546573e-02,-6.031282832721820281e-02,1.948551884270385282e-01,-2.281763266133697288e-01,-3.188456555005100834e-02,9.687524982341995106e-01,4.035763953364376322e-01,2.207944324749518128e-02,1.948551884270385490e-02,-2.281763266133697565e-02,-9.841884565550051978e-01
1.969924812030074968e+00,-2.648885485466161496e-02,1.799848779505557744e-02,-7.506267054705078046e-01,-5.700792041760419093e-02,-7.957349889324466519e-02,-6.078978531443200023e-02,2.093842017186277882e-01,-2.216391180228078350e-01,-3.154980853977058797e-02,9.629540801914933112e-01,4.660326909424920561e-01,2.244062188330773686e-02,2.093842017186278021e-02,-2.216391180228078489e-02,-9.841549808539771238e-01
1.984962406015037484e+00,-2.732189833968821577e-02,1.677710734348633603e-02,-7.515443919783547644e-01,-5.375074000785803885e-02,-8.285134688534800951e-02,-6.126166772239555192e-02,2.237962965593104925e-01,-2.141559759870279023e-01,-3.120965962874851576e-02,9.531777881808192188e-01,5.293453984580108740e-01,2.279656604613759449e-02,2.237962965593105064e-02,-2.141559759870279023e-02,-9.841209659628749051e-01
2.000000000000000000e+00,-2.810433828870907355e-02,1.550731800211433732e-02,-7.524691358024691024e-01,-5.027809569439840170e-02,-8.600948267019178917e-02,-6.172839506172839164e-02,2.380305771732913467e-01,-2.057158700425524289e-01,-3.086419753086419235e-02,9.392825730080904822e-01,5.932660890433055778e-01,2.314727573598412275e-02,2.380305771732913606e-02,-2.057158700425524428e-02,-9.840864197530865276e-01
2.015037593984962072e+00,-2.883295710042495588e-02,1.419102846107022677e-02,-7.534008588252548710e-01,-4.659313198456802724e-02,-8.903345687947016029e-02,-6.218988802671735622e-02,2.520241360478454595e-01,-1.963116238307422157e-01,-3.051350095999711548e-02,9.211421809599757982e-01,6.575307142144508621e-01,2.349275095284774836e-02,2.520241360478454873e-02,-1.963116238307422226e-02,-9.840513500959997550e-01
2.030075187969924588e+00,-2.950459164127865186e-02,1.283036535382563875e-02,-7.543394817454488477e-01,-4.269995303692700195e-02,-9.190874265148164801e-02,-6.264606849531674515e-02,2.657122880252441033e-01,-1.859401442826269790e-01,-3.015764863002666496e-02,8.986466934825281250e-01,7.218603874744247140e-01,2.383299169672949136e-02,2.657122880252441033e-02,-1.859401442826269860e-02,-9.840157648630027953e-01
2.045112781954887105e+00,-3.011614786781566244e-02,1.142767395254767893e-02,-7.552849240959199628e-01,-3.860364748852909700e-02,-9.462079867809984612e-02,-6.309685952914811935e-02,2.790288273546275288e-01,-1.746026379657705518e-01,-2.979671925483231773e-02,8.717040390166825858e-01,7.859623104000448279e-01,2.416799796762954602e-02,2.790288273546275358e-02,-1.746026379657705449e-02,-9.839796719254833013e-01
2.060150375939849621e+00,-3.066461579247237168e-02,9.985517891462776172e-03,-7.562371042614686178e-01,-3.431030924724145365e-02,-9.715513539489460670e-02,-6.354218537350046769e-02,2.919063071865166115e-01,-1.623048124115462065e-01,-2.943079154829344665e-02,8.402414637962436483e-01,8.495308442385255399e-01,2.449776976554546987e-02,2.919063071865166115e-02,-1.623048124115462204e-02,-9.839430791548294808e-01
2.075187969924812137e+00,-3.114708472960343866e-02,8.506677872745126850e-03,-7.571959394966267798e-01,-2.982705391677318782e-02,-9.949738407208524871e-02,-6.398197145733007518e-02,3.042763407909585549e-01,-1.490570602341408646e-01,-2.905994422428959806e-02,8.042069479947486776e-01,9.122487268858689990e-01,2.482230709047724901e-02,3.042763407909585688e-02,-1.490570602341408785e-02,-9.839059944224290977e-01
2.090225563909774209e+00,-3.156075875365117744e-02,6.994149313337109583e-03,-7.581613459434567437e-01,-2.516203053444679080e-02,-1.016333685311566759e-01,-6.441614439326064090e-02,3.160699235730760615e-01,-1.348746238638640071e-01,-2.868425599670014481e-02,7.635705532916889915e-01,9.737884338680894425e-01,2.514160994242817249e-02,3.160699235730760753e-02,-1.348746238638640071e-02,-9.838684255996701378e-01
2.105263157894736725e+00,-3.190297229666205076e-02,5.451138895489109418e-03,-7.591332386493511164e-01,-2.032442831724797644e-02,-1.035491791794333899e-01,-6.484463197758319475e-02,3.272177747486587074e-01,-1.197777387478419497e-01,-2.830380557940453956e-02,7.183256877255217443e-01,1.033813680634160237e+00,2.545567832139495126e-02,3.272177747486586935e-02,-1.197777387478419532e-02,-9.838303805579405870e-01
2.120300751879699241e+00,-3.217120580791204415e-02,3.881059988678662448e-03,-7.601115315848321341e-01,-1.532447813040914084e-02,-1.052312490229728864e-01,-6.526736319025611133e-02,3.376506973291332203e-01,-1.037917529218779916e-01,-2.791867168628225232e-02,6.684902736198818918e-01,1.091981062106341271e+00,2.576451222738005559e-02,3.376506973291332203e-02,-1.037917529218779916e-02,-9.837918671686283201e-01
2.135338345864661314e+00,-3.236310139426783195e-02,2.287526915906888322e-03,-7.610961376613514240e-01,-1.017344841468636150e-02,-1.066664312871324627e-01,-6.568426819490520707e-02,3.472999548517233803e-01,-8.694722092869903995e-02,-2.752893303121265942e-02,6.141078044181242923e-01,1.147941824030294988e+00,2.606811166038204564e-02,3.472999548517233942e-02,-8.694722092869904689e-03,-9.837528933031213230e-01
2.150375939849623830e+00,-3.247647835612730433e-02,6.743480431712195987e-04,-7.620869687490889888e-01,-4.883635333613029449e-03,-1.078420782443841319e-01,-6.609527833882357373e-02,3.560976630788183495e-01,-6.927997015062596631e-02,-2.713466832807527596e-02,5.552482764473950505e-01,1.201343759236601860e+00,2.636647662039968282e-02,3.560976630788183911e-02,-6.927997015062596978e-03,-9.837134668328075815e-01
2.165413533834586346e+00,-3.250934853040212541e-02,-9.544823228501250929e-04,-7.630839356947535235e-01,5.316530697083445521e-04,-1.087461208207349955e-01,-6.650032615297167549e-02,3.639771946826586002e-01,-5.083113773915662326e-02,-2.673595629074950950e-02,4.920089819625480532e-01,1.251833220479852793e+00,2.665960710743688067e-02,3.639771946826585863e-02,-5.083113773915662673e-03,-9.836735956290750815e-01
2.180451127819548862e+00,-3.245993134907258770e-02,-2.594793237222574236e-03,-7.640869483393808448e-01,6.058118885363146869e-03,-1.093671485257749765e-01,-6.689934535197739063e-02,3.708735947295861424e-01,-3.164717646012299435e-02,-2.633287563311476759e-02,4.245151502971802326e-01,1.299057240075931041e+00,2.694750312149218896e-02,3.708735947295861701e-02,-3.164717646012299695e-03,-9.836332875633115869e-01
2.195488721804511378e+00,-3.232666851940643044e-02,-4.242247620580492581e-03,-7.650959155361347630e-01,1.168050266367328532e-02,-1.096944892272512379e-01,-6.729227083413592825e-02,3.767240045845514640e-01,-1.177982793095489616e-02,-2.592550506905049595e-02,3.529204245774003601e-01,1.342665745127421095e+00,2.723016466256151374e-02,3.767240045845515056e-02,-1.177982793095489616e-03,-9.835925505069051944e-01
2.210526315789473450e+00,-3.210823823003267075e-02,-5.892353958276105516e-03,-7.661107451681050673e-01,1.738261816411423161e-02,-1.097182882694796024e-01,-6.767903868140975887e-02,3.814680916736158944e-01,8.713938094279220781e-03,-2.551392331243622358e-02,2.774071622352287658e-01,1.382313855726938545e+00,2.750759173064915714e-02,3.814680916736159361e-02,8.713938094279220781e-04,-9.835513923312436679e-01
2.225563909774435967e+00,-3.180356878574019941e-02,-7.540479181101769103e-03,-7.671313441661083976e-01,2.314739359385359699e-02,-1.094295864161656390e-01,-6.805958615942887813e-02,3.850484823721398997e-01,2.977201953652287847e-02,-2.509820907715127475e-02,1.981865484930500076e-01,1.417664252174928974e+00,2.777978432575451198e-02,3.850484823721399275e-02,2.977201953652287847e-03,-9.835098209077152154e-01
2.240601503759398483e+00,-3.141185157316669918e-02,-9.181862705902134325e-03,-7.681576185264868961e-01,2.895691936138873948e-02,-1.088203960826238936e-01,-6.843385171749054308e-02,3.874111951314754276e-01,5.132731382476621307e-02,-2.467844107707518886e-02,1.154985130768121371e-01,1.448389595958934351e+00,2.804674244787510456e-02,3.874111951314754276e-02,5.132731382476621307e-03,-9.834678441077076005e-01
2.255639097744360555e+00,-3.093255325949255397e-02,-1.081163160625102891e-02,-7.691894733289078578e-01,3.479250232628623013e-02,-1.078837753102536295e-01,-6.880177498855938323e-02,3.885060708195983703e-01,7.330788643658116277e-02,-2.425469802608735959e-02,2.961144165019491403e-02,1.474174988032142419e+00,2.830846609701627437e-02,3.885060708195983703e-02,7.330788643658116797e-03,-9.834254698026088093e-01
2.270676691729323071e+00,-3.036542712688607495e-02,-1.242481687507456488e-02,-7.702268127541637144e-01,4.063472647964063572e-02,-1.066138989277116284e-01,-6.916329678926745606e-02,3.882871971333491379e-01,9.563717657625417368e-02,-2.382705863806718061e-02,-5.917832516051302338e-02,1.494720446817098924e+00,2.856495527317474623e-02,3.882871971333491656e-02,9.563717657625418755e-03,-9.833827058638068275e-01
2.285714285714285587e+00,-2.971052344678951421e-02,-1.401637073270592219e-02,-7.712695401019709074e-01,4.646351994185536627e-02,-1.050061263387841587e-01,-6.951835911991402495e-02,3.867133238439456333e-01,1.182342401486479455e-01,-2.339560162689413580e-02,-1.505472107675450699e-01,1.509743387362628475e+00,2.881620997634866052e-02,3.867133238439456749e-02,1.182342401486479594e-02,-9.833395601626895299e-01
2.300751879699248104e+00,-2.896819880020845561e-02,-1.558118492543263296e-02,-7.723175578087699833e-01,5.225822811509028831e-02,-1.030570653767138439e-01,-6.986690516446590615e-02,3.837482655651565100e-01,1.410140299009959297e-01,-2.296040570644767090e-02,-2.441453436254198417e-01,1.518981082214160727e+00,2.906223020653823583e-02,3.837482655651565377e-02,1.410140299009959332e-02,-9.832960405706449025e-01
2.315789473684210620e+00,-2.813912425299108788e-02,-1.711410995119392806e-02,-7.733707674655242448e-01,5.799769277753702434e-02,-1.007646316688872862e-01,-7.020887929055709409e-02,3.793612886867772649e-01,1.638877123068212815e-01,-2.252154959060727324e-02,-3.395977224577170772e-01,1.522193083835405192e+00,2.930301596374551218e-02,3.793612886867772649e-02,1.638877123068212954e-02,-9.832521549590608201e-01
2.330827067669172692e+00,-2.722429229866310529e-02,-1.860997514078756299e-02,-7.744290698355205116e-01,6.366033685603229852e-02,-9.812810296449320235e-02,-7.054422704948908052e-02,3.735274790965355529e-01,1.867630204586237519e-01,-2.207911199325231569e-02,-4.365056060686222095e-01,1.519163587857611297e+00,2.953856724797254696e-02,3.735274790965355945e-02,1.867630204586237519e-02,-9.832079111993253795e-01
2.345864661654135208e+00,-2.622502248572998462e-02,-2.006360951480430990e-02,-7.754923648721673279e-01,6.922425456275291267e-02,-9.514816789114995121e-02,-7.087289517623067414e-02,3.662280873226359534e-01,2.095446419211201006e-01,-2.163317162826223355e-02,-5.344481261536054850e-01,1.509703716044426880e+00,2.976888405921482642e-02,3.662280873226359673e-02,2.095446419211201283e-02,-9.831633171628263446e-01
2.360902255639097724e+00,-2.514296565146161705e-02,-2.146986332861294464e-02,-7.765605517367955013e-01,7.466730653136441354e-02,-9.182696862465740406e-02,-7.119483158941801448e-02,3.574508477681055951e-01,2.321346401776637203e-01,-2.118380720951653154e-02,-6.329841195050590619e-01,1.493653697658404722e+00,2.999396639747480692e-02,3.574508477681056368e-02,2.321346401776637480e-02,-9.831183807209517012e-01
2.375939849624059796e+00,-2.398010669003367359e-02,-2.282363021012416213e-02,-7.776335288164569759e-01,7.996721953840731090e-02,-8.816813697900784119e-02,-7.150998539135459964e-02,3.471902687778377072e-01,2.544329079816004535e-01,-2.073109745089456862e-02,-7.316541739358382035e-01,1.470884927909615225e+00,3.021381426275249887e-02,3.471902687778376934e-02,2.544329079816004535e-02,-9.830731097450895462e-01
2.390977443609022313e+00,-2.273876578949116795e-02,-2.411986978785750357e-02,-7.787111937417248164e-01,8.510169034743246541e-02,-8.417682345157367907e-02,-7.181830686801131403e-02,3.354478903803833623e-01,2.763376506050253534e-01,-2.027512106627585645e-02,-8.299828801371200715e-01,1.441301882366838871e+00,3.042842765504687186e-02,3.354478903803833484e-02,2.763376506050253811e-02,-9.830275121066276434e-01
2.406015037593984829e+00,-2.142159807931003773e-02,-2.535363070007596795e-02,-7.797934434044919705e-01,9.004849316685205329e-02,-7.985971879096374904e-02,-7.211974748902644228e-02,3.222325066795649895e-01,2.977458966625838865e-01,-1.981595676953977481e-02,-9.274812795664385545e-01,1.404843866624101434e+00,3.063780657435874466e-02,3.222325066795649756e-02,2.977458966625838935e-02,-9.829815956769540897e-01
2.421052631578947345e+00,-2.003159163831941605e-02,-2.652007386952807272e-02,-7.808801739757716964e-01,9.478559016820234384e-02,-7.522506769226956769e-02,-7.241425990770557208e-02,3.075603500357779740e-01,3.185540338810998184e-01,-1.935368327456581800e-02,-1.023649496350058197e+00,1.361486581144599750e+00,3.084195102068749972e-02,3.075603500357779879e-02,3.185540338810998601e-02,-9.829353683274566489e-01
2.436090225563909861e+00,-1.857206382138788803e-02,-2.761449592269735881e-02,-7.819712809234965478e-01,9.929124446992614039e-02,-7.028267426621320757e-02,-7.270179796102164971e-02,2.914552343732816908e-01,3.386583668899319499e-01,-1.888837929523338663e-02,-1.117979539102799125e+00,1.311243482053064291e+00,3.104086099403252294e-02,2.914552343732816977e-02,3.386583668899319916e-02,-9.828888379295234179e-01
2.451127819548871933e+00,-1.704665587251282324e-02,-2.863235262748804397e-02,-7.830666590303179131e-01,1.035441349534095001e-01,-6.504389897482149019e-02,-7.298231666961495223e-02,2.739486551770525247e-01,3.579556938256086562e-01,-1.842012354542198194e-02,-1.209958256542084554e+00,1.254166919715973938e+00,3.123453649439546231e-02,2.739486551770525455e-02,3.579556938256086424e-02,-9.828420123545422715e-01
2.466165413533834450e+00,-1.545932580174122668e-02,-2.956928221902525508e-02,-7.841662024114054441e-01,1.075234722432622525e-01,-5.952164677647669294e-02,-7.325577223779318470e-02,2.550798439999901746e-01,3.763438982805784039e-01,-1.794899473901096637e-02,-1.299070428824530055e+00,1.190349038234506995e+00,3.142297752177692499e-02,2.550798439999901746e-02,3.763438982805784178e-02,-9.827948994739011956e-01
2.481203007518796966e+00,-1.381433951363337555e-02,-3.042112847978208426e-02,-7.852698045322470399e-01,1.112091151531732491e-01,-5.373034627723687756e-02,-7.352212205353146623e-02,2.348957755870757780e-01,3.937225528831374555e-01,-1.747507158987982034e-02,-1.384801974686655113e+00,1.119922420472637015e+00,3.160618407617486747e-02,2.348957755870757780e-02,3.937225528831374971e-02,-9.827475071589880651e-01
2.496240601503759038e+00,-1.211626018568663643e-02,-3.118396343762138909e-02,-7.863773582264477202e-01,1.145816868725227505e-01,-4.768591974281811974e-02,-7.378132468847210801e-02,2.134511260356792561e-01,4.099935305769226712e-01,-1.699843281190796182e-02,-1.466643252750039483e+00,1.043060464944228327e+00,3.178415615759092039e-02,2.134511260356792769e-02,4.099935305769226990e-02,-9.826998432811908657e-01
2.511278195488721554e+00,-1.036993590620561255e-02,-3.185410954360114177e-02,-7.874887557135297200e-01,1.176226901476657843e-01,-4.140574388624258112e-02,-7.403333989792487690e-02,1.908081807487005954e-01,4.250616194766988487e-01,-1.651915711897482958e-02,-1.544092433777948692e+00,9.599774827784787190e-01,3.195689376602180859e-02,1.908081807487006093e-02,4.250616194766988765e-02,-9.826519157118975833e-01
2.526315789473684070e+00,-8.580485592448601137e-03,-3.242816119058783420e-02,-7.886038886167313633e-01,1.203146206957854125e-01,-3.490860140940346690e-02,-7.427812862086692614e-02,1.670366912970216444e-01,4.388351370154139897e-01,-1.603732322495993873e-02,-1.616658919267726091e+00,8.709285050588940758e-01,3.212439690147122356e-02,1.670366912970216652e-02,4.388351370154140035e-02,-9.826037323224960929e-01
2.541353383458646586e+00,-6.753283221427337953e-03,-3.290300543388439275e-02,-7.897226479808072686e-01,1.226410780787592636e-01,-2.821462334225395552e-02,-7.451565297994273973e-02,1.422136806872907333e-01,4.512265389682184047e-01,-1.555300984374261355e-02,-1.683866780551627862e+00,7.762087930720409368e-01,3.228666556393957471e-02,1.422136806872907437e-02,4.512265389682184463e-02,-9.825553009843743801e-01
2.556390977443609103e+00,-4.893940417398213484e-03,-3.327584177623912204e-02,-7.908449242898273335e-01,1.245868732598617579e-01,-2.134522229046871902e-02,-7.474587628146411866e-02,1.164231969272645217e-01,4.621530188446736909e-01,-1.506629568920235702e-02,-1.745258191578114459e+00,6.761530463904171784e-01,3.244369975342235174e-02,1.164231969272645252e-02,4.621530188446737464e-02,-9.825066295689203200e-01
2.571428571428571175e+00,-3.008287451763726802e-03,-3.354420088178213660e-02,-7.919706074849764965e-01,1.261381320675725448e-01,-1.432301677069614150e-02,-7.496876301541023635e-02,8.975601519041526144e-02,4.715370930828336471e-01,-1.457725947521863220e-02,-1.800396827773538933e+00,5.711343062279667926e-01,3.259549946992201103e-02,8.975601519041526491e-03,4.715370930828336610e-02,-9.824577259475220092e-01
2.586466165413533691e+00,-1.102352722720640298e-03,-3.370596208664597415e-02,-7.930995869823540545e-01,1.272823937984372544e-01,-7.171746881386406244e-03,-7.518427885542774969e-02,6.230928930087201167e-02,4.793071674599183041e-01,-1.408597991567086746e-02,-1.848871202856136486e+00,4.615625541251713315e-01,3.274206471343978769e-02,6.230928930087201861e-03,4.793071674599183596e-02,-9.824085979915672118e-01
2.601503759398496207e+00,8.176592065574617672e-04,-3.375936957827451596e-02,-7.942317516907734243e-01,1.280087042049653234e-01,8.381837397835895792e-05,-7.539239065883046598e-02,3.418615368508840652e-02,4.853980801553513524e-01,-1.359253572443848944e-02,-1.890297915204141699e+00,3.478830087181674080e-01,3.288339548397486295e-02,3.418615368508840912e-03,4.853980801553513941e-02,-9.823592535724439134e-01
2.616541353383458279e+00,2.745390921222360444e-03,-3.370304712070253811e-02,-7.953669900295614603e-01,1.283077021350020053e-01,7.417981726204451315e-03,-7.559306646659977313e-02,5.495277364032810641e-03,4.897516169640077632e-01,-1.309700561540094732e-02,-1.924324775378230656e+00,2.305741260969080553e-01,3.301949178152804865e-02,5.495277364032810858e-04,4.897516169640078049e-02,-9.823097005615402111e-01
2.631578947368420796e+00,4.674356718720277040e-03,-3.353601120938425051e-02,-7.965051899463582163e-01,1.281716991158788621e-01,1.480422579023544204e-02,-7.578627550338425112e-02,-2.364962801495863048e-02,4.923169942611261285e-01,-1.259946830243764519e-02,-1.950633786673217518e+00,1.101453120331991054e-01,3.315035360609771414e-02,-2.364962801495863135e-03,4.923169942611261424e-02,-9.822599468302438686e-01
2.646616541353383312e+00,6.597968312226071448e-03,-3.325768254643841210e-02,-7.976462389349158189e-01,1.275947512098745129e-01,2.221532820840933786e-02,-7.597198817749994948e-02,-5.313034368843687349e-02,4.930513054657612027e-01,-1.210000249942808428e-02,-1.968943951130800896e+00,-1.286564286830532700e-02,3.327598095768589948e-02,-5.313034368843687696e-03,4.930513054657612027e-02,-9.822100002499428717e-01
2.661654135338345828e+00,8.509561552499803408e-03,-3.286789573542805987e-02,-7.987900240528987839e-01,1.265727225069659678e-01,2.962348320739064539e-02,-7.615017608093016532e-02,-8.282472000234111786e-02,4.919199269364916693e-01,-1.159868692025160276e-02,-1.979013874285181718e+00,-1.378953913038995505e-01,3.339637383628974582e-02,-8.282472000234112133e-03,4.919199269364916971e-02,-9.821598686920252064e-01
2.676691729323308344e+00,1.040242403792585035e-02,-3.236690710396281090e-02,-7.999364319396832235e-01,1.251033396663456809e-01,3.700042892956726531e-02,-7.632081198932562371e-02,-1.126072901320804287e-01,4.888968794607421176e-01,-1.109560027878779033e-02,-1.980644143036399685e+00,-2.643581042215363830e-01,3.351153224191006502e-02,-1.126072901320804287e-02,4.888968794607421314e-02,-9.821095600278788584e-01
2.691729323308270416e+00,1.226982347402191982e-02,-3.175540057244737729e-02,-8.010853488341558304e-01,1.231862369694534248e-01,4.431757984393330796e-02,-7.648386986200443605e-02,-1.423499177016607220e-01,4.839651417662488853e-01,-1.059082128891596260e-02,-1.973679452446615468e+00,-3.916487735383595847e-01,3.362145617455054858e-02,-1.423499177016607220e-02,4.839651417662488991e-02,-9.820590821288917027e-01
2.706766917293232932e+00,1.410503663604815473e-02,-3.103449149814361749e-02,-8.022366605925144167e-01,1.208229914040154507e-01,5.154616349002742043e-02,-7.663932484195205841e-02,-1.719224743545919865e-01,4.771169127883261307e-01,-1.008442866451559478e-02,-1.958010458925243835e+00,-5.191467211162610340e-01,3.372614563420422984e-02,-1.719224743545920073e-02,4.771169127883261724e-02,-9.820084428664516141e-01
2.721804511278195449e+00,1.590137878157503806e-02,-3.020572843529574156e-02,-8.033902527060665655e-01,1.180171473604231247e-01,5.865736076188078629e-02,-7.678715325582118056e-02,-2.011935430045765361e-01,4.683538197675997106e-01,-9.576501119466210646e-03,-1.933575339198267073e+00,-6.462192901804493239e-01,3.382560062087684033e-02,-2.011935430045765430e-02,4.683538197675997383e-02,-9.819576501119466894e-01
2.736842105263157521e+00,1.765223335407439115e-02,-2.927109276430890292e-02,-8.045460103190292811e-01,1.147742305882678143e-01,6.562244889774086765e-02,-7.692733261393208677e-02,-2.300311422002865314e-01,4.576870696271910788e-01,-9.067117367647117149e-03,-1.900361036630352496e+00,-7.722256932412184804e-01,3.391982113456880332e-02,-2.300311422002865314e-02,4.576870696271911204e-02,-9.819067117367648034e-01
2.751879699248120037e+00,1.935108181382156137e-02,-2.823299615579152183e-02,-8.057038182463289733e-01,1.111017511315047085e-01,7.241294630595630777e-02,-7.705984161027229495e-02,-2.583034667790412575e-01,4.451375414831149069e-01,-8.556356122937825923e-03,-1.858404178868553247e+00,-8.965209886612222068e-01,3.400880717527724612e-02,-2.583034667790412575e-02,4.451375414831149069e-02,-9.818556356122938311e-01
2.766917293233082553e+00,2.099153342872266126e-02,-2.709427584857364291e-02,-8.068635609914005524e-01,1.070091950349920940e-01,7.900075832837086254e-02,-7.718466012249661223e-02,-2.858796397625618102e-01,4.307358185735331024e-01,-8.044296099217727175e-03,-1.807791653382120556e+00,-1.018460156326048915e+00,3.409255874300174544e-02,-2.858796397625618102e-02,4.307358185735331302e-02,-9.818044296099218693e-01
2.781954887218045069e+00,2.256735485513723660e-02,-2.585818773450609606e-02,-8.080251227639868583e-01,1.025080046924640442e-01,8.535832302017155870e-02,-7.730176921192725981e-02,-3.126304702667602187e-01,4.145221583478578276e-01,-7.531016010366344687e-03,-1.748660830260894805e+00,-1.137402241445989004e+00,3.417107583774272456e-02,-3.126304702667602464e-02,4.145221583478578276e-02,-9.817531016010366818e-01
2.796992481203007586e+00,2.407249933741505837e-02,-2.452839725681732475e-02,-8.091883874979384217e-01,9.761154778569409995e-02,9.145875600977337871e-02,-7.741115112355397010e-02,-3.384292120596059661e-01,3.965463999314274290e-01,-7.016594570263058259e-03,-1.681199424578609047e+00,-1.252714534363485122e+00,3.424435845950181412e-02,-3.384292120596060077e-02,3.965463999314274707e-02,-9.817016594570263655e-01
2.812030075187969658e+00,2.550113535471494261e-02,-2.310896814296018939e-02,-8.103532388690128929e-01,9.233507484606685856e-02,9.727599349417399843e-02,-7.751278928603359819e-02,-3.631523173082710221e-01,3.768678086714672415e-01,-6.501110492787343098e-03,-1.605644993698993162e+00,-1.363776753379617013e+00,3.431240660827820227e-02,-3.631523173082710360e-02,3.768678086714672554e-02,-9.816501110492787952e-01
2.827067669172932174e+00,2.684767454476727142e-02,-2.160434900709592640e-02,-8.115195603126748036e-01,8.669566555225498294e-02,1.027849324245608126e-01,-7.760666831169049651e-02,-3.866801800110667431e-01,3.555548579706085954e-01,-5.984642491818601556e-03,-1.522284068070954399e+00,-1.469985197060349247e+00,3.437522028407147962e-02,-3.866801800110667570e-02,3.555548579706085954e-02,-9.815984642491819567e-01
2.842105263157894690e+00,2.810679873657060193e-02,-2.001935787153722585e-02,-8.126872350418944402e-01,8.071216396052419140e-02,1.079615669438410558e-01,-7.769277399651629279e-02,-4.088978636119907639e-01,3.326849491207737319e-01,-5.467269281236320985e-03,-1.431450917292257152e+00,-1.570756832248408452e+00,3.443279948688041103e-02,-4.088978636119908194e-02,3.326849491207737458e-02,-9.815467269281237250e-01
2.857142857142856762e+00,2.927348592759178303e-02,-1.835916467047946782e-02,-8.138561460649478274e-01,7.440510294659570534e-02,1.127831201523179228e-01,-7.777109332017007048e-02,-4.296958073470596995e-01,3.083440703578158026e-01,-4.949069574919941900e-03,-1.333525956485591468e+00,-1.665533284098846378e+00,3.448514421670991620e-02,-4.296958073470596995e-02,3.083440703578158026e-02,-9.814949069574920859e-01
2.872180451127819278e+00,3.034303504584352079e-02,-1.662927181308685234e-02,-8.150261762032163793e-01,6.779661821927962517e-02,1.172281702998698855e-01,-7.784161444597825774e-02,-4.489705059719362179e-01,2.826263968610707167e-01,-4.430122086748805067e-03,-1.228933801292366734e+00,-1.753784694877958739e+00,3.453225447355671301e-02,-4.489705059719362179e-02,2.826263968610707306e-02,-9.814430122086750252e-01
2.887218045112781795e+00,3.131108934323192233e-02,-1.483549289634256661e-02,-8.161972081089857722e-01,6.091035234548208138e-02,1.212767705326617956e-01,-7.790432672093459965e-02,-4.666251576696018866e-01,2.556338339168673368e-01,-3.910505530602447280e-03,-1.118140983012976486e+00,-1.835013419017762493e+00,3.457413025741589568e-02,-4.666251576696019143e-02,2.556338339168673368e-02,-9.813910505530603068e-01
2.902255639097744311e+00,3.217365827375738563e-02,-1.298392967091626000e-02,-8.173691242832462622e-01,5.377134930298354404e-02,1.249105613594198166e-01,-7.795922067570017211e-02,-4.825702751339737140e-01,2.274755059461784357e-01,-3.390298620360357191e-03,-1.001653338572833007e+00,-1.908757522996941791e+00,3.461077156829646395e-02,-4.825702751339737417e-02,2.274755059461784634e-02,-9.813390298620361385e-01
2.917293233082706827e+00,3.292713771847435161e-02,-1.108094737553554435e-02,-8.185418070934914470e-01,4.640594015086154517e-02,1.281128750464095578e-01,-7.800628802460349287e-02,-4.967242550691430281e-01,1.982671945591144014e-01,-2.869580069901801408e-03,-8.800130930367290327e-01,-1.974594060016939157e+00,3.464217840619514960e-02,-4.967242550691430836e-02,1.982671945591144014e-02,-9.812869580069902842e-01
2.932330827067668899e+00,3.356832842851460025e-02,-9.133148566864495235e-03,-8.197151387915184717e-01,3.884162047689213026e-02,1.308688312011539456e-01,-7.804552166564042437e-02,-5.090139016324439769e-01,1.681307292380710972e-01,-2.348428593106367465e-03,-7.537956552962551404e-01,-2.032142091147697283e+00,3.466835077110785174e-02,-5.090139016324440185e-02,1.681307292380710902e-02,-9.812348428593107297e-01
2.947368421052631415e+00,3.409445256788529166e-02,-7.147345582599989346e-03,-8.208890015312267918e-01,3.110692034608763049e-02,1.331654228622134728e-01,-7.807691568047410435e-02,-5.193748996804474771e-01,1.371933346626864336e-01,-1.826922903853445135e-03,-6.236061502838567971e-01,-2.081065426615551051e+00,3.468928866303826186e-02,-5.193748996804475188e-02,1.371933346626864371e-02,-9.811826922903854609e-01
2.962406015037593932e+00,3.450316824909895747e-02,-5.130531785290413233e-03,-8.220632773864182674e-01,2.323126753404439193e-02,1.349915924756009966e-01,-7.810046533443511241e-02,-5.277522340474312124e-01,1.055869390688485010e-01,-1.305141716022510277e-03,-4.900757135915868590e-01,-2.121075063178246900e+00,3.470499208198514485e-02,-5.277522340474312401e-02,1.055869390688485114e-02,-9.811305141716023526e-01
2.977443609022556004e+00,3.479258196688753135e-02,-3.089851743187409846e-03,-8.232378483685965920e-01,1.524484488246366162e-02,1.363382972070729671e-01,-7.811616707652134506e-02,-5.341005514925499797e-01,7.344744837706279617e-02,-7.831637434929897452e-04,-3.538575766644653786e-01,-2.151931296056586174e+00,3.471546102795219219e-02,-5.341005514925500214e-02,7.344744837706279617e-03,-9.810783163743493906e-01
2.992481203007518520e+00,3.496125884820831115e-02,-1.032570512178461117e-03,-8.244125964447663879e-01,7.178442661536490674e-03,1.371985631130818450e-01,-7.812401853939818230e-02,-5.383844623911603344e-01,4.091399112887308953e-02,-2.610677001442487564e-04,-2.156229727713811495e-01,-2.173445486643769797e+00,3.472069550093776630e-02,-5.383844623911603761e-02,4.091399112887308780e-03,-9.810261067700145610e-01
3.007518796992481036e+00,3.500823065036755971e-02,1.033957810559892488e-03,-8.255874035552335233e-01,-9.366931356387031213e-04,1.375675277709570155e-01,-7.812401853939819618e-02,-5.405787797134675721e-01,8.128139530393981710e-03,2.610677001442364507e-04,-7.605689570678590694e-02,-2.185481470164540863e+00,3.472069550093818263e-02,-5.405787797134675721e-02,8.128139530393981710e-04,-9.809738932299856273e-01
3.022556390977443552e+00,3.493300145325822781e-02,3.102322085145713636e-03,-8.267621516314033192e-01,-9.069015608147266636e-03,1.374424710502414881e-01,-7.811616707652137281e-02,-5.406686933254489791e-01,-2.476688788317732079e-02,7.831637434929897452e-04,6.414625537527771093e-02,-2.187956590576234372e+00,3.471546102795137340e-02,-5.406686933254489791e-02,-2.476688788317732166e-03,-9.809216836256507976e-01
3.037593984962406068e+00,3.473555100632507581e-02,5.165086499619561157e-03,-8.279367226135816438e-01,-1.718683388768314085e-02,1.368228337913415527e-01,-7.810046533443505690e-02,-5.386498781581647854e-01,-5.762703628148473090e-02,1.305141716022473197e-03,2.042871104647324965e-01,-2.180842353260207922e+00,3.470499208198596364e-02,-5.386498781581647993e-02,-5.762703628148473436e-03,-9.808694858283978357e-01
3.052631578947368141e+00,3.441633570581401069e-02,7.214823129552998954e-03,-8.291109984687731194e-01,-2.525847120219987599e-02,1.357102242440096085e-01,-7.807691568047407660e-02,-5.345285353172399834e-01,-9.030823147378146121e-02,1.826922903853469855e-03,3.436658072102208306e-01,-2.164164689411049558e+00,3.468928866304154396e-02,-5.345285353172399972e-02,-9.030823147378146468e-03,-9.808173077096147274e-01
3.067669172932330657e+00,3.397628719301753336e-02,9.244144502014746759e-03,-8.302848612084814395e-01,-3.325242305073617538e-02,1.341084122059261474e-01,-7.804552166564045212e-02,-5.283213657393678320e-01,-1.226671978810258967e-01,2.348428593106429482e-03,4.815864776643695722e-01,-2.138003829456907923e+00,3.466835077110703295e-02,-5.283213657393678875e-02,-1.226671978810259071e-02,-9.807651571406894586e-01
3.082706766917293173e+00,3.341680857946997124e-02,1.124573597903999467e-02,-8.314581929065084642e-01,-4.113751447551648732e-02,1.320233108899886432e-01,-7.800628802460345124e-02,-5.200554765419834746e-01,-1.545622716677105546e-01,2.869580069901801408e-03,6.173617073722583726e-01,-2.102493786300733358e+00,3.464217840619104871e-02,-5.200554765419834746e-02,-1.545622716677105650e-02,-9.807130419930099041e-01
3.097744360902255245e+00,3.273976832025745493e-02,1.321238777683670512e-02,-8.326308757167536490e-01,-4.888305542365495304e-02,1.294629466370839088e-01,-7.795922067570017211e-02,-5.097682207505488394e-01,-1.858542031935905559e-01,3.390298620360295608e-03,7.503169311572754907e-01,-2.057821452622491165e+00,3.461077156829564516e-02,-5.097682207505488394e-02,-1.858542031935905489e-02,-9.806609701379640498e-01
3.112781954887217761e+00,3.194749177166081311e-02,1.513702643938453010e-02,-8.338027918910140279e-01,-5.645899320512646341e-02,1.264374166783190923e-01,-7.790432672093457189e-02,-4.975069716198617931e-01,-2.164069430350585854e-01,3.910505530602422126e-03,8.797947305472286761e-01,-2.004225319890079238e+00,3.457413025741753326e-02,-4.975069716198618486e-02,-2.164069430350586132e-02,-9.806089494469398815e-01
3.127819548872180277e+00,3.104275048413280419e-02,1.701274558878352813e-02,-8.349738237967836429e-01,-6.383606107585133860e-02,1.229588352361840609e-01,-7.784161444597821611e-02,-4.833288332865367520e-01,-2.460884059659155521e-01,4.430122086748792924e-03,1.005158998710845131e+00,-1.941993830055895875e+00,3.453225447355671301e-02,-4.833288332865368075e-02,-2.460884059659155729e-02,-9.805569877913251631e-01
3.142857142857142794e+00,3.002874929599610651e-02,1.883283577970137554e-02,-8.361438539350520838e-01,-7.098592200471742775e-02,1.190412683370993957e-01,-7.777109332017011212e-02,-4.673002899938678567e-01,-2.747712074768340895e-01,4.949069574919917613e-03,1.125798940032269435e+00,-1.871463374130146518e+00,3.448514421671073499e-02,-4.673002899938678845e-02,-2.747712074768340895e-02,-9.805050930425081024e-01
3.157894736842105310e+00,2.890911130713126956e-02,2.059081329146695769e-02,-8.373127649581054710e-01,-7.788130672070381344e-02,1.147006577876059363e-01,-7.769277399651626503e-02,-4.494967966132353276e-01,-3.023333676493960565e-01,5.467269281236333128e-03,1.241132873022760874e+00,-1.793015954889320307e+00,3.443279948688122982e-02,-4.494967966132353693e-02,-3.023333676493960773e-02,-9.804532730718764633e-01
3.172932330827067382e+00,2.768786082519094846e-02,2.228044769873416264e-02,-8.384804396873251076e-01,-8.449614518070387714e-02,1.099547348423535187e-01,-7.760666831169049651e-02,-4.300023136432395976e-01,-3.286589774820574128e-01,5.984642491818601556e-03,1.350611807137662934e+00,-1.707076533865532042e+00,3.437522028406984204e-02,-4.300023136432395976e-02,-3.286589774820574544e-02,-9.804015357508182316e-01
3.187969924812029898e+00,2.636940438942098758e-02,2.389578807012971567e-02,-8.396467611309869072e-01,-9.080569064975026194e-02,1.048229241633715919e-01,-7.751278928603355656e-02,-4.089087902944427699e-01,-3.536388230888060091e-01,6.501110492787305802e-03,1.453722766211644313e+00,-1.614110085439676601e+00,3.431240660827902800e-02,-4.089087902944427838e-02,-3.536388230888060091e-02,-9.803498889507213931e-01
3.203007518796992414e+00,2.495850998890383060e-02,2.543118765381249119e-02,-8.408116125020614895e-01,-9.678663564257715402e-02,9.932623873631001021e-02,-7.741115112355401173e-02,-3.863155996603246378e-01,-3.771709635530966498e-01,7.016594570263083412e-03,1.549991833621417792e+00,-1.514618383302950511e+00,3.424435845950304924e-02,-3.863155996603246517e-02,-3.771709635530966914e-02,-9.802983405429738228e-01
3.218045112781954487e+00,2.346028460286653586e-02,2.688132691934726898e-02,-8.419748772360130529e-01,-1.024172190383387110e-01,9.348716646980406719e-02,-7.730176921192727368e-02,-3.623289303298238284e-01,-3.991612586162992526e-01,7.531016010366344687e-03,1.638986896906015289e+00,-1.409136546730940021e+00,3.417107583774026125e-02,-3.623289303298238284e-02,-3.991612586162993082e-02,-9.802468983989635065e-01
3.233082706766917003e+00,2.188015020053756324e-02,2.824123483663302375e-02,-8.431364390085993588e-01,-1.076773237482224616e-01,8.732954925839522820e-02,-7.718466012249652897e-02,-3.370611391108134791e-01,-4.195238428073029269e-01,8.044296099217676868e-03,1.720320072391167132e+00,-1.298229376012769665e+00,3.409255874300051725e-02,-3.370611391108135207e-02,-4.195238428073029546e-02,-9.801955703900783190e-01
3.248120300751879519e+00,2.022381834683118287e-02,2.950630828472254261e-02,-8.442961817536708269e-01,-1.125485643879699516e-01,8.087845533710258383e-02,-7.705984161027222556e-02,-3.106300698041958297e-01,-4.381815430734117278e-01,8.556356122937789493e-03,1.793649793343542909e+00,-1.182487507976186514e+00,3.400880717527724612e-02,-3.106300698041958297e-02,-4.381815430734117833e-02,-9.801443643877063572e-01
3.263157894736842035e+00,1.849726356780275610e-02,3.067232949614596277e-02,-8.454539896809706301e-01,-1.170143644833841895e-01,7.416004579637057448e-02,-7.692733261393214228e-02,-2.831583431927081063e-01,-4.550662374481831973e-01,9.067117367647068576e-03,1.858682548292327485e+00,-1.062523423833971359e+00,3.391982113456880332e-02,-2.831583431927081271e-02,-4.550662374481832112e-02,-9.800932882632353849e-01
3.278195488721804551e+00,1.670669563633257401e-02,3.173548145566618128e-02,-8.466097472939333457e-01,-1.210600228159135622e-01,6.720143615952502147e-02,-7.678715325582120832e-02,-2.547726235855610200e-01,-4.701191527839335138e-01,9.576501119466174217e-03,1.915174259362227849e+00,-9.389673425377467186e-01,3.382560062087930364e-02,-2.547726235855610200e-02,-4.701191527839335138e-02,-9.800423498880534989e-01
3.293233082706766623e+00,1.485853094378709188e-02,3.269236118617083880e-02,-8.477633394074853834e-01,-1.246727685967737309e-01,6.003055395071971168e-02,-7.663932484195205841e-02,-2.256028673881253221e-01,-4.832911000809431146e-01,1.008442866451561906e-02,1.962931293731814852e+00,-8.124630334549258759e-01,3.372614563420381351e-02,-2.256028673881253430e-02,-4.832911000809431146e-02,-9.799915571335485742e-01
3.308270676691729140e+00,1.295936312747662453e-02,3.353999086850169981e-02,-8.489146511658440808e-01,-1.278418052409427408e-01,5.267599319961753512e-02,-7.648386986200444992e-02,-1.957815592447398056e-01,-4.945426464564440239e-01,1.059082128891591229e-02,2.001811104626605609e+00,-6.836635824815036067e-01,3.362145617454808527e-02,-1.957815592447398334e-02,-4.945426464564440378e-02,-9.799409178711084856e-01
3.323308270676691656e+00,1.101593312653328417e-02,3.427582675634383708e-02,-8.500635680603167987e-01,-1.305583425960954169e-01,4.516686683956572940e-02,-7.632081198932567923e-02,-1.654429413319226105e-01,-5.038442233096868117e-01,1.109560027878774176e-02,2.031722501544067416e+00,-5.532271456678710120e-01,3.351153224191129321e-02,-1.654429413319226036e-02,-5.038442233096868117e-02,-9.798904399721213299e-01
3.338345864661653728e+00,9.035098840382622953e-03,3.489776586171435685e-02,-8.512099759471011273e-01,-1.328156175653143478e-01,3.753265795885390305e-02,-7.615017608093012369e-02,-1.347222413593255619e-01,-5.111761707494486551e-01,1.159868692025159062e-02,2.052625552652265650e+00,-4.218127240724516280e-01,3.339637383628851069e-02,-1.347222413593255654e-02,-5.111761707494486690e-02,-9.798401313079749819e-01
3.353383458646616244e+00,7.023804564279770291e-03,3.540415040099235272e-02,-8.523537610650839813e-01,-1.346089031455306173e-01,2.980307085987271218e-02,-7.597198817749999111e-02,-1.037549047676741831e-01,-5.165287188526302975e-01,1.210000249942799755e-02,2.064531125472416573e+00,-2.900759928775024088e-01,3.327598095768630887e-02,-1.037549047676741831e-02,-5.165287188526303253e-02,-9.797899997500573166e-01
3.368421052631578760e+00,4.989050375427410595e-03,3.579377000570956729e-02,-8.534948100536416948e-01,-1.359355059853879222e-01,2.200788286871219190e-02,-7.578627550338429275e-02,-7.267583649777245580e-02,-5.199019068122719966e-01,1.259946830243764519e-02,2.067500075015409777e+00,-1.586652168139903452e-01,3.315035360610139870e-02,-7.267583649777246101e-03,-5.199019068122720522e-02,-9.797400531697563197e-01
3.383458646616541277e+00,2.937861641041853225e-03,3.606586171635409177e-02,-8.546330099704384509e-01,-1.367947526458868079e-01,1.417679781828786421e-02,-7.559306646659984252e-02,-4.161865754477171025e-02,-5.213054415060286439e-01,1.309700561540097161e-02,2.061642091464494619e+00,-2.821728266558973242e-02,3.301949178152640413e-02,-4.161865754477171546e-03,-5.213054415060286439e-02,-9.796902994384599772e-01
3.398496240601503793e+00,8.772588163786632478e-04,3.622010779113377099e-02,-8.557682483092264869e-01,-1.371879648241038085e-01,6.339302101575376366e-03,-7.539239065883041047e-02,-1.071498130887515651e-02,-5.207584974674626110e-01,1.359253572443843913e-02,2.047114222250619786e+00,1.006461219292817677e-01,3.288339548397444662e-02,-1.071498130887515608e-03,-5.207584974674626249e-02,-9.796407464275562749e-01
3.413533834586465865e+00,-1.185772303725817801e-03,3.625663137488422533e-02,-8.569004130176458567e-01,-1.371184238738589189e-01,-1.475475841446830146e-03,-7.518427885542772193e-02,1.990628548885688479e-02,-5.182894606687167283e-01,1.408597991567087961e-02,2.024119085929618311e+00,2.273221559582991325e-01,3.274206471344224406e-02,1.990628548885688565e-03,-5.182894606687167560e-02,-9.795914020084329765e-01
3.428571428571428381e+00,-3.244309721802655748e-03,3.617599008600789340e-02,-8.580293925150235257e-01,-1.365913250268486756e-01,-9.238901778840491116e-03,-7.496876301541023635e-02,5.011961283685330282e-02,-5.139356189203828640e-01,1.457725947521865822e-02,1.992902797617136290e+00,3.512302734089657319e-01,3.259549946992242042e-02,5.011961283685330976e-03,-5.139356189203828779e-02,-9.795422740524781791e-01
3.443609022556390897e+00,-5.291523611751217625e-03,3.597916759139364873e-02,-8.591550757101725777e-01,-1.356137217829607444e-01,-1.692296690438513385e-02,-7.474587628146404927e-02,7.980348423394341417e-02,-5.077428020597709590e-01,1.506629568920238131e-02,1.953752627848905910e+00,4.718154493748936695e-01,3.244369975342235174e-02,7.980348423394342111e-03,-5.077428020597710145e-02,-9.794933704310798683e-01
3.458646616541352969e+00,-7.320703785968401059e-03,3.566756325061504890e-02,-8.602773520191926426e-01,-1.341944609987164583e-01,-2.450041328877498523e-02,-7.451565297994273973e-02,1.088409964284518527e-01,-4.997649754290697244e-01,1.555300984374263784e-02,1.906994418591893892e+00,5.885511631384410247e-01,3.228666556393793713e-02,1.088409964284518631e-02,-4.997649754290697799e-02,-9.794446990156258082e-01
3.473684210526315486e+00,-9.325286120050129898e-03,3.524297992126190077e-02,-8.613961113832684369e-01,-1.323441092576808642e-01,-3.194485289010495777e-02,-7.427812862086691226e-02,1.371204186321077489e-01,-4.900637904380713006e-01,1.603732322495991444e-02,1.852989781724722729e+00,7.009421200224132953e-01,3.212439690147081417e-02,1.371204186321077489e-02,-4.900637904380713422e-02,-9.793962676775040954e-01
3.488721804511278002e+00,-1.129887780867034133e-02,3.470761002695985781e-02,-8.625112442864701912e-01,-1.300748711558456505e-01,-3.923087950845585703e-02,-7.403333989792493242e-02,1.645357081364397234e-01,-4.787080962600265277e-01,1.651915711897484346e-02,1.792133106620826810e+00,8.085266964683126556e-01,3.195689376602180859e-02,1.645357081364397234e-02,-4.787080962600265277e-02,-9.793480842881026049e-01
3.503759398496240518e+00,-1.323528133608995079e-02,3.406401999841775219e-02,-8.636226417735521910e-01,-1.274005001781339519e-01,-4.633417313190862918e-02,-7.378132468847214964e-02,1.909869796678810849e-01,-4.657734169222835785e-01,1.699843281190793753e-02,1.724848404499149890e+00,9.108790955477022999e-01,3.178415615758845708e-02,1.909869796678810919e-02,-4.657734169222835924e-02,-9.793001567188093226e-01
3.518796992481203034e+00,-1.512851705520482266e-02,3.331513320566397568e-02,-8.647301954677528713e-01,-1.243362028790790108e-01,-5.323159618675880889e-02,-7.352212205353149399e-02,2.163809262398430355e-01,-4.513413982247783673e-01,1.747507158987975789e-02,1.651586017951317098e+00,1.007611202917208848e+00,3.160618407617486747e-02,2.163809262398430633e-02,-4.513413982247783951e-02,-9.792524928410121232e-01
3.533834586466165106e+00,-1.697284428000024256e-02,3.246421150645334430e-02,-8.658337975885943560e-01,-1.208985371112003548e-01,-5.990128127238061179e-02,-7.325577223779326796e-02,2.406311896909635040e-01,-4.354992290483479800e-01,1.794899473901094208e-02,1.572819224509683700e+00,1.098374136054906636e+00,3.142297752177938830e-02,2.406311896909635317e-02,-4.354992290483480216e-02,-9.792051005260989927e-01
3.548872180451127623e+00,-1.876278080764581802e-02,3.151483554161682576e-02,-8.669333409696819981e-01,-1.171053050685670338e-01,-6.632271003048559321e-02,-7.298231666961500774e-02,2.636586795344064149e-01,-4.183390417013620466e-01,1.842012354542199581e-02,1.489040763291943792e+00,1.182859482437132570e+00,3.123453649439546231e-02,2.636586795344064357e-02,-4.183390417013620882e-02,-9.791579876454579168e-01
3.563909774436090139e+00,-2.049312079814879714e-02,3.047088391286465955e-02,-8.680287190765033634e-01,-1.129754419304297292e-01,-7.247678286882276721e-02,-7.270179796102159420e-02,2.853918391792934495e-01,-3.999572959974048714e-01,1.888837929523336234e-02,1.400759313649690085e+00,1.260800225101254446e+00,3.104086099402883145e-02,2.853918391792934633e-02,-3.999572959974048714e-02,-9.791111620704767704e-01
3.578947368421052211e+00,-2.215895095137683860e-02,2.933651138223097518e-02,-8.691198260242282148e-01,-1.085289009006593780e-01,-7.834587933000815296e-02,-7.241425990770555821e-02,3.057668590178441725e-01,-3.804541517595272371e-01,1.935368327456572085e-02,1.308495954370074488e+00,1.331971356763234748e+00,3.084195102068934199e-02,3.057668590178441725e-02,-3.804541517595272371e-02,-9.790646316725435394e-01
3.593984962406014727e+00,-2.375566493326180736e-02,2.811612623497009716e-02,-8.702065565955078297e-01,-1.037865354431522225e-01,-8.391390896652342613e-02,-7.211974748902645616e-02,3.247278362965437815e-01,-3.599328344091251575e-01,1.981595676953980603e-02,1.212780631343755688e+00,1.396190186292775914e+00,3.063780657436305024e-02,3.247278362965438231e-02,-3.599328344091251575e-02,-9.790184043230460986e-01
3.609022556390977243e+00,-2.527897601503354200e-02,2.681436694927246192e-02,-8.712888062582750948e-01,-9.876997951144297905e-02,-8.916635265248804010e-02,-7.181830686801134178e-02,3.422268821032588004e-01,-3.384989982211386583e-01,2.027512106627588767e-02,1.114148660731983709e+00,1.453316343870288740e+00,3.042842765504420385e-02,3.422268821032588282e-02,-3.384989982211386583e-02,-9.789724878933725449e-01
3.624060150375939759e+00,-2.672492790126713980e-02,2.543607831670997507e-02,-8.723664711835428243e-01,-9.350152656279643593e-02,-9.409029433083661298e-02,-7.150998539135461352e-02,3.582241762004353403e-01,-3.162600917141709655e-01,2.073109745089452005e-02,1.013137293558421748e+00,1.503251493533643846e+00,3.021381426275249887e-02,3.582241762004353264e-02,-3.162600917141709933e-02,-9.789268902549106421e-01
3.639097744360902276e+00,-2.808990373433623705e-02,2.398628715682287263e-02,-8.734394482632044099e-01,-8.800400813312581061e-02,-9.867444326074475969e-02,-7.119483158941793122e-02,3.726879708150283022e-01,-2.933247294960044660e-01,2.118380720951656276e-02,9.102823663343568850e-01,1.545938764052243064e+00,2.999396639747808901e-02,3.726879708150283160e-02,-2.933247294960044868e-02,-9.788816192790484871e-01
3.654135338345864348e+00,-2.937063327437433938e-02,2.247017776782523485e-02,-8.745076351278325832e-01,-8.230067272973301540e-02,-1.029091468937065185e-01,-7.087289517623067414e-02,3.855945448544547127e-01,-2.698020747051295132e-01,2.163317162826228213e-02,8.061150608228696557e-01,1.581361911119822494e+00,2.976888405921605460e-02,3.855945448544547544e-02,-2.698020747051295409e-02,-9.788366828371738437e-01
3.669172932330826864e+00,-3.056419826507385598e-02,2.089306725299374876e-02,-8.755709301644793996e-01,-7.641506577414396151e-02,-1.067863945674714793e-01,-7.054422704948919154e-02,3.969281103532111832e-01,-2.458012359789624734e-01,2.207911199325238508e-02,7.011587943745545282e-01,1.609544225723550381e+00,2.953856724796967426e-02,3.969281103532112248e-02,-2.458012359789624873e-02,-9.787920888006748088e-01
3.684210526315789380e+00,-3.166803600643160188e-02,1.926038085903915287e-02,-8.766292325344757774e-01,-7.037091129788015931e-02,-1.102998122643599199e-01,-7.020887929055712184e-02,4.066806732634445920e-01,-2.214306826434971898e-01,2.252154959060723508e-02,5.959262604536565977e-01,1.630547205210435946e+00,2.930301596374633097e-02,4.066806732634446059e-02,-2.214306826434972106e-02,-9.787478450409393682e-01
3.699248120300751452e+00,-3.267994116587721182e-02,1.757762745863672080e-02,-8.776824421912299279e-01,-6.419199606004889758e-02,-1.134446487341342763e-01,-6.986690516446592003e-02,4.148518509834422385e-01,-1.967976815593577289e-01,2.296040570644776457e-02,4.909166370373471699e-01,1.644469005024628006e+00,2.906223020653782296e-02,4.148518509834422940e-02,-1.967976815593577497e-02,-9.787039594293552858e-01
3.714285714285713969e+00,-3.359806586899832803e-02,1.585037530439885323e-02,-8.787304598980290038e-01,-5.790205671770864981e-02,-1.162177533311754968e-01,-6.951835911991403882e-02,4.214486492687253283e-01,-1.720077587793871210e-01,2.339560162689408723e-02,3.866129785394128993e-01,1.651442690322644680e+00,2.881620997634332798e-02,4.214486492687253422e-02,-1.720077587793871279e-02,-9.786604398373106584e-01
3.729323308270676485e+00,-3.442091812025155351e-02,1.408422817597709126e-02,-8.797731872458360858e-01,-5.152467063854093698e-02,-1.186175459609342675e-01,-6.916329678926740054e-02,4.264852013900339855e-01,-1.471641888763336181e-01,2.382705863806711122e-02,2.834798048064212095e-01,1.651634307683923053e+00,2.856495527317269231e-02,4.264852013900340133e-02,-1.471641888763336285e-02,-9.786172941361933608e-01
3.744360902255639001e+00,-3.514735861258997535e-02,1.228480203571642899e-02,-8.808105266710919423e-01,-4.508315090078634374e-02,-1.206439795713161178e-01,-6.880177498855936935e-02,4.299824725901271183e-01,-1.223675144888032723e-01,2.425469802608724856e-02,1.819608985823966685e-01,1.645240797919289788e+00,2.830846609701606967e-02,4.299824725901271738e-02,-1.223675144888032758e-02,-9.785745301973913790e-01
3.759398496240601517e+00,-3.577659599277388525e-02,1.045770230147142869e-02,-8.818423814735130151e-01,-3.860044597835277785e-02,-1.222984956605560058e-01,-6.843385171749050144e-02,4.319679330462893874e-01,-9.771509831349571573e-02,2.467844107707511253e-02,8.247732066309804155e-02,1.632487771541091703e+00,2.804674244787674561e-02,4.319679330462894429e-02,-9.771509831349571920e-03,-9.785321558922925878e-01
3.774436090225563589e+00,-3.630818065625820296e-02,8.608501837848907615e-03,-8.828686558338915136e-01,-3.209904455977101445e-02,-1.235839733042139871e-01,-6.805958615942886425e-02,4.324752026677973205e-01,-7.330070944448623116e-02,2.509820907715121230e-02,-1.457435021658609609e-02,1.613627168798304146e+00,2.777978432575717652e-02,4.324752026677973482e-02,-7.330070944448623636e-03,-9.784901790922849729e-01
3.789473684210526105e+00,-3.674199715191064919e-02,6.742719759395686407e-03,-8.838892548318948439e-01,-2.560088589894336450e-02,-1.245046722299983644e-01,-6.767903868140974499e-02,4.315436711471787867e-01,-4.921414562990433783e-02,2.551392331243623052e-02,-1.088235478738739381e-01,1.588934826304089443e+00,2.750759173065162044e-02,4.315436711471788006e-02,-4.921414562990434477e-03,-9.784486076687565204e-01
3.804511278195488622e+00,-3.707825528241492224e-02,4.865801131121048374e-03,-8.849040844638651482e-01,-1.912727604370257489e-02,-1.250661704902695792e-01,-6.729227083413591437e-02,4.292180967417235093e-01,-2.554089268534865537e-02,2.592550506905050983e-02,-1.999270167745266225e-01,1.558707972199454339e+00,2.723016466256171844e-02,4.292180967417235510e-02,-2.554089268534865623e-03,-9.784074494930949939e-01
3.819548872180450694e+00,-3.731747999101915625e-02,2.983097643355338280e-03,-8.859130516606188444e-01,-1.269881023571192875e-02,-1.252752972982276169e-01,-6.689934535197746002e-02,4.255481872878288940e-01,-2.361821975364553072e-03,2.633287563311477800e-02,-2.875698770137075644e-01,1.523262671513927913e+00,2.694750312149075261e-02,4.255481872878288940e-02,-2.361821975364553289e-04,-9.783667124366886014e-01
3.834586466165413210e+00,-3.746050012930841194e-02,1.099849329343264648e-03,-8.869160643052464987e-01,-6.335301722558632498e-03,-1.251400616050631076e-01,-6.650032615297167549e-02,4.205881669466822181e-01,2.024707344811099013e-02,2.673595629074947827e-02,-3.714664574339590075e-01,1.482931242914749870e+00,2.665960710743626311e-02,4.205881669466822459e-02,2.024707344811099100e-03,-9.783264043709251068e-01
3.849624060150375726e+00,-3.750843620390766769e-02,-7.788326147667425309e-04,-8.879130312509109224e-01,-5.571717049087125326e-05,-1.246695770018349664e-01,-6.609527833882360148e-02,4.143963321466982430e-01,4.221490377550138340e-02,2.713466832807526902e-02,-4.513609000110556657e-01,1.438059667392213914e+00,2.636647662040235082e-02,4.143963321466982708e-02,4.221490377550138340e-03,-9.782865331671926068e-01
3.864661654135338242e+00,-3.746268720246583028e-02,-2.647981856677653935e-03,-8.889038623386484872e-01,6.121881185453925678e-03,-1.238739835316727267e-01,-6.568426819490529034e-02,4.070346001275806369e-01,6.347606846587226792e-02,2.752893303121270799e-02,-5.270275404061466329e-01,1.389005008624454529e+00,2.606811166038081051e-02,4.070346001275806924e-02,6.347606846587226966e-03,-9.782471066968788653e-01
3.879699248120300759e+00,-3.732491660094490460e-02,-4.502791759364761955e-03,-8.898884684151677771e-01,1.218038656772933021e-02,-1.227643669952814959e-01,-6.526736319025609745e-02,3.985680534047404411e-01,8.397040368788599718e-02,2.791867168628221069e-02,-5.982710712268016762e-01,1.336132863816795746e+00,2.576451222737902863e-02,3.985680534047404688e-02,8.397040368788600065e-03,-9.782081328313718682e-01
3.894736842105262831e+00,-3.709703765516413759e-02,-6.338628983815718793e-03,-8.908667613506489058e-01,1.810369182191638379e-02,-1.213526763258556962e-01,-6.484463197758312536e-02,3.890644833628484900e-01,1.036432917683896976e-01,2.830380557940455691e-02,-6.649264960509222444e-01,1.279814862732732150e+00,2.545567832139454187e-02,3.890644833628485039e-02,1.036432917683897080e-02,-9.781696194420596013e-01
3.909774436090225347e+00,-3.678119807974803562e-02,-8.151045838320693238e-03,-8.918386540565432785e-01,2.387672673192326248e-02,-1.196516395986300940e-01,-6.441614439326055763e-02,3.785939360557140088e-01,1.224457334991057855e-01,2.868425599670008930e-02,-7.268588836353842009e-01,1.220426231444738052e+00,2.514160994242570918e-02,3.785939360557140365e-02,1.224457334991057959e-02,-9.781315744003300505e-01
3.924812030075187863e+00,-3.637976421713082914e-02,-9.935791357944475516e-03,-8.928040605033731314e-01,2.948548854013819179e-02,-1.176746792256912061e-01,-6.398197145732997804e-02,3.672282631386733498e-01,1.403343843909720945e-01,2.905994422428954255e-02,-7.839629329505997113e-01,1.158343436048966169e+00,2.482230709047909475e-02,3.672282631386733498e-02,1.403343843909721049e-02,-9.780940055775710906e-01
3.939849624060149935e+00,-3.589530479811269686e-02,-1.168882110595557793e-02,-8.937628957385314044e-01,3.491706577066609057e-02,-1.154358268686102862e-01,-6.354218537350038443e-02,3.550406806914266356e-01,1.572715561846960153e-01,2.943079154829344665e-02,-8.361623607465666908e-01,1.093941920226453091e+00,2.449776976554649335e-02,3.550406806914266356e-02,1.572715561846960153e-02,-9.780569208451707075e-01
3.954887218045112451e+00,-3.533057439368263164e-02,-1.340630569684205832e-02,-8.947150759040800594e-01,4.015965549389950706e-02,-1.129496385802683384e-01,-6.309685952914807772e-02,3.421053385062268193e-01,1.732251851242559981e-01,2.979671925483229344e-02,-8.834091242637209795e-01,1.027593949112279414e+00,2.416799796762790498e-02,3.421053385062268470e-02,1.732251851242560051e-02,-9.780203280745168870e-01
3.969924812030074968e+00,-3.468849665545874900e-02,-1.508463804805982092e-02,-8.956605182545511745e-01,4.520257420794965980e-02,-1.102311106632274662e-01,-6.264606849531668964e-02,3.284969022208092948e-01,1.881687686765343981e-01,3.015764863002661639e-02,-9.256824924511439789e-01,9.596665704694095078e-01,2.383299169672989729e-02,3.284969022208093087e-02,1.881687686765344189e-02,-9.779842351369973930e-01
3.984962406015037484e+00,-3.397214743919888674e-02,-1.672043937478187928e-02,-8.965991411747450401e-01,5.003626254667913748e-02,-1.072955967055144039e-01,-6.218988802671739785e-02,3.142901504699003312e-01,2.020812725343543725e-01,3.051350095999710160e-02,-9.629879796460099062e-01,8.905197026735689469e-01,2.349275095285082229e-02,3.142901504699003451e-02,2.020812725343543864e-02,-9.779486499040004333e-01
4.000000000000000000e+00,-3.318473790243734595e-02,-1.831056394865022627e-02,-8.975308641975308088e-01,5.465228405522019883e-02,-1.041587262260163516e-01,-6.172839506172841245e-02,2.995595890157576879e-01,2.149470098720099864e-01,3.086419753086423745e-02,-9.953561561048457351e-01,8.205043575141247603e-01,2.314727573598412275e-02,2.995595890157577018e-02,2.149470098720100003e-02,-9.779135802469136607e-01
4.015037593984962072e+00,-3.232959766347461711e-02,-1.985210264778495756e-02,-8.984556080216450358e-01,5.904331830164523398e-02,-1.008363253312574426e-01,-6.126166772239564212e-02,2.843790835995878008e-01,2.267554949313188017e-01,3.120965962874850536e-02,-1.022841350061472809e+00,7.499610043204946175e-01,2.279656604613471832e-02,2.843790835995878286e-02,2.267554949313188226e-02,-9.778790340371252832e-01
4.030075187969924144e+00,-3.141015810471241287e-02,-2.134238533112501474e-02,-8.993732945294921066e-01,6.320314861803214002e-02,-9.734433975336889699e-02,-6.078978531443198635e-02,2.688215130336658598e-01,2.375012731031169444e-01,3.154980853977054633e-02,-1.045520256125326064e+00,6.792180804464000854e-01,2.244062188330753216e-02,2.688215130336658876e-02,2.375012731031169583e-02,-9.778450191460230645e-01
4.045112781954887105e+00,-3.042993589875571045e-02,-2.277898207548042717e-02,-9.002838468049428888e-01,6.712664478532423540e-02,-9.369876060601382839e-02,-6.031282832721814730e-02,2.529584438311496264e-01,2.471837297338318196e-01,3.188456555005098753e-02,-1.063490464832663740e+00,6.085906517011363537e-01,2.207944324749435902e-02,2.529584438311496472e-02,2.471837297338318196e-02,-9.778115434449949905e-01
4.060150375939849177e+00,-2.939251683083871428e-02,-2.415970331848553421e-02,-9.011871891511344934e-01,7.080974099421027956e-02,-8.991555316114105412e-02,-5.983087843380197057e-02,2.368598274486291844e-01,2.558068799301317364e-01,3.221385194571022015e-02,-1.076868928029875994e+00,5.383792249183192435e-01,2.171303013870012205e-02,2.368598274486291913e-02,2.558068799301317642e-02,-9.777786148054290472e-01
4.075187969924812137e+00,-2.830153998601793106e-02,-2.548259895494557614e-02,-9.020832471082704807e-01,7.424940942879008909e-02,-8.601058891505948545e-02,-5.934401849089861875e-02,2.205937209974967173e-01,2.633791416575048672e-01,3.253758901286903787e-02,-1.085790374511708567e+00,4.688687135101183290e-01,2.134138255691990158e-02,2.205937209974967450e-02,2.633791416575048672e-02,-9.777462410987132202e-01
4.090225563909774209e+00,-2.716068236428013927e-02,-2.674595643783624424e-02,-9.029719474714195115e-01,7.744362983101127362e-02,-8.199958117777184086e-02,-5.885233253889047417e-02,2.042260320660339856e-01,2.699130944315785152e-01,3.285569803764766539e-02,-1.090405689966484459e+00,4.003275555795002827e-01,2.096450050216025485e-02,2.042260320660339856e-02,2.699130944315785222e-02,-9.777144301962352735e-01
4.105263157894736281e+00,-2.597364398125627180e-02,-2.794829793848557092e-02,-9.038532183083146654e-01,8.039135541198152990e-02,-7.789802438500881276e-02,-5.835590580182788839e-02,1.878202880861765955e-01,2.754252258855497959e-01,3.316810030616709065e-02,-1.090880274806235839e+00,3.330069829611261856e-01,2.058238397442118534e-02,1.878202880861766164e-02,2.754252258855498237e-02,-9.776831899693834149e-01
4.120300751879699241e+00,-2.474413350668903597e-02,-2.908837662320403264e-02,-9.047269889771545337e-01,8.309247548124847060e-02,-7.372113729830066797e-02,-5.785482468742767642e-02,1.714374304788998660e-01,2.799356684639827675e-01,3.347471710454755223e-02,-1.087392392891708637e+00,2.671404384427878975e-01,2.019503297368956812e-02,1.714374304788998660e-02,2.799356684639827883e-02,-9.776525282895452973e-01
4.135338345864661314e+00,-2.347585448721015156e-02,-3.016517210585577952e-02,-9.055931901444007615e-01,8.554777516720238340e-02,-6.948381022496856463e-02,-5.734917678707455307e-02,1.551356336214586018e-01,2.834679284440707603e-01,3.377546971890962868e-02,-1.080131523512643188e+00,2.029431373887142787e-01,1.980244749997852813e-02,1.551356336214586122e-02,2.834679284440707811e-02,-9.776224530281091285e-01
4.150375939849624274e+00,-2.217249219435801083e-02,-3.117788513761603555e-02,-9.064517538025786969e-01,8.775889260106892187e-02,-6.520055635722261933e-02,-5.683905087582071664e-02,1.389701484989506186e-01,2.860486094214905184e-01,3.407027943537396797e-02,-1.069296728262065788e+00,1.406117690469276260e-01,1.940462755328806535e-02,1.389701484989506325e-02,2.860486094214905253e-02,-9.775929720564626724e-01
4.165413533834586346e+00,-2.083770113320055836e-02,-3.212593159639889895e-02,-9.073026132880764871e-01,8.972827393357225845e-02,-6.088546729802946089e-02,-5.632453691238544641e-02,1.229931707336429925e-01,2.877071323205411812e-01,3.435906754006115560e-02,-1.055095043662695131e+00,8.032433198208061009e-02,1.900157313361489769e-02,1.229931707336429959e-02,2.877071323205411882e-02,-9.775640932459940258e-01
4.180451127819548418e+00,-1.947509324141561901e-02,-3.300893583923200647e-02,-9.081457032989449507e-01,9.145912654755448956e-02,-5.655217281108562699e-02,-5.580572603915560231e-02,1.072537325283586251e-01,2.884754538989806050e-01,3.464175531909171463e-02,-1.037739909573456965e+00,2.224009733153353707e-02,1.859328424095574306e-02,1.072537325283586321e-02,2.884754538989806050e-02,-9.775358244680909525e-01
4.195488721804511378e+00,-1.808822680327271115e-02,-3.382672348119885458e-02,-9.089809599126965622e-01,9.295537082176393018e-02,-5.221380480332808022e-02,-5.528271058218492406e-02,9.179761791586291131e-02,2.883877856182295307e-01,3.491826405858614035e-02,-1.017449642536318644e+00,-3.350030706127982150e-02,1.817976087531716564e-02,9.179761791586291131e-03,2.883877856182295515e-02,-9.775081735941414385e-01
4.210526315789473450e+00,-1.668059609769549645e-02,-3.457931366448652177e-02,-9.098083206041058801e-01,9.422159079088081313e-02,-4.788296552110340304e-02,-5.475558405119525934e-02,7.666730057520174113e-02,2.874803146409726784e-01,3.518851504466516400e-02,-9.944459623287988936e-01,-8.677469912606289304e-02,1.776100303669424230e-02,7.666730057520174460e-03,2.874803146409726784e-02,-9.774811484955335805e-01
4.225563909774435523e+00,-1.525562179448368763e-02,-3.526691088059790563e-02,-9.106277242630077540e-01,9.526298403482161281e-02,-4.357169991547821947e-02,-5.422444113957499562e-02,6.190190335845131842e-02,2.857909286020189343e-01,3.545242956344912127e-02,-9.689525790754136558e-01,-1.374790395929122444e-01,1.733701072508369440e-02,6.190190335845132015e-03,2.857909286020189621e-02,-9.774547570436551425e-01
4.240601503759398483e+00,-1.381664210786269671e-02,-3.588989640793812524e-02,-9.114391112120979743e-01,9.608531111670962077e-02,-3.929147210833664611e-02,-5.368937772438053813e-02,4.753717856770102446e-02,2.833589456763127568e-01,3.570992890105865319e-02,-9.411938473525220950e-01,-1.855270318523189466e-01,1.690778394049700581e-02,4.753717856770102966e-03,2.833589456763127568e-02,-9.774290071098942212e-01
4.255639097744360555e+00,-1.236690471184260197e-02,-3.644881942578733630e-02,-9.122424232247321463e-01,9.669484487374170600e-02,-3.505314586894215517e-02,-5.315049086633531067e-02,3.360550793221428467e-02,2.802248513412513020e-01,3.596093434361444241e-02,-9.113934928033200489e-01,-2.308496331881912667e-01,1.647332268292924992e-02,3.360550793221428554e-03,2.802248513412513090e-02,-9.774039065656386915e-01
4.270676691729322627e+00,-1.090955941741236432e-02,-3.694438786416216758e-02,-9.130376035427250070e-01,9.709831984882219547e-02,-3.086696899060595300e-02,-5.260787880983045645e-02,2.013592115961054807e-02,2.764300431007808423e-01,3.620536717723697728e-02,-8.797734158738041987e-01,-2.733944860897855600e-01,1.603362695237058738e-02,2.013592115961054807e-03,2.764300431007808700e-02,-9.773794632822764283e-01
4.285714285714285587e+00,-9.447651607393928175e-03,-3.737745904727051566e-02,-9.138245968941511865e-01,9.730288213340063108e-02,-2.674256143902058874e-02,-5.206164098292368619e-02,7.154131872235187928e-03,2.720165843070502243e-01,3.644314868804664209e-02,-8.465525763917645108e-01,-3.131252784288566793e-01,1.558869674883086275e-02,7.154131872235188361e-04,2.720165843070502382e-02,-9.773556851311954174e-01
4.300751879699247660e+00,-7.984116420860829996e-03,-3.774903018620646977e-02,-9.146033495111433043e-01,9.731603987369033537e-02,-2.268890712776483118e-02,-5.151187799734117251e-02,-5.317410309458391049e-03,2.670269680832509374e-01,3.667420016216422357e-02,-8.119459618485542762e-01,-3.500210412876508803e-01,1.513853207231335291e-02,-5.317410309458391699e-04,2.670269680832509582e-02,-9.773325799837836447e-01
4.315789473684210620e+00,-6.521773675357809413e-03,-3.806022877425632028e-02,-9.153738091476917305e-01,9.714561467352843260e-02,-1.871434916233193427e-02,-5.095869164847558613e-02,-1.725945281156979899e-02,2.615038922195355164e-01,3.689844288571020314e-02,-7.761636414123027627e-01,-3.840753931481574734e-01,1.468313292280821851e-02,-1.725945281156980073e-03,2.615038922195355234e-02,-9.773101557114290960e-01
4.330827067669172692e+00,-5.063323511812468057e-03,-3.831230293570148104e-02,-9.161359250974449031e-01,9.679969410777471139e-02,-1.482658838195485829e-02,-5.040218491538713680e-02,-2.865585957884012047e-02,2.554900457840508232e-01,3.711579814480506917e-02,-7.394099069086970122e-01,-4.152957390077656186e-01,1.422249930033022379e-02,-2.865585957884012047e-03,2.554900457840508440e-02,-9.772884201855195352e-01
4.345864661654134764e+00,-3.611342743952612646e-03,-3.850661177636145738e-02,-9.168896482115079793e-01,9.628658554048603879e-02,-1.103268501827644674e-02,-4.984246196080407282e-02,-3.949351828653014512e-02,2.490279080637207154e-01,3.732618722556976104e-02,-7.018825012538960628e-01,-4.437024327785925037e-01,1.375663120485967963e-02,-3.949351828653014512e-03,2.490279080637207432e-02,-9.772673812774431701e-01
4.360902255639097724e+00,-2.168281891269139856e-03,-3.864461578133293607e-02,-9.176349309162430412e-01,9.561477142234063586e-02,-7.339063281604008178e-03,-4.927962813112059942e-02,-4.976223660637829616e-02,2.421595603256709861e-01,3.752953141412415650e-02,-6.637719341205541301e-01,-4.693279110624907213e-01,1.328552863640315024e-02,-4.976223660637830136e-03,2.421595603256709861e-02,-9.772470468585876535e-01
4.375939849624059796e+00,-7.364628720954098954e-04,-3.872786730248383574e-02,-9.183717272310680801e-01,9.479286622208973889e-02,-3.751518679027238644e-03,-4.871378995639955717e-02,-5.945462883260664577e-02,2.349265107709191946e-01,3.772575199658940309e-02,-6.252608839630714455e-01,-4.922158060784222466e-01,1.280919159497539983e-02,-5.945462883260664577e-03,2.349265107709191946e-02,-9.772274248003411934e-01
4.390977443609022757e+00,6.819226688092635668e-04,-3.875800117528094280e-02,-9.190999927862560925e-01,9.382957512726784743e-02,-2.752278639448302398e-04,-4.814505515037104111e-02,-6.856599415622890992e-02,2.273695329375010066e-01,3.791477025908582266e-02,-5.865236849257819962e-01,-5.124200451590658068e-01,1.232762008055510172e-02,-6.856599415622891686e-03,2.273695329375010135e-02,-9.772085229740915535e-01
4.406015037593984829e+00,2.084814425684507980e-03,-3.873672550149011989e-02,-9.198196848407365067e-01,9.273365463023451605e-02,3.085239186521998404e-03,-4.757353261043140158e-02,-7.709418784960041238e-02,2.195285177017263778e-01,3.809650748773391743e-02,-5.477258966103339954e-01,-5.300039438369991140e-01,1.184081409315209873e-02,-7.709418784960041411e-03,2.195285177017263986e-02,-9.771903492512267198e-01
4.421052631578946901e+00,3.470283919286501310e-03,-3.866581263121462303e-02,-9.205307622998919470e-01,9.151387509688653499e-02,6.325904871132697477e-03,-4.699933241764572139e-02,-8.503948658873464184e-02,2.114423389239080409e-01,3.827088496865430761e-02,-5.090239541854397753e-01,-5.450392991120387443e-01,1.134877363277459611e-02,-8.503948658873465224e-03,2.114423389239080547e-02,-9.771729115031346780e-01
4.436090225563909861e+00,4.836534436954229715e-03,-3.854709037465459120e-02,-9.212331857333595497e-01,9.017898539720457796e-02,9.443367746128410178e-03,-4.642256583674564396e-02,-9.240444909999433187e-02,2.031487326889875600e-01,3.843782398796773830e-02,-4.705648958850317531e-01,-5.576054890388881802e-01,1.085149869941110651e-02,-9.240444909999433881e-03,2.031487326889875808e-02,-9.771562176012033030e-01
4.451127819548871933e+00,6.181900456701902580e-03,-3.838243347089652369e-02,-9.219269173928308359e-01,8.873767965932963242e-02,1.243478459230162696e-02,-4.584334531613035862e-02,-9.919377327018158441e-02,1.946841900038988604e-01,3.859724583179449664e-02,-4.324861645606172811e-01,-5.677885843017901335e-01,1.034898929305834957e-02,-9.919377327018159135e-03,1.946841900038988674e-02,-9.771402754168206917e-01
4.466165413533834005e+00,7.504846587624867081e-03,-3.817375533800264342e-02,-9.226119212298493633e-01,8.719856619210770987e-02,1.529785096832759692e-02,-4.526178448786636471e-02,-1.054141508064623534e-01,1.860838627318130989e-01,3.874907178625520976e-02,-3.949154796269938039e-01,-5.756804769577658076e-01,9.841245413726169844e-03,-1.054141508064623638e-02,1.860838627318131197e-02,-9.771250928213746079e-01
4.481203007518796966e+00,8.803966059478328388e-03,-3.792300012567517697e-02,-9.232881629136118207e-01,8.557013860513512649e-02,1.803078044731655852e-02,-4.467799816768776994e-02,-1.110741204754754907e-01,1.773814824692034886e-01,3.889322313747047011e-02,-3.579707754686408672e-01,-5.813780310371714499e-01,9.328267061414565603e-03,-1.110741204754754977e-02,1.773814824692035094e-02,-9.771106776862530374e-01
4.496240601503759038e+00,1.007797879458748568e-02,-3.763213508884739184e-02,-9.239556098487671232e-01,8.386074914030861027e-02,2.063228272855759104e-02,-4.409210235499583241e-02,-1.161839208900090070e-01,1.686092920049112043e-01,3.902962117156091176e-02,-3.217602021549468283e-01,-5.849822591943203420e-01,8.810054236116977855e-03,-1.161839208900090209e-02,1.686092920049112043e-02,-9.770970378828439662e-01
4.511278195488721110e+00,1.132572909536424047e-02,-3.730314329770843818e-02,-9.246142311932161739e-01,8.207858421480351829e-02,2.310154081057524261e-02,-4.350421423285891903e-02,-1.207553437479255976e-01,1.597979889410621190e-01,3.915818717464691900e-02,-2.863821841431627435e-01,-5.865975291073605158e-01,8.286606937838324541e-03,-1.207553437479256045e-02,1.597979889410621260e-02,-9.770841812825353800e-01
4.526315789473684070e+00,1.254618298059978834e-02,-3.693801669692018536e-02,-9.252639978759102934e-01,8.023164216228988177e-02,2.543818740489088223e-02,-4.291445216801315077e-02,-1.248015883620530175e-01,1.509766810037269924e-01,3.927884243284927857e-02,-2.519255325269902368e-01,-5.863308028391123194e-01,7.757925166580248444e-03,-1.248015883620530279e-02,1.509766810037269959e-02,-9.770721157567151538e-01
4.541353383458646142e+00,1.373842520341758341e-02,-3.653874952414062210e-02,-9.259048826146513145e-01,7.832771314708500410e-02,2.764228076244829371e-02,-4.232293571086231943e-02,-1.283371182523495579e-01,1.421728525265010534e-01,3.939150823228843024e-02,-2.184696063133700628e-01,-5.842909118934007662e-01,7.224008922334546057e-03,-1.283371182523495614e-02,1.421728525265010534e-02,-9.770608491767712733e-01
4.556390977443609103e+00,1.490165598330367436e-02,-3.610733209544212535e-02,-9.265368599338925648e-01,7.637436121485535745e-02,2.971428007659379297e-02,-4.172978559547643046e-02,-1.313775205034200533e-01,1.334123415525677592e-01,3.949610585908490401e-02,-1.860845181772932677e-01,-5.805878702380304901e-01,6.684858205107779838e-03,-1.313775205034200567e-02,1.334123415525677661e-02,-9.770503894140916135e-01
4.571428571428571175e+00,1.603518748399148167e-02,-3.564574496281851940e-02,-9.271599061825355204e-01,7.437890843344638347e-02,3.165502061789496335e-02,-4.113512373959412466e-02,-1.339393685219882890e-01,1.247193269701455803e-01,3.959255659935934091e-02,-1.548313801515169008e-01,-5.753322271188531234e-01,6.140473014898308740e-03,-1.339393685219882925e-02,1.247193269701455873e-02,-9.770407443400641601e-01
4.586466165413533247e+00,1.713844006824785313e-02,-3.515595344669379674e-02,-9.277739995517322313e-01,7.234842106833616615e-02,3.346568874716332465e-02,-4.053907324462069361e-02,-1.360400887610078713e-01,1.161163250717836964e-01,3.968078173923222235e-02,-1.247625847507963515e-01,-5.686344610623923490e-01,5.590853351706133630e-03,-1.360400887610078817e-02,1.161163250717837069e-02,-9.770319218260768990e-01
4.601503759398496207e+00,1.821093835966583821e-02,-3.463990254423042481e-02,-9.283791200926824194e-01,7.028969772925577897e-02,3.514779694365212370e-02,-3.994175839562866953e-02,-1.376978319098222381e-01,1.076241949103098894e-01,3.976070256482418935e-02,-9.592211710751330500e-02,-5.606044160590936132e-01,5.035999215524691180e-03,-1.376978319098222381e-02,1.076241949103098894e-02,-9.770239297435177050e-01
4.616541353383458279e+00,1.925230714059990994e-02,-3.409951221223203599e-02,-9.289752497344339055e-01,6.820925941745704935e-02,3.670315897594616378e-02,-3.934330466135849136e-02,-1.389313489841494942e-01,9.926215181200581661e-02,3.983224036225552211e-02,-6.834589380124450608e-02,-5.513507805376779425e-01,4.475910606363825948e-03,-1.389313489841494977e-02,9.926215181200582702e-03,-9.770167759637745641e-01
4.631578947368421240e+00,2.026226711425302765e-02,-3.353667302159749758e-02,-9.295623723016839257e-01,6.611334139708650859e-02,3.813386533334904571e-02,-3.874383869421760274e-02,-1.397598726856445484e-01,9.104778840119399919e-02,3.989531641764716002e-02,-4.206212419771079847e-02,-5.409806093843407826e-01,3.910587524223537066e-03,-1.397598726856445588e-02,9.104778840119400266e-03,-9.770104683582353511e-01
4.646616541353383312e+00,2.124063055772395375e-02,-3.295324217859206539e-02,-9.301404735325747852e-01,6.400788680905161732e-02,3.944225902582945004e-02,-3.814348833028084057e-02,-1.402030043389921876e-01,8.299710248920103006e-02,3.994985201711939021e-02,-1.709169026907034206e-02,-5.295988889303685498e-01,3.340029969102184786e-03,-1.402030043389921980e-02,8.299710248920103353e-03,-9.770050147982881628e-01
4.661654135338345384e+00,2.218729689160245724e-02,-3.235103990662759055e-02,-9.307095410964969506e-01,6.189854194153503880e-02,4.063091185095288327e-02,-3.754238258929065708e-02,-1.402806066553247688e-01,7.512453118393358498e-02,3.999576844679308962e-02,6.551458957573086384e-03,-5.173081445284204438e-01,2.764237940999768675e-03,-1.402806066553247827e-02,7.512453118393359018e-03,-9.770004231553207630e-01
4.676691729323308344e+00,2.310224819033232166e-02,-3.173184618086453967e-02,-9.312695646118860360e-01,5.979065306805485258e-02,4.170260121649730506e-02,-3.694065167465643285e-02,-1.400127025140840142e-01,6.744299058433997351e-02,4.003298699278855233e-02,2.885990198302604282e-02,-5.042080900616414674e-01,2.183211439908084792e-03,-1.400127025140840246e-02,6.744299058433997698e-03,-9.769967013007212486e-01
4.691729323308270416e+00,2.398554465624906304e-02,-3.109739780665949846e-02,-9.318205356640250070e-01,5.768926476144049798e-02,4.266028759806986953e-02,-3.633842697345524009e-02,-1.394193799021085645e-01,5.996392043561682428e-02,4.006142894122641240e-02,4.983233190419900094e-02,-4.903953184817995137e-01,1.596950465832056281e-03,-1.394193799021085749e-02,5.996392043561682601e-03,-9.769938571058774945e-01
4.706766917293232488e+00,2.483732007876857106e-02,-3.044938583178278743e-02,-9.323624478228409451e-01,5.559911959042561358e-02,4.350709270168694881e-02,-3.573584105643138470e-02,-1.385207030982746890e-01,5.269733313644285599e-02,4.008101557822710964e-02,6.947313920419179167e-02,-4.759630322514250000e-01,1.005455018774963939e-03,-1.385207030982747028e-02,5.269733313644286293e-03,-9.769918984421773755e-01
4.721804511278195449e+00,2.565777729882279257e-02,-2.978945328132746526e-02,-9.328952966607054753e-01,5.352465910455923848e-02,4.424627839232396498e-02,-3.513302767799649645e-02,-1.373366301451357796e-01,4.565186650782132594e-02,4.009166818991137526e-02,8.779199327613004811e-02,-4.610008123714645079e-01,4.087250987400888329e-04,-1.373366301451357796e-02,4.565186650782132767e-03,-9.769908331810089885e-01
4.736842105263157521e+00,2.644718369720232623e-02,-2.911919320338827652e-02,-9.334190797702353048e-01,5.147002601285841777e-02,4.488122644068739953e-02,-3.453012177622941797e-02,-1.358869366053827854e-01,3.883483975428316665e-02,4.009330806239974621e-02,1.048034254621994232e-01,-4.455944245084141886e-01,-1.932392942791313071e-04,-1.358869366053827923e-02,3.883483975428316751e-03,-9.769906691937600973e-01
4.751879699248119593e+00,2.720586672404006964e-02,-2.844014701287252839e-02,-9.339337967820905417e-01,4.943906746197530150e-02,4.541541913206777886e-02,-3.392725947287707905e-02,-1.341911455608849890e-01,3.225231207167743308e-02,4.008585648181275940e-02,1.205264161559443659e-01,-4.298256605934001051e-01,-8.004381602859779541e-04,-1.341911455608849925e-02,3.225231207167743308e-03,-9.769914143518187988e-01
4.766917293233082553e+00,2.793420948527554695e-02,-2.775380312019309209e-02,-9.344394493827750114e-01,4.743533932053722868e-02,4.585242077313726738e-02,-3.332457807335272720e-02,-1.322684637755117687e-01,2.590914338106650727e-02,4.006923473427084770e-02,1.349839882823860859e-01,-4.137722141484084792e-01,-1.412871499273888297e-03,-1.322684637755117826e-02,2.590914338106650901e-03,-9.769930765265729677e-01
4.781954887218044625e+00,2.863264640053170620e-02,-2.706159583112366721e-02,-9.349360413324343533e-01,4.546211137778982669e-02,4.619586012491640886e-02,-3.272221606673760691e-02,-1.301377239099062721e-01,1.980905669532435215e-02,4.004336410589474232e-02,1.482028092377322137e-01,-3.975075875016422788e-01,-2.030539311241222073e-03,-1.301377239099062860e-02,1.980905669532435388e-03,-9.769956635894105901e-01
4.796992481203007586e+00,2.930165894547917885e-02,-2.636490450371717018e-02,-9.354235784826574474e-01,4.352237336654822542e-02,4.644941378292942458e-02,-3.212031312578041836e-02,-1.278173326467635096e-01,1.395470165312997363e-02,4.000816588280494551e-02,1.602128031413663778e-01,-3.811010289825489394e-01,-2.653441596191260295e-03,-1.278173326467635200e-02,1.395470165312997449e-03,-9.769991834117196516e-01
4.812030075187969658e+00,2.994177149041598804e-02,-2.566505294793378078e-02,-9.359020687942755101e-01,4.161884172281803129e-02,4.661679051878011432e-02,-3.151901010689672766e-02,-1.253252245590267544e-01,8.347718784252500246e-03,3.996356135112207747e-02,1.710467750283541088e-01,-3.646174981369715296e-01,-3.281578354130565423e-03,-1.253252245590267579e-02,8.347718784252500680e-04,-9.770036438648879162e-01
4.827067669172931730e+00,3.055354724549843443e-02,-2.496330905345425441e-02,-9.363715223551596356e-01,3.975396699713356491e-02,4.670171659105520900e-02,-3.091844905016993827e-02,-1.226788215305811836e-01,2.988804099718245233e-03,3.990947179696643227e-02,1.807400483927751322e-01,-3.481176569721247671e-01,-3.914949585046012537e-03,-1.226788215305811905e-02,2.988804099718245667e-04,-9.770090528203034808e-01
4.842105263157894690e+00,3.113758432180979002e-02,-2.426088463107294035e-02,-9.368319513980222224e-01,3.792994183565870370e-02,4.670792202757910461e-02,-3.031877317935076019e-02,-1.198949975193905476e-01,-2.122226369557278502e-03,3.984581850645903950e-02,1.893301172821096057e-01,-3.316578852281353851e-01,-4.553555288937601205e-03,-1.198949975193905511e-02,-2.122226369557278557e-04,-9.770154181493542200e-01
4.857142857142856762e+00,3.169451191623325059e-02,-2.355893545308837544e-02,-9.372833703182168463e-01,3.614870945240902106e-02,4.663912787559642420e-02,-2.972012690185676931e-02,-1.169900484365094528e-01,-6.986372431889306678e-03,3.977252276572018630e-02,1.968563139408478491e-01,-3.152903176770686655e-01,-5.197395465828301767e-03,-1.169900484365094667e-02,-6.986372431889306895e-04,-9.770227477234281199e-01
4.872180451127819723e+00,3.222498662694360527e-02,-2.285856147819611758e-02,-9.377257956915363568e-01,3.441197251745998359e-02,4.649903441148579147e-02,-2.912265580877330604e-02,-1.139796669008650565e-01,-1.160538630800823923e-02,3.968950586087021531e-02,2.033594928097008925e-01,-2.990629014692104404e-01,-5.846470115701706341e-03,-1.139796669008650599e-02,-1.160538630800823923e-03,-9.770310494139130553e-01
4.887218045112781795e+00,3.272968890523668406e-02,-2.216080724653923806e-02,-9.381592462920131936e-01,3.272120238968150713e-02,4.629131029707860001e-02,-2.852650667485301383e-02,-1.108789216189228488e-01,-1.598171020510845419e-02,3.959668907802990634e-02,2.088817315054746770e-01,-2.830194715781491621e-01,-6.500779238549612288e-03,-1.108789216189228627e-02,-1.598171020510845419e-03,-9.770403310921971229e-01
4.902255639097743867e+00,3.320931964835981132e-02,-2.146666243081065198e-02,-9.385837431097182604e-01,3.107764862640156542e-02,4.601958266555452454e-02,-2.793182745851607862e-02,-1.077022411302790417e-01,-2.011841514951868970e-02,3.949399370331985182e-02,2.134660492353991912e-01,-2.671998424411990425e-01,-7.160322834376941017e-03,-1.077022411302790486e-02,-2.011841514951869230e-03,-9.770506006296680868e-01
4.917293233082706827e+00,3.366459693702653078e-02,-2.077706252957643371e-02,-9.389993093685611303e-01,2.948234870632253368e-02,4.568742811622746036e-02,-2.733876730184962509e-02,-1.044634016545925581e-01,-2.401914130757745042e-02,3.938134102286067889e-02,2.171561429406765886e-01,-2.516399139461263923e-01,-7.825100903191896037e-03,-1.044634016545925581e-02,-2.401914130757745128e-03,-9.770618658977140436e-01
4.932330827067668899e+00,3.409625292036734534e-02,-2.009288968933061609e-02,-9.394059705440895858e-01,2.793613790603262023e-02,4.529836459429030515e-02,-2.674747653060838282e-02,-1.011755187719780569e-01,-2.768803999692336093e-02,3.925865232277273020e-02,2.199961413161320156e-01,-2.363717899791180910e-01,-8.495113444984634526e-03,-1.011755187719780638e-02,-2.768803999692336093e-03,-9.770741347677228683e-01
4.947368421052630971e+00,3.450503085020169280e-02,-1.941497364217367391e-02,-9.398037543812879369e-01,2.643965927448975808e-02,4.485584412873975385e-02,-2.615810665421506795e-02,-9.785104266779728888e-02,-3.112971756411647001e-02,3.912584888917693127e-02,2.220303767169243825e-01,-2.214239078202984712e-01,-9.170360459768279668e-03,-9.785104266779729582e-03,-3.112971756411647261e-03,-9.770874151110824357e-01
4.962406015037593932e+00,3.489168226571676135e-02,-1.874409274641861828e-02,-9.401926909123788922e-01,2.499337365388408158e-02,4.436324639925467994e-02,-2.557081036575807251e-02,-9.450175667355581455e-02,-3.434918127933841991e-02,3.898285200819322921e-02,2.233031748388168702e-01,-2.068211767512739274e-01,-9.850841947532988641e-03,-9.450175667355582149e-03,-3.434918127933842252e-03,-9.771017147991807317e-01
4.977443609022556004e+00,3.525696432887891890e-02,-1.808097511790682579e-02,-9.405728124746202123e-01,2.359756969934369286e-02,4.382387310071673286e-02,-2.498574154199517672e-02,-9.113877883825349802e-02,-3.735178737485844724e-02,3.882958296594285486e-02,2.238586619462349381e-01,-1.925851243220030318e-01,-1.053655790827220072e-02,-9.113877883825350842e-03,-3.735178737485844985e-03,-9.771170417034058531e-01
4.992481203007518076e+00,3.560163731023822248e-02,-1.742629984026771925e-02,-9.409441537281064694e-01,2.225237385384844918e-02,4.324094307231672596e-02,-2.440305524334955220e-02,-8.777256626856744237e-02,-4.014319133138735674e-02,3.866596304854594268e-02,2.237405893210826779e-01,-1.787340488109773196e-01,-1.122750834200231945e-02,-8.777256626856744237e-03,-4.014319133138735847e-03,-9.771334036951454527e-01
5.007518796992481036e+00,3.592646222413985180e-02,-1.678069824289831272e-02,-9.413067516735669216e-01,2.095776023868346424e-02,4.261758815681106899e-02,-2.382290771391359918e-02,-8.441292198202846042e-02,-4.272930049492084520e-02,3.849191354212323779e-02,2.229921745155527824e-01,-1.652831765030944311e-01,-1.192369324871678238e-02,-8.441292198202846042e-03,-4.272930049492084346e-03,-9.771508086457877384e-01
5.022556390977443108e+00,3.623219861180474594e-02,-1.614475523593620482e-02,-9.416606456701667183e-01,1.971356042349426546e-02,4.195684975437057734e-02,-2.324545638144548398e-02,-8.106900402404709771e-02,-4.511622908680283650e-02,3.830735573279506201e-02,2.216559589134147468e-01,-1.522448225000408439e-01,-1.262511262841230913e-02,-8.106900402404710465e-03,-4.511622908680283650e-03,-9.771692644267205852e-01
5.037593984962406068e+00,3.651960247021589223e-02,-1.551901069206543422e-02,-9.420058774533042190e-01,1.851947304375163930e-02,4.126167603469652057e-02,-2.267085985737231010e-02,-7.774933660778872435e-02,-4.731025565099632180e-02,3.811221090668226452e-02,2.197736810357745485e-01,-1.396285538713336605e-01,-1.333176648108890146e-02,-7.774933660778872956e-03,-4.731025565099632700e-03,-9.771887789093318677e-01
5.052631578947368141e+00,3.678942432430312021e-02,-1.490396086551821000e-02,-9.423424911524134195e-01,1.737507323693521927e-02,4.053491977051765921e-02,-2.209927793678693672e-02,-7.446182304467371948e-02,-4.931778296542929652e-02,3.790640034990517410e-02,2.173861649690663478e-01,-1.274413540456726113e-01,-1.404365480674983797e-02,-7.446182304467372295e-03,-4.931778296542930345e-03,-9.772093599650095719e-01
5.067669172932330213e+00,3.704240743949760439e-02,-1.430005983922626699e-02,-9.426705333087608274e-01,1.627982187222593718e-02,3.977933675532360075e-02,-2.153087159845020263e-02,-7.121376024316564135e-02,-5.114530042831074569e-02,3.768984534858452196e-02,2.145332232443431797e-01,-1.156877874343675422e-01,-1.476077760538527586e-02,-7.121376024316564829e-03,-5.114530042831074569e-03,-9.772310154651416836e-01
5.082706766917293173e+00,3.727928617138898115e-02,-1.370772099160083406e-02,-9.429900528932452231e-01,1.523307455170758336e-02,3.899758476812253266e-02,-2.096580300479159928e-02,-6.801185456378186500e-02,-5.279934891593157653e-02,3.746246718884095606e-02,2.112535734573405266e-01,-1.043701633679590957e-01,-1.548313487700834004e-02,-6.801185456378186500e-03,-5.279934891593157827e-03,-9.772537532811159666e-01
5.097744360902255245e+00,3.750078444890214691e-02,-1.312731847499583673e-02,-9.433011013241994203e-01,1.423409036420991702e-02,3.819222304816037583e-02,-2.040423550190547178e-02,-6.486223882923428108e-02,-5.428648809526999408e-02,3.722418715679479823e-02,2.075847678874526703e-01,-9.348869851557048416e-02,-1.621072662162231087e-02,-6.486223882923428108e-03,-5.428648809526999582e-03,-9.772775812843206289e-01
5.112781954887218205e+00,3.770761438714621133e-02,-1.255918869847403967e-02,-9.436037324851875852e-01,1.328204037588556763e-02,3.736571224290622523e-02,-1.984633361955549444e-02,-6.177049030002013108e-02,-5.561326616283240182e-02,3.697492653856659928e-02,2.035631353508325359e-01,-8.304167704157119911e-02,-1.694355283921734900e-02,-6.177049030002013455e-03,-5.561326616283240702e-03,-9.773025073461434342e-01
5.127819548872180277e+00,3.790047502587950284e-02,-1.200363180801977507e-02,-9.438980027428053310e-01,1.237601584433180996e-02,3.652041479307777810e-02,-1.929226307117189523e-02,-5.874164943726796484e-02,-5.678619197066400032e-02,3.671460662027698635e-02,1.992237345067474630e-01,-7.302560783603018191e-02,-1.768161352978360468e-02,-5.874164943726796657e-03,-5.678619197066400726e-03,-9.773285393379723685e-01
5.142857142857142350e+00,3.808005118934870009e-02,-1.146091315789905460e-02,-9.441839709644792578e-01,1.151503614569721577e-02,3.565859571918135462e-02,-1.874219075385245500e-02,-5.578023928659041342e-02,-5.781170949100926382e-02,3.644314868804679475e-02,1.946003178274407219e-01,-6.343537823446684931e-02,-1.842490869334076700e-02,-5.578023928659041689e-03,-5.781170949100926729e-03,-9.773556851311954174e-01
5.157894736842105310e+00,3.824701246312149638e-02,-1.093126476739292828e-02,-9.444616985362661588e-01,1.069805640660827749e-02,3.478242377480660757e-02,-1.819628474836261847e-02,-5.289028532853309872e-02,-5.869617456290888990e-02,3.616047402799606181e-02,1.897253054387480764e-01,-5.426440371727719869e-02,-1.917343832988227526e-02,-5.289028532853310392e-03,-5.869617456290889337e-03,-9.773839525972004560e-01
5.172932330827067382e+00,3.840201228342866868e-02,-1.041488675763833048e-02,-9.447312493806543365e-01,9.923974834979955306e-03,3.389397293283423485e-02,-1.765471431913449504e-02,-5.007533565312478896e-02,-5.944583385690495325e-02,3.586650392624582406e-02,1.846297680417909592e-01,-4.550477314955198027e-02,-1.992720243940156524e-02,-5.007533565312478896e-03,-5.944583385690495846e-03,-9.774133496073754701e-01
5.187969924812029454e+00,3.854568713445137573e-02,-9.911948763833021425e-03,-9.449926899743601449e-01,9.191639745848868490e-03,3.299522417172263272e-02,-1.711764991426800719e-02,-4.733848132789311713e-02,-6.006680598787805109e-02,3.556115966891631314e-02,1.793434181337666689e-01,-3.714738918919934657e-02,-2.068620102191176535e-02,-4.733848132789312234e-03,-6.006680598787805282e-03,-9.774438840331084455e-01
5.203007518796992414e+00,3.867865584895629344e-02,-9.422591318513012099e-03,-9.452460893661291941e-01,8.499856280209052220e-03,3.208806753012687085e-02,-1.658526316553003352e-02,-4.468237684031089313e-02,-6.056506470099687345e-02,3.524436254212817698e-02,1.738946087584545552e-01,-2.918210355326119471e-02,-2.145043407740302929e-02,-4.468237684031089486e-03,-6.056506470099688039e-03,-9.774755637457872570e-01
5.218045112781954487e+00,3.880151900765425876e-02,-8.946927202109222071e-03,-9.454915191945373332e-01,7.847392816566028245e-03,3.117430439927155322e-02,-1.605772688835571671e-02,-4.210926050715402963e-02,-6.094642405146251385e-02,3.491603383200193866e-02,1.683103390336699590e-01,-2.159784688996645510e-02,-2.221990160586879287e-02,-4.210926050715403483e-03,-6.094642405146251558e-03,-9.775083966167998906e-01
5.233082706766916559e+00,3.891485843266700995e-02,-8.485042757440677819e-03,-9.457290537057856383e-01,7.232987076450248659e-03,3.025565002370173701e-02,-1.553521508184685374e-02,-3.962097475439997629e-02,-6.121652549537265342e-02,3.457609482465843348e-02,1.626162657228695241e-01,-1.438275305776131122e-02,-2.299460360731562028e-02,-3.962097475439997629e-03,-6.121652549537265516e-03,-9.775423905175342210e-01
5.248120300751879519e+00,3.901923677052500372e-02,-8.036999165194706404e-03,-9.459587697715046151e-01,6.655351926472471112e-03,2.933373618232871030e-02,-1.501790292877277187e-02,-3.721898618211394449e-02,-6.138082680643702077e-02,3.422446680621801102e-02,1.568367201414716250e-01,-7.524277661214020391e-03,-2.377454008175335434e-02,-3.721898618211394796e-03,-6.138082680643702424e-03,-9.775775533193783451e-01
5.263157894736841591e+00,3.911519716015288833e-02,-7.602833677915324384e-03,-9.461807469065527387e-01,6.113180880753255227e-03,2.841011402295299040e-02,-1.450596679556944400e-02,-3.490440533930846967e-02,-6.144459273130929711e-02,3.386107106280119433e-02,1.509947297142209266e-01,-1.009310738401174648e-03,-2.455971102917215571e-02,-3.490440533930847054e-03,-6.144459273130929884e-03,-9.776138928937200268e-01
5.278195488721804551e+00,3.920326298137451898e-02,-7.182560810377950668e-03,-9.463950672868124414e-01,5.605153308584315958e-03,2.748625702479629354e-02,-1.399958423234200743e-02,-3.267800614380401980e-02,-6.141288729505203769e-02,3.348582888052861750e-02,1.451120435281670340e-01,5.175716465623333637e-03,-2.535011644957858162e-02,-3.267800614380401980e-03,-6.141288729505204463e-03,-9.776514171119472518e-01
5.293233082706766623e+00,3.928393767955157267e-02,-6.776173484587273005e-03,-9.466018157669952027e-01,5.129939353068627313e-03,2.656356406488250693e-02,-1.349893397286076359e-02,-3.054024489168703088e-02,-6.129056766756942748e-02,3.309866154552063011e-02,1.392091612555645952e-01,1.104473066832526752e-02,-2.614575634295950718e-02,-3.054024489168703175e-03,-6.129056766756943442e-03,-9.776901338454480062e-01
5.308270676691728696e+00,3.935770466205010254e-02,-6.383644128046497834e-03,-9.468010798984365373e-01,4.686204567301441304e-03,2.564336256548794060e-02,-1.300419593456473601e-02,-2.849127881029381304e-02,-6.108227950158220954e-02,3.269949034389826176e-02,1.333053648528141899e-01,1.661192165932052697e-02,-2.694663070932150004e-02,-2.849127881029381304e-03,-6.108227950158221127e-03,-9.777300509656102756e-01
5.323308270676691656e+00,3.942502726234697191e-02,-6.004925724211877466e-03,-9.469929499468963119e-01,4.272614275222068325e-03,2.472691170118414619e-02,-1.251555121856048024e-02,-2.653098411715595212e-02,-6.079245365305093601e-02,3.228823656178163998e-02,1.274187524738225608e-01,2.189165331895604957e-02,-2.775273954868096027e-02,-2.653098411715595212e-03,-6.079245365305093948e-03,-9.777711763438219350e-01
5.338345864661653728e+00,3.948634876769112345e-02,-5.639952814396179993e-03,-9.471775189103608383e-01,3.887837664803461737e-03,2.381540564535843466e-02,-1.203318210962089907e-02,-2.465897355564584947e-02,-6.042530419557951005e-02,3.186482148529131558e-02,1.215662740699054029e-01,2.689838049006990778e-02,-2.856408286101820571e-02,-2.465897355564585034e-03,-6.042530419557951699e-03,-9.778135178514709702e-01
5.353383458646616688e+00,3.954209250635262046e-02,-5.288642450683485839e-03,-9.473548825368404147e-01,3.530551621629477322e-03,2.290997683741708216e-02,-1.155727207618687837e-02,-2.287461338574191261e-02,-5.998482764131499168e-02,3.142916640054801286e-02,1.157637681824230658e-01,3.164657162622916409e-02,-2.938066064632338659e-02,-2.287461338574191434e-03,-5.998482764131499688e-03,-9.778570833599452561e-01
5.368421052631578760e+00,3.959266199061976105e-02,-4.950895099667215749e-03,-9.475251393421670887e-01,3.199444311161900138e-03,2.201169925316952963e-02,-1.108800577036669031e-02,-2.117703981544771102e-02,-5.947480328218998635e-02,3.098119259367256365e-02,1.100259994686112325e-01,3.615063712137946139e-02,-3.020247290461619549e-02,-2.117703981544771102e-03,-5.947480328218998635e-03,-9.779018807406328895e-01
5.383458646616540832e+00,3.963844111182980579e-02,-4.626595497077458895e-03,-9.476883906277977498e-01,2.893218518171182096e-03,2.112159166219183468e-02,-1.062556902793643232e-02,-1.956517486507136291e-02,-5.889879456688192766e-02,3.052082135078511629e-02,1.043666965356798981e-01,4.042486321090899004e-02,-3.102951963589991105e-02,-1.956517486507136291e-03,-5.889879456688193113e-03,-9.779479178649216342e-01
5.398496240601503793e+00,3.967979438384310054e-02,-4.315613453626733660e-03,-9.478447404986127811e-01,2.610594751889431728e-03,2.024062085721112583e-02,-1.017014886833796615e-02,-1.803774166273069968e-02,-5.826015143060752494e-02,3.004797395800640203e-02,9.879858969268785762e-02,4.448335132204622733e-02,-3.186180084016469044e-02,-1.803774166273070141e-03,-5.826015143060752841e-03,-9.779952026041994761e-01
5.413533834586465865e+00,3.971706723150295049e-02,-4.017804612593657045e-03,-9.479942958807128228e-01,2.350314125413558060e-03,1.936970484181013696e-02,-9.721933494682014412e-03,-1.659327917504889796e-02,-5.756201349678565643e-02,2.956257170145685717e-02,9.333344826384404325e-02,4.833996274140055921e-02,-3.269931651741381923e-02,-1.659327917504889926e-03,-5.756201349678566337e-03,-9.780437428298544011e-01
5.428571428571427937e+00,3.975058632075148535e-02,-3.733011159854212821e-03,-9.481371665392209769e-01,2.111141017780769451e-03,1.850971596391712617e-02,-9.281112293746099709e-03,-1.523015638206442340e-02,-5.680731407167100011e-02,2.906453586725711580e-02,8.798211714040778120e-02,5.200826845975866503e-02,-3.354206666765056910e-02,-1.523015638206442514e-03,-5.680731407167100011e-03,-9.780935464132743951e-01
5.443609022556390897e+00,3.978065992719409527e-02,-3.461062487276939277e-03,-9.482734650960820133e-01,1.891865526986532056e-03,1.766148398375105497e-02,-8.847875835974980049e-03,-1.394658591006052439e-02,-5.599878485517816723e-02,2.855378774152751709e-02,8.275455228163287880e-02,5.550150404857052272e-02,-3.439005129086182555e-02,-1.394658591006052483e-03,-5.599878485517816896e-03,-9.781446212258473327e-01
5.458646616541352969e+00,3.980757834002954243e-02,-3.201775810543237583e-03,-9.484033070478610217e-01,1.691305721965396906e-03,1.682579906601151809e-02,-8.422415875481537029e-03,-1.274063714008432345e-02,-5.513896129335976032e-02,2.803024861038909063e-02,7.765985490745352937e-02,5.883252941860787205e-02,-3.524327038705085680e-02,-1.274063714008432432e-03,-5.513896129335976726e-03,-9.781969751389612000e-01
5.473684210526315042e+00,3.983161429838213280e-02,-2.954956742595160179e-03,-9.485268107835438389e-01,1.508309701258747030e-03,1.600341468720458543e-02,-8.004925350044711507e-03,-1.161024881354970339e-02,-5.423018850026193466e-02,2.749383975996207499e-02,7.270630415703284444e-02,6.201379330836301329e-02,-3.610172395622752300e-02,-1.161024881354970426e-03,-5.423018850026193466e-03,-9.782506160240038717e-01
5.488721804511278002e+00,3.985302345718349376e-02,-2.720399824060893389e-03,-9.486440976023340355e-01,1.341757465757887832e-03,1.519505045008629103e-02,-7.595598381112307791e-03,-1.055324115953080837e-02,-5.327462767919095843e-02,2.694448247636720833e-02,6.790138801800463253e-02,6.505730234848693117e-02,-3.696541199838852820e-02,-1.055324115953080967e-03,-5.327462767919096190e-03,-9.783055517523633338e-01
5.503759398496240074e+00,3.987204487986346219e-02,-2.497889012085082600e-03,-9.487552917314572287e-01,1.190562612501606336e-03,1.440139479820646065e-02,-7.194630273798630071e-03,-9.567327570983899521e-03,-5.227426297573707636e-02,2.638209804572482636e-02,6.325183236049415625e-02,6.797459454819548830e-02,-3.783433451353060417e-02,-9.567327570983900171e-04,-5.227426297573708157e-03,-9.783617901954275720e-01
5.518796992481203034e+00,3.988890155520592035e-02,-2.287198129146370950e-03,-9.488605203439567370e-01,1.053673856106498389e-03,1.362310762456863181e-02,-6.802217516884774724e-03,-8.650125859524970123e-03,-5.123090869721556168e-02,2.580660775415576091e-02,5.876362793859448569e-02,7.077671704946471298e-02,-3.870849150165701913e-02,-8.650125859524970991e-04,-5.123090869721556341e-03,-9.784193392245845722e-01
5.533834586466165106e+00,3.990380093582674564e-02,-2.088091273465434577e-03,-9.489599135764938964e-01,9.300763839218168134e-04,1.286082276937166279e-02,-6.418557782820411006e-03,-7.799169120148823076e-03,-5.014621683550266051e-02,2.521793288778025402e-02,5.444205524893634685e-02,7.347420799573663175e-02,-3.958788296276778002e-02,-7.799169120148823076e-04,-5.014621683550266225e-03,-9.784782067112220982e-01
5.548872180451127178e+00,3.991693549581500078e-02,-1.900323192716998595e-03,-9.490536045471464899e-01,8.187930505332052843e-04,1.211515040271975152e-02,-6.043849927722148678e-03,-7.011916238792362602e-03,-4.902168483254584069e-02,2.461599473271913752e-02,5.029170716190882462e-02,7.607708236282571812e-02,-4.047250889685960473e-02,-7.011916238792363469e-04,-4.902168483254584069e-03,-9.785384005267281360e-01
5.563909774436090139e+00,3.992848330516197974e-02,-1.723639622784956752e-03,-9.491417293732133942e-01,7.188854167275689558e-04,1.138667928910331445e-02,-5.678293991372947332e-03,-6.285762076702779838e-03,-4.785866353009873148e-02,2.400071457509274711e-02,4.631650926560826331e-02,7.859482160074657275e-02,-4.136236930393249328e-02,-6.285762076702780489e-04,-4.785866353009873668e-03,-9.785999285424907823e-01
5.578947368421052211e+00,3.993860861867163520e-02,-1.557777593395230512e-03,-9.492244271890062368e-01,6.294546375307112683e-04,1.067597893131021040e-02,-5.322091197225375936e-03,-5.618047366360163705e-03,-4.665836524750634207e-02,2.337201370102191811e-02,4.251973788581214775e-02,8.103636693603946672e-02,-4.225746418398972776e-02,-5.618047366360163488e-04,-4.665836524750634033e-03,-9.786627986298979121e-01
5.593984962406015171e+00,3.994746247711798703e-02,-1.402465702396950373e-03,-9.493018401636554859e-01,5.496422033737102678e-04,9.983601592227104096e-03,-4.975443952396574332e-03,-5.006068353960100616e-03,-4.542187193362528380e-02,2.272981339662689254e-02,3.890403576664698548e-02,8.341011618499012681e-02,-4.315779353702802607e-02,-5.006068353960100832e-04,-4.542187193362528727e-03,-9.787270186603374000e-01
5.609022556390977243e+00,3.995518331846480836e-02,-1.257424360584375768e-03,-9.493741135189062152e-01,4.786305379516570327e-04,9.310084193843905925e-03,-4.638555847673734960e-03,-4.447086223702068422e-03,-4.415014334120430373e-02,2.207403494802859592e-02,3.547142541722215353e-02,8.572392392825814444e-02,-4.406335736305395240e-02,-4.447086223702068422e-04,-4.415014334120430199e-03,-9.787925965051972321e-01
5.624060150375939315e+00,3.996189759701804234e-02,-1.122366008875990079e-03,-9.494413955469189759e-01,4.156434557813950929e-04,8.655950093456554056e-03,-4.311631657509066955e-03,-3.938336338766485964e-03,-4.284402517430155322e-02,2.140459964134707252e-02,3.222332014764908714e-02,8.798510489699458426e-02,-4.497415566206094256e-02,-3.938336338766486072e-04,-4.284402517430155669e-03,-9.788595400358653942e-01
5.639097744360902276e+00,3.996772040841976847e-02,-9.969953097029452330e-04,-9.495038376280702241e-01,3.599464819602632426e-04,8.021710737870210717e-03,-3.994877340023943006e-03,-3.477037333474331145e-03,-4.150425716158643447e-02,2.072142876270345602e-02,2.916053283528720688e-02,9.020044041961826353e-02,-4.589018843404571446e-02,-3.477037333474331145e-04,-4.150425716158643794e-03,-9.789278571237297610e-01
5.654135338345864348e+00,3.997275611842691923e-02,-8.810093144380834072e-04,-9.495615942487496408e-01,3.108470361085118516e-04,7.407867197025072743e-03,-3.688500037005937315e-03,-3.060400090348467002e-03,-4.013148101063451073e-02,2.002444359821788089e-02,2.628328247715712440e-02,9.237618777627673583e-02,-4.681145567902138954e-02,-3.060400090348467002e-04,-4.013148101063451247e-03,-9.789975556401783185e-01
5.669172932330826420e+00,3.997709899344482204e-02,-7.740976086495968264e-04,-9.496148230191605588e-01,2.676944819765399121e-04,6.814911579181113545e-03,-3.392708073910603254e-03,-2.685636634855269409e-03,-3.872624820067403079e-02,1.931356543401108183e-02,2.359119859834895097e-02,9.451809230509838899e-02,-4.773795739697485330e-02,-2.685636634855269734e-04,-3.872624820067403165e-03,-9.790686434565989416e-01
5.684210526315789380e+00,3.998083383080325293e-02,-6.759424369462634736e-04,-9.496636846911210572e-01,2.298800437162300324e-04,6.243328330381383955e-03,-3.107710959860584318e-03,-2.349968979466055159e-03,-3.728902757358502906e-02,1.858871555620359925e-02,2.108332359817963533e-02,9.663140210081958004e-02,-4.866969358791593814e-02,-2.349968979466055376e-04,-3.728902757358503253e-03,-9.791411284443797269e-01
5.699248120300751452e+00,3.998403658677406741e-02,-5.862188091415293902e-04,-9.497083431758603922e-01,1.968365893507769315e-04,5.693595421522737801e-03,-2.833719387646205234e-03,-2.050637947383281753e-03,-3.582021268540743625e-02,1.784981525091586599e-02,1.875811312621274846e-02,9.872088514066824916e-02,-4.960666425183481165e-02,-2.050637947383281915e-04,-3.582021268540743798e-03,-9.792150184749085495e-01
5.714285714285713524e+00,3.998677500033560178e-02,-5.045945893753039056e-04,-9.497489655618214233e-01,1.680382815257536297e-04,5.166185426897448169e-03,-2.570945233724438502e-03,-1.784912004786751768e-03,-3.432012888313355076e-02,1.709678580426871736e-02,1.661343458868264761e-02,1.007908486669146370e-01,-5.054886938872818480e-02,-1.784912004786751876e-04,-3.432012888313355076e-03,-9.792903214195731731e-01
5.729323308270676485e+00,3.998910921068509622e-02,-4.307305698159113517e-04,-9.497857221324581545e-01,1.430000952099049079e-04,4.661566498594573414e-03,-2.319601558220973914e-03,-1.550096128938374673e-03,-3.278904007417723226e-02,1.632954850238268682e-02,1.464656389275346450e-02,1.028451606475775382e-01,-5.149630899861246114e-02,-1.550096128938374673e-04,-3.278904007417723573e-03,-9.793670451497618057e-01
5.744360902255638557e+00,3.999109236649393828e-02,-3.642805304550176138e-04,-9.498187863840370504e-01,1.212772016082377518e-04,4.180203241593038500e-03,-2.079902604926668012e-03,-1.343540737784418900e-03,-3.122715515866892472e-02,1.554802463137811702e-02,1.285418054086218294e-02,1.048872731282583376e-01,-5.244898308148764760e-02,-1.343540737784419009e-04,-3.122715515866892472e-03,-9.794451975368623220e-01
5.759398496240601517e+00,3.999277122488565511e-02,-3.048912864647481411e-04,-9.498483350434343553e-01,1.024642171832378383e-04,3.722557494851128860e-03,-1.852063801302280101e-03,-1.162650705019807607e-03,-2.963463409760166284e-02,1.475213547737553969e-02,1.123236119079228795e-02,1.069202472783874203e-01,-5.340689163733405853e-02,-1.162650705019807715e-04,-2.963463409760166284e-03,-9.795247864522624859e-01
5.774436090225563589e+00,3.999418673809809061e-02,-2.522027244726114410e-04,-9.498745480859376311e-01,8.619431632707610035e-05,3.289089024016552884e-03,-1.636301758473734935e-03,-1.004894482786402752e-03,-2.801159359289872447e-02,1.394180232649588902e-02,9.776571798303552996e-03,1.089467799239191154e-01,-5.437003466617137265e-02,-1.004894482786402752e-04,-2.801159359289872707e-03,-9.796058197673505052e-01
5.789473684210525661e+00,3.999537462576593233e-02,-2.058478290538199760e-04,-9.498976087530435208e-01,7.213820591308846633e-05,2.880256131788614185e-03,-1.432834271235823966e-03,-8.678133524615114138e-04,-2.635811235868974756e-02,1.311694646485910692e-02,8.481658459061595587e-03,1.109692313456182300e-01,-5.533841216799303270e-02,-8.678133524615114680e-05,-2.635811235868975016e-03,-9.796883053535141439e-01
5.804511278195488622e+00,3.999636593073187946e-02,-1.654527006193907512e-04,-9.499177035702588423e-01,6.000295965557246163e-05,2.496516192185630964e-03,-1.241880318050133216e-03,-7.490308222155594477e-04,-2.467423596651377796e-02,1.227748917858632362e-02,7.341837064362610223e-03,1.129896541091983536e-01,-5.631202414277934609e-02,-7.490308222155595019e-05,-2.467423596651377882e-03,-9.797722510821414987e-01
5.819548872180450694e+00,3.999718755626073541e-02,-1.306365658069875263e-04,-9.499350223648985736e-01,4.953070994237128400e-05,2.138326115248825529e-03,-1.063660061045486717e-03,-6.462621883481748254e-04,-2.295998125077274368e-02,1.142335175379807430e-02,6.350681881590572626e-03,1.150098226781699484e-01,-5.729087059056313380e-02,-6.462621883481748254e-05,-2.295998125077274542e-03,-9.798576648246203336e-01
5.834586466165413654e+00,3.999786278249415489e-02,-1.010117813604349303e-04,-9.499497582838862808e-01,4.049719455896077499e-05,1.806142748868385436e-03,-8.983948460180949400e-04,-5.573242757632715849e-04,-2.121534026465237213e-02,1.055445547661450038e-02,5.501113164927158919e-03,1.170312635437585624e-01,-5.827495151133783163e-02,-5.573242757632716255e-05,-2.121534026465237126e-03,-9.799445544523386342e-01
5.849624060150375726e+00,3.999841175994327952e-02,-7.618383239476128545e-05,-9.499621078115556561e-01,3.271015550471240911e-05,1.500423224540237176e-03,-7.463072024317026756e-04,-4.801453714161297496e-04,-1.944028378082963970e-02,9.670721633156334832e-03,4.785383895087410265e-03,1.190552855898915352e-01,-5.926426690507718281e-02,-4.801453714161297903e-05,-1.944028378082964014e-03,-9.800329278366844976e-01
5.864661654135337798e+00,3.999885197777231644e-02,-5.575132585647520067e-05,-9.499722707874438399e-01,2.600758690514816222e-05,1.221625253914524660e-03,-6.076208434178850251e-04,-4.127753631465477628e-04,-1.763476433566998208e-02,8.772071509544510093e-03,4.195065738672528952e-03,1.210830103921224643e-01,-6.025881677181072621e-02,-4.127753631465478035e-05,-1.763476433566998208e-03,-9.801227928490456875e-01
5.879699248120300759e+00,3.999919870458112925e-02,-3.930597982382668596e-05,-9.499804504240989544e-01,2.025582884478075105e-05,9.702073829762102638e-04,-4.825606657739752174e-04,-3.533960949891950198e-04,-1.579871882029664290e-02,7.858426391898869212e-03,3.721034308060923359e-03,1.231154021294254552e-01,-6.125860111152205134e-02,-3.533960949891950333e-05,-1.579871882029664420e-03,-9.802141573608101899e-01
5.894736842105262831e+00,3.999946539934372269e-02,-2.643260928946834920e-05,-9.499868533248729818e-01,1.534750379137037353e-05,7.466292106316075976e-04,-3.713527499667653169e-04,-3.003319489637743499e-04,-1.393207062689623237e-02,6.929707566340839037e-03,3.353453792530108543e-03,1.251532967682493502e-01,-6.226361992421444030e-02,-3.003319489637743702e-05,-1.393207062689623280e-03,-9.803070292433659905e-01
5.909774436090224903e+00,3.999966409011085355e-02,-1.670910886223338129e-05,-9.499916895017248564e-01,1.119929213488739589e-05,5.513515782663390560e-04,-2.742243601285092032e-04,-2.520606623172541778e-04,-1.203473136389196681e-02,5.985836318990165467e-03,3.081761019416413925e-03,1.271974301553205899e-01,-6.327387320990102149e-02,-2.520606623172541846e-05,-1.203473136389196854e-03,-9.804014163681010752e-01
5.924812030075187863e+00,3.999980571802957269e-02,-9.706432806867727376e-06,-9.499951723930186720e-01,7.749543239565454550e-06,3.848367366509575726e-04,-1.914039440606233602e-04,-2.072243884366881898e-04,-1.010660215928743492e-02,5.026733935967876363e-03,2.894648992271756181e-03,1.292484646334521592e-01,-6.428936096855880633e-02,-2.072243884366882101e-05,-1.010660215928743449e-03,-9.804973266064033188e-01
5.939849624060149935e+00,3.999990044417899016e-02,-4.988572699933818400e-06,-9.499975188813245541e-01,4.955718286092945235e-06,2.475484961751074522e-04,-1.231211332301344332e-04,-1.646410090161136322e-04,-8.147574577417731126e-03,4.052321703394411515e-03,2.780049940154835208e-03,1.313070137710681262e-01,-6.531008320020752211e-02,-1.646410090161136322e-05,-8.147574577417731343e-04,-9.805947678296607073e-01
5.954887218045112007e+00,3.999995791666362960e-02,-2.112532925417730816e-06,-9.499989493112157568e-01,2.791661072089261307e-06,1.399523660214367562e-04,-6.960674277249150044e-05,-1.233157046569426942e-04,-6.157531180725970589e-03,3.062520907390206808e-03,2.725117899599333385e-03,1.333736647704422684e-01,-6.633603990483072366e-02,-1.233157046569426942e-05,-6.157531180725970806e-04,-9.806937479092611154e-01
5.969924812030074968e+00,3.999998749534824233e-02,-6.283041183268570876e-07,-9.499996875070704228e-01,1.244692831676645133e-06,6.251568731725564787e-05,-3.109277149052994826e-05,-8.245279084129207342e-05,-4.136345774889703224e-03,2.057252834076194262e-03,2.716210838120305514e-03,1.354489980949934447e-01,-6.736723108243827807e-02,-8.245279084129207681e-06,-4.136345774889703441e-04,-9.807942747165925290e-01
5.984962406015037040e+00,3.999999843155713219e-02,-7.883462933282920384e-08,-9.499999607908704569e-01,3.125270320521959042e-07,1.570776470165874636e-05,-7.812401853879435976e-06,-4.146782618501710250e-05,-2.083883382744677448e-03,1.036438769572514424e-03,2.738872316275755420e-03,1.375336038280448314e-01,-6.840365673303344662e-02,-4.146782618501710419e-06,-2.083883382744677610e-04,-9.808963561230428230e-01
6.000000000000000000e+00,4.000000000000000083e-02,-1.959434878635765107e-17,-9.499999999999999556e-01,0.000000000000000000e+00,0.000000000000000000e+00,-0.000000000000000000e+00,0.000000000000000000e+00,0.000000000000000000e+00,-0.000000000000000000e+00,2.736146269321405519e-03,1.375337123015525354e-01,-6.840365673303344662e-02,0.000000000000000000e+00,0.000000000000000000e+00,-9.810000000000000941e-01
