t,x,y,z,vx,vy,vz,phi1,phi2,phi3,omega1,omega2,omega3,alpha1,alpha2,alpha3,tau1,tau2,tau3,valid
0.000000000000000000e+00,2.999999999999999889e-02,0.000000000000000000e+00,-6.999999999999999556e-01,0.000000000000000000e+00,0.000000000000000000e+00,-0.000000000000000000e+00,0.000000000000000000e+00,0.000000000000000000e+00,0.000000000000000000e+00,0.000000000000000000e+00,0.000000000000000000e+00,0.000000000000000000e+00,0.000000000000000000e+00,0.000000000000000000e+00,0.000000000000000000e+00,0.000000000000000000e+00,0.000000000000000000e+00,0.000000000000000000e+00,0.000000000000000000e+00
1.503759398496240518e-02,3.000000156830692072e-02,5.912597761785327969e-08,-7.000000392091295653e-01,3.124728557315604644e-07,1.178082568194251497e-05,-7.812401853939817566e-06,0.000000000000000000e+00,0.000000000000000000e+00,0.000000000000000000e+00,0.000000000000000000e+00,0.000000000000000000e+00,0.000000000000000000e+00,0.000000000000000000e+00,0.000000000000000000e+00,0.000000000000000000e+00,0.000000000000000000e+00,0.000000000000000000e+00,0.000000000000000000e+00,0.000000000000000000e+00
3.007518796992481036e-02,3.000001249601624495e-02,4.712284324140124941e-07,-7.000003124929294884e-01,1.242974379775128448e-06,4.688683386301324365e-05,-3.109277149055834081e-05,0.000000000000000000e+00,0.000000000000000000e+00,0.000000000000000000e+00,0.000000000000000000e+00,0.000000000000000000e+00,0.000000000000000000e+00,0.000000000000000000e+00,0.000000000000000000e+00,0.000000000000000000e+00,0.000000000000000000e+00,0.000000000000000000e+00,0.000000000000000000e+00,0.000000000000000000e+00
4.511278195488721554e-02,3.000004198571252015e-02,1.584403578743692898e-06,-7.000010506887843764e-01,2.778726169623698021e-06,1.049647891796185931e-04,-6.960674277257417086e-05,0.000000000000000000e+00,0.000000000000000000e+00,0.000000000000000000e+00,0.000000000000000000e+00,0.000000000000000000e+00,0.000000000000000000e+00,0.000000000000000000e+00,0.000000000000000000e+00,0.000000000000000000e+00,0.000000000000000000e+00,0.000000000000000000e+00,0.000000000000000000e+00,0.000000000000000000e+00
6.015037593984962072e-02,3.000009901144018096e-02,3.741451185648930515e-06,-7.000024811186756901e-01,4.901690410459689603e-06,1.856635218320895847e-04,-1.231211332300659387e-04,0.000000000000000000e+00,0.000000000000000000e+00,0.000000000000000000e+00,0.000000000000000000e+00,0.000000000000000000e+00,0.000000000000000000e+00,0.000000000000000000e+00,0.000000000000000000e+00,0.000000000000000000e+00,0.000000000000000000e+00,0.000000000000000000e+00,0.000000000000000000e+00,0.000000000000000000e+00
7.518796992481202590e-02,3.000019222100092781e-02,7.279906608692511904e-06,-7.000048276069813502e-01,7.586117471128839265e-06,2.886340549926450557e-04,-1.914039440604721953e-04,0.000000000000000000e+00,0.000000000000000000e+00,0.000000000000000000e+00,0.000000000000000000e+00,0.000000000000000000e+00,0.000000000000000000e+00,0.000000000000000000e+00,0.000000000000000000e+00,0.000000000000000000e+00,0.000000000000000000e+00,0.000000000000000000e+00,0.000000000000000000e+00,0.000000000000000000e+00
9.022556390977443108e-02,3.000032980241165367e-02,1.253207465601169182e-05,-7.000083104982753879e-01,1.079623108336873659e-05,4.135297209890917165e-04,-2.742243601285917110e-04,0.000000000000000000e+00,0.000000000000000000e+00,0.000000000000000000e+00,0.000000000000000000e+00,0.000000000000000000e+00,0.000000000000000000e+00,0.000000000000000000e+00,0.000000000000000000e+00,0.000000000000000000e+00,0.000000000000000000e+00,0.000000000000000000e+00,0.000000000000000000e+00,0.000000000000000000e+00
1.052631578947368363e-01,3.000051931656575258e-02,1.982506510203262514e-05,-7.000131466751271514e-01,1.448404762676609589e-05,5.600062638001151527e-04,-3.713527499665830625e-04,0.000000000000000000e+00,0.000000000000000000e+00,0.000000000000000000e+00,0.000000000000000000e+00,0.000000000000000000e+00,0.000000000000000000e+00,0.000000000000000000e+00,0.000000000000000000e+00,0.000000000000000000e+00,0.000000000000000000e+00,0.000000000000000000e+00,0.000000000000000000e+00,0.000000000000000000e+00
1.203007518796992414e-01,3.000076749808819332e-02,2.948082962091977884e-05,-7.000195495759010678e-01,1.858732604280537092e-05,7.277219248385815523e-04,-4.825606657739647007e-04,0.000000000000000000e+00,0.000000000000000000e+00,0.000000000000000000e+00,0.000000000000000000e+00,0.000000000000000000e+00,0.000000000000000000e+00,0.000000000000000000e+00,0.000000000000000000e+00,0.000000000000000000e+00,0.000000000000000000e+00,0.000000000000000000e+00,0.000000000000000000e+00,0.000000000000000000e+00
1.353383458646616466e-01,3.000108002632268303e-02,4.181619986267644484e-05,-7.000277292125558493e-01,2.302764491321694393e-05,9.163375085216310867e-04,-6.076208434176154924e-04,0.000000000000000000e+00,0.000000000000000000e+00,0.000000000000000000e+00,0.000000000000000000e+00,0.000000000000000000e+00,0.000000000000000000e+00,0.000000000000000000e+00,0.000000000000000000e+00,0.000000000000000000e+00,0.000000000000000000e+00,0.000000000000000000e+00,0.000000000000000000e+00,0.000000000000000000e+00
1.503759398496240518e-01,3.000146126833733162e-02,5.714292633905630698e-05,-7.000378921884444772e-01,2.770860326200678844e-05,1.125516423725601064e-03,-7.463072024317739077e-04,0.000000000000000000e+00,0.000000000000000000e+00,0.000000000000000000e+00,0.000000000000000000e+00,0.000000000000000000e+00,0.000000000000000000e+00,0.000000000000000000e+00,0.000000000000000000e+00,0.000000000000000000e+00,0.000000000000000000e+00,0.000000000000000000e+00,0.000000000000000000e+00,0.000000000000000000e+00
1.654135338345864570e-01,3.000191399578351278e-02,7.576771772521181784e-05,-7.000502417161132973e-01,3.251414167854623535e-05,1.354924696895290145e-03,-8.983948460180389952e-04,0.000000000000000000e+00,0.000000000000000000e+00,0.000000000000000000e+00,0.000000000000000000e+00,0.000000000000000000e+00,0.000000000000000000e+00,0.000000000000000000e+00,0.000000000000000000e+00,0.000000000000000000e+00,0.000000000000000000e+00,0.000000000000000000e+00,0.000000000000000000e+00,0.000000000000000000e+00
1.804511278195488622e-01,3.000243907739219562e-02,9.799228011734530065e-05,-7.000649776351015596e-01,3.730698041247264702e-05,1.604230952316137082e-03,-1.063660061045368973e-03,0.000000000000000000e+00,0.000000000000000000e+00,0.000000000000000000e+00,0.000000000000000000e+00,0.000000000000000000e+00,0.000000000000000000e+00,0.000000000000000000e+00,0.000000000000000000e+00,0.000000000000000000e+00,0.000000000000000000e+00,0.000000000000000000e+00,0.000000000000000000e+00,0.000000000000000000e+00
1.954887218045112673e-01,3.000303514884178346e-02,1.241133557175254452e-04,-7.000822964297412909e-01,4.192717116145770837e-05,1.873106354860226523e-03,-1.241880318050082692e-03,0.000000000000000000e+00,0.000000000000000000e+00,0.000000000000000000e+00,0.000000000000000000e+00,0.000000000000000000e+00,0.000000000000000000e+00,0.000000000000000000e+00,0.000000000000000000e+00,0.000000000000000000e+00,0.000000000000000000e+00,0.000000000000000000e+00,0.000000000000000000e+00,0.000000000000000000e+00
2.105263157894736725e-01,3.000369826168318779e-02,1.544227603452052067e-04,-7.001023912469563903e-01,4.619075936165214786e-05,2.161224510378380835e-03,-1.432834271235859094e-03,0.000000000000000000e+00,0.000000000000000000e+00,0.000000000000000000e+00,0.000000000000000000e+00,0.000000000000000000e+00,0.000000000000000000e+00,0.000000000000000000e+00,0.000000000000000000e+00,0.000000000000000000e+00,0.000000000000000000e+00,0.000000000000000000e+00,0.000000000000000000e+00,0.000000000000000000e+00
2.255639097744360777e-01,3.000442151296035809e-02,1.892074191016851253e-04,-7.001254519140621690e-01,4.988855389924008060e-05,2.468261318826992824e-03,-1.636301758473736670e-03,0.000000000000000000e+00,0.000000000000000000e+00,0.000000000000000000e+00,0.000000000000000000e+00,0.000000000000000000e+00,0.000000000000000000e+00,0.000000000000000000e+00,0.000000000000000000e+00,0.000000000000000000e+00,0.000000000000000000e+00,0.000000000000000000e+00,0.000000000000000000e+00,0.000000000000000000e+00
2.406015037593984829e-01,3.000519465711940989e-02,2.287493994396043462e-04,-7.001516649565653339e-01,5.278500129133786959e-05,2.793894775185856369e-03,-1.852063801302113351e-03,0.000000000000000000e+00,0.000000000000000000e+00,0.000000000000000000e+00,0.000000000000000000e+00,0.000000000000000000e+00,0.000000000000000000e+00,0.000000000000000000e+00,0.000000000000000000e+00,0.000000000000000000e+00,0.000000000000000000e+00,0.000000000000000000e+00,0.000000000000000000e+00,0.000000000000000000e+00
2.556390977443608881e-01,3.000600370175587547e-02,2.733259408152589670e-04,-7.001812136159627498e-01,5.461716153660072138e-05,3.137804713238553402e-03,-2.079902604926748676e-03,0.000000000000000000e+00,0.000000000000000000e+00,0.000000000000000000e+00,0.000000000000000000e+00,0.000000000000000000e+00,0.000000000000000000e+00,0.000000000000000000e+00,0.000000000000000000e+00,0.000000000000000000e+00,0.000000000000000000e+00,0.000000000000000000e+00,0.000000000000000000e+00,0.000000000000000000e+00
2.706766917293232932e-01,3.000683048870918593e-02,3.232094800278272496e-04,-7.002142778675416457e-01,5.509378301132936834e-05,3.499672487346438925e-03,-2.319601558220761844e-03,0.000000000000000000e+00,0.000000000000000000e+00,0.000000000000000000e+00,0.000000000000000000e+00,0.000000000000000000e+00,0.000000000000000000e+00,0.000000000000000000e+00,0.000000000000000000e+00,0.000000000000000000e+00,0.000000000000000000e+00,0.000000000000000000e+00,0.000000000000000000e+00,0.000000000000000000e+00
2.857142857142856984e-01,3.000765226197512833e-02,3.786676712770740321e-04,-7.002510344381785989e-01,5.389447398637169318e-05,3.879180587448060984e-03,-2.570945233724631056e-03,0.000000000000000000e+00,0.000000000000000000e+00,0.000000000000000000e+00,0.000000000000000000e+00,0.000000000000000000e+00,0.000000000000000000e+00,0.000000000000000000e+00,0.000000000000000000e+00,0.000000000000000000e+00,0.000000000000000000e+00,0.000000000000000000e+00,0.000000000000000000e+00,0.000000000000000000e+00
3.007518796992481036e-01,3.000844122387246252e-02,4.399633999004010716e-04,-7.002916568241396300e-01,5.066896856424727563e-05,4.276012182654808855e-03,-2.833719387646194392e-03,0.000000000000000000e+00,0.000000000000000000e+00,0.000000000000000000e+00,0.000000000000000000e+00,0.000000000000000000e+00,0.000000000000000000e+00,0.000000000000000000e+00,0.000000000000000000e+00,0.000000000000000000e+00,0.000000000000000000e+00,0.000000000000000000e+00,0.000000000000000000e+00,0.000000000000000000e+00
3.157894736842105088e-01,3.000916408086853546e-02,5.073547886817702905e-04,-7.003363153088789650e-01,4.503648508501309922e-05,4.689850588988292782e-03,-3.107710959860651104e-03,0.000000000000000000e+00,0.000000000000000000e+00,0.000000000000000000e+00,0.000000000000000000e+00,0.000000000000000000e+00,0.000000000000000000e+00,0.000000000000000000e+00,0.000000000000000000e+00,0.000000000000000000e+00,0.000000000000000000e+00,0.000000000000000000e+00,0.000000000000000000e+00,0.000000000000000000e+00
3.308270676691729140e-01,3.000978158044143376e-02,5.810951955595656171e-04,-7.003851769808391303e-01,3.658517532352559786e-05,5.120378657012934591e-03,-3.392708073910559886e-03,0.000000000000000000e+00,0.000000000000000000e+00,0.000000000000000000e+00,0.000000000000000000e+00,0.000000000000000000e+00,0.000000000000000000e+00,0.000000000000000000e+00,0.000000000000000000e+00,0.000000000000000000e+00,0.000000000000000000e+00,0.000000000000000000e+00,0.000000000000000000e+00,0.000000000000000000e+00
3.458646616541353191e-01,3.001024804033316368e-02,6.614332014983599975e-04,-7.004384057512501593e-01,2.487166309977583930e-05,5.567278075356490302e-03,-3.688500037005840605e-03,0.000000000000000000e+00,0.000000000000000000e+00,0.000000000000000000e+00,0.000000000000000000e+00,0.000000000000000000e+00,0.000000000000000000e+00,0.000000000000000000e+00,0.000000000000000000e+00,0.000000000000000000e+00,0.000000000000000000e+00,0.000000000000000000e+00,0.000000000000000000e+00,0.000000000000000000e+00
3.609022556390977243e-01,3.001051087153012997e-02,7.486125872312786398e-04,-7.004961623719293540e-01,9.420671247469854107e-06,6.030228586379759309e-03,-3.994877340023770401e-03,0.000000000000000000e+00,0.000000000000000000e+00,0.000000000000000000e+00,0.000000000000000000e+00,0.000000000000000000e+00,0.000000000000000000e+00,0.000000000000000000e+00,0.000000000000000000e+00,0.000000000000000000e+00,0.000000000000000000e+00,0.000000000000000000e+00,0.000000000000000000e+00,0.000000000000000000e+00
3.759398496240601295e-01,3.001051009629381733e-02,8.428722975256299366e-04,-7.005586044530804912e-01,-1.027526376667345278e-05,6.508907110553225836e-03,-4.311631657508988892e-03,0.000000000000000000e+00,0.000000000000000000e+00,0.000000000000000000e+00,0.000000000000000000e+00,0.000000000000000000e+00,0.000000000000000000e+00,0.000000000000000000e+00,0.000000000000000000e+00,0.000000000000000000e+00,0.000000000000000000e+00,0.000000000000000000e+00,0.000000000000000000e+00,0.000000000000000000e+00
3.909774436090225347e-01,3.001017786255665010e-02,9.444463915750885875e-04,-7.006258864810935849e-01,-3.475598991025337955e-05,7.002986776421230367e-03,-4.638555847673493833e-03,0.000000000000000000e+00,0.000000000000000000e+00,0.000000000000000000e+00,0.000000000000000000e+00,0.000000000000000000e+00,0.000000000000000000e+00,0.000000000000000000e+00,0.000000000000000000e+00,0.000000000000000000e+00,0.000000000000000000e+00,0.000000000000000000e+00,0.000000000000000000e+00,0.000000000000000000e+00
4.060150375939849399e-01,3.000943795599603572e-02,1.053563978077421553e-03,-7.006981598363444252e-01,-6.459385028461905030e-05,7.512135853382810244e-03,-4.975443952396644588e-03,0.000000000000000000e+00,0.000000000000000000e+00,0.000000000000000000e+00,0.000000000000000000e+00,0.000000000000000000e+00,0.000000000000000000e+00,0.000000000000000000e+00,0.000000000000000000e+00,0.000000000000000000e+00,0.000000000000000000e+00,0.000000000000000000e+00,0.000000000000000000e+00,0.000000000000000000e+00
4.210526315789473450e-01,3.000820531110329550e-02,1.170449133517838117e-03,-7.007755728109935633e-01,-1.003937059897411677e-04,8.036016584891473788e-03,-5.322091197225160830e-03,0.000000000000000000e+00,0.000000000000000000e+00,0.000000000000000000e+00,0.000000000000000000e+00,0.000000000000000000e+00,0.000000000000000000e+00,0.000000000000000000e+00,0.000000000000000000e+00,0.000000000000000000e+00,0.000000000000000000e+00,0.000000000000000000e+00,0.000000000000000000e+00,0.000000000000000000e+00
4.360902255639097502e-01,3.000638552257449757e-02,1.295320802144942895e-03,-7.008582706267865170e-01,-1.427928702571703743e-04,8.574283920073619975e-03,-5.678293991373119937e-03,0.000000000000000000e+00,0.000000000000000000e+00,0.000000000000000000e+00,0.000000000000000000e+00,0.000000000000000000e+00,0.000000000000000000e+00,0.000000000000000000e+00,0.000000000000000000e+00,0.000000000000000000e+00,0.000000000000000000e+00,0.000000000000000000e+00,0.000000000000000000e+00,0.000000000000000000e+00
4.511278195488721554e-01,3.000387435836708930e-02,1.428392676099355220e-03,-7.009463954528530882e-01,-1.924609525064352271e-04,9.126584142186708673e-03,-6.043849927721962195e-03,0.000000000000000000e+00,0.000000000000000000e+00,0.000000000000000000e+00,0.000000000000000000e+00,0.000000000000000000e+00,0.000000000000000000e+00,0.000000000000000000e+00,0.000000000000000000e+00,0.000000000000000000e+00,0.000000000000000000e+00,0.000000000000000000e+00,0.000000000000000000e+00,0.000000000000000000e+00
4.661654135338345606e-01,3.000055727578984643e-02,1.569873054134599205e-03,-7.010400864235064589e-01,-2.500996105185244534e-04,9.692553392783530980e-03,-6.418557782820483865e-03,0.000000000000000000e+00,0.000000000000000000e+00,0.000000000000000000e+00,0.000000000000000000e+00,0.000000000000000000e+00,0.000000000000000000e+00,0.000000000000000000e+00,0.000000000000000000e+00,0.000000000000000000e+00,0.000000000000000000e+00,0.000000000000000000e+00,0.000000000000000000e+00,0.000000000000000000e+00
4.812030075187969658e-01,2.999630894202432591e-02,1.719964677356350955e-03,-7.011394796560432852e-01,-3.164422084464513468e-04,1.027181609091848413e-02,-6.802217516884846715e-03,0.000000000000000000e+00,0.000000000000000000e+00,0.000000000000000000e+00,0.000000000000000000e+00,0.000000000000000000e+00,0.000000000000000000e+00,0.000000000000000000e+00,0.000000000000000000e+00,0.000000000000000000e+00,0.000000000000000000e+00,0.000000000000000000e+00,0.000000000000000000e+00,0.000000000000000000e+00
4.962406015037593709e-01,2.999099276051409024e-02,1.878864540399801135e-03,-7.012447082685425714e-01,-3.922533778999836174e-04,1.086398324722542656e-02,-7.194630273798570223e-03,0.000000000000000000e+00,0.000000000000000000e+00,0.000000000000000000e+00,0.000000000000000000e+00,0.000000000000000000e+00,0.000000000000000000e+00,0.000000000000000000e+00,0.000000000000000000e+00,0.000000000000000000e+00,0.000000000000000000e+00,0.000000000000000000e+00,0.000000000000000000e+00,0.000000000000000000e+00
5.112781954887217761e-01,2.998446040470290064e-02,2.046763676466223803e-03,-7.013559023976659867e-01,-4.783284788524307216e-04,1.146865067321587925e-02,-7.595598381112528101e-03,0.000000000000000000e+00,0.000000000000000000e+00,0.000000000000000000e+00,0.000000000000000000e+00,0.000000000000000000e+00,0.000000000000000000e+00,0.000000000000000000e+00,0.000000000000000000e+00,0.000000000000000000e+00,0.000000000000000000e+00,0.000000000000000000e+00,0.000000000000000000e+00,0.000000000000000000e+00
5.263157894736841813e-01,2.997655136065603687e-02,2.223846914649117105e-03,-7.014731892164566274e-01,-5.754929566250425663e-04,1.208539708669095596e-02,-8.004925350044964777e-03,0.000000000000000000e+00,0.000000000000000000e+00,0.000000000000000000e+00,0.000000000000000000e+00,0.000000000000000000e+00,0.000000000000000000e+00,0.000000000000000000e+00,0.000000000000000000e+00,0.000000000000000000e+00,0.000000000000000000e+00,0.000000000000000000e+00,0.000000000000000000e+00,0.000000000000000000e+00
5.413533834586465865e-01,2.996709248015857682e-02,2.410292607998017460e-03,-7.015966929521387785e-01,-6.846015907125877452e-04,1.271378211473158347e-02,-8.422415875481474579e-03,0.000000000000000000e+00,0.000000000000000000e+00,0.000000000000000000e+00,0.000000000000000000e+00,0.000000000000000000e+00,0.000000000000000000e+00,0.000000000000000000e+00,0.000000000000000000e+00,0.000000000000000000e+00,0.000000000000000000e+00,0.000000000000000000e+00,0.000000000000000000e+00,0.000000000000000000e+00
5.563909774436089917e-01,2.995589754595205656e-02,2.606272330794535616e-03,-7.017265349039176758e-01,-8.065376307256598171e-04,1.335334419633087306e-02,-8.847875835975021683e-03,0.000000000000000000e+00,0.000000000000000000e+00,0.000000000000000000e+00,0.000000000000000000e+00,0.000000000000000000e+00,0.000000000000000000e+00,0.000000000000000000e+00,0.000000000000000000e+00,0.000000000000000000e+00,0.000000000000000000e+00,0.000000000000000000e+00,0.000000000000000000e+00,0.000000000000000000e+00
5.714285714285713969e-01,2.994276685084557715e-02,2.811950543550924449e-03,-7.018628334607787123e-01,-9.422118142451563075e-04,1.400359838735953585e-02,-9.281112293745917563e-03,0.000000000000000000e+00,0.000000000000000000e+00,0.000000000000000000e+00,0.000000000000000000e+00,0.000000000000000000e+00,0.000000000000000000e+00,0.000000000000000000e+00,0.000000000000000000e+00,0.000000000000000000e+00,0.000000000000000000e+00,0.000000000000000000e+00,0.000000000000000000e+00,0.000000000000000000e+00
5.864661654135338020e-01,2.992748679251911251e-02,3.027484224286826949e-03,-7.020057041192869773e-01,-1.092561260916316470e-03,1.466403407121292038e-02,-9.721933494681847879e-03,0.000000000000000000e+00,0.000000000000000000e+00,0.000000000000000000e+00,0.000000000000000000e+00,0.000000000000000000e+00,0.000000000000000000e+00,0.000000000000000000e+00,0.000000000000000000e+00,0.000000000000000000e+00,0.000000000000000000e+00,0.000000000000000000e+00,0.000000000000000000e+00,0.000000000000000000e+00
6.015037593984962072e-01,2.990982948592562154e-02,3.253022464695342914e-03,-7.021552595013870190e-01,-1.258548236658050320e-03,1.533411257917584834e-02,-1.017014886833784645e-02,0.000000000000000000e+00,0.000000000000000000e+00,0.000000000000000000e+00,0.000000000000000000e+00,0.000000000000000000e+00,0.000000000000000000e+00,0.000000000000000000e+00,0.000000000000000000e+00,0.000000000000000000e+00,0.000000000000000000e+00,0.000000000000000000e+00,0.000000000000000000e+00,0.000000000000000000e+00
6.165413533834586124e-01,2.988955239529386687e-02,3.488706029875632622e-03,-7.023116093722018283e-01,-1.441158781432715736e-03,1.601326472526149250e-02,-1.062556902793631609e-02,0.000000000000000000e+00,0.000000000000000000e+00,0.000000000000000000e+00,0.000000000000000000e+00,0.000000000000000000e+00,0.000000000000000000e+00,0.000000000000000000e+00,0.000000000000000000e+00,0.000000000000000000e+00,0.000000000000000000e+00,0.000000000000000000e+00,0.000000000000000000e+00,0.000000000000000000e+00
6.315789473684210176e-01,2.986639798783551764e-02,3.734666880386414145e-03,-7.024748606578331556e-01,-1.641401193616761310e-03,1.670088826103314009e-02,-1.108800577036701644e-02,0.000000000000000000e+00,0.000000000000000000e+00,0.000000000000000000e+00,0.000000000000000000e+00,0.000000000000000000e+00,0.000000000000000000e+00,0.000000000000000000e+00,0.000000000000000000e+00,0.000000000000000000e+00,0.000000000000000000e+00,0.000000000000000000e+00,0.000000000000000000e+00,0.000000000000000000e+00
6.466165413533834228e-01,2.984009341136754229e-02,3.991027655463401727e-03,-7.026451174631599406e-01,-1.860304363638858299e-03,1.739634525670393991e-02,-1.155727207618706225e-02,0.000000000000000000e+00,0.000000000000000000e+00,0.000000000000000000e+00,0.000000000000000000e+00,0.000000000000000000e+00,0.000000000000000000e+00,0.000000000000000000e+00,0.000000000000000000e+00,0.000000000000000000e+00,0.000000000000000000e+00,0.000000000000000000e+00,0.000000000000000000e+00,0.000000000000000000e+00
6.616541353383458279e-01,2.981035019817391413e-02,4.257901116344550013e-03,-7.028224810896390728e-01,-2.098915949214597357e-03,1.809895941563078453e-02,-1.203318210962093376e-02,0.000000000000000000e+00,0.000000000000000000e+00,0.000000000000000000e+00,0.000000000000000000e+00,0.000000000000000000e+00,0.000000000000000000e+00,0.000000000000000000e+00,0.000000000000000000e+00,0.000000000000000000e+00,0.000000000000000000e+00,0.000000000000000000e+00,0.000000000000000000e+00,0.000000000000000000e+00
6.766917293233082331e-01,2.977686399754815583e-02,4.535389548760339166e-03,-7.030070500531037103e-01,-2.358300384210922432e-03,1.880801333017415380e-02,-1.251555121856046983e-02,0.000000000000000000e+00,0.000000000000000000e+00,0.000000000000000000e+00,0.000000000000000000e+00,0.000000000000000000e+00,0.000000000000000000e+00,0.000000000000000000e+00,0.000000000000000000e+00,0.000000000000000000e+00,0.000000000000000000e+00,0.000000000000000000e+00,0.000000000000000000e+00,0.000000000000000000e+00
6.917293233082706383e-01,2.973931433957993642e-02,4.823584123772910008e-03,-7.031989201015637070e-01,-2.639536712925055414e-03,1.952274568778696387e-02,-1.300419593456487305e-02,0.000000000000000000e+00,0.000000000000000000e+00,0.000000000000000000e+00,0.000000000000000000e+00,0.000000000000000000e+00,0.000000000000000000e+00,0.000000000000000000e+00,0.000000000000000000e+00,0.000000000000000000e+00,0.000000000000000000e+00,0.000000000000000000e+00,0.000000000000000000e+00,0.000000000000000000e+00
7.067669172932330435e-01,2.969736443287428890e-02,5.122564216288014866e-03,-7.033981842330045975e-01,-2.943716241367436322e-03,2.024234843712201248e-02,-1.349893397286069420e-02,0.000000000000000000e+00,0.000000000000000000e+00,0.000000000000000000e+00,0.000000000000000000e+00,0.000000000000000000e+00,0.000000000000000000e+00,0.000000000000000000e+00,0.000000000000000000e+00,0.000000000000000000e+00,0.000000000000000000e+00,0.000000000000000000e+00,0.000000000000000000e+00,0.000000000000000000e+00
7.218045112781954487e-01,2.965066099901919605e-02,5.432396680718184871e-03,-7.036049327131872477e-01,-3.271939997002453436e-03,2.096596392490923666e-02,-1.399958423234185824e-02,0.000000000000000000e+00,0.000000000000000000e+00,0.000000000000000000e+00,0.000000000000000000e+00,0.000000000000000000e+00,0.000000000000000000e+00,0.000000000000000000e+00,0.000000000000000000e+00,0.000000000000000000e+00,0.000000000000000000e+00,0.000000000000000000e+00,0.000000000000000000e+00,0.000000000000000000e+00
7.368421052631578538e-01,2.959883414674671989e-02,5.753135083444600555e-03,-7.038192530934473945e-01,-3.625315988330378957e-03,2.169268201534960486e-02,-1.450596679556964697e-02,0.000000000000000000e+00,0.000000000000000000e+00,0.000000000000000000e+00,0.000000000000000000e+00,0.000000000000000000e+00,0.000000000000000000e+00,0.000000000000000000e+00,0.000000000000000000e+00,0.000000000000000000e+00,0.000000000000000000e+00,0.000000000000000000e+00,0.000000000000000000e+00,0.000000000000000000e+00
7.518796992481202590e-01,2.954149728886240611e-02,6.084818891909523318e-03,-7.040412302284951851e-01,-4.004956255695760192e-03,2.242153720480193069e-02,-1.501790292877269208e-02,0.000000000000000000e+00,0.000000000000000000e+00,0.000000000000000000e+00,0.000000000000000000e+00,0.000000000000000000e+00,0.000000000000000000e+00,0.000000000000000000e+00,0.000000000000000000e+00,0.000000000000000000e+00,0.000000000000000000e+00,0.000000000000000000e+00,0.000000000000000000e+00,0.000000000000000000e+00
7.669172932330826642e-01,2.947824710514671334e-02,6.427472620371185892e-03,-7.042709462942146059e-01,-4.411973704787549092e-03,2.315150574559953628e-02,-1.553521508184699945e-02,0.000000000000000000e+00,0.000000000000000000e+00,0.000000000000000000e+00,0.000000000000000000e+00,0.000000000000000000e+00,0.000000000000000000e+00,0.000000000000000000e+00,0.000000000000000000e+00,0.000000000000000000e+00,0.000000000000000000e+00,0.000000000000000000e+00,0.000000000000000000e+00,0.000000000000000000e+00
7.819548872180450694e-01,2.940866355455944159e-02,6.781104932569287022e-03,-7.045084808054629111e-01,-4.847478714461504398e-03,2.388150279392361325e-02,-1.605772688835592141e-02,0.000000000000000000e+00,0.000000000000000000e+00,0.000000000000000000e+00,0.000000000000000000e+00,0.000000000000000000e+00,0.000000000000000000e+00,0.000000000000000000e+00,0.000000000000000000e+00,0.000000000000000000e+00,0.000000000000000000e+00,0.000000000000000000e+00,0.000000000000000000e+00,0.000000000000000000e+00
7.969924812030074746e-01,2.933230994020220861e-02,7.145707701782053750e-03,-7.047539106338703840e-01,-5.312575510772177961e-03,2.461037959777753054e-02,-1.658526316553017924e-02,0.000000000000000000e+00,0.000000000000000000e+00,0.000000000000000000e+00,0.000000000000000000e+00,0.000000000000000000e+00,0.000000000000000000e+00,0.000000000000000000e+00,0.000000000000000000e+00,0.000000000000000000e+00,0.000000000000000000e+00,0.000000000000000000e+00,0.000000000000000000e+00,0.000000000000000000e+00
8.120300751879698797e-01,2.924873303061350030e-02,7.521255029005666920e-03,-7.050073100256397662e-01,-5.808358299457061155e-03,2.533692074224643681e-02,-1.711764991426785107e-02,0.000000000000000000e+00,0.000000000000000000e+00,0.000000000000000000e+00,0.000000000000000000e+00,0.000000000000000000e+00,0.000000000000000000e+00,0.000000000000000000e+00,0.000000000000000000e+00,0.000000000000000000e+00,0.000000000000000000e+00,0.000000000000000000e+00,0.000000000000000000e+00,0.000000000000000000e+00
8.270676691729322849e-01,2.915746324108395640e-02,7.907702220253940914e-03,-7.052687506193455746e-01,-6.335907149575627922e-03,2.605984147038623369e-02,-1.765471431913438055e-02,0.000000000000000000e+00,0.000000000000000000e+00,0.000000000000000000e+00,0.000000000000000000e+00,0.000000000000000000e+00,0.000000000000000000e+00,0.000000000000000000e+00,0.000000000000000000e+00,0.000000000000000000e+00,0.000000000000000000e+00,0.000000000000000000e+00,0.000000000000000000e+00,0.000000000000000000e+00
8.421052631578946901e-01,2.905801487878551664e-02,8.304984724260814147e-03,-7.055383014637336414e-01,-6.896283621577815708e-03,2.677778509926062589e-02,-1.819628474836256990e-02,0.000000000000000000e+00,0.000000000000000000e+00,0.000000000000000000e+00,0.000000000000000000e+00,0.000000000000000000e+00,0.000000000000000000e+00,0.000000000000000000e+00,0.000000000000000000e+00,0.000000000000000000e+00,0.000000000000000000e+00,0.000000000000000000e+00,0.000000000000000000e+00,0.000000000000000000e+00
8.571428571428570953e-01,2.894988645560362533e-02,8.713017032170616849e-03,-7.058160290355208755e-01,-7.490526133766474415e-03,2.748932055182810169e-02,-1.874219075385255909e-02,0.000000000000000000e+00,0.000000000000000000e+00,0.000000000000000000e+00,0.000000000000000000e+00,0.000000000000000000e+00,0.000000000000000000e+00,0.000000000000000000e+00,0.000000000000000000e+00,0.000000000000000000e+00,0.000000000000000000e+00,0.000000000000000000e+00,0.000000000000000000e+00,0.000000000000000000e+00
8.721804511278195005e-01,2.883256107264707199e-02,9.131691541121341252e-03,-7.061019972571946912e-01,-8.119645061932608335e-03,2.819294002656752909e-02,-1.929226307117188483e-02,0.000000000000000000e+00,0.000000000000000000e+00,0.000000000000000000e+00,0.000000000000000000e+00,0.000000000000000000e+00,0.000000000000000000e+00,0.000000000000000000e+00,0.000000000000000000e+00,0.000000000000000000e+00,0.000000000000000000e+00,0.000000000000000000e+00,0.000000000000000000e+00,0.000000000000000000e+00
8.872180451127819056e-01,2.870550688048108950e-02,9.560877383964085097e-03,-7.063962675148123260e-01,-8.784617567886997616e-03,2.888705682791229898e-02,-1.984633361955542505e-02,0.000000000000000000e+00,0.000000000000000000e+00,0.000000000000000000e+00,0.000000000000000000e+00,0.000000000000000000e+00,0.000000000000000000e+00,0.000000000000000000e+00,0.000000000000000000e+00,0.000000000000000000e+00,0.000000000000000000e+00,0.000000000000000000e+00,0.000000000000000000e+00,0.000000000000000000e+00
9.022556390977443108e-01,2.856817761918608103e-02,1.000041922771772139e-02,-7.066988986758003799e-01,-9.486382153693091041e-03,2.957000338173320850e-02,-2.040423550190540933e-02,0.000000000000000000e+00,0.000000000000000000e+00,0.000000000000000000e+00,0.000000000000000000e+00,0.000000000000000000e+00,0.000000000000000000e+00,0.000000000000000000e+00,0.000000000000000000e+00,0.000000000000000000e+00,0.000000000000000000e+00,0.000000000000000000e+00,0.000000000000000000e+00,0.000000000000000000e+00
9.172932330827067160e-01,2.842001324238310062e-02,1.045013604373089440e-02,-7.070099471067546881e-01,-1.022583293962873140e-02,3.024002946125819297e-02,-2.096580300479144662e-02,0.000000000000000000e+00,0.000000000000000000e+00,0.000000000000000000e+00,0.000000000000000000e+00,0.000000000000000000e+00,0.000000000000000000e+00,0.000000000000000000e+00,0.000000000000000000e+00,0.000000000000000000e+00,0.000000000000000000e+00,0.000000000000000000e+00,0.000000000000000000e+00,0.000000000000000000e+00
9.323308270676691212e-01,2.826044062938701251e-02,1.090981985291375467e-02,-7.073294666912393058e-01,-1.100381366527375393e-02,3.089530064993404462e-02,-2.153087159845048712e-02,0.000000000000000000e+00,0.000000000000000000e+00,0.000000000000000000e+00,0.000000000000000000e+00,0.000000000000000000e+00,0.000000000000000000e+00,0.000000000000000000e+00,0.000000000000000000e+00,0.000000000000000000e+00,0.000000000000000000e+00,0.000000000000000000e+00,0.000000000000000000e+00,0.000000000000000000e+00
9.473684210526315264e-01,2.808887438964581193e-02,1.137923444980849796e-02,-7.076575088475863806e-01,-1.182111141464101123e-02,3.153389706881069149e-02,-2.209927793678685692e-02,0.000000000000000000e+00,0.000000000000000000e+00,0.000000000000000000e+00,0.000000000000000000e+00,0.000000000000000000e+00,0.000000000000000000e+00,0.000000000000000000e+00,0.000000000000000000e+00,0.000000000000000000e+00,0.000000000000000000e+00,0.000000000000000000e+00,0.000000000000000000e+00,0.000000000000000000e+00
9.624060150375939315e-01,2.790471776359868677e-02,1.185811410969028583e-02,-7.079941225466955812e-01,-1.267845006794344337e-02,3.215381239704967475e-02,-2.267085985737223031e-02,0.000000000000000000e+00,0.000000000000000000e+00,0.000000000000000000e+00,0.000000000000000000e+00,0.000000000000000000e+00,0.000000000000000000e+00,0.000000000000000000e+00,0.000000000000000000e+00,0.000000000000000000e+00,0.000000000000000000e+00,0.000000000000000000e+00,0.000000000000000000e+00,0.000000000000000000e+00
9.774436090225563367e-01,2.770736362403252578e-02,1.234616228332760177e-02,-7.083393543298334150e-01,-1.357648348442304538e-02,3.275295321511399738e-02,-2.324545638144564011e-02,0.000000000000000000e+00,0.000000000000000000e+00,0.000000000000000000e+00,0.000000000000000000e+00,0.000000000000000000e+00,0.000000000000000000e+00,0.000000000000000000e+00,0.000000000000000000e+00,0.000000000000000000e+00,0.000000000000000000e+00,0.000000000000000000e+00,0.000000000000000000e+00,0.000000000000000000e+00
9.924812030075187419e-01,2.749619558193549737e-02,1.284305028448203337e-02,-7.086932483264329896e-01,-1.451578842266012213e-02,3.332913870107150067e-02,-2.382290771391350551e-02,0.000000000000000000e+00,0.000000000000000000e+00,0.000000000000000000e+00,0.000000000000000000e+00,0.000000000000000000e+00,0.000000000000000000e+00,0.000000000000000000e+00,0.000000000000000000e+00,0.000000000000000000e+00,0.000000000000000000e+00,0.000000000000000000e+00,0.000000000000000000e+00,0.000000000000000000e+00
1.007518796992481036e+00,2.727058920073368448e-02,1.334841597569134779e-02,-7.090558462718934418e-01,-1.549685720693539000e-02,3.388010071122450617e-02,-2.440305524334956955e-02,0.000000000000000000e+00,0.000000000000000000e+00,0.000000000000000000e+00,0.000000000000000000e+00,0.000000000000000000e+00,0.000000000000000000e+00,0.000000000000000000e+00,0.000000000000000000e+00,0.000000000000000000e+00,0.000000000000000000e+00,0.000000000000000000e+00,0.000000000000000000e+00,0.000000000000000000e+00
1.022556390977443552e+00,2.702991332265062760e-02,1.386186245835410724e-02,-7.094271875253795878e-01,-1.652009015053259797e-02,3.440348427694991246e-02,-2.498574154199495814e-02,0.000000000000000000e+00,0.000000000000000000e+00,0.000000000000000000e+00,0.000000000000000000e+00,0.000000000000000000e+00,0.000000000000000000e+00,0.000000000000000000e+00,0.000000000000000000e+00,0.000000000000000000e+00,0.000000000000000000e+00,0.000000000000000000e+00,0.000000000000000000e+00,0.000000000000000000e+00
1.037593984962406068e+00,2.677353151074762794e-02,1.438295677361781273e-02,-7.098073090876210189e-01,-1.758578774934427963e-02,3.489684855017839010e-02,-2.557081036575815577e-02,0.000000000000000000e+00,0.000000000000000000e+00,0.000000000000000000e+00,0.000000000000000000e+00,0.000000000000000000e+00,0.000000000000000000e+00,0.000000000000000000e+00,0.000000000000000000e+00,0.000000000000000000e+00,0.000000000000000000e+00,0.000000000000000000e+00,0.000000000000000000e+00,0.000000000000000000e+00
1.052631578947368363e+00,2.650080360998189125e-02,1.491122862106361059e-02,-7.101962456187118633e-01,-1.869414266177659226e-02,3.535766823034355855e-02,-2.615810665421497774e-02,0.000000000000000000e+00,0.000000000000000000e+00,0.000000000000000000e+00,0.000000000000000000e+00,0.000000000000000000e+00,0.000000000000000000e+00,0.000000000000000000e+00,0.000000000000000000e+00,0.000000000000000000e+00,0.000000000000000000e+00,0.000000000000000000e+00,0.000000000000000000e+00,0.000000000000000000e+00
1.067669172932330657e+00,2.621108743035856226e-02,1.544616910267607168e-02,-7.105940294559105475e-01,-1.984523149373543585e-02,3.578333550587341205e-02,-2.674747653060864302e-02,0.000000000000000000e+00,0.000000000000000000e+00,0.000000000000000000e+00,0.000000000000000000e+00,0.000000000000000000e+00,0.000000000000000000e+00,0.000000000000000000e+00,0.000000000000000000e+00,0.000000000000000000e+00,0.000000000000000000e+00,0.000000000000000000e+00,0.000000000000000000e+00,0.000000000000000000e+00
1.082706766917293173e+00,2.590374055494816530e-02,1.598722950008464941e-02,-7.110006906314388919e-01,-2.103900641041127687e-02,3.617116254335842745e-02,-2.733876730184971182e-02,0.000000000000000000e+00,0.000000000000000000e+00,0.000000000000000000e+00,0.000000000000000000e+00,0.000000000000000000e+00,0.000000000000000000e+00,0.000000000000000000e+00,0.000000000000000000e+00,0.000000000000000000e+00,0.000000000000000000e+00,0.000000000000000000e+00,0.000000000000000000e+00,0.000000000000000000e+00
1.097744360902255689e+00,2.557812227519150675e-02,1.653382009356108365e-02,-7.114162568902817618e-01,-2.227528659965655883e-02,3.651838455739570694e-02,-2.793182745851610638e-02,0.000000000000000000e+00,0.000000000000000000e+00,0.000000000000000000e+00,0.000000000000000000e+00,0.000000000000000000e+00,0.000000000000000000e+00,0.000000000000000000e+00,0.000000000000000000e+00,0.000000000000000000e+00,0.000000000000000000e+00,0.000000000000000000e+00,0.000000000000000000e+00,0.000000000000000000e+00
1.112781954887217983e+00,2.523359565551728731e-02,1.708530903175077553e-02,-7.118407537079868286e-01,-2.355374961495829839e-02,3.682216349375613124e-02,-2.852650667485307975e-02,0.000000000000000000e+00,0.000000000000000000e+00,0.000000000000000000e+00,0.000000000000000000e+00,0.000000000000000000e+00,0.000000000000000000e+00,0.000000000000000000e+00,0.000000000000000000e+00,0.000000000000000000e+00,0.000000000000000000e+00,0.000000000000000000e+00,0.000000000000000000e+00,0.000000000000000000e+00
1.127819548872180277e+00,2.486952972885170601e-02,1.764102126160282946e-02,-7.122742043084634433e-01,-2.487392262933860176e-02,3.707959235793315683e-02,-2.912265580877327828e-02,0.000000000000000000e+00,0.000000000000000000e+00,0.000000000000000000e+00,0.000000000000000000e+00,0.000000000000000000e+00,0.000000000000000000e+00,0.000000000000000000e+00,0.000000000000000000e+00,0.000000000000000000e+00,0.000000000000000000e+00,0.000000000000000000e+00,0.000000000000000000e+00,0.000000000000000000e+00
1.142857142857142794e+00,2.448530182410236719e-02,1.820023752843985196e-02,-7.127166296817830649e-01,-2.623517363495487392e-02,3.728770022028694842e-02,-2.972012690185673114e-02,0.000000000000000000e+00,0.000000000000000000e+00,0.000000000000000000e+00,0.000000000000000000e+00,0.000000000000000000e+00,0.000000000000000000e+00,0.000000000000000000e+00,0.000000000000000000e+00,0.000000000000000000e+00,0.000000000000000000e+00,0.000000000000000000e+00,0.000000000000000000e+00,0.000000000000000000e+00
1.157894736842105310e+00,2.408030002614960224e-02,1.876219345656953211e-02,-7.131680486019777998e-01,-2.763670262670373315e-02,3.744345792787795446e-02,-3.031877317935078101e-02,0.000000000000000000e+00,0.000000000000000000e+00,0.000000000000000000e+00,0.000000000000000000e+00,0.000000000000000000e+00,0.000000000000000000e+00,0.000000000000000000e+00,0.000000000000000000e+00,0.000000000000000000e+00,0.000000000000000000e+00,0.000000000000000000e+00,0.000000000000000000e+00,0.000000000000000000e+00
1.172932330827067604e+00,2.365392576827506782e-02,1.932607872128268636e-02,-7.136284776448406086e-01,-2.907753281174214194e-02,3.754378455166966500e-02,-3.091844905017012909e-02,0.000000000000000000e+00,0.000000000000000000e+00,0.000000000000000000e+00,0.000000000000000000e+00,0.000000000000000000e+00,0.000000000000000000e+00,0.000000000000000000e+00,0.000000000000000000e+00,0.000000000000000000e+00,0.000000000000000000e+00,0.000000000000000000e+00,0.000000000000000000e+00,0.000000000000000000e+00
1.187969924812029898e+00,2.320559655629984841e-02,1.989103632350093520e-02,-7.140979312057245121e-01,-3.055650189050453450e-02,3.758555459605177063e-02,-3.151901010689687338e-02,0.000000000000000000e+00,0.000000000000000000e+00,0.000000000000000000e+00,0.000000000000000000e+00,0.000000000000000000e+00,0.000000000000000000e+00,0.000000000000000000e+00,0.000000000000000000e+00,0.000000000000000000e+00,0.000000000000000000e+00,0.000000000000000000e+00,0.000000000000000000e+00,0.000000000000000000e+00
1.203007518796992414e+00,2.273474882299112571e-02,2.045616197872726985e-02,-7.145764215173422418e-01,-3.207225345849478576e-02,3.756560599557588753e-02,-3.212031312578044612e-02,0.000000000000000000e+00,0.000000000000000000e+00,0.000000000000000000e+00,0.000000000000000000e+00,0.000000000000000000e+00,0.000000000000000000e+00,0.000000000000000000e+00,0.000000000000000000e+00,0.000000000000000000e+00,0.000000000000000000e+00,0.000000000000000000e+00,0.000000000000000000e+00,0.000000000000000000e+00
1.218045112781954931e+00,2.224084091052744641e-02,2.102050363230974564e-02,-7.150639586675655579e-01,-3.362322858184390445e-02,3.748074892138769654e-02,-3.272221606673766936e-02,0.000000000000000000e+00,0.000000000000000000e+00,0.000000000000000000e+00,0.000000000000000000e+00,0.000000000000000000e+00,0.000000000000000000e+00,0.000000000000000000e+00,0.000000000000000000e+00,0.000000000000000000e+00,0.000000000000000000e+00,0.000000000000000000e+00,0.000000000000000000e+00,0.000000000000000000e+00
1.233082706766917225e+00,2.172335617798788407e-02,2.158306111334613170e-02,-7.155605506172251218e-01,-3.520765760331788508e-02,3.732777541706595870e-02,-3.332457807335265781e-02,0.000000000000000000e+00,0.000000000000000000e+00,0.000000000000000000e+00,0.000000000000000000e+00,0.000000000000000000e+00,0.000000000000000000e+00,0.000000000000000000e+00,0.000000000000000000e+00,0.000000000000000000e+00,0.000000000000000000e+00,0.000000000000000000e+00,0.000000000000000000e+00,0.000000000000000000e+00
1.248120300751879519e+00,2.118180622995067403e-02,2.214278593983033325e-02,-7.160662032179092584e-01,-3.682355223910931813e-02,3.710346988042717564e-02,-3.392725947287696109e-02,0.000000000000000000e+00,0.000000000000000000e+00,0.000000000000000000e+00,0.000000000000000000e+00,0.000000000000000000e+00,0.000000000000000000e+00,0.000000000000000000e+00,0.000000000000000000e+00,0.000000000000000000e+00,0.000000000000000000e+00,0.000000000000000000e+00,0.000000000000000000e+00,0.000000000000000000e+00
1.263157894736842035e+00,2.061573426135257514e-02,2.269858128786453669e-02,-7.165809202297646063e-01,-3.846869803031684881e-02,3.680462040430954734e-02,-3.453012177622945961e-02,0.000000000000000000e+00,0.000000000000000000e+00,0.000000000000000000e+00,0.000000000000000000e+00,0.000000000000000000e+00,0.000000000000000000e+00,0.000000000000000000e+00,0.000000000000000000e+00,0.000000000000000000e+00,0.000000000000000000e+00,0.000000000000000000e+00,0.000000000000000000e+00,0.000000000000000000e+00
1.278195488721804551e+00,2.002471851277301193e-02,2.324930213792734610e-02,-7.171047033392944359e-01,-4.014064721647599837e-02,3.642803098540251666e-02,-3.513302767799639237e-02,0.000000000000000000e+00,0.000000000000000000e+00,0.000000000000000000e+00,0.000000000000000000e+00,0.000000000000000000e+00,0.000000000000000000e+00,0.000000000000000000e+00,0.000000000000000000e+00,0.000000000000000000e+00,0.000000000000000000e+00,0.000000000000000000e+00,0.000000000000000000e+00,0.000000000000000000e+00
1.293233082706766846e+00,1.940837582926901658e-02,2.379375561129245392e-02,-7.176375521771590771e-01,-4.183671210181529737e-02,3.597053460582929491e-02,-3.573584105643132919e-02,0.000000000000000000e+00,0.000000000000000000e+00,0.000000000000000000e+00,0.000000000000000000e+00,0.000000000000000000e+00,0.000000000000000000e+00,0.000000000000000000e+00,0.000000000000000000e+00,0.000000000000000000e+00,0.000000000000000000e+00,0.000000000000000000e+00,0.000000000000000000e+00,0.000000000000000000e+00
1.308270676691729140e+00,1.876636531480047748e-02,2.433070150972761747e-02,-7.181794643359747932e-01,-4.355395898803412352e-02,3.542900718741281291e-02,-3.633842697345525397e-02,0.000000000000000000e+00,0.000000000000000000e+00,0.000000000000000000e+00,0.000000000000000000e+00,0.000000000000000000e+00,0.000000000000000000e+00,0.000000000000000000e+00,0.000000000000000000e+00,0.000000000000000000e+00,0.000000000000000000e+00,0.000000000000000000e+00,0.000000000000000000e+00,0.000000000000000000e+00
1.323308270676691656e+00,1.809839207315354706e-02,2.485885307156408125e-02,-7.187304353881136532e-01,-4.528920275029260645e-02,3.480038241335950411e-02,-3.694065167465649530e-02,0.000000000000000000e+00,0.000000000000000000e+00,0.000000000000000000e+00,0.000000000000000000e+00,0.000000000000000000e+00,0.000000000000000000e+00,0.000000000000000000e+00,0.000000000000000000e+00,0.000000000000000000e+00,0.000000000000000000e+00,0.000000000000000000e+00,0.000000000000000000e+00,0.000000000000000000e+00
1.338345864661654172e+00,1.740421102509637566e-02,2.537687795710602892e-02,-7.192904589035031826e-01,-4.703900213572705102e-02,3.408166740647786130e-02,-3.754238258929072647e-02,2.383149444394838667e-01,9.053516404886963187e-01,1.900874144029067736e-01,3.065403190900478289e-02,-9.124028031853548271e-02,1.298114690476260269e-01,1.145515320823004668e+00,-3.135714254998801298e+00,4.308507755268394135e+00,2.966887592928422190e+00,8.825308475577714473e-01,2.349430032286936143e+00,1.000000000000000000e+00
1.353383458646616466e+00,1.668363079029138232e-02,2.588339947614065606e-02,-7.198595264674252370e-01,-4.879965586610893191e-02,3.326995924701711682e-02,-3.814348833028096547e-02,2.388042657515736522e-01,9.039565442621739777e-01,1.920379435401491364e-01,3.445158859618058927e-02,-9.430719563906168890e-02,1.295791806095757670e-01,2.576859490642021133e-01,-2.037567860960513288e-01,-2.148308574317796260e-02,2.813752747188418724e+00,1.353547156522302064e+00,1.818560695780488734e+00,1.000000000000000000e+00
1.368421052631578760e+00,1.593651762124525043e-02,2.637699807000777955e-02,-7.204376276983160965e-01,-5.056719962820927644e-02,3.236246230677039537e-02,-3.874383869421762355e-02,2.393518586714358243e-01,9.025153628871622757e-01,1.939836226566864497e-01,3.840398526431907517e-02,-9.736830396052194303e-02,1.291653612057259426e-01,2.679397806022248418e-01,-2.031037222536147824e-01,-3.376215835830353312e-02,2.814605343153132377e+00,1.355605650249547045e+00,1.816607774397587693e+00,1.000000000000000000e+00
1.383458646616541277e+00,1.516279937531004110e-02,2.685621306028499952e-02,-7.210247502655657836e-01,-5.233740403696027915e-02,3.135650636925157997e-02,-3.934330466135847748e-02,2.399600425747174803e-01,9.010282434879162139e-01,1.959216748464323032e-01,4.250992786241291482e-02,-1.004155782632305538e-01,1.285637773506794201e-01,2.780889055923551068e-01,-2.019021842467685623e-01,-4.644859143697289972e-02,2.815405621152674343e+00,1.357801383723923783e+00,1.814602010795328901e+00,1.000000000000000000e+00
1.398496240601503793e+00,1.436246950945952588e-02,2.731954467563752278e-02,-7.216208799073177138e-01,-5.410577365758016677e-02,3.024956549853909799e-02,-3.994175839562862790e-02,2.406311131965077621e-01,8.994954572137956461e-01,1.978492310444561753e-01,4.676756137235989208e-02,-1.034405501032819447e-01,1.277684110873207324e-01,2.880950588206918073e-01,-2.001228178664276880e-01,-5.952689959480744059e-02,2.816146502977426191e+00,1.360137444090807612e+00,1.812545647605627197e+00,1.000000000000000000e+00
1.413533834586466087e+00,1.353559108126514005e-02,2.776545636776209247e-02,-7.222260004482677909e-01,-5.586754717338975745e-02,2.903927761180889050e-02,-4.053907324462055484e-02,2.413673339775410653e-01,8.979174058790411195e-01,1.997633335272781530e-01,5.117444090965176523e-02,-1.064343096276343936e-01,1.267734946560987452e-01,2.979180811533838624e-01,-1.977363231610582694e-01,-7.297925644113292809e-02,2.816820602867851964e+00,1.362616701251869067e+00,1.810441221943549728e+00,1.000000000000000000e+00
1.428571428571428381e+00,1.268230073819040515e-02,2.819237742661931390e-02,-7.228400938174642798e-01,-5.761769878605511874e-02,2.772346470267531005e-02,-4.113512373959408303e-02,2.421709269818528298e-01,8.962946285904358490e-01,2.016609399426654292e-01,5.572750366268715977e-02,-1.093875071908325253e-01,1.255735462319483298e-01,3.075159826928446360e-01,-1.947135651102613607e-01,-8.678542722014398469e-02,2.817420238112421149e+00,1.365241786017902248e+00,1.808291571339077919e+00,1.000000000000000000e+00
1.443609022556390897e+00,1.180281267602243181e-02,2.859870590429225770e-02,-7.234631400661074574e-01,-5.935094093438930685e-02,2.630015365425755064e-02,-4.172978559547646515e-02,2.430440634001667100e-01,8.946278083378267354e-01,2.035389278841739369e-01,6.042304189289521288e-02,-1.122903566986196977e-01,1.241634066194026859e-01,3.168450210404675227e-01,-1.910256928089602291e-01,-1.009227090727302517e-01,2.817937442172882889e+00,1.368015067535334861e+00,1.806099838424346071e+00,1.000000000000000000e+00
1.458646616541353414e+00,1.089742254597240480e-02,2.898281185582708003e-02,-7.240951173853485967e-01,-6.106172841658839834e-02,2.476759757242668822e-02,-4.232293571086220840e-02,2.439888536566874322e-01,8.929177785205704154e-01,2.053941000239576375e-01,6.525667722781407221e-02,-1.151326408091471604e-01,1.225382767861519090e-01,3.258597952993662616e-01,-1.866442675225798431e-01,-1.153658795909706658e-01,2.818363980471085828e+00,1.370938629976456768e+00,1.803869474285095809e+00,1.000000000000000000e+00
1.473684210526315708e+00,9.966511288714254707e-03,2.934304090430096476e-02,-7.247360021240898398e-01,-6.274426399881903593e-02,2.312429756100799552e-02,-4.291445216801324097e-02,2.450073371405534495e-01,8.911655293809523926e-01,2.072231898154877072e-01,7.022333648836487363e-02,-1.179037181278702190e-01,1.206937561053885305e-01,3.345133563888248451e-01,-1.815413999654470201e-01,-1.300871543099421934e-01,2.818691368965312805e+00,1.374014248483198974e+00,1.801604240391275757e+00,1.000000000000000000e+00
1.488721804511278002e+00,9.010548872403548876e-03,2.967771813611966986e-02,-7.253857688067837373e-01,-6.439250559036539812e-02,2.136902485186394432e-02,-4.350421423285884964e-02,2.461014715868872216e-01,8.893722143135294189e-01,2.090228677758112497e-01,7.531722929965835311e-02,-1.205925325374312407e-01,1.186258811678078118e-01,3.427573341714501010e-01,-1.756898971396456399e-01,-1.450561537491772135e-01,2.818910895636314251e+00,1.377243364354729938e+00,1.799308209028871230e+00,1.000000000000000000e+00
1.503759398496240518e+00,8.030097910537714601e-03,2.998515233117042891e-02,-7.260443901512325660e-01,-6.600017506204698681e-02,1.950084319382051901e-02,-4.409210235499569364e-02,2.472731221361685883e-01,8.875391560172154470e-01,2.107897483548057949e-01,8.053182774164156787e-02,-1.231876248087618170e-01,1.163311650151877125e-01,3.505420818139738381e-01,-1.690634190484196775e-01,-1.602398805797809744e-01,2.819013644993748624e+00,1.380627059470347362e+00,1.796985762163139988e+00,1.000000000000000000e+00
1.518796992481203034e+00,7.025817134396447269e-03,3.026364053094406786e-02,-7.267118370863880905e-01,-6.756076878029070032e-02,1.751913139538242500e-02,-4.467799816768772830e-02,2.485240501045886674e-01,8.856678524546719444e-01,2.125203973966085513e-01,8.585984830158245595e-02,-1.256771466441506668e-01,1.138066366390925593e-01,3.578168377130054312e-01,-1.616366455654796586e-01,-1.756027074539497357e-01,2.818990525702368632e+00,1.384166029941481968e+00,1.794641588672284849e+00,1.000000000000000000e+00
1.533834586466165328e+00,5.998464693750677791e-03,3.051147294609259444e-02,-7.273880787701506589e-01,-6.906756992404698703e-02,1.542360590718017122e-02,-4.526178448786636471e-02,2.498559015019767848e-01,8.837599825812620935e-01,2.142113401959839791e-01,9.129323639466428719e-02,-1.280488773069717312e-01,1.110498805804824574e-01,3.645299052175216548e-01,-1.533854536985560513e-01,-1.911063759919021943e-01,2.818832301413987107e+00,1.387860558990090087e+00,1.792280679900144946e+00,1.000000000000000000e+00
1.548872180451127623e+00,4.948901258563001213e-03,3.072693820310624241e-02,-7.280730826071691864e-01,-7.051366264564909447e-02,1.321434332117499971e-02,-4.584334531613026842e-02,2.512701953379563591e-01,8.818174118035111420e-01,2.158590701498561693e-01,9.682315372165821443e-02,-1.302902429959869046e-01,1.080590764588850172e-01,3.706288502701779453e-01,-1.442871054304141476e-01,-2.067100073789105430e-01,2.818529624875663941e+00,1.391710489055505429e+00,1.789908323486502972e+00,1.000000000000000000e+00
1.563909774436090139e+00,3.878092893534944036e-03,3.090832892787852976e-02,-7.287668142666403615e-01,-7.189194812970042814e-02,1.089180265489383265e-02,-4.642256583674555376e-02,2.527683117610060037e-01,8.798421971245726780e-01,2.174600580016310403e-01,1.024399687336170067e-01,-1.323883391244277952e-01,1.048330382532971783e-01,3.760607169693796492e-01,-1.343204462524605902e-01,-2.223701249829194149e-01,2.818073075366775093e+00,1.395715193138358456e+00,1.787530095443947697e+00,1.000000000000000000e+00
1.578947368421052655e+00,2.787113676601978788e-03,3.105394766188283515e-02,-7.294692377001080752e-01,-7.319516259611748288e-02,8.456847280459922622e-03,-4.699933241764565200e-02,2.543514800791850661e-01,8.778365919318265043e-01,2.190107616731920004e-01,1.081332504726170846e-01,-1.343299556652338689e-01,1.013712531511279935e-01,3.807722609230429489e-01,-1.234661144238508867e-01,-2.380406893626052234e-01,2.817453199497159222e+00,1.399873545398226948e+00,1.785151850460710454e+00,1.000000000000000000e+00
1.593984962406014949e+00,1.677148031849103917e-03,3.116211310451325392e-02,-7.301803151592634045e-01,-7.441589728454067743e-02,5.910766350012670346e-03,-4.757353261043135301e-02,2.560207667152916144e-01,8.758030503792761934e-01,2.205076366766602902e-01,1.138917660546107796e-01,-1.361016057236413557e-01,9.767391977622634502e-02,3.847102001231139101e-01,-1.117067608914721344e-01,-2.536731459981874659e-01,2.816660555375523511e+00,1.404183891031860920e+00,1.782779710419290842e+00,1.000000000000000000e+00
1.609022556390977243e+00,5.494927468338184785e-04,3.123116667285192119e-02,-7.309000072137435966e-01,-7.554662044744654692e-02,3.255295561367018038e-03,-4.814505515037083988e-02,2.577770631531892676e-01,8.737442313150278750e-01,2.219471470951388525e-01,1.197034820552670409e-01,-1.376895574965563140e-01,9.374198560231038202e-02,3.878214829168505351e-01,-9.902727969260267937e-02,-2.692164860440671714e-01,2.815685760131400706e+00,1.408644015470945865e+00,1.780420051130752634e+00,1.000000000000000000e+00
1.624060150375939759e+00,-5.944413560280849664e-04,3.125947936772194291e-02,-7.316282727689318310e-01,-7.657970136845419773e-02,4.926371005414232566e-04,-4.871378995639960574e-02,2.596210739359166020e-01,8.716630017017159560e-01,2.233257771186947238e-01,1.255555700521100437e-01,-1.390798697745466994e-01,8.957718335384838582e-02,3.900535724865367149e-01,-8.541504853165304834e-02,-2.846173203746306113e-01,2.814519540745035187e+00,1.413251112952807365e+00,1.778079487294179195e+00,1.000000000000000000e+00
1.639097744360902276e+00,-1.753128124518343184e-03,3.124545893237788696e-02,-7.323650690837567589e-01,-7.750743641052633415e-02,-2.374521408810776127e-03,-4.927962813112055779e-02,2.615533047799152300e-01,8.695624394754961628e-01,2.246400431188497748e-01,1.314344165661404107e-01,-1.402584311366060488e-01,8.518206619254699297e-02,3.913547470737510636e-01,-7.086017907468586396e-02,-2.998199671737004079e-01,2.813152788107657898e+00,1.418001754534104375e+00,1.775764855699611289e+00,1.000000000000000000e+00
1.654135338345864570e+00,-2.924925188594904978e-03,3.118755728758499865e-02,-7.331103517884919318e-01,-7.832207708604030372e-02,-5.342989124901963149e-03,-4.984246196080390628e-02,2.635740508732880016e-01,8.674458357869800906e-01,2.258865062417818592e-01,1.373256376332754880e-01,-1.412110029798004096e-01,8.056004148396266051e-02,3.916744149978324541e-01,-5.535577634012595061e-02,-3.147665533048074615e-01,2.811576614199453594e+00,1.422891855636729375e+00,1.773483196700790909e+00,1.000000000000000000e+00
1.669172932330826864e+00,-4.108073509552076161e-03,3.108427822415470165e-02,-7.338640749025551191e-01,-7.901586012707768891e-02,-8.409055557113553556e-03,-5.040218491538726170e-02,2.656833854293418895e-01,8.653166965654319753e-01,2.270617854973009386e-01,1.432140982202104729e-01,-1.419232665152564410e-01,7.571540293525962084e-02,3.909634433212234028e-01,-3.889820638144238230e-02,-3.293971296948462468e-01,2.809782412234276716e+00,1.427916643236678551e+00,1.771241733990843281e+00,1.000000000000000000e+00
1.684210526315789380e+00,-5.300697396187751924e-03,3.093418533125275385e-02,-7.346261908523082917e-01,-7.958103951979196566e-02,-1.156847567007338907e-02,-5.095869164847560001e-02,2.678811485697663031e-01,8.631787433457054348e-01,2.281625713175299275e-01,1.490839366805303268e-01,-1.423808738484152181e-01,7.065336089163645750e-02,3.891744988074050116e-01,-2.148737125773662535e-02,-3.436498009679138099e-01,2.807761919578679599e+00,1.433070622830638019e+00,1.769047852719729752e+00,1.000000000000000000e+00
1.699248120300751896e+00,-6.500805017145477004e-03,3.073591013598980445e-02,-7.353966504888567179e-01,-8.000992045141185061e-02,-1.481645671053363061e-02,-5.151187799734118639e-02,2.701669366145686979e-01,8.610359132956855177e-01,2.291856395559768167e-01,1.549185944249445446e-01,-1.425695032448124344e-01,6.538007057532228827e-02,3.862623996014852290e-01,-3.126990072325364078e-03,-3.574608695791648971e-01,2.805507283208398928e+00,1.438347545341490008e+00,1.766909075996594414e+00,1.000000000000000000e+00
1.714285714285714191e+00,-7.706289437705969407e-03,3.048816042696134154e-02,-7.361754031058487246e-01,-8.029489510239024019e-02,-1.814764694698373787e-02,-5.206164098292376946e-02,2.725400918583367194e-01,8.588923583806797879e-01,2.301278658944019284e-01,1.607008509542592056e-01,-1.424749186626204922e-01,5.990265804715029507e-02,3.821844758405934517e-01,1.617511537170021954e-02,-3.707649947206361207e-01,2.803011127418177928e+00,1.443740374152626016e+00,1.764833039823067606e+00,1.000000000000000000e+00
1.729323308270676485e+00,-8.914930208162780145e-03,3.018972873154096570e-02,-7.369623964572749042e-01,-8.042848019948242722e-02,-2.155612651258895923e-02,-5.260787880983036624e-02,2.749996929143998514e-01,8.567524436001288102e-01,2.309862406215623665e-01,1.664128643750374947e-01,-1.420830336095733337e-01,5.422924366643105953e-02,3.769009371728114233e-01,3.640673199438706348e-02,-3.834953663006794300e-01,2.800266623451060255e+00,1.449241252491829224e+00,1.762827466505127338e+00,1.000000000000000000e+00
1.744360902255639001e+00,-1.012439552952087811e-02,2.983950091386860029e-02,-7.377575767752678759e-01,-8.040335622822626649e-02,-2.503540054135000928e-02,-5.315049086633535230e-02,2.775445457100453872e-01,8.546207442313313862e-01,2.317578837444962403e-01,1.720362174857723303e-01,-1.413799793545186256e-01,4.836896282006219322e-02,3.703752449318165607e-01,5.755096589129505419e-02,-3.955838943349061498e-01,2.797267560661496955e+00,1.454841471418333976e+00,1.760900136591311727e+00,1.000000000000000000e+00
1.759398496240601517e+00,-1.133224502059696978e-02,2.943646485763364365e-02,-7.385608887879019369e-01,-8.021240818549292551e-02,-2.857839478523846802e-02,-5.368937772438050343e-02,2.801731752169960288e-01,8.525020420146818267e-01,2.324400603895213635e-01,1.775519694857689013e-01,-1.403521774925418908e-01,4.233198368643379533e-02,3.625744864827977754e-01,7.958595403091792142e-02,-4.069614141275186836e-01,2.794008418773302971e+00,1.460531438701134110e+00,1.759058859384086126e+00,1.000000000000000000e+00
1.774436090225563811e+00,-1.253593310866934867e-02,2.897971919495570536e-02,-7.393722757369920462e-01,-7.984876773459266552e-02,-3.217745389638492631e-02,-5.422444113957494705e-02,2.828838180018453663e-01,8.504013202151710082e-01,2.330301964465659736e-01,1.829407133198414359e-01,-1.389864168272729739e-01,3.612952179367065475e-02,3.534697490272498133e-01,1.024845796829922939e-01,-4.175579076651423360e-01,2.790484440739497973e+00,1.466300648912530757e+00,1.757311442069072971e+00,1.000000000000000000e+00
1.789473684210526105e+00,-1.373281306361925913e-02,2.846848203993486079e-02,-7.401916793958940310e-01,-7.930585660697893335e-02,-3.582434255310307236e-02,-5.475558405119512750e-02,2.856744156810400170e-01,8.483237574957547267e-01,2.335258944067746256e-01,1.881826386294455089e-01,-1.372699344945571831e-01,2.977385112507622417e-02,3.430364899334776840e-01,1.262141943359343377e-01,-4.273027416874171647e-01,2.786691705657049045e+00,1.472137655097722542e+00,1.755665657504060118e+00,1.000000000000000000e+00
1.804511278195488622e+00,-1.492014169302042538e-02,2.790209968280551664e-02,-7.410190400873032379e-01,-7.857743107602666033e-02,-3.951024960154493615e-02,-5.528271058218495182e-02,2.885426093642076140e-01,8.462747205396361494e-01,2.339249493395572088e-01,1.932576002351339972e-01,-1.351905012081471291e-01,2.327831151735735779e-02,3.312549004512830852e-01,1.507363491329640759e-01,-4.361249229363530211e-01,2.782627201136643968e+00,1.478030042418721823e+00,1.754129210706440789e+00,1.000000000000000000e+00
1.819548872180451138e+00,-1.609508471286978312e-02,2.728005519810803789e-02,-7.418542967010550715e-01,-7.765762730981201623e-02,-4.322579537603987027e-02,-5.580572603915553986e-02,2.914857351681412467e-01,8.442597553606954186e-01,2.342253649513872382e-01,1.981451920264766520e-01,-1.327365104604830426e-01,1.665731208939633806e-02,3.181102594786462401e-01,1.760065391217386921e-01,-4.439533711153663686e-01,2.778288894476920845e+00,1.483964404208307553e+00,1.752709704074391528e+00,1.000000000000000000e+00
1.834586466165413432e+00,-1.725472280561045693e-02,2.660197691791734223e-02,-7.426973867119235351e-01,-7.654100739145107413e-02,-4.696104235062020793e-02,-5.632453691238553661e-02,2.945008208815007578e-01,8.422845772441371892e-01,2.344253696646152463e-01,2.028248260841158390e-01,-1.298970714601249132e-01,9.926330431180926603e-03,3.035932738804387743e-01,2.019739638678923199e-01,-4.507172101044478185e-01,2.773675801945326036e+00,1.489926320906941326e+00,1.751414601374252422e+00,1.000000000000000000e+00
1.849624060150375726e+00,-1.839605837378249439e-02,2.586764671896521831e-02,-7.435482461974213253e-01,-7.522260577751778421e-02,-5.070550926183597235e-02,-5.683905087582077909e-02,2.975845838572630520e-01,8.403550592631727767e-01,2.345234326504748168e-01,2.072758168048356442e-01,-1.266621055321254241e-01,3.101907274225076342e-03,2.877004017214740417e-01,2.285813082232856785e-01,-4.563460779747353091e-01,2.768788055425454697e+00,1.495900342391573989e+00,1.750251190524567457e+00,1.000000000000000000e+00
1.864661654135338242e+00,-1.951602299405333016e-02,2.507700807049162081e-02,-7.444068098555991497e-01,-7.369797594754773362e-02,-5.444818882868986132e-02,-5.734917678707456695e-02,3.007334302060700182e-01,8.384772193220846326e-01,2.345182797461742297e-01,2.114774697449120500e-01,-1.230224456488982765e-01,-3.798363643247203679e-03,2.704341546737882851e-01,2.557645472608336967e-01,-4.607704563183591673e-01,2.763626965654578882e+00,1.501869974239933958e+00,1.749226545206853833e+00,1.000000000000000000e+00
1.879699248120300759e+00,-2.061148557253849808e-02,2.423017378788657264e-02,-7.452730110228452665e-01,-7.196323698080465958e-02,-5.817756917936604821e-02,-5.785482468742756540e-02,3.039434553589472898e-01,8.366572056814689518e-01,2.344089091816194959e-01,2.154091748401376072e-01,-1.189699386972130762e-01,-1.075585081053770722e-02,2.518033757983366150e-01,2.834527795842958775e-01,-4.639220193523281299e-01,2.758195081246843650e+00,1.507817668506360231e+00,1.748347485334777129e+00,1.000000000000000000e+00
1.894736842105263053e+00,-2.167926119823461450e-02,2.332743343566890185e-02,-7.461467816916851348e-01,-7.001511978054981988e-02,-6.188165907639227303e-02,-5.835590580182779125e-02,3.072104460622657740e-01,8.349012809279017233e-01,2.341946070368279287e-01,2.190505036035086395e-01,-1.144975500223029130e-01,-1.775090557865556876e-02,2.318234888907958202e-01,3.115680933883152037e-01,-4.657340031624626064e-01,2.752496242678750704e+00,1.513724819614904904e+00,1.747620536417821668e+00,1.000000000000000000e+00
1.909774436090225347e+00,-2.271612068706665641e-02,2.236926032211671370e-02,-7.470280525285805107e-01,-6.785101265118685665e-02,-6.554801701198685604e-02,-5.885233253889057131e-02,3.105298838614074519e-01,8.332158043576356476e-01,2.338749623465412597e-01,2.223813098443720160e-01,-1.095994697231284787e-01,-2.476288849963422314e-02,2.105167156252179539e-01,3.400254697773802959e-01,-4.661415953194968931e-01,2.746535630405485762e+00,1.519571766001989621e+00,1.747051887863186881e+00,1.000000000000000000e+00
1.924812030075187863e+00,-2.371880080451709352e-02,2.135631802694671136e-02,-7.479167528917294305e-01,-6.546900592006386910e-02,-6.916378422364387324e-02,-5.934401849089860487e-02,3.138969501223085601e-01,8.316072127523970181e-01,2.334498817639398816e-01,2.253818333967482768e-01,-1.042712201041862130e-01,-3.177020167849006066e-02,1.879122568343056243e-01,3.687327279463282759e-01,-4.650823449187893033e-01,2.740319806280856252e+00,1.525337798163262759e+00,1.746647350271296029e+00,1.000000000000000000e+00
1.939849624060150379e+00,-2.468401515007599342e-02,2.028946640286144118e-02,-7.488128108488654178e-01,-6.286793528359396754e-02,-7.271572165656062237e-02,-5.983087843380199833e-02,3.173065326319344237e-01,8.300819995347774594e-01,2.329196036907266176e-01,2.280328062905165876e-01,-9.850976361947942628e-02,-3.875032744456032019e-02,1.640464344353998738e-01,3.975905168770177966e-01,-4.624965928639792057e-01,2.733856747471404613e+00,1.531001173777484903e+00,1.746412311796221584e+00,1.000000000000000000e+00
1.954887218045112673e+00,-2.560846568185459055e-02,1.916976699156866873e-02,-7.497161531950571334e-01,-6.004742354689956291e-02,-7.619025087440546573e-02,-6.031282832721820281e-02,3.207532338098464386e-01,8.286466923012771879e-01,2.322847117762769642e-01,2.303155607481888745e-01,-9.231361057405033932e-02,-4.567987364432402053e-02,1.389627907505601168e-01,4.264923582101620148e-01,-4.583279219281170547e-01,2.727155872087596133e+00,1.536539140593068176e+00,1.746351693663224847e+00,1.000000000000000000e+00
1.969924812030074968e+00,-2.648885485466161496e-02,1.799848779505557744e-02,-7.506267054705078046e-01,-5.700792041760419093e-02,-7.957349889324466519e-02,-6.078978531443200023e-02,3.242313805533703075e-01,8.273078287425894572e-01,2.315461476840647848e-01,2.322121383431649810e-01,-8.568292577857239412e-02,-5.253462584841336186e-02,1.127121422794193362e-01,4.553247449057619134e-01,-4.525236257820897112e-01,2.720228055802738076e+00,1.541927967770235774e+00,1.746469904961578834e+00,1.000000000000000000e+00
1.984962406015037484e+00,-2.732189833968821577e-02,1.677710734348633603e-02,-7.515443919783547644e-01,-5.375074000785803885e-02,-8.285134688534800951e-02,-6.126166772239555192e-02,3.277350357285797600e-01,8.260719309733595139e-01,2.307052230192843112e-01,2.337053996137353207e-01,-7.861963328365148551e-02,-5.928960675055228169e-02,8.535258536538554985e-02,4.839673002063934470e-01,-4.450351957774347222e-01,2.713085638793892862e+00,1.547142986372762374e+00,1.746770796862143094e+00,1.000000000000000000e+00
2.000000000000000000e+00,-2.810433828870907355e-02,1.550731800211433732e-02,-7.524691358024691024e-01,-5.027809569439840170e-02,-8.600948267019178917e-02,-6.172839506172839164e-02,3.312580113084093725e-01,8.249454783072849295e-01,2.297636303075565323e-01,2.347791333917480239e-01,-7.112751825356797286e-02,-6.591914301465209847e-02,5.694945164757548445e-02,5.122930012615325435e-01,-4.358188238095144218e-01,2.705742422418567994e+00,1.552158639697339471e+00,1.747257616445805795e+00,1.000000000000000000e+00
2.015037593984962072e+00,-2.883295710042495588e-02,1.419102846107022677e-02,-7.534008588252548710e-01,-4.659313198456802724e-02,-8.903345687947016029e-02,-6.218988802671735622e-02,3.347938831478631805e-01,8.239348785280351528e-01,2.287234529109682946e-01,2.354181650768202849e-01,-6.321232497503408154e-02,-7.239693979745487340e-02,2.757521170940456859e-02,5.401684715561664296e-01,-4.248359190706837984e-01,2.698213655136166622e+00,1.556948544115211330e+00,1.747932960370557121e+00,1.000000000000000000e+00
2.030075187969924588e+00,-2.950459164127865186e-02,1.283036535382563875e-02,-7.543394817454488477e-01,-4.269995303692700195e-02,-9.190874265148164801e-02,-6.264606849531674515e-02,3.383360073745400598e-01,8.230464377220547689e-01,2.275871737645434045e-01,2.356084630672188318e-01,-5.488184993608940382e-02,-7.869616313707858413e-02,-2.690674086718332272e-03,5.674543460102611236e-01,-4.120536359352964251e-01,2.690516007293057843e+00,1.561485561079011264e+00,1.748798728651292489e+00,1.000000000000000000e+00
2.045112781954887105e+00,-3.011614786781566244e-02,1.142767395254767893e-02,-7.552849240959199628e-01,-3.860364748852909700e-02,-9.462079867809984612e-02,-6.309685952914811935e-02,3.418775383607579599e-01,8.222863287557418133e-01,2.263576828137052743e-01,2.353372425478964247e-01,-4.614602885442459917e-02,-8.478953035189996934e-02,-3.376195795819039031e-02,5.940057122746608131e-01,-3.974454096074105935e-01,2.682667534513564433e+00,1.565741880916924789e+00,1.749856078876596222e+00,1.000000000000000000e+00
2.060150375939849621e+00,-3.066461579247237168e-02,9.985517891462776172e-03,-7.562371042614686178e-01,-3.431030924724145365e-02,-9.715513539489460670e-02,-6.354218537350046769e-02,3.454114482315135959e-01,8.216605584967275888e-01,2.250382830315329485e-01,2.345930658353935494e-01,-3.701701648421977520e-02,-9.064940853880530669e-02,-6.554585996151163219e-02,6.196726313412392884e-01,-3.809914955170300987e-01,2.674687629574242553e+00,1.569689118995454935e+00,1.751105381239850267e+00,1.000000000000000000e+00
2.075187969924812137e+00,-3.114708472960343866e-02,8.506677872745126850e-03,-7.571959394966267798e-01,-2.982705391677318782e-02,-9.949738407208524871e-02,-6.398197145733007518e-02,3.489305478505349001e-01,8.211749338969358547e-01,2.236326948937543690e-01,2.333659384889035793e-01,-2.750925798701877104e-02,-9.624792119451749950e-02,-9.794337515804632521e-02,6.443007401077635032e-01,-3.626795077845844095e-01,2.666596962783343461e+00,1.573298424780092741e+00,1.752546174816696167e+00,1.000000000000000000e+00
2.090225563909774209e+00,-3.156075875365117744e-02,6.994149313337109583e-03,-7.581613459434567437e-01,-2.516203053444679080e-02,-1.016333685311566759e-01,-6.441614439326064090e-02,3.524275092149324884e-01,8.208350270736390897e-01,2.221450591896028115e-01,2.316474004171064638e-01,-1.763955061631725801e-02,-1.015570629082664100e-01,-1.308496309773865551e-01,6.677319379880780614e-01,-3.425049514019018471e-01,2.658417411038424660e+00,1.576540604258916511e+00,1.754177125575560714e+00,1.000000000000000000e+00
2.105263157894736725e+00,-3.190297229666205076e-02,5.451138895489109418e-03,-7.591332386493511164e-01,-2.032442831724797644e-02,-1.035491791794333899e-01,-6.484463197758319475e-02,3.558948891776001489e-01,8.206461395437472106e-01,2.205799380480879535e-01,2.294306112414634113e-01,-7.427094438505294112e-03,-1.065488219885595833e-01,-1.641542923571267798e-01,6.898051590308726944e-01,-3.204717421179757997e-01,2.650171975889777265e+00,1.579386256115933751e+00,1.755995986660947139e+00,1.000000000000000000e+00
2.120300751879699241e+00,-3.217120580791204415e-02,3.881059988678662448e-03,-7.601115315848321341e-01,-1.532447813040914084e-02,-1.052312490229728864e-01,-6.526736319025611133e-02,3.593251544056856872e-01,8.206132657859139812e-01,2.189423140619992658e-01,2.267104292183958480e-01,3.106469204160269143e-03,-1.111953107915138739e-01,-1.977420115462689698e-01,7.103572303019550782e-01,-2.965927073903537048e-01,2.641884691092043269e+00,1.581805921947408322e+00,1.757999561538342137e+00,1.000000000000000000e+00
2.135338345864661314e+00,-3.236310139426783195e-02,2.287526915906888322e-03,-7.610961376613514240e-01,-1.017344841468636150e-02,-1.066664312871324627e-01,-6.568426819490520707e-02,3.627107074733526559e-01,8.207410563245591817e-01,2.172375873962142379e-01,2.234834830746583734e-01,1.393703278862101595e-02,-1.154689034138333126e-01,-2.314929188073083788e-01,7.292238164909810028e-01,-2.708900611905638578e-01,2.633580520277376991e+00,1.583770250703729898e+00,1.760183670632662789e+00,1.000000000000000000e+00
2.150375939849623830e+00,-3.247647835612730433e-02,6.743480431712195987e-04,-7.620869687490889888e-01,-4.883635333613029449e-03,-1.078420782443841319e-01,-6.609527833882357373e-02,3.660439139777853512e-01,8.210337805494409835e-01,2.154715707728085405e-01,2.197482361715595578e-01,2.503801255727231695e-02,-1.193423803010044554e-01,-2.652831496572276015e-01,7.462404498162084066e-01,-2.433958449567711346e-01,2.625285245527183342e+00,1.585250177409317285e+00,1.762543122126910333e+00,1.000000000000000000e+00
2.165413533834586346e+00,-3.250934853040212541e-02,-9.544823228501250929e-04,-7.630839356947535235e-01,5.316530697083445521e-04,-1.087461208207349955e-01,-6.650032615297167549e-02,3.693171305591160802e-01,8.214952895036913283e-01,2.136504822330964615e-01,2.155050424834634992e-01,3.638035458760489199e-02,-1.227890792020069344e-01,-2.989854037698387312e-01,7.612436433162982352e-01,-2.141523265943940657e-01,2.617025347751643860e+00,1.586217116062088817e+00,1.765071687611672546e+00,1.000000000000000000e+00
2.180451127819548862e+00,-3.245993134907258770e-02,-2.594793237222574236e-03,-7.640869483393808448e-01,6.058118885363146869e-03,-1.093671485257749765e-01,-6.689934535197739063e-02,3.725227336978020887e-01,8.221289788921248842e-01,2.117809355862241283e-01,2.107561939529177253e-01,4.793255822092055279e-02,-1.257830517775276324e-01,-3.324695302368848582e-01,7.740720845286873653e-01,-1.832123491590884612e-01,2.608827879903575564e+00,1.586643166439678065e+00,1.767762083287010455e+00,1.000000000000000000e+00
2.195488721804511378e+00,-3.232666851940643044e-02,-4.242247620580492581e-03,-7.650959155361347630e-01,1.168050266367328532e-02,-1.096944892272512379e-01,-6.729227083413592825e-02,3.756531491569896630e-01,8.229377525798331483e-01,2.098699284653000596e-01,2.055059588673165127e-01,5.966071803207686347e-02,-1.282992250413780566e-01,-3.656031335691066753e-01,7.845679053542740089e-01,-1.506396207394157527e-01,2.600720334152052615e+00,1.586501334340249203e+00,1.770605957413898368e+00,1.000000000000000000e+00
2.210526315789473450e+00,-3.210823823003267075e-02,-5.892353958276105516e-03,-7.661107451681050673e-01,1.738261816411423161e-02,-1.097182882694796024e-01,-6.767903868140975887e-02,3.787008819327239983e-01,8.239239868682983747e-01,2.079248279253587128e-01,1.997606109884333958e-01,7.152858544962034659e-02,-1.303135666869837117e-01,-3.982521946241882604e-01,7.925780225943024337e-01,-1.165089371095575643e-01,2.592730504218605070e+00,1.585765764559797120e+00,1.773593884690958022e+00,1.000000000000000000e+00
2.225563909774435967e+00,-3.180356878574019941e-02,-7.540479181101769103e-03,-7.671313441661083976e-01,2.314739359385359699e-02,-1.094295864161656390e-01,-6.805958615942887813e-02,3.816585465714883441e-01,8.250894958523233846e-01,2.059533535326516507e-01,1.935284492545590596e-01,8.349765104243164759e-02,-1.318032532251241229e-01,-4.302817005850297916e-01,7.979555422135016229e-01,-8.090632896293407927e-02,2.584886344132271585e+00,1.584411985653822352e+00,1.776715368192166355e+00,1.000000000000000000e+00
2.240601503759398483e+00,-3.141185157316669918e-02,-9.181862705902134325e-03,-7.681576185264868961e-01,2.895691936138873948e-02,-1.088203960826238936e-01,-6.843385171749054308e-02,3.845188977124998075e-01,8.264354981754555851e-01,2.039635579118224129e-01,1.868198079633196229e-01,9.552724837333485819e-02,-1.327468397385005439e-01,-4.615562781852865504e-01,8.005612188339830126e-01,-4.392912597901423022e-02,2.577215824687546064e+00,1.582417165248859670e+00,1.779958849441622304e+00,1.000000000000000000e+00
2.255639097744360555e+00,-3.093255325949255397e-02,-1.081163160625102891e-02,-7.691894733289078578e-01,3.479250232628623013e-02,-1.078837753102536295e-01,-6.880177498855938323e-02,3.872748607114688824e-01,8.279625855141423685e-01,2.019638047363523370e-01,1.796470574294377620e-01,1.075746801802956176e-01,-1.331244299462974734e-01,-4.919408245925517287e-01,8.002649603038514137e-01,-5.685930625377915749e-03,2.569746788889927469e+00,1.579760374359021613e+00,1.783311727121986934e+00,1.000000000000000000e+00
2.270676691729323071e+00,-3.036542712688607495e-02,-1.242481687507456488e-02,-7.702268127541637144e-01,4.063472647964063572e-02,-1.066138989277116284e-01,-6.916329678926745606e-02,3.899195622030626751e-01,8.296706931310677824e-01,1.999627441680691398e-01,1.720245951936189288e-01,1.195953674802174294e-01,-1.329178451708427355e-01,-5.213011307095445357e-01,7.969473654201271184e-01,3.370350454316791561e-02,2.562506807647255691e+00,1.576422858825696327e+00,1.786760384814241265e+00,1.000000000000000000e+00
2.285714285714285587e+00,-2.971052344678951421e-02,-1.401637073270592219e-02,-7.712695401019709074e-01,4.646351994185536627e-02,-1.050061263387841587e-01,-6.951835911991402495e-02,3.924463604610308742e-01,8.315590728456561109e-01,1.979692857733836853e-01,1.639688279344137523e-01,1.315430219974424719e-01,-1.321107907119164759e-01,-5.495044921334019117e-01,7.905012810350674490e-01,7.410850126308177188e-02,2.555523036911833135e+00,1.572388315637866629e+00,1.790290228049145060e+00,1.000000000000000000e+00
2.300751879699248104e+00,-2.896819880020845561e-02,-1.558118492543263296e-02,-7.723175578087699833e-01,5.225822811509028831e-02,-1.030570653767138439e-01,-6.986690516446590615e-02,3.948488754177654769e-01,8.336262687741382571e-01,1.959925689669024251e-01,1.554981443023886745e-01,1.433698420978136157e-01,-1.306890180651861244e-01,-5.764203036120199020e-01,7.808333628636500157e-01,1.153877855386137158e-01,2.548822077399645725e+00,1.567643171510814781e+00,1.793885730817256663e+00,1.000000000000000000e+00
2.315789473684210620e+00,-2.813912425299108788e-02,-1.711410995119392806e-02,-7.733707674655242448e-01,5.799769277753702434e-02,-1.007646316688872862e-01,-7.020887929055709409e-02,3.971210182088000806e-01,8.358700961924618866e-01,1.940419310569954092e-01,1.466328789536009980e-01,1.550267321587554259e-01,-1.286404813724092711e-01,-6.019206335385013373e-01,7.678656223716107121e-01,1.573899257132861662e-01,2.542429837911235779e+00,1.562176860708696102e+00,1.797530491537378428e+00,1.000000000000000000e+00
2.330827067669172692e+00,-2.722429229866310529e-02,-1.860997514078756299e-02,-7.744290698355205116e-01,6.366033685603229852e-02,-9.812810296449320235e-02,-7.054422704948908052e-02,3.992570201122944695e-01,8.382876238722127837e-01,1.921268729923606422e-01,1.373952681057421521e-01,1.664635450262829386e-01,-1.259554864647865757e-01,-6.258807758098776652e-01,7.515369402007896493e-01,1.999538795698048432e-01,2.536371403156861604e+00,1.555982098699860039e+00,1.801207298326600981e+00,1.000000000000000000e+00
2.345864661654135208e+00,-2.622502248572998462e-02,-2.006360951480430990e-02,-7.754923648721673279e-01,6.922425456275291267e-02,-9.514816789114995121e-02,-7.087289517623067414e-02,4.012514607586679105e-01,8.408751602321755669e-01,1.902570229333124807e-01,1.278093969743566982e-01,1.776293469016361481e-01,-1.226268308590317269e-01,-4.568392664515893209e+00,-5.534912872123866734e+00,4.188019924954122786e+00,1.858354396679442466e+00,5.463803643459348436e-01,2.288174211968646343e+00,1.000000000000000000e+00
2.360902255639097724e+00,-2.514296565146161705e-02,-2.146986332861294464e-02,-7.765605517367955013e-01,7.466730653136441354e-02,-9.182696862465740406e-02,-7.119483158941801448e-02,4.012514607586679105e-01,8.408751602321755669e-01,1.902570229333124807e-01,0.000000000000000000e+00,0.000000000000000000e+00,0.000000000000000000e+00,0.000000000000000000e+00,0.000000000000000000e+00,0.000000000000000000e+00,0.000000000000000000e+00,0.000000000000000000e+00,0.000000000000000000e+00,0.000000000000000000e+00
2.375939849624059796e+00,-2.398010669003367359e-02,-2.282363021012416213e-02,-7.776335288164569759e-01,7.996721953840731090e-02,-8.816813697900784119e-02,-7.150998539135459964e-02,4.012514607586679105e-01,8.408751602321755669e-01,1.902570229333124807e-01,0.000000000000000000e+00,0.000000000000000000e+00,0.000000000000000000e+00,0.000000000000000000e+00,0.000000000000000000e+00,0.000000000000000000e+00,0.000000000000000000e+00,0.000000000000000000e+00,0.000000000000000000e+00,0.000000000000000000e+00
2.390977443609022313e+00,-2.273876578949116795e-02,-2.411986978785750357e-02,-7.787111937417248164e-01,8.510169034743246541e-02,-8.417682345157367907e-02,-7.181830686801131403e-02,4.012514607586679105e-01,8.408751602321755669e-01,1.902570229333124807e-01,0.000000000000000000e+00,0.000000000000000000e+00,0.000000000000000000e+00,0.000000000000000000e+00,0.000000000000000000e+00,0.000000000000000000e+00,0.000000000000000000e+00,0.000000000000000000e+00,0.000000000000000000e+00,0.000000000000000000e+00
2.406015037593984829e+00,-2.142159807931003773e-02,-2.535363070007596795e-02,-7.797934434044919705e-01,9.004849316685205329e-02,-7.985971879096374904e-02,-7.211974748902644228e-02,4.012514607586679105e-01,8.408751602321755669e-01,1.902570229333124807e-01,0.000000000000000000e+00,0.000000000000000000e+00,0.000000000000000000e+00,0.000000000000000000e+00,0.000000000000000000e+00,0.000000000000000000e+00,0.000000000000000000e+00,0.000000000000000000e+00,0.000000000000000000e+00,0.000000000000000000e+00
2.421052631578947345e+00,-2.003159163831941605e-02,-2.652007386952807272e-02,-7.808801739757716964e-01,9.478559016820234384e-02,-7.522506769226956769e-02,-7.241425990770557208e-02,4.012514607586679105e-01,8.408751602321755669e-01,1.902570229333124807e-01,0.000000000000000000e+00,0.000000000000000000e+00,0.000000000000000000e+00,0.000000000000000000e+00,0.000000000000000000e+00,0.000000000000000000e+00,0.000000000000000000e+00,0.000000000000000000e+00,0.000000000000000000e+00,0.000000000000000000e+00
2.436090225563909861e+00,-1.857206382138788803e-02,-2.761449592269735881e-02,-7.819712809234965478e-01,9.929124446992614039e-02,-7.028267426621320757e-02,-7.270179796102164971e-02,4.012514607586679105e-01,8.408751602321755669e-01,1.902570229333124807e-01,0.000000000000000000e+00,0.000000000000000000e+00,0.000000000000000000e+00,0.000000000000000000e+00,0.000000000000000000e+00,0.000000000000000000e+00,0.000000000000000000e+00,0.000000000000000000e+00,0.000000000000000000e+00,0.000000000000000000e+00
2.451127819548871933e+00,-1.704665587251282324e-02,-2.863235262748804397e-02,-7.830666590303179131e-01,1.035441349534095001e-01,-6.504389897482149019e-02,-7.298231666961495223e-02,4.012514607586679105e-01,8.408751602321755669e-01,1.902570229333124807e-01,0.000000000000000000e+00,0.000000000000000000e+00,0.000000000000000000e+00,0.000000000000000000e+00,0.000000000000000000e+00,0.000000000000000000e+00,0.000000000000000000e+00,0.000000000000000000e+00,0.000000000000000000e+00,0.000000000000000000e+00
2.466165413533834450e+00,-1.545932580174122668e-02,-2.956928221902525508e-02,-7.841662024114054441e-01,1.075234722432622525e-01,-5.952164677647669294e-02,-7.325577223779318470e-02,4.012514607586679105e-01,8.408751602321755669e-01,1.902570229333124807e-01,0.000000000000000000e+00,0.000000000000000000e+00,0.000000000000000000e+00,0.000000000000000000e+00,0.000000000000000000e+00,0.000000000000000000e+00,0.000000000000000000e+00,0.000000000000000000e+00,0.000000000000000000e+00,0.000000000000000000e+00
2.481203007518796966e+00,-1.381433951363337555e-02,-3.042112847978208426e-02,-7.852698045322470399e-01,1.112091151531732491e-01,-5.373034627723687756e-02,-7.352212205353146623e-02,4.012514607586679105e-01,8.408751602321755669e-01,1.902570229333124807e-01,0.000000000000000000e+00,0.000000000000000000e+00,0.000000000000000000e+00,0.000000000000000000e+00,0.000000000000000000e+00,0.000000000000000000e+00,0.000000000000000000e+00,0.000000000000000000e+00,0.000000000000000000e+00,0.000000000000000000e+00
2.496240601503759038e+00,-1.211626018568663643e-02,-3.118396343762138909e-02,-7.863773582264477202e-01,1.145816868725227505e-01,-4.768591974281811974e-02,-7.378132468847210801e-02,4.012514607586679105e-01,8.408751602321755669e-01,1.902570229333124807e-01,0.000000000000000000e+00,0.000000000000000000e+00,0.000000000000000000e+00,0.000000000000000000e+00,0.000000000000000000e+00,0.000000000000000000e+00,0.000000000000000000e+00,0.000000000000000000e+00,0.000000000000000000e+00,0.000000000000000000e+00
2.511278195488721554e+00,-1.036993590620561255e-02,-3.185410954360114177e-02,-7.874887557135297200e-01,1.176226901476657843e-01,-4.140574388624258112e-02,-7.403333989792487690e-02,4.012514607586679105e-01,8.408751602321755669e-01,1.902570229333124807e-01,0.000000000000000000e+00,0.000000000000000000e+00,0.000000000000000000e+00,0.000000000000000000e+00,0.000000000000000000e+00,0.000000000000000000e+00,0.000000000000000000e+00,0.000000000000000000e+00,0.000000000000000000e+00,0.000000000000000000e+00
2.526315789473684070e+00,-8.580485592448601137e-03,-3.242816119058783420e-02,-7.886038886167313633e-01,1.203146206957854125e-01,-3.490860140940346690e-02,-7.427812862086692614e-02,4.012514607586679105e-01,8.408751602321755669e-01,1.902570229333124807e-01,0.000000000000000000e+00,0.000000000000000000e+00,0.000000000000000000e+00,0.000000000000000000e+00,0.000000000000000000e+00,0.000000000000000000e+00,0.000000000000000000e+00,0.000000000000000000e+00,0.000000000000000000e+00,0.000000000000000000e+00
2.541353383458646586e+00,-6.753283221427337953e-03,-3.290300543388439275e-02,-7.897226479808072686e-01,1.226410780787592636e-01,-2.821462334225395552e-02,-7.451565297994273973e-02,4.012514607586679105e-01,8.408751602321755669e-01,1.902570229333124807e-01,0.000000000000000000e+00,0.000000000000000000e+00,0.000000000000000000e+00,0.000000000000000000e+00,0.000000000000000000e+00,0.000000000000000000e+00,0.000000000000000000e+00,0.000000000000000000e+00,0.000000000000000000e+00,0.000000000000000000e+00
2.556390977443609103e+00,-4.893940417398213484e-03,-3.327584177623912204e-02,-7.908449242898273335e-01,1.245868732598617579e-01,-2.134522229046871902e-02,-7.474587628146411866e-02,4.012514607586679105e-01,8.408751602321755669e-01,1.902570229333124807e-01,0.000000000000000000e+00,0.000000000000000000e+00,0.000000000000000000e+00,0.000000000000000000e+00,0.000000000000000000e+00,0.000000000000000000e+00,0.000000000000000000e+00,0.000000000000000000e+00,0.000000000000000000e+00,0.000000000000000000e+00
2.571428571428571175e+00,-3.008287451763726802e-03,-3.354420088178213660e-02,-7.919706074849764965e-01,1.261381320675725448e-01,-1.432301677069614150e-02,-7.496876301541023635e-02,4.012514607586679105e-01,8.408751602321755669e-01,1.902570229333124807e-01,0.000000000000000000e+00,0.000000000000000000e+00,0.000000000000000000e+00,0.000000000000000000e+00,0.000000000000000000e+00,0.000000000000000000e+00,0.000000000000000000e+00,0.000000000000000000e+00,0.000000000000000000e+00,0.000000000000000000e+00
2.586466165413533691e+00,-1.102352722720640298e-03,-3.370596208664597415e-02,-7.930995869823540545e-01,1.272823937984372544e-01,-7.171746881386406244e-03,-7.518427885542774969e-02,4.012514607586679105e-01,8.408751602321755669e-01,1.902570229333124807e-01,0.000000000000000000e+00,0.000000000000000000e+00,0.000000000000000000e+00,0.000000000000000000e+00,0.000000000000000000e+00,0.000000000000000000e+00,0.000000000000000000e+00,0.000000000000000000e+00,0.000000000000000000e+00,0.000000000000000000e+00
2.601503759398496207e+00,8.176592065574617672e-04,-3.375936957827451596e-02,-7.942317516907734243e-01,1.280087042049653234e-01,8.381837397835895792e-05,-7.539239065883046598e-02,4.012514607586679105e-01,8.408751602321755669e-01,1.902570229333124807e-01,0.000000000000000000e+00,0.000000000000000000e+00,0.000000000000000000e+00,0.000000000000000000e+00,0.000000000000000000e+00,0.000000000000000000e+00,0.000000000000000000e+00,0.000000000000000000e+00,0.000000000000000000e+00,0.000000000000000000e+00
2.616541353383458279e+00,2.745390921222360444e-03,-3.370304712070253811e-02,-7.953669900295614603e-01,1.283077021350020053e-01,7.417981726204451315e-03,-7.559306646659977313e-02,4.012514607586679105e-01,8.408751602321755669e-01,1.902570229333124807e-01,0.000000000000000000e+00,0.000000000000000000e+00,0.000000000000000000e+00,0.000000000000000000e+00,0.000000000000000000e+00,0.000000000000000000e+00,0.000000000000000000e+00,0.000000000000000000e+00,0.000000000000000000e+00,0.000000000000000000e+00
2.631578947368420796e+00,4.674356718720277040e-03,-3.353601120938425051e-02,-7.965051899463582163e-01,1.281716991158788621e-01,1.480422579023544204e-02,-7.578627550338425112e-02,4.012514607586679105e-01,8.408751602321755669e-01,1.902570229333124807e-01,0.000000000000000000e+00,0.000000000000000000e+00,0.000000000000000000e+00,0.000000000000000000e+00,0.000000000000000000e+00,0.000000000000000000e+00,0.000000000000000000e+00,0.000000000000000000e+00,0.000000000000000000e+00,0.000000000000000000e+00
2.646616541353383312e+00,6.597968312226071448e-03,-3.325768254643841210e-02,-7.976462389349158189e-01,1.275947512098745129e-01,2.221532820840933786e-02,-7.597198817749994948e-02,4.012514607586679105e-01,8.408751602321755669e-01,1.902570229333124807e-01,0.000000000000000000e+00,0.000000000000000000e+00,0.000000000000000000e+00,0.000000000000000000e+00,0.000000000000000000e+00,0.000000000000000000e+00,0.000000000000000000e+00,0.000000000000000000e+00,0.000000000000000000e+00,0.000000000000000000e+00
2.661654135338345828e+00,8.509561552499803408e-03,-3.286789573542805987e-02,-7.987900240528987839e-01,1.265727225069659678e-01,2.962348320739064539e-02,-7.615017608093016532e-02,4.012514607586679105e-01,8.408751602321755669e-01,1.902570229333124807e-01,0.000000000000000000e+00,0.000000000000000000e+00,0.000000000000000000e+00,0.000000000000000000e+00,0.000000000000000000e+00,0.000000000000000000e+00,0.000000000000000000e+00,0.000000000000000000e+00,0.000000000000000000e+00,0.000000000000000000e+00
2.676691729323308344e+00,1.040242403792585035e-02,-3.236690710396281090e-02,-7.999364319396832235e-01,1.251033396663456809e-01,3.700042892956726531e-02,-7.632081198932562371e-02,4.012514607586679105e-01,8.408751602321755669e-01,1.902570229333124807e-01,0.000000000000000000e+00,0.000000000000000000e+00,0.000000000000000000e+00,0.000000000000000000e+00,0.000000000000000000e+00,0.000000000000000000e+00,0.000000000000000000e+00,0.000000000000000000e+00,0.000000000000000000e+00,0.000000000000000000e+00
2.691729323308270416e+00,1.226982347402191982e-02,-3.175540057244737729e-02,-8.010853488341558304e-01,1.231862369694534248e-01,4.431757984393330796e-02,-7.648386986200443605e-02,4.012514607586679105e-01,8.408751602321755669e-01,1.902570229333124807e-01,0.000000000000000000e+00,0.000000000000000000e+00,0.000000000000000000e+00,0.000000000000000000e+00,0.000000000000000000e+00,0.000000000000000000e+00,0.000000000000000000e+00,0.000000000000000000e+00,0.000000000000000000e+00,0.000000000000000000e+00
2.706766917293232932e+00,1.410503663604815473e-02,-3.103449149814361749e-02,-8.022366605925144167e-01,1.208229914040154507e-01,5.154616349002742043e-02,-7.663932484195205841e-02,4.012514607586679105e-01,8.408751602321755669e-01,1.902570229333124807e-01,0.000000000000000000e+00,0.000000000000000000e+00,0.000000000000000000e+00,0.000000000000000000e+00,0.000000000000000000e+00,0.000000000000000000e+00,0.000000000000000000e+00,0.000000000000000000e+00,0.000000000000000000e+00,0.000000000000000000e+00
2.721804511278195449e+00,1.590137878157503806e-02,-3.020572843529574156e-02,-8.033902527060665655e-01,1.180171473604231247e-01,5.865736076188078629e-02,-7.678715325582118056e-02,4.012514607586679105e-01,8.408751602321755669e-01,1.902570229333124807e-01,0.000000000000000000e+00,0.000000000000000000e+00,0.000000000000000000e+00,0.000000000000000000e+00,0.000000000000000000e+00,0.000000000000000000e+00,0.000000000000000000e+00,0.000000000000000000e+00,0.000000000000000000e+00,0.000000000000000000e+00
2.736842105263157521e+00,1.765223335407439115e-02,-2.927109276430890292e-02,-8.045460103190292811e-01,1.147742305882678143e-01,6.562244889774086765e-02,-7.692733261393208677e-02,4.012514607586679105e-01,8.408751602321755669e-01,1.902570229333124807e-01,0.000000000000000000e+00,0.000000000000000000e+00,0.000000000000000000e+00,0.000000000000000000e+00,0.000000000000000000e+00,0.000000000000000000e+00,0.000000000000000000e+00,0.000000000000000000e+00,0.000000000000000000e+00,0.000000000000000000e+00
2.751879699248120037e+00,1.935108181382156137e-02,-2.823299615579152183e-02,-8.057038182463289733e-01,1.111017511315047085e-01,7.241294630595630777e-02,-7.705984161027229495e-02,4.012514607586679105e-01,8.408751602321755669e-01,1.902570229333124807e-01,0.000000000000000000e+00,0.000000000000000000e+00,0.000000000000000000e+00,0.000000000000000000e+00,0.000000000000000000e+00,0.000000000000000000e+00,0.000000000000000000e+00,0.000000000000000000e+00,0.000000000000000000e+00,0.000000000000000000e+00
2.766917293233082553e+00,2.099153342872266126e-02,-2.709427584857364291e-02,-8.068635609914005524e-01,1.070091950349920940e-01,7.900075832837086254e-02,-7.718466012249661223e-02,3.928930009516147237e-01,9.460394113943593197e-01,1.907459232909518576e-01,-1.439424583616493447e-01,2.149624865266977491e-01,1.712771987742422453e-01,-4.929983911534822738e+00,6.789861218504310791e+00,6.113676414402041459e+00,1.773455625121726609e+00,2.372283027700938352e+00,2.483613033401750769e+00,1.000000000000000000e+00
2.781954887218045069e+00,2.256735485513723660e-02,-2.585818773450609606e-02,-8.080251227639868583e-01,1.025080046924640442e-01,8.535832302017155870e-02,-7.730176921192725981e-02,3.906950334559455840e-01,9.491919053643176341e-01,1.934165928566295989e-01,-1.482701928281160431e-01,2.042063524362213722e-01,1.838699673504386733e-01,-2.640555170767771020e-01,-7.369948785451780893e-01,8.262139840801506763e-01,2.573424923173586620e+00,1.163312255965183617e+00,1.835095715623944912e+00,1.000000000000000000e+00
2.796992481203007586e+00,2.407249933741505837e-02,-2.452839725681732475e-02,-8.091883874979384217e-01,9.761154778569409995e-02,9.145875600977337871e-02,-7.741115112355397010e-02,3.884373261675522215e-01,9.521776821992578022e-01,1.962741577339448540e-01,-1.518839776722291646e-01,1.927972270215794481e-01,1.961257396488334248e-01,-2.158501509901321891e-01,-7.787526105322245540e-01,8.021207644043649720e-01,2.581441000805252628e+00,1.152152320132921792e+00,1.831393282935739775e+00,1.000000000000000000e+00
2.812030075187969658e+00,2.550113535471494261e-02,-2.310896814296018939e-02,-8.103532388690128929e-01,9.233507484606685856e-02,9.727599349417399843e-02,-7.751278928603359819e-02,3.861307831490883302e-01,9.549872958262879408e-01,1.993131681966264779e-01,-1.547619266924808723e-01,1.807852212923952429e-01,2.079939001144795463e-01,-1.662830698453405531e-01,-8.170935589325130088e-01,7.747072093335408693e-01,2.589671550700989755e+00,1.141747259854623442e+00,1.827333094890973841e+00,1.000000000000000000e+00
2.827067669172932174e+00,2.684767454476727142e-02,-2.160434900709592640e-02,-8.115195603126748036e-01,8.669566555225498294e-02,1.027849324245608126e-01,-7.760666831169049651e-02,3.837866166088135245e-01,9.576120733049080513e-01,2.025274233471314744e-01,-1.568849722540438807e-01,1.682229846476694657e-01,2.194252045911953830e-01,-1.155474216184843306e-01,-8.518622541006285465e-01,7.440736230010810415e-01,2.598078420675659750e+00,1.132134013678206763e+00,1.822923798051032218e+00,1.000000000000000000e+00
2.842105263157894690e+00,2.810679873657060193e-02,-2.001935787153722585e-02,-8.126872350418944402e-01,8.071216396052419140e-02,1.079615669438410558e-01,-7.769277399651629279e-02,3.814163032104147533e-01,9.600441499917842236e-01,2.059099938050210632e-01,-1.582370371170969681e-01,1.551653038758347980e-01,2.303720541897001928e-01,-6.384737767443023071e-02,-8.829300226854527311e-01,7.103383128575738725e-01,2.606621919815444777e+00,1.123344122292709857e+00,1.818175817314154008e+00,1.000000000000000000e+00
2.857142857142856762e+00,2.927348592759178303e-02,-1.835916467047946782e-02,-8.138561460649478274e-01,7.440510294659570534e-02,1.127831201523179228e-01,-7.777109332017007048e-02,3.790315378872675112e-01,9.622764986388379072e-01,2.094532484688107488e-01,-1.588051941389891364e-01,1.416686982511146942e-01,2.407887628726260165e-01,-1.139725100869593173e-02,-9.101950587778198098e-01,6.736371074079418042e-01,2.615261002878244145e+00,1.115403647257926512e+00,1.813101344831310247e+00,1.000000000000000000e+00
2.872180451127819278e+00,3.034303504584352079e-02,-1.662927181308685234e-02,-8.150261762032163793e-01,6.779661821927962517e-02,1.172281702998698855e-01,-7.784161444597825774e-02,3.766441853605613233e-01,9.643029524088886362e-01,2.131488852423029101e-01,-1.585798115835239108e-01,1.277910163937953092e-01,2.506318168185103223e-01,4.157953519436416445e-02,-9.335821296915030043e-01,6.341227434814765695e-01,2.623953474698652144e+00,1.108333160216497193e+00,1.807714317657884262e+00,1.000000000000000000e+00
2.887218045112781795e+00,3.131108934323192233e-02,-1.483549289634256661e-02,-8.161972081089857722e-01,6.091035234548208138e-02,1.212767705326617956e-01,-7.790432672093459965e-02,3.742662295945704543e-01,9.661182218759325480e-01,2.169879655868993673e-01,-1.575546818023165208e-01,1.135910402152798121e-01,2.598601235788359776e-01,9.485162492540184787e-02,-9.530419432553142167e-01,5.919641203976959698e-01,2.632656213458014260e+00,1.102147798794268940e+00,1.802030383027523941e+00,1.000000000000000000e+00
2.902255639097744311e+00,3.217365827375738563e-02,-1.298392967091626000e-02,-8.173691242832462622e-01,5.377134930298354404e-02,1.249105613594198166e-01,-7.795922067570017211e-02,3.719097214554585307e-01,9.677179061537390936e-01,2.209609527312617061e-01,-1.557271311346396236e-01,9.912810080716910610e-02,2.684352490109223610e-01,1.481810455359294787e-01,-9.685502104731165129e-01,5.473454196820325413e-01,2.641325411195752704e+00,1.096857384042232653e+00,1.796066850221991862e+00,1.000000000000000000e+00
2.917293233082706827e+00,3.292713771847435161e-02,-1.108094737553554435e-02,-8.185418070934914470e-01,4.640594015086154517e-02,1.281128750464095578e-01,-7.800628802460349287e-02,3.695867248714419517e-01,9.690984983654891138e-01,2.250577533392639218e-01,-1.530981090042434212e-01,8.446171057699038143e-02,2.763216399602506090e-01,2.013246523091394291e-01,-9.801064429809275280e-01,5.004650906173687686e-01,2.649916829466812729e+00,1.092466593150651200e+00,1.789842628156135262e+00,1.000000000000000000e+00
2.932330827067668899e+00,3.356832842851460025e-02,-9.133148566864495235e-03,-8.197151387915184717e-01,3.884162047689213026e-02,1.308688312011539456e-01,-7.804552166564042437e-02,3.673092618212132621e-01,9.702573857272129842e-01,2.292677624067938069e-01,-1.496722543734625432e-01,6.965121530398353522e-02,2.834868306836250684e-01,2.540356877527523705e-01,-9.877325287683386135e-01,4.515347038646500000e-01,2.658386067608887515e+00,1.088975180299973422e+00,1.783378147998641028e+00,1.000000000000000000e+00
2.947368421052631415e+00,3.409445256788529166e-02,-7.147345582599989346e-03,-8.208890015312267918e-01,3.110692034608763049e-02,1.331654228622134728e-01,-7.807691568047410435e-02,3.650892565035652737e-01,9.711928445679580690e-01,2.335799111280909557e-01,-1.454579379440103237e-01,5.475546911027365238e-02,2.899016310539241914e-01,3.060654389482616033e-01,-9.914711320914330051e-01,4.007776776077673353e-01,2.666688840689497297e+00,1.086378237915897493e+00,1.776695270403182647e+00,1.000000000000000000e+00
2.962406015037593932e+00,3.450316824909895747e-02,-5.130531785290413233e-03,-8.220632773864182674e-01,2.323126753404439193e-02,1.349915924756009966e-01,-7.810046533443511241e-02,3.629384790633398694e-01,9.719040306494104442e-01,2.379827174434430148e-01,-1.404672787659959621e-01,3.983253463957931589e-02,2.955402946718286850e-01,3.571649736180905199e-01,-9.913839644030022491e-01,3.484278831116700559e-01,2.674781263873048598e+00,1.084666490269127870e+00,1.769817177223962146e+00,1.000000000000000000e+00
2.977443609022556004e+00,3.479258196688753135e-02,-3.089851743187409846e-03,-8.232378483685965920e-01,1.524484488246366162e-02,1.363382972070729671e-01,-7.811616707652134506e-02,3.608684892666880195e-01,9.723909651768387619e-01,2.424643389527236792e-01,-1.347161342261730954e-01,2.493941003048433247e-02,3.003806651324705812e-01,4.070869333256306177e-01,-9.875499725480801905e-01,2.947281391516950455e-01,2.682620139695513828e+00,1.083826611293750908e+00,1.762768247925303733e+00,1.000000000000000000e+00
2.992481203007518520e+00,3.496125884820831115e-02,-1.032570512178461117e-03,-8.244125964447663879e-01,7.178442661536490674e-03,1.371985631130818450e-01,-7.812401853939818230e-02,3.588905805315842912e-01,9.726545169118878675e-01,2.470126278541071585e-01,-1.282240627261274635e-01,1.013178358550193697e-02,3.044042988568420038e-01,4.555873604885147254e-01,-9.800634885632252269e-01,2.399286073877794634e-01,2.690163244571175838e+00,1.083841558670758154e+00,1.755573921255684233e+00,1.000000000000000000e+00
3.007518796992481036e+00,3.500823065036755971e-02,1.033957810559892488e-03,-8.255874035552335233e-01,-9.366931356387031213e-04,1.375675277709570155e-01,-7.812401853939819618e-02,3.570157247271961154e-01,9.726963808064184036e-01,2.516151875448202624e-01,-1.210142587227590188e-01,-4.536183610515137632e-03,3.075965630990203925e-01,5.024275347246077716e-01,-9.690323823501062472e-01,1.842851033184458864e-01,2.697369610789316585e+00,1.084690916608409772e+00,1.748260543129204869e+00,1.000000000000000000e+00
3.022556390977443552e+00,3.493300145325822781e-02,3.102322085145713636e-03,-8.267621516314033192e-01,-9.069015608147266636e-03,1.374424710502414881e-01,-7.811616707652137281e-02,3.552545181578294908e-01,9.725190535757946009e-01,2.562594305016672180e-01,-1.131134601780188487e-01,-1.901204746262177142e-02,3.099467079792013191e-01,5.473757935070895364e-01,-9.545762544835795227e-01,1.280573398534811391e-01,2.704199800293159317e+00,1.086351240314775479e+00,1.740855202028059212e+00,1.000000000000000000e+00
3.037593984962406068e+00,3.473555100632507581e-02,5.165086499619561157e-03,-8.279367226135816438e-01,-1.718683388768314085e-02,1.368228337913415527e-01,-7.810046533443505690e-02,3.536171291436343012e-01,9.721258066209141901e-01,2.609326370437923259e-01,-1.045518288428464310e-01,-3.324524389573578487e-02,3.114479116660424096e-01,5.902093121983132962e-01,-9.368247016862868426e-01,7.150712268806178051e-02,2.710616166668550431e+00,1.088796395862903887e+00,1.733385553593494777e+00,1.000000000000000000e+00
3.052631578947368141e+00,3.441633570581401069e-02,7.214823129552998954e-03,-8.291109984687731194e-01,-2.525847120219987599e-02,1.357102242440096085e-01,-7.807691568047407660e-02,3.521132476010357948e-01,9.715206566917347075e-01,2.656220145691978729e-01,-9.536280417205467153e-02,-4.718722646070537541e-02,3.120972981352332365e-01,6.307158192523228957e-01,-9.159156822812574150e-01,1.489651844652628565e-02,2.716583102001046690e+00,1.091997889958470136e+00,1.725879636395881711e+00,1.000000000000000000e+00
3.067669172932330657e+00,3.397628719301753336e-02,9.244144502014746759e-03,-8.302848612084814395e-01,-3.325242305073617538e-02,1.341084122059261474e-01,-7.804552166564045212e-02,3.507520370111962826e-01,9.707083346622900066e-01,2.703147568503609932e-01,-8.558293202322783677e-02,-6.079158020494632858e-02,3.118959272584191367e-01,6.686952236935708171e-01,-8.919940034492518377e-01,-4.151398209521800498e-02,2.722067265579109385e+00,1.095925184994838819e+00,1.718365681153416702e+00,1.000000000000000000e+00
3.082706766917293173e+00,3.341680857946997124e-02,1.124573597903999467e-02,-8.314581929065084642e-01,-4.113751447551648732e-02,1.320233108899886432e-01,-7.800628802460345124e-02,3.495420891449074752e-01,9.696942527596217332e-01,2.749981029731634052e-01,-7.525166962487946087e-02,-7.401411378248758111e-02,3.108487573203394527e-01,7.039611338353276571e-01,-8.652099465651506005e-01,-9.746728257588713196e-02,2.727037791815168255e+00,1.100545995687070233e+00,1.710871915891968298e+00,1.000000000000000000e+00
3.097744360902255245e+00,3.273976832025745493e-02,1.321238777683670512e-02,-8.326308757167536490e-01,-4.888305542365495304e-02,1.294629466370839088e-01,-7.795922067570017211e-02,3.484913818877131142e-01,9.684844705576400870e-01,2.796593955074584414e-01,-6.441116859960911711e-02,-8.681293198134164280e-02,3.089645804140315755e-01,7.363422485227085756e-01,-8.357180414561916626e-01,-1.527114580152906242e-01,2.731466475210557743e+00,1.105826564481965812e+00,1.703426369696121823e+00,1.000000000000000000e+00
3.112781954887217761e+00,3.194749177166081311e-02,1.513702643938453010e-02,-8.338027918910140279e-01,-5.645899320512646341e-02,1.264374166783190923e-01,-7.790432672093457189e-02,3.476072404801486826e-01,9.670856600132351488e-01,2.842861375070220298e-01,-5.310603809036207323e-02,-9.914849096913977422e-02,3.062559315153683404e-01,7.656836048760367053e-01,-8.036759952624875636e-01,-2.070014671342478019e-01,2.735327930686488163e+00,1.111731913818627682e+00,1.696056677786844435e+00,1.000000000000000000e+00
3.127819548872180277e+00,3.104275048413280419e-02,1.701274558878352813e-02,-8.349738237967836429e-01,-6.383606107585133860e-02,1.229588352361840609e-01,-7.784161444597821611e-02,3.468963024555113961e-01,9.655050697868334808e-01,2.888660479512479284e-01,-4.138309025747250597e-02,-1.109836386057775348e-01,3.027389723799188137e-01,7.918476694688694195e-01,-7.692437768126095810e-01,-2.601007779274056020e-01,2.738599728122546040e+00,1.118226074140620918e+00,1.688789890670240990e+00,1.000000000000000000e+00
3.142857142857142794e+00,3.002874929599610651e-02,1.883283577970137554e-02,-8.361438539350520838e-01,-7.098592200471742775e-02,1.190412683370993957e-01,-7.777109332017011212e-02,3.463644865220816271e-01,9.637504890544077440e-01,2.933871152606255528e-01,-2.929107058753875961e-02,-1.222836421514740673e-01,2.984333517280778891e-01,8.147152629918464894e-01,-7.325828531486970885e-01,-3.117828859179828660e-01,2.741262500467298580e+00,1.125272287318151987e+00,1.681652290034079789e+00,1.000000000000000000e+00
3.157894736842105310e+00,2.890911130713126956e-02,2.059081329146695769e-02,-8.373127649581054710e-01,-7.788130672070381344e-02,1.147006577876059363e-01,-7.769277399651626503e-02,3.460169655990257276e-01,9.618302109834448999e-01,2.978376485423179787e-01,-1.688037558102581381e-02,-1.330162056177685848e-01,2.933620434801297860e-01,8.341863116130078248e-01,-6.938555711037003304e-01,-3.618327065920703411e-01,2.743300025292421118e+00,1.132833185815161681e+00,1.674669213926873068e+00,1.000000000000000000e+00
3.172932330827067382e+00,2.768786082519094846e-02,2.228044769873416264e-02,-8.384804396873251076e-01,-8.449614518070387714e-02,1.099547348423535187e-01,-7.760666831169049651e-02,3.458581441759536190e-01,9.597529960125097404e-01,3.022063262506708980e-01,-4.202760463839463195e-03,-1.431514788763972312e-01,2.875511650636548011e-01,8.501804213494464912e-01,-6.532246736946443200e-01,-4.100478260554537568e-01,2.744699280136329467e+00,1.140870948521798711e+00,1.667864893543265614e+00,1.000000000000000000e+00
3.187969924812029898e+00,2.636940438942098758e-02,2.389578807012971567e-02,-8.396467611309869072e-01,-9.080569064975026194e-02,1.048229241633715919e-01,-7.751278928603355656e-02,3.458916401260183626e-01,9.575280350435271259e-01,3.064822419795931729e-01,8.688960399408477558e-03,-1.526620604657276670e-01,2.810297780348530727e-01,8.626372747118566942e-01,-6.108529385558575386e-01,-4.562395968898833032e-01,2.745450472408990983e+00,1.149347434664128365e+00,1.661262303668215701e+00,1.000000000000000000e+00
3.203007518796992414e+00,2.495850998890383060e-02,2.543118765381249119e-02,-8.408116125020614895e-01,-9.678663564257715402e-02,9.932623873631001021e-02,-7.741115112355401173e-02,3.461202710622242051e-01,9.551649126282706348e-01,3.106549471388291295e-01,2.174121772298348576e-02,-1.615229958254457143e-01,2.738296734278687361e-01,8.715168515921376535e-01,-5.669029236916897085e-01,-5.002340694108073915e-01,2.745547044994512298e+00,1.158224297598932973e+00,1.654883028511125564e+00,1.000000000000000000e+00
3.218045112781954487e+00,2.346028460286653586e-02,2.688132691934726898e-02,-8.419748772360130529e-01,-1.024172190383387110e-01,9.348716646980406719e-02,-7.730176921192727368e-02,3.465460452867992203e-01,9.526735702062296696e-01,3.147144903033982644e-01,3.489999352999888921e-02,-1.697117724564550512e-01,2.659851443683627359e-01,8.767994787735596818e-01,-5.215368044609673959e-01,-5.418727519369562762e-01,2.744985658983937871e+00,1.167463080603367898e+00,1.648747144301910605e+00,1.000000000000000000e+00
3.233082706766917003e+00,2.188015020053756324e-02,2.824123483663302375e-02,-8.431364390085993588e-01,-1.076773237482224616e-01,8.732954925839522820e-02,-7.718466012249652897e-02,3.471701573447072420e-01,9.500642694304044511e-01,3.186514530642474696e-01,4.811112685903019826e-02,-1.772083132528431137e-01,2.575327485575844566e-01,8.784857144998676759e-01,-4.749162848752672694e-01,-5.810131971572762843e-01,2.743766155191017297e+00,1.177025296982092906e+00,1.642873119637634494e+00,1.000000000000000000e+00
3.248120300751879519e+00,2.022381834683118287e-02,2.950630828472254261e-02,-8.442961817536708269e-01,-1.125485643879699516e-01,8.087845533710258383e-02,-7.705984161027222556e-02,3.479929881550498649e-01,9.473475556007748821e-01,3.224569822475222836e-01,6.132061652247630668e-02,-1.839949689940571786e-01,2.485110632508505391e-01,8.765960762251275851e-01,-4.272025659641643935e-01,-6.175294151122986408e-01,2.741891496248350713e+00,1.186872496943223831e+00,1.637277734174202415e+00,1.000000000000000000e+00
3.263157894736842035e+00,1.849726356780275610e-02,3.067232949614596277e-02,-8.454539896809706301e-01,-1.170143644833841895e-01,7.416004579637057448e-02,-7.692733261393214228e-02,3.490141096586047986e-01,9.445342212122422865e-01,3.261228184091411464e-01,7.447491862519964312e-02,-1.900565107254496566e-01,2.389604353211242094e-01,8.711706209683840463e-01,-3.785563540819485429e-01,-6.513121165852568950e-01,2.739367691151622264e+00,1.196966323746576188e+00,1.631976015866606566e+00,1.000000000000000000e+00
3.278195488721804551e+00,1.670669563633257401e-02,3.173548145566618128e-02,-8.466097472939333457e-01,-1.210600228159135622e-01,6.720143615952502147e-02,-7.678715325582120832e-02,3.502322938864148583e-01,9.416352696148742041e-01,3.296413205497676913e-01,8.752123670197677063e-02,-1.953801225002812780e-01,2.289227289174592117e-01,8.622683886289473909e-01,-3.291378925511483367e-01,-6.822687937272334802e-01,2.736203704121268565e+00,1.207268561610704172e+00,1.626981196585873812e+00,1.000000000000000000e+00
3.293233082706766623e+00,1.485853094378709188e-02,3.269236118617083880e-02,-8.477633394074853834e-01,-1.246727685967737309e-01,6.003055395071971168e-02,-7.663932484195205841e-02,3.516455263233444484e-01,9.386618787790022012e-01,3.330054870321310645e-01,1.004078024937392205e-01,-1.999553947119502850e-01,2.184410731037639553e-01,8.499667192072483113e-01,-2.791070009077888381e-01,-7.103236474352347951e-01,2.732411349592306138e+00,1.217741177787398099e+00,1.622304685592867779e+00,1.000000000000000000e+00
3.308270676691729140e+00,1.295936312747662453e-02,3.353999086850169981e-02,-8.489146511658440808e-01,-1.278418052409427408e-01,5.267599319961753512e-02,-7.648386986200444992e-02,3.532510234119818904e-01,9.356253651559995888e-01,3.362089727173378506e-01,1.130841455503148740e-01,-2.037743180163049395e-01,2.075596117013620845e-01,8.343604551613672538e-01,-2.286231071792398928e-01,-7.354173732956692522e-01,2.728005175034432739e+00,1.228346361081915195e+00,1.617956060038058030e+00,1.000000000000000000e+00
3.323308270676691656e+00,1.101593312653328417e-02,3.427582675634383708e-02,-8.500635680603167987e-01,-1.305583425960954169e-01,4.516686683956572940e-02,-7.632081198932567923e-02,3.550452540163133719e-01,9.325371476272170668e-01,3.392461023688388977e-01,1.255013500173895458e-01,-2.068312776346342419e-01,1.963232573655481761e-01,8.155610401622080952e-01,-1.778452600373475745e-01,-7.575068197505759882e-01,2.723002333158307309e+00,1.239046558922350272e+00,1.613943071389924322e+00,1.000000000000000000e+00
3.338345864661653728e+00,9.035098840382622953e-03,3.489776586171435685e-02,-8.512099759471011273e-01,-1.328156175653143478e-01,3.753265795885390305e-02,-7.615017608093012369e-02,3.570239646411597079e-01,9.294087115380929021e-01,3.421118804016378689e-01,1.376122971341404988e-01,-2.091230476414882855e-01,1.847774517088637269e-01,7.936955253418093159e-01,-1.269321092767630166e-01,-7.765645335074077282e-01,2.717422444892073408e+00,1.249804514870900718e+00,1.610271666478607644e+00,1.000000000000000000e+00
3.353383458646616244e+00,7.023804564279770291e-03,3.540415040099235272e-02,-8.523537610650839813e-01,-1.346089031455306173e-01,2.980307085987271218e-02,-7.597198817749999111e-02,3.591822081824522783e-01,9.262515728216751398e-01,3.448019970798332778e-01,1.493718921329325044e-01,-2.106487846805518982e-01,1.729679330495360878e-01,7.689054938236585812e-01,-7.604184482717121774e-02,-7.925782080899822502e-01,2.711287454329097013e+00,1.260583308230410537e+00,1.606946021678384851e+00,1.000000000000000000e+00
3.368421052631578760e+00,4.989050375427410595e-03,3.579377000570956729e-02,-8.534948100536416948e-01,-1.359355059853879222e-01,2.200788286871219190e-02,-7.578627550338429275e-02,3.615143759649637190e-01,9.230772422251947162e-01,3.473128312875077839e-01,1.607372743919950608e-01,-2.114100204182453313e-01,1.609405131196911531e-01,7.413459139303389955e-01,-2.533208637056191120e-02,-8.055500518197312720e-01,2.704621476664390123e+00,1.271346397139717865e+00,1.603968588644246962e+00,1.000000000000000000e+00
3.383458646616541277e+00,2.937861641041853225e-03,3.606586171635409177e-02,-8.546330099704384509e-01,-1.367947526458868079e-01,1.417679781828786421e-02,-7.559306646659984252e-02,3.640142328079680745e-01,9.198971896645389279e-01,3.496414500161844074e-01,1.716680098451233150e-01,-2.114106519398169237e-01,1.487408638218748191e-01,7.111839310416795401e-01,2.504028243965566655e-02,-8.154960914542696004e-01,2.697450639966222141e+00,1.282057666277808261e+00,1.601340149962295900e+00,1.000000000000000000e+00
3.398496240601503793e+00,8.772588163786632478e-04,3.622010779113377099e-02,-8.557682483092264869e-01,-1.371879648241038085e-01,6.339302101575376366e-03,-7.539239065883041047e-02,3.666749548454806273e-01,9.167228087440326689e-01,3.517856047266167963e-01,1.821262647992637762e-01,-2.106569292170526742e-01,1.364143148804648209e-01,6.785976076644808508e-01,7.491933921335165725e-02,-8.224454272251715548e-01,2.689802921479181208e+00,1.292681480016551809e+00,1.599059883068788990e+00,1.000000000000000000e+00
3.413533834586465865e+00,-1.185772303725817801e-03,3.625663137488422533e-02,-8.569004130176458567e-01,-1.371184238738589189e-01,-1.475475841446830146e-03,-7.518427885542772193e-02,3.694891698159641358e-01,9.135653814924218352e-01,3.537437247536603380e-01,1.920769604515737139e-01,-2.091574387303928306e-01,1.240056630030728496e-01,6.437746209119745711e-01,1.241504096365982773e-01,-8.264394541619325407e-01,2.681707979034047895e+00,1.303182741581343507e+00,1.597125430833484794e+00,1.000000000000000000e+00
3.428571428571428381e+00,-3.244309721802655748e-03,3.617599008600789340e-02,-8.580293925150235257e-01,-1.365913250268486756e-01,-9.238901778840491116e-03,-7.496876301541023635e-02,3.724489995268251974e-01,9.104360433799207897e-01,3.555149079305470750e-01,2.014879075334583547e-01,-2.069230823106888439e-01,1.115589929507828232e-01,6.069109263075663785e-01,1.725804161067815978e-01,-8.275310634250999664e-01,2.673196978053974160e+00,1.313526958503990372e+00,1.595532977283461884e+00,1.000000000000000000e+00
3.443609022556390897e+00,-5.291523611751217625e-03,3.597916759139364873e-02,-8.591550757101725777e-01,-1.356137217829607444e-01,-1.692296690438513385e-02,-7.474587628146404927e-02,3.755461041913612519e-01,9.073457486951683748e-01,3.570989086134184198e-01,2.103299206412750921e-01,-2.039670502760534965e-01,9.911751071961101556e-02,5.682093966298757959e-01,2.200582866397759185e-01,-8.257838359544243945e-01,2.664302414597631063e+00,1.323680314388700374e+00,1.594277327057944005e+00,1.000000000000000000e+00
3.458646616541352969e+00,-7.320703785968401059e-03,3.566756325061504890e-02,-8.602773520191926426e-01,-1.341944609987164583e-01,-2.450041328877498523e-02,-7.451565297994273973e-02,3.787717283302169946e-01,9.043052363746433286e-01,3.584961232886487714e-01,2.185769119433793040e-01,-2.003047879756580385e-01,8.672338886192813845e-02,5.278784444154971389e-01,2.664354208203081331e-01,-8.212712391398641065e-01,2.655057934869720526e+00,1.333609746764478299e+00,1.593351987325086982e+00,1.000000000000000000e+00
3.473684210526315486e+00,-9.325286120050129898e-03,3.524297992126190077e-02,-8.613961113832684369e-01,-1.323441092576808642e-01,-3.194485289010495777e-02,-7.427812862086691226e-02,3.821167479256830646e-01,9.013249963899747641e-01,3.597075739447817000e-01,2.262059640823425588e-01,-1.959539549130367708e-01,7.441762382818671584e-02,4.861306367254905614e-01,3.115662080305366954e-01,-8.140758355076364028e-01,2.645498151655907293e+00,1.343283030570338932e+00,1.592749251051021941e+00,1.000000000000000000e+00
3.488721804511278002e+00,-1.129887780867034133e-02,3.470761002695985781e-02,-8.625112442864701912e-01,-1.300748711558456505e-01,-3.923087950845585703e-02,-7.403333989792493242e-02,3.855717185154405868e-01,8.984152368104698638e-01,3.607348893881630048e-01,2.331973822208377733e-01,-1.909343757040628808e-01,6.223990508726220255e-02,4.431813108432756665e-01,3.553085918240315721e-01,-8.042885106442745347e-01,2.635658458198669951e+00,1.352668866617110943e+00,1.592460280682345575e+00,1.000000000000000000e+00
3.503759398496240518e+00,-1.323528133608995079e-02,3.406401999841775219e-02,-8.636226417735521910e-01,-1.274005001781339519e-01,-4.633417313190862918e-02,-7.378132468847214964e-02,3.891269239125487722e-01,8.955858516685974990e-01,3.615802846769544665e-01,2.395347253107118490e-01,-1.852679822265996534e-01,5.022849568850910884e-02,3.992471996859591199e-01,3.975246731311802284e-01,-7.920077258182294244e-01,2.625574840117760544e+00,1.361736974194379224e+00,1.592475191478789354e+00,1.000000000000000000e+00
3.518796992481203034e+00,-1.512851705520482266e-02,3.331513320566397568e-02,-8.647301954677528713e-01,-1.243362028790790108e-01,-5.323159618675880889e-02,-7.352212205353149399e-02,3.927724252406727956e-01,8.928463897650118497e-01,3.622465388426103772e-01,2.452048167978591875e-01,-1.789787464369596293e-01,3.842012385964610477e-02,3.545450758483714160e-01,4.380813440044469265e-01,-7.773387990553267679e-01,2.615283686087080284e+00,1.370458186845342041e+00,1.592783133906373605e+00,1.000000000000000000e+00
3.533834586466165106e+00,-1.697284428000024256e-02,3.246421150645334430e-02,-8.658337975885943560e-01,-1.208985371112003548e-01,-5.990128127238061179e-02,-7.325577223779326796e-02,3.964981099777729057e-01,8.902060245565621699e-01,3.627369710614187781e-01,2.501977351106627889e-01,-1.720926034595487153e-01,2.684988519060471993e-02,3.092904233257466329e-01,4.768509428473212686e-01,-7.603932168253203505e-01,2.604821598100475200e+00,1.378804550217656910e+00,1.593372374667637148e+00,1.000000000000000000e+00
3.548872180451127623e+00,-1.876278080764581802e-02,3.151483554161682576e-02,-8.669333409696819981e-01,-1.171053050685670338e-01,-6.632271003048559321e-02,-7.298231666961500774e-02,4.002937407076974097e-01,8.876735252756766670e-01,3.630554154317717774e-01,2.545067844166785664e-01,-1.646373646971906746e-01,1.555115493256896929e-02,2.636961460479873010e-01,5.137119215271630512e-01,-7.412879770463166595e-01,2.594225202284910381e+00,1.386749420815167166e+00,1.594230376098884516e+00,1.000000000000000000e+00
3.563909774436090139e+00,-2.049312079814879714e-02,3.047088391286465955e-02,-8.680287190765033634e-01,-1.129754419304297292e-01,-7.247678286882276721e-02,-7.270179796102159420e-02,4.041490032874897054e-01,8.852572294321348068e-01,3.632061945057234453e-01,2.581284462700008109e-01,-1.566426208572279100e-01,4.555509941091273607e-03,2.179713223689253021e-01,5.485495144494697550e-01,-7.201449628389068325e-01,2.583530961341319543e+00,1.394267564423894878e+00,1.595343873801358558e+00,1.000000000000000000e+00
3.578947368421052211e+00,-2.215895095137683860e-02,2.933651138223097518e-02,-8.691198260242282148e-01,-1.085289009006593780e-01,-7.834587933000815296e-02,-7.241425990770555821e-02,4.080535541485805773e-01,8.829650168487113149e-01,3.631940917164087068e-01,2.610623129089770234e-01,-1.481396349393120093e-01,-6.107340190405512702e-03,1.723200145589922350e-01,5.812563995632110680e-01,-6.970903453843204645e-01,2.572774989803346735e+00,1.401335252964054590e+00,1.596698952490842593e+00,1.000000000000000000e+00
3.593984962406014727e+00,-2.375566493326180736e-02,2.811612623497009716e-02,-8.702065565955078297e-01,-1.037865354431522225e-01,-8.391390896652342613e-02,-7.211974748902645616e-02,4.119970664624905687e-01,8.808042853803845773e-01,3.630243228363099206e-01,2.633110030988426442e-01,-1.391612253816427447e-01,-1.640961322836181902e-02,1.269401421274391761e-01,6.117333413691076194e-01,-6.722540133826601094e-01,2.561992873395372960e+00,1.407930358527265335e+00,1.598281120145395029e+00,1.000000000000000000e+00
3.609022556390977243e+00,-2.527897601503354200e-02,2.681436694927246192e-02,-8.712888062582750948e-01,-9.876997951144297905e-02,-8.916635265248804010e-02,-7.181830686801134178e-02,4.159692749161196801e-01,8.787819284626534611e-01,3.627025065953275451e-01,2.648800615443887563e-01,-1.297416397101657792e-01,-2.632550600642551489e-02,8.202242742625542871e-02,6.398898062949058829e-01,-6.457690259656795329e-01,2.551219493836450969e+00,1.414032443391179283e+00,1.600075380603761088e+00,1.000000000000000000e+00
3.624060150375939759e+00,-2.672492790126713980e-02,2.543607831670997507e-02,-8.723664711835428243e-01,-9.350152656279643593e-02,-9.409029433083661298e-02,-7.150998539135461352e-02,4.199600188580197013e-01,8.769043146283213019e-01,3.622346345823013181e-01,2.657778430214368104e-01,-1.199164191772845306e-01,-3.583123806943502854e-02,3.774942145477828970e-02,6.656445412744046441e-01,-6.177710855047081617e-01,2.540488860471954435e+00,1.419622844860484401e+00,1.602066304815733089e+00,1.000000000000000000e+00
3.639097744360902276e+00,-2.808990373433623705e-02,2.398628715682287263e-02,-8.734394482632044099e-01,-8.800400813312581061e-02,-9.867444326074475969e-02,-7.119483158941793122e-02,4.239592835952565864e-01,8.751772691237231783e-01,3.616270405491177620e-01,2.660153824903971342e-01,-1.097222550101835392e-01,-4.490508752536424147e-02,-5.705382915233162856e-03,6.889261069895539213e-01,-5.883980265513029106e-01,2.529833950115853103e+00,1.424684753858958208e+00,1.604238100972070091e+00,1.000000000000000000e+00
3.654135338345864348e+00,-2.937063327437433938e-02,2.247017776782523485e-02,-8.745076351278325832e-01,-8.230067272973301540e-02,-1.029091468937065185e-01,-7.087289517623067414e-02,4.279572396401696288e-01,8.736060577451425502e-01,3.608863692329045136e-01,2.656062525578207767e-01,-9.919683701218531824e-02,-5.352741931909814344e-02,-4.817834393585578023e-02,7.096733579913644396e-01,-5.577893171508363501e-01,2.519286556451931780e+00,1.429203286289262964e+00,1.606574683745906063e+00,1.000000000000000000e+00
3.669172932330826864e+00,-3.056419826507385598e-02,2.089306725299374876e-02,-8.755709301644793996e-01,-7.641506577414396151e-02,-1.067863945674714793e-01,-7.054422704948919154e-02,4.319442797276531465e-01,8.721953730040947761e-01,3.600195448090097727e-01,2.645664097404465953e-01,-8.837869537134566966e-02,-6.168070608629152435e-02,-8.951636485180690384e-02,7.278358627784964341e-01,-5.260855689605656860e-01,2.508877150272090795e+00,1.433165546281458980e+00,1.609059742861528086e+00,1.000000000000000000e+00
3.684210526315789380e+00,-3.166803600643160188e-02,1.926038085903915287e-02,-8.766292325344757774e-01,-7.037091129788015931e-02,-1.102998122643599199e-01,-7.020887929055712184e-02,4.359110534459453845e-01,8.709493227166023033e-01,3.590337390854756450e-01,2.629140310585182938e-01,-7.730703662786947428e-02,-6.934954169385211531e-02,-1.295774844365021883e-01,7.433742578508606424e-01,-4.934280529543931260e-01,2.498634751724873038e+00,1.436560680562902537e+00,1.611676811173418766e+00,1.000000000000000000e+00
3.699248120300751452e+00,-3.267994116587721182e-02,1.757762745863672080e-02,-8.776824421912299279e-01,-6.419199606004889758e-02,-1.134446487341342763e-01,-6.986690516446592003e-02,4.398484993473363858e-01,8.698714210966169702e-01,3.579363395484804755e-01,2.606693425393488139e-01,-6.602157483447784747e-02,-7.652064752852880125e-02,-1.682313612391006241e-01,7.562605307549977729e-01,-4.599582179943337290e-01,2.488586815610977609e+00,1.439379923299641595e+00,1.614409332389653118e+00,1.000000000000000000e+00
3.714285714285713969e+00,-3.359806586899832803e-02,1.585037530439885323e-02,-8.787304598980290038e-01,-5.790205671770864981e-02,-1.162177533311754968e-01,-6.951835911991403882e-02,4.437478744292828736e-01,8.689645824176430722e-01,3.567349173675617990e-01,2.578544412468160574e-01,-5.456235901117797993e-02,-8.318287155834325208e-02,-2.053596499114138385e-01,7.664782281591329127e-01,-4.258172101535478427e-01,2.478759130598726657e+00,1.441616630876897398e+00,1.617240728513828829e+00,1.000000000000000000e+00
3.729323308270676485e+00,-3.442091812025155351e-02,1.408422817597709126e-02,-8.797731872458360858e-01,-5.152467063854093698e-02,-1.186175459609342675e-01,-6.916329678926740054e-02,4.476007809007906957e-01,8.682311172897039242e-01,3.554371954692938651e-01,2.544931124668250444e-01,-4.296959804773684000e-02,-8.932718016472582234e-02,-2.408562693536034915e-01,7.740225860291513049e-01,-3.911453913691165796e-01,2.469175733046277799e+00,1.443266306202758198e+00,1.620154467010706867e+00,1.000000000000000000e+00
3.744360902255639001e+00,-3.514735861258997535e-02,1.228480203571642899e-02,-8.808105266710919423e-01,-4.508315090078634374e-02,-1.206439795713161178e-01,-6.880177498855936935e-02,4.513991901734857315e-01,8.676727315811021413e-01,3.540510167882540138e-01,2.506106436722715380e-01,-3.128348424338378564e-02,-9.494664272733932542e-02,-2.746275637958432991e-01,7.789005799931960627e-01,-3.560818567487721298e-01,2.459858835914627839e+00,1.444326612231386475e+00,1.623134127626764345e+00,1.000000000000000000e+00
3.759398496240601517e+00,-3.577659599277388525e-02,1.045770230147142869e-02,-8.818423814735130151e-01,-3.860044597835277785e-02,-1.222984956605560058e-01,-6.843385171749050144e-02,4.551354640409694952e-01,8.672905279963876168e-01,3.525843128044341412e-01,2.462336368639424788e-01,-1.954401669455783919e-02,-1.000364089391250627e-01,-3.065923592834944866e-01,7.811308949680882963e-01,-3.207639506277219499e-01,2.450828773042910580e+00,1.444797374508171695e+00,1.626163468720997374e+00,1.000000000000000000e+00
3.774436090225563589e+00,-3.630818065625820296e-02,8.608501837848907615e-03,-8.828686558338915136e-01,-3.209904455977101445e-02,-1.235839733042139871e-01,-6.805958615942886425e-02,4.588023730337713602e-01,8.670850103036542578e-01,3.510450724765328268e-01,2.413898208366777876e-01,-7.790825748103108461e-03,-1.045936788364436737e-01,-3.366819193230173868e-01,7.807438140599853860e-01,-2.853267822399398468e-01,2.442103958841058908e+00,1.444680572638201044e+00,1.629226492886916677e+00,1.000000000000000000e+00
3.789473684210526105e+00,-3.674199715191064919e-02,6.742719759395686407e-03,-8.838892548318948439e-01,-2.560088589894336450e-02,-1.245046722299983644e-01,-6.767903868140974499e-02,4.623931119600150907e-01,8.670560901860451253e-01,3.494413116807018049e-01,2.361078648542277447e-01,3.937000269652075370e-03,-1.086176655478449937e-01,-3.648398046420504581e-01,7.777810276347459917e-01,-2.499027426064824864e-01,2.433700863241330836e+00,1.443980320670463557e+00,1.632307511576736925e+00,1.000000000000000000e+00
3.804511278195488622e+00,-3.707825528241492224e-02,4.865801131121048374e-03,-8.849040844638651482e-01,-1.912727604370257489e-02,-1.250661704902695792e-01,-6.729227083413591437e-02,4.659013126636271096e-01,8.672030966742392266e-01,3.477810432640162652e-01,2.304171951331573931e-01,1.560108485745333347e-02,-1.121095507945334274e-01,-3.910216430922378028e-01,7.722953642730524537e-01,-2.146210249270713299e-01,2.425634001545235119e+00,1.442702836473493733e+00,1.635391208376021810e+00,1.000000000000000000e+00
3.819548872180450694e+00,-3.731747999101915625e-02,2.983097643355338280e-03,-8.859130516606188444e-01,-1.269881023571192875e-02,-1.252752972982276169e-01,-6.689934535197746002e-02,4.693210540522549934e-01,8.675247880990424321e-01,3.460722478211835096e-01,2.243478154379199285e-01,2.716392851846551049e-02,-1.150724332148245349e-01,-4.151948166532272722e-01,7.643504460728287597e-01,-1.796071513662963470e-01,2.417915938611651328e+00,1.440856400253175185e+00,1.638462700524172533e+00,1.000000000000000000e+00
3.834586466165413210e+00,-3.746050012930841194e-02,1.099849329343264648e-03,-8.869160643052464987e-01,-6.335301722558632498e-03,-1.251400616050631076e-01,-6.650032615297167549e-02,4.726468694658079173e-01,8.680193664860809122e-01,3.443228453015718671e-01,2.179301329781732077e-01,3.858906819798936516e-02,-1.175112696326174877e-01,-4.373380732650813396e-01,7.540202714436636811e-01,-1.449825096384277090e-01,2.410557306659587340e+00,1.438451302432432577e+00,1.641507598234571041e+00,1.000000000000000000e+00
3.849624060150375726e+00,-3.750843620390766769e-02,-7.788326147667425309e-04,-8.879130312509109224e-01,-5.571717049087125326e-05,-1.246695770018349664e-01,-6.609527833882360148e-02,4.758737514735642549e-01,8.686844942981784001e-01,3.425406675514048871e-01,2.111947906780677620e-01,4.984122991526759167e-02,-1.194328094445517158e-01,-4.574410718107703167e-01,7.413887291483726161e-01,-1.108639031961910076e-01,2.403566835808996771e+00,1.435499781175471723e+00,1.644512061339953757e+00,1.000000000000000000e+00
3.864661654135338242e+00,-3.746268720246583028e-02,-2.647981856677653935e-03,-8.889038623386484872e-01,6.121881185453925678e-03,-1.238739835316727267e-01,-6.568426819490529034e-02,4.789971542029025642e-01,8.695173134154430272e-01,3.407334318929304828e-01,2.041725067583003150e-01,6.088647358591051106e-02,-1.208455223603225048e-01,-4.755038689829012566e-01,7.265490478884686354e-01,-7.736311911032948962e-02,2.396951396358284470e+00,1.432015949897356588e+00,1.647462852774378206e+00,1.000000000000000000e+00
3.879699248120300759e+00,-3.732491660094490460e-02,-4.502791759364761955e-03,-8.898884684151677771e-01,1.218038656772933021e-02,-1.227643669952814959e-01,-6.526736319025609745e-02,4.820129933158527891e-01,8.705144662285171364e-01,3.389087158383530252e-01,1.968939224379804009e-01,7.169232909988335067e-02,-1.217595197937345747e-01,-4.915363570030329421e-01,7.096031862129874579e-01,-4.458651788328213406e-02,2.390716051698668743e+00,1.428015715155341425e+00,1.650347388403407889e+00,1.000000000000000000e+00
3.894736842105262831e+00,-3.709703765516413759e-02,-6.338628983815718793e-03,-8.908667613506489058e-01,1.810369182191638379e-02,-1.213526763258556962e-01,-6.484463197758312536e-02,4.849176437607938261e-01,8.716721187069325083e-01,3.370739330313599069e-01,1.893894584273821402e-01,8.222792279532351034e-02,-1.221864702665866192e-01,-5.055576612202654641e-01,6.906611679527815406e-01,-1.263464946811811151e-02,2.384864120694531575e+00,1.423516685372004487e+00,1.653153782728934651e+00,1.000000000000000000e+00
3.909774436090225347e+00,-3.678119807974803562e-02,-8.151045838320693238e-03,-8.918386540565432785e-01,2.387672673192326248e-02,-1.196516395986300940e-01,-6.441614439326055763e-02,4.877079354356816943e-01,8.729859852921730834e-01,3.352363105031672674e-01,1.816891807471454623e-01,9.246409354959091165e-02,-1.221395092514223346e-01,-5.175955065080287687e-01,6.698403687513101445e-01,1.839810033374336684e-02,2.379397248315054281e+00,1.418538070893198277e+00,1.655870890023771524e+00,1.000000000000000000e+00
3.924812030075187863e+00,-3.637976421713082914e-02,-9.935791357944475516e-03,-8.928040605033731314e-01,2.948548854013819179e-02,-1.176746792256912061e-01,-6.398197145732997804e-02,4.903811469062544504e-01,8.744513554540205291e-01,3.334028673230955420e-01,1.738226762767646205e-01,1.023734977953630609e-01,-1.216331439407597470e-01,-5.276855611199672280e-01,6.472647595835153700e-01,4.842382913937165467e-02,2.374315483284643591e+00,1.413100575937131786e+00,1.658488340492773716e+00,1.000000000000000000e+00
3.939849624060149935e+00,-3.589530479811269686e-02,-1.168882110595557793e-02,-8.937628957385314044e-01,3.491706577066609057e-02,-1.154358268686102862e-01,-6.354218537350038443e-02,4.929349973277359354e-01,8.760631217389880376e-01,3.315803947159645659e-01,1.658189383074473167e-01,1.119307028603731824e-01,-1.206831534878322204e-01,-5.358707662736998945e-01,6.230641134284083948e-01,7.736139928637777996e-02,2.369617361526085819e+00,1.407226283045081017e+00,1.660996571110446407e+00,1.000000000000000000e+00
3.954887218045112451e+00,-3.533057439368263164e-02,-1.340630569684205832e-02,-8.947150759040800594e-01,4.015965549389950706e-02,-1.129496385802683384e-01,-6.309685952914807772e-02,4.953676367217889620e-01,8.778158091313255085e-01,3.297754377099577638e-01,1.577062622534955716e-01,1.211122681240368593e-01,-1.193064853156055455e-01,-5.422006592262808011e-01,5.973731814954219566e-01,1.051366779648081756e-01,2.365299994198633904e+00,1.400938530699967544e+00,1.663386850847924370e+00,1.000000000000000000e+00
3.969924812030074968e+00,-3.468849665545874900e-02,-1.508463804805982092e-02,-8.956605182545511745e-01,4.520257420794965980e-02,-1.102311106632274662e-01,-6.264606849531668964e-02,4.976776347619313867e-01,8.797036055402109866e-01,3.279942783693230446e-01,1.495121515637996557e-01,1.298968135820401382e-01,-1.175211481355071391e-01,-5.467306970049928827e-01,5.703308455924260834e-01,1.316827334801895510e-01,2.361359159181034784e+00,1.394261784834975648e+00,1.665651300072962915e+00,1.000000000000000000e+00
3.984962406015037484e+00,-3.397214743919888674e-02,-1.672043937478187928e-02,-8.965991411747450401e-01,5.003626254667913748e-02,-1.072955967055144039e-01,-6.218988802671739785e-02,4.998639682204464307e-01,8.817203932212942519e-01,3.262429206563228767e-01,1.412632337721422826e-01,1.382650755102753648e-01,-1.153461023537953045e-01,-5.495215872898375764e-01,5.420792533753707731e-01,1.569399855215163619e-01,2.357789394912886305e+00,1.387221505011773326e+00,1.667782903983051179e+00,1.000000000000000000e+00
4.000000000000000000e+00,-3.318473790243734595e-02,-1.831056394865022627e-02,-8.975308641975308088e-01,5.465228405522019883e-02,-1.041587262260163516e-01,-6.172839506172841245e-02,5.019260072282247798e-01,8.838597809369677094e-01,3.245270769564436719e-01,1.329851865325262228e-01,1.461999490219010323e-01,-1.128011485709502215e-01,-5.506386322242704523e-01,5.127629433242710810e-01,1.808563079273907970e-01,2.354584095584449699e+00,1.379844006103861709e+00,1.669775520011454795e+00,1.000000000000000000e+00
4.015037593984962072e+00,-3.232959766347461711e-02,-1.985210264778495756e-02,-8.984556080216450358e-01,5.904331830164523398e-02,-1.008363253312574426e-01,-6.126166772239564212e-02,5.038635004959934882e-01,8.861151366572999066e-01,3.228521562901223163e-01,1.247026734044951735e-01,1.536865174147646063e-01,-1.099068148973324638e-01,-5.501510901845343415e-01,4.825279663513224460e-01,2.033870830929006002e-01,2.351735606751315100e+00,1.372156316375324536e+00,1.671623879226979748e+00,1.000000000000000000e+00
4.030075187969924144e+00,-3.141015810471241287e-02,-2.134238533112501474e-02,-8.993732945294921066e-01,6.320314861803214002e-02,-9.734433975336889699e-02,-6.078978531443198635e-02,5.056765596413579367e-01,8.884796206029408339e-01,3.212232542232937860e-01,1.164392890833676614e-01,1.607120683106622872e-01,-1.066842438162766554e-01,-5.481315597846601051e-01,4.515210109618529866e-01,2.244952078200986856e-01,2.349235320542674366e+00,1.364186032896707479e+00,1.673323581828085826e+00,1.000000000000000000e+00
4.045112781954887105e+00,-3.042993589875571045e-02,-2.277898207548042717e-02,-9.002838468049428888e-01,6.712664478532423540e-02,-9.369876060601382839e-02,-6.031282832721814730e-02,5.073656427609964936e-01,8.909462184319822953e-01,3.196451444780685769e-01,1.082175137117233205e-01,1.672660966918129155e-01,-1.031550793237956121e-01,-5.446553896458232735e-01,4.198885388451822909e-01,2.441510510683836954e-01,2.347073769728797110e+00,1.355961175285597564e+00,1.674871086908668261e+00,1.000000000000000000e+00
4.060150375939849177e+00,-2.939251683083871428e-02,-2.415970331848553421e-02,-9.011871891511344934e-01,7.080974099421027956e-02,-8.991555316114105412e-02,-5.983087843380197057e-02,5.089315373815459509e-01,8.935077743752231072e-01,3.181222722339827058e-01,1.000586758609367660e-01,1.733402950428483136e-01,-9.934135506234025026e-02,-5.398001167392223465e-01,3.877759376774896904e-01,2.623323646927527286e-01,2.345240720010057345e+00,1.347510038798920284e+00,1.676263696744647813e+00,1.000000000000000000e+00
4.075187969924812137e+00,-2.830153998601793106e-02,-2.548259895494557614e-02,-9.020832471082704807e-01,7.424940942879008909e-02,-8.601058891505948545e-02,-5.934401849089861875e-02,5.103753429162152244e-01,8.961570241281062721e-01,3.166587490995804721e-01,9.198292373460373317e-02,1.789285309076773522e-01,-9.526538414506614816e-02,-5.336449354263406164e-01,3.553266977588504516e-01,2.790241488515349810e-01,2.343725259985824483e+00,1.338861047834315254e+00,1.677499535915652373e+00,1.000000000000000000e+00
4.090225563909774209e+00,-2.716068236428013927e-02,-2.674595643783624424e-02,-9.029719474714195115e-01,7.744362983101127362e-02,-8.199958117777184086e-02,-5.885233253889047417e-02,5.116984527472210331e-01,8.988866273130362572e-01,3.152583497238725663e-01,8.400920411879106431e-02,1.840268122686784802e-01,-9.094965133748199315e-02,-5.262701986846494151e-01,3.226816188831257981e-01,2.942184743103631872e-01,2.342515888353601472e+00,1.330042610917641532e+00,1.678577525633471623e+00,1.000000000000000000e+00
4.105263157894736281e+00,-2.597364398125627180e-02,-2.794829793848557092e-02,-9.038532183083146654e-01,8.039135541198152990e-02,-7.789802438500881276e-02,-5.835590580182788839e-02,5.129025360468553174e-01,9.016891993326119348e-01,3.139245100074239403e-01,7.615524858619357462e-02,1.886332412500267841e-01,-8.641670822595767798e-02,-5.177569524274563406e-01,2.899780535484491328e-01,3.079142643549585001e-01,2.341600597975578069e+00,1.321082978261299612e+00,1.679497353697533280e+00,1.000000000000000000e+00
4.120300751879699241e+00,-2.474413350668903597e-02,-2.908837662320403264e-02,-9.047269889771545337e-01,8.309247548124847060e-02,-7.372113729830066797e-02,-5.785482468742767642e-02,5.139895194424921598e-01,9.045573424425317199e-01,3.126603268637011546e-01,6.843756645179978337e-02,1.927479567363010737e-01,-8.168907195838542856e-02,-5.081865033038082125e-01,2.573491922530251053e-01,3.201170394413288545e-01,2.340966956530922349e+00,1.312010102971523207e+00,1.680259440536382431e+00,1.000000000000000000e+00
4.135338345864661314e+00,-2.347585448721015156e-02,-3.016517210585577952e-02,-9.055931901444007615e-01,8.554777516720238340e-02,-6.948381022496856463e-02,-5.734917678707455307e-02,5.149615686232626999e-01,9.074836758824389449e-01,3.114685594728694440e-01,6.087144397555261516e-02,1.963730665809448883e-01,-7.678912809238380710e-02,-4.976400199128649948e-01,2.249233961935548087e-01,3.308386280593165751e-01,2.340602183544717274e+00,1.302851506962438899e+00,1.680864901823500901e+00,1.000000000000000000e+00
4.150375939849624274e+00,-2.217249219435801083e-02,-3.117788513761603555e-02,-9.064517538025786969e-01,8.775889260106892187e-02,-6.520055635722261933e-02,-5.683905087582071664e-02,5.158210699785721332e-01,9.104608649137588827e-01,3.103516319625918563e-01,5.347094931156313319e-02,1.995125701556561548e-01,-7.173903803178936778e-02,-4.861981669776580528e-01,1.928235821852374299e-01,3.400968475557918369e-01,2.340493223649616539e+00,1.293634152598349019e+00,1.681315508174951123e+00,1.000000000000000000e+00
4.165413533834586346e+00,-2.083770113320055836e-02,-3.212593159639889895e-02,-9.073026132880764871e-01,8.972827393357225845e-02,-6.088546729802946089e-02,-5.632453691238544641e-02,5.165706123511624170e-01,9.134816486253134471e-01,3.093116374435673777e-01,4.624894271306655147e-02,2.021722720602001921e-01,-6.656065147416442840e-02,-4.739407716948503824e-01,1.611666640599851708e-01,3.479151588556866348e-01,2.340626815993948284e+00,1.284384321034020893e+00,1.681613642445576096e+00,1.000000000000000000e+00
4.180451127819548418e+00,-1.947509324141561901e-02,-3.300893583923200647e-02,-9.081457032989449507e-01,9.145912654755448956e-02,-5.655217281108562699e-02,-5.580572603915560231e-02,5.172129689801554520e-01,9.165388663803630820e-01,3.083503433216732148e-01,3.921709151622960327e-02,2.043596878717458265e-01,-6.127542423161857349e-02,-4.609465212188853522e-01,1.300630541825754938e-01,3.543222991412267042e-01,2.340989559758010152e+00,1.275127498156184647e+00,1.681762255140973439e+00,1.000000000000000000e+00
4.195488721804511378e+00,-1.808822680327271115e-02,-3.382672348119885458e-02,-9.089809599126965622e-01,9.295537082176393018e-02,-5.221380480332808022e-02,-5.528271058218492406e-02,5.177510797024540423e-01,9.196254827922869524e-01,3.074691978035515305e-01,3.238588944332553704e-02,2.060839428626836944e-01,-5.590434172555602821e-02,-4.472926900346582135e-01,9.961622805471224973e-02,3.593518965977011148e-01,2.341567975781232214e+00,1.265888268948167195e+00,1.681764818454144494e+00,1.000000000000000000e+00
4.210526315789473450e+00,-1.668059609769549645e-02,-3.457931366448652177e-02,-9.098083206041058801e-01,9.422159079088081313e-02,-4.788296552110340304e-02,-5.475558405119525934e-02,5.181880334741255645e-01,9.227346111303909026e-01,3.066693375084628137e-01,2.576467978586384489e-02,2.073556646553462168e-01,-5.046784839409364926e-02,-4.330548958230314716e-01,6.992235426599181791e-02,3.630420713155741441e-01,2.342348564336202532e+00,1.256690221004954866e+00,1.681625279419600494e+00,1.000000000000000000e+00
4.225563909774435523e+00,-1.525562179448368763e-02,-3.526691088059790563e-02,-9.106277242630077540e-01,9.526298403482161281e-02,-4.357169991547821947e-02,-5.422444113957499562e-02,5.185270512669486465e-01,9.258595350721527950e-01,3.059515960960701442e-01,1.936168205015194668e-02,2.081868708105330257e-01,-4.498578318974953000e-02,-4.183068823259274982e-01,4.106999131217286408e-02,3.654350263616481520e-01,2.343317859111299306e+00,1.247555857819974134e+00,1.681348012655181856e+00,1.000000000000000000e+00
4.240601503759398483e+00,-1.381664210786269671e-02,-3.588989640793812524e-02,-9.114391112120979743e-01,9.608531111670962077e-02,-3.929147210833664611e-02,-5.368937772438053813e-02,5.187714693891898321e-01,9.289937287333351890e-01,3.053165138176172633e-01,1.318402167079826479e-02,2.085908523639830037e-01,-3.947732128547257191e-02,-4.031203276610499930e-01,1.313985204194283857e-02,3.665766328996973300e-01,2.344462477483598928e+00,1.238506522348860495e+00,1.680937773133384550e+00,1.000000000000000000e+00
4.255639097744360555e+00,-1.236690471184260197e-02,-3.644881942578733630e-02,-9.122424232247321463e-01,9.669484487374170600e-02,-3.505314586894215517e-02,-5.315049086633531067e-02,5.189247232739293558e-01,9.321308749226675516e-01,3.047643478966142183e-01,7.237762421248098918e-03,2.085820543305914598e-01,-3.396092204990892871e-02,-3.875646765176936070e-01,-1.379536426966123004e-02,3.665160130628096202e-01,2.345769167177834458e+00,1.229562331232213257e+00,1.680399649391035588e+00,1.000000000000000000e+00
4.270676691729322627e+00,-1.090955941741236432e-02,-3.694438786416216758e-02,-9.130376035427250070e-01,9.709831984882219547e-02,-3.086696899060595300e-02,-5.260787880983045645e-02,5.189903317728510324e-01,9.352648815831878792e-01,3.042950836446332019e-01,1.527941174025783692e-03,2.081759541904593669e-01,-2.845428329862139880e-02,-3.717069946798808866e-01,-3.967107297712486186e-02,3.653051240643542252e-01,2.347224849416245540e+00,1.220742119930978919e+00,1.679739017549849445e+00,1.000000000000000000e+00
4.285714285714285587e+00,-9.447651607393928175e-03,-3.737745904727051566e-02,-9.138245968941511865e-01,9.730288213340063108e-02,-2.674256143902058874e-02,-5.206164098292368619e-02,5.189718819883637480e-01,9.383898963973793528e-01,3.039084462181160795e-01,-3.941395313485242420e-03,2.073889393538358161e-01,-2.297430177729669135e-02,-3.556118443601508083e-01,-6.443083973941872433e-02,3.629983467858182156e-01,2.348816658669722557e+00,1.212063398897423205e+00,1.678961496481367943e+00,1.000000000000000000e+00
4.300751879699247660e+00,-7.984116420860829996e-03,-3.774903018620646977e-02,-9.146033495111433043e-01,9.731603987369033537e-02,-2.268890712776483118e-02,-5.151187799734117251e-02,5.188730146722182468e-01,9.415003195480968756e-01,3.036039129231076217e-01,-9.167151889437476914e-03,2.062381845742362330e-01,-1.753703978626588306e-02,-3.393411788880463797e-01,-8.802635300180861044e-02,3.596520818110915951e-01,2.350531979122342463e+00,1.203542320774141805e+00,1.678072904409709132e+00,1.000000000000000000e+00
4.315789473684210620e+00,-6.521773675357809413e-03,-3.806022877425632028e-02,-9.153738091476917305e-01,9.714561467352843260e-02,-1.871434916233193427e-02,-5.095869164847558613e-02,5.186974102144050747e-01,9.445908146415522566e-01,3.033807259764991215e-01,-1.414714505447919185e-02,2.047415302409994475e-01,-1.215769781305325523e-02,-3.229542553710950115e-01,-1.104173361231254313e-01,3.553243555901816619e-01,2.352358477960872385e+00,1.195193658486081389e+00,1.677079217204790584e+00,1.000000000000000000e+00
4.330827067669172692e+00,-5.063323511812468057e-03,-3.831230293570148104e-02,-9.161359250974449031e-01,9.679969410777471139e-02,-1.482658838195485829e-02,-5.040218491538713680e-02,5.184487752420663398e-01,9.476563178123011966e-01,3.032379056347052071e-01,-1.888006182541033043e-02,2.029173624351948424e-01,-6.850593001598686768e-03,-3.065075640282521330e-01,-1.315714025800459042e-01,3.500744391181110915e-01,2.354284135598711636e+00,1.187030793968324671e+00,1.675986528578043533e+00,1.000000000000000000e+00
4.345864661654134764e+00,-3.611342743952612646e-03,-3.850661177636145738e-02,-9.168896482115079793e-01,9.628658554048603879e-02,-1.103268501827644674e-02,-4.984246196080407282e-02,5.181308298443658700e-01,9.506920450430396130e-01,3.031742636034779892e-01,-2.336541765683243510e-02,2.007844955769380046e-01,-1.629143253110297692e-03,-2.900547729879958125e-01,-1.514638582062161065e-01,3.439624812182187075e-01,2.356297272939762877e+00,1.179065717157687043e+00,1.674801012353640761e+00,1.000000000000000000e+00
4.360902255639097724e+00,-2.168281891269139856e-03,-3.864461578133293607e-02,-9.176349309162430412e-01,9.561477142234063586e-02,-7.339063281604008178e-03,-4.927962813112059942e-02,5.177472954357926760e-01,9.536934977440161276e-01,3.031884166459262175e-01,-2.760351364459823903e-02,1.983620584289928213e-01,3.494143275641050251e-03,-2.736466874334020916e-01,-1.700774548714777956e-01,3.370491582200819680e-01,2.358386575783620209e+00,1.171309034771638169e+00,1.673528886950312877e+00,1.000000000000000000e+00
4.375939849624059796e+00,-7.364628720954098954e-04,-3.872786730248383574e-02,-9.183717272310680801e-01,9.479286622208973889e-02,-3.751518679027238644e-03,-4.871378995639955717e-02,5.173018832671067990e-01,9.566564666478605261e-01,3.032788003094752938e-01,-3.159539321873932466e-02,1.956693841522318678e-01,8.507673535463670250e-03,-2.573312220668881878e-01,-1.874021003763908788e-01,3.293953415312910749e-01,2.360541116469098366e+00,1.163769988304257375e+00,1.672176382173260034e+00,1.000000000000000000e+00
4.390977443609022757e+00,6.819226688092635668e-04,-3.875800117528094280e-02,-9.190999927862560925e-01,9.382957512726784743e-02,-2.752278639448302398e-04,-4.814505515037104111e-02,5.167982835901439032e-01,9.595770340854983260e-01,3.034436826965740686e-01,-3.534279851879042200e-02,1.927259050342141067e-01,1.340077008861228179e-02,-2.411533859566684923e-01,-2.034345296198595276e-01,3.210617843242291602e-01,2.362750372848338554e+00,1.156456480588310853e+00,1.670749708382993415e+00,1.000000000000000000e+00
4.406015037593984829e+00,2.084814425684507980e-03,-3.873672550149011989e-02,-9.198196848407365067e-01,9.273365463023451605e-02,3.085239186521998404e-03,-4.757353261043140158e-02,5.162401554798798919e-01,9.624515747176562996e-01,3.036811782082988742e-01,-3.884812663097000907e-02,1.895510524343413106e-01,1.816366704897439191e-02,-2.251552789045564995e-01,-2.181779422905760490e-01,3.121088282870054242e-01,2.365004244680514400e+00,1.149375110205872463e+00,1.669255028077083480e+00,1.000000000000000000e+00
4.421052631578946901e+00,3.470283919286501310e-03,-3.866581263121462303e-02,-9.205307622998919470e-01,9.151387509688653499e-02,6.325904871132697477e-03,-4.699933241764572139e-02,5.156311173145740057e-01,9.652767548039262735e-01,3.039892611945047562e-01,-4.211438585426565545e-02,1.861641624089337699e-01,2.278750176641674771e-02,-2.093760985521046780e-01,-2.316416124453700709e-01,3.025961311398527864e-01,2.367293067530439110e+00,1.142531212976914734e+00,1.667698429894100887e+00,1.000000000000000000e+00
4.436090225563909861e+00,4.836534436954229715e-03,-3.854709037465459120e-02,-9.212331857333595497e-01,9.017898539720457796e-02,9.443367746128410178e-03,-4.642256583674564396e-02,5.149747379123623681e-01,9.680495300978400053e-01,3.043657794489167401e-01,-4.514515215133410586e-02,1.825843873983902799e-01,2.726430257197754933e-02,-1.938521575079704129e-01,-2.438404753596015995e-01,2.925824153832613517e-01,2.369607624255044342e+00,1.135928909717428770e+00,1.666085905024671909e+00,1.000000000000000000e+00
4.451127819548871933e+00,6.181900456701902580e-03,-3.838243347089652369e-02,-9.219269173928308359e-01,8.873767965932963242e-02,1.243478459230162696e-02,-4.584334531613035862e-02,5.142745283204126494e-01,9.707671424614279232e-01,3.048084674923332571e-01,-4.794452592969337956e-02,1.788306142778178787e-01,3.158697290576301803e-02,-1.786169098329383753e-01,-2.547946969774375070e-01,2.821252385230889059e-01,2.371939154159924623e+00,1.129571159435451833e+00,1.664423325992865133e+00,1.000000000000000000e+00
4.466165413533834005e+00,7.504846587624867081e-03,-3.817375533800264342e-02,-9.226119212298493633e-01,8.719856619210770987e-02,1.529785096832759692e-02,-4.526178448786636471e-02,5.135339342506526350e-01,9.734271152967473029e-01,3.053149595919872894e-01,-5.051708928916671948e-02,1.749213889930539834e-01,3.574927215161913252e-02,-1.637009862726226672e-01,-2.645292311615436431e-01,2.712807848272812405e-01,2.374279359906762643e+00,1.123459817123258819e+00,1.662716427753679227e+00,1.000000000000000000e+00
4.481203007518796966e+00,8.803966059478328388e-03,-3.792300012567517697e-02,-9.232881629136118207e-01,8.557013860513512649e-02,1.803078044731655852e-02,-4.467799816768776994e-02,5.127563291540826462e-01,9.760272478945966057e-01,3.058828024699655757e-01,-5.286786386270462407e-02,1.708748479270947029e-01,3.974579350207228801e-02,-1.491322376642701397e-01,-2.730733697410508420e-01,2.601036784865696783e-01,2.376620412253425130e+00,1.117595695307994630e+00,1.660970791036579852e+00,1.000000000000000000e+00
4.496240601503759038e+00,1.007797879458748568e-02,-3.763213508884739184e-02,-9.239556098487671232e-01,8.386074914030861027e-02,2.063228272855759104e-02,-4.409210235499583241e-02,5.119450079238481166e-01,9.785656088022296473e-01,3.065094676584640965e-01,-5.500226936929517724e-02,1.667086560685110408e-01,4.357193917377166076e-02,-1.349357859749571453e-01,-2.804602900979291102e-01,2.486468178916401151e-01,2.378954952709899651e+00,1.111978628538999203e+00,1.659191827852252388e+00,1.000000000000000000e+00
4.511278195488721110e+00,1.132572909536424047e-02,-3.730314329770843818e-02,-9.246142311932161739e-01,8.207858421480351829e-02,2.310154081057524261e-02,-4.350421423285891903e-02,5.111031812155286680e-01,9.810405283124836728e-01,3.071923634643844991e-01,-5.692608298977091391e-02,1.624399519843000295e-01,4.722389328828686256e-02,-1.211340824539997862e-01,-2.867266047233766879e-01,2.369612306011619762e-01,2.381276094194878290e+00,1.106607540016763425e+00,1.657384769069943919e+00,1.000000000000000000e+00
4.526315789473684070e+00,1.254618298059978834e-02,-3.693801669692018536e-02,-9.252639978759102934e-01,8.023164216228988177e-02,2.543818740489088223e-02,-4.291445216801315077e-02,5.102339703714742214e-01,9.834505901762291558e-01,3.079288465105145534e-01,-5.864539966866361836e-02,1.580852995354770918e-01,5.069859272568635888e-02,-1.077469723978924931e-01,-2.919119168251345098e-01,2.250959484509061082e-01,2.383577419780705142e+00,1.101480509605019975e+00,1.655554653964708134e+00,1.000000000000000000e+00
4.541353383458646142e+00,1.373842520341758341e-02,-3.653874952414062210e-02,-9.259048826146513145e-01,7.832771314708500410e-02,2.764228076244829371e-02,-4.232293571086231943e-02,5.093404029345443007e-01,9.857946226387266364e-01,3.087162328250370180e-01,-6.016659343782785468e-02,1.536606462151229868e-01,5.399369624921641908e-02,-9.479176603699422665e-02,-2.960583856833551297e-01,2.130979021483286606e-01,2.385852979617429703e+00,1.096594842512122581e+00,1.653706321628146458e+00,1.000000000000000000e+00
4.556390977443609103e+00,1.490165598330367436e-02,-3.610733209544212535e-02,-9.265368599338925648e-01,7.637436121485535745e-02,2.971428007659379297e-02,-4.172978559547643046e-02,5.084254087351984808e-01,9.880716888982385981e-01,3.095518084555690663e-01,-6.149627985022737553e-02,1.491812879359776245e-01,5.710755218879403489e-02,-8.228331505816784130e-02,-2.992103050453056023e-01,2.010118346053547389e-01,2.388097286130309804e+00,1.091947137979496496e+00,1.651844404132054578e+00,1.000000000000000000e+00
4.571428571428571175e+00,1.603518748399148167e-02,-3.564574496281851940e-02,-9.271599061825355204e-01,7.437890843344638347e-02,3.165502061789496335e-02,-4.113512373959412466e-02,5.074918165346398169e-01,9.902810770822476627e-01,3.104328395881323921e-01,-6.264127960499081549e-02,1.446618400483468125e-01,6.003916495915194440e-02,-7.023409428131041632e-02,-3.014136974336772412e-01,1.888802321906055126e-01,2.390305307588377115e+00,1.087533357370846332e+00,1.649973321332538045e+00,1.000000000000000000e+00
4.586466165413533247e+00,1.713844006824785313e-02,-3.515595344669379674e-02,-9.277739995517322313e-01,7.234842106833616615e-02,3.346568874716332465e-02,-4.053907324462069361e-02,5.065423512055176047e-01,9.924222898331249709e-01,3.113565821555388524e-01,-6.360858343763516054e-02,1.401162143289499395e-01,6.278816067572941251e-02,-5.865428800546131083e-02,-3.027159268164375527e-01,1.767432730183656764e-01,2.392472460145446345e+00,1.083348891116094448e+00,1.648097277200902155e+00,1.000000000000000000e+00
4.601503759398496207e+00,1.821093835966583821e-02,-3.463990254423042481e-02,-9.283791200926824194e-01,7.028969772925577897e-02,3.514779694365212370e-02,-3.994175839562866953e-02,5.055796314306744144e-01,9.944950335908266936e-01,3.123202909234978897e-01,-6.440531834199718364e-02,1.355576016478523826e-01,6.535475211759907144e-02,-4.755188053770841028e-02,-3.031653316647591190e-01,1.646387913437035999e-01,2.394594598458362089e+00,1.079388624026447197e+00,1.646220257567986067e+00,1.000000000000000000e+00
4.616541353383458279e+00,1.925230714059990994e-02,-3.409951221223203599e-02,-9.289752497344339055e-01,6.820925941745704935e-02,3.670315897594616378e-02,-3.934330466135849136e-02,5.046061678994337996e-01,9.964992076556473677e-01,3.133212280464330313e-01,-6.503871518313016076e-02,1.309984599931676430e-01,6.773970327253256429e-02,-3.693275041557533139e-02,-3.028108800171997461e-01,1.526022570985328952e-01,2.396668004990194500e+00,1.075646998559485867e+00,1.644346029170162371e+00,1.000000000000000000e+00
4.631578947368421240e+00,2.026226711425302765e-02,-3.353667302159749758e-02,-9.295623723016839257e-01,6.611334139708650859e-02,3.813386533334904571e-02,-3.874383869421760274e-02,5.036243619801252791e-01,9.984348931090600843e-01,3.143566710883893833e-01,-6.551607775299193859e-02,1.264505075119966848e-01,6.994429368447227513e-02,-2.680076782807553140e-02,-3.017018477684257349e-01,1.406667695731467771e-01,2.398689378109124970e+00,1.072118075676688820e+00,1.642478139886856869e+00,1.000000000000000000e+00
4.646616541353383312e+00,2.124063055772395375e-02,-3.295324217859206539e-02,-9.301404735325747852e-01,6.400788680905161732e-02,3.944225902582945004e-02,-3.814348833028084057e-02,5.026365048468184327e-01,1.000302341665367578e+00,3.154239205076114771e-01,-6.584475331329785186e-02,1.219247202106585326e-01,7.197028280856708482e-02,-1.715789474082943245e-02,-2.998875210314820849e-01,1.288630642375089841e-01,2.400655819095419918e+00,1.068795592996503396e+00,1.640619920063001391e+00,1.000000000000000000e+00
4.661654135338345384e+00,2.218729689160245724e-02,-3.235103990662759055e-02,-9.307095410964969506e-01,6.189854194153503880e-02,4.063091185095288327e-02,-3.754238258929065708e-02,5.016447770375869197e-01,1.002101964521543209e+00,3.165203066063764226e-01,-6.603210466249055666e-02,1.174313339471402817e-01,7.381987456379576762e-02,-8.004287227245932695e-03,-2.974169230712939704e-01,1.172195316847666202e-01,2.402564818170806582e+00,1.065673020005365457e+00,1.638774484812648646e+00,1.000000000000000000e+00
4.676691729323308344e+00,2.310224819033232166e-02,-3.173184618086453967e-02,-9.312695646118860360e-01,5.979065306805485258e-02,4.170260121649730506e-02,-3.694065167465643285e-02,5.006512484211844694e-01,1.003834321266944940e+00,3.176431959503647207e-01,-6.608548375622254334e-02,1.129798503438526336e-01,7.549568225773302388e-02,6.616004906728846285e-04,-2.943385659870669246e-01,1.057622476813619983e-01,2.404414239665269015e+00,1.062743610145352680e+00,1.636944737203973377e+00,1.000000000000000000e+00
4.691729323308270416e+00,2.398554465624906304e-02,-3.109739780665949846e-02,-9.318205356640250070e-01,5.768926476144049798e-02,4.266028759806986953e-02,-3.633842697345524009e-02,4.996578785485694674e-01,1.005500108909109791e+00,3.187899972643961632e-01,-6.601220690337257502e-02,1.085790462482810609e-01,7.700069404293449771e-02,8.842910784522385256e-03,-2.907002270329968052e-01,9.451501331669603934e-02,2.406202306436333593e+00,1.060000449649098009e+00,1.635133372230086701e+00,1.000000000000000000e+00
4.706766917293232488e+00,2.483732007876857106e-02,-3.044938583178278743e-02,-9.323624478228409451e-01,5.559911959042561358e-02,4.350709270168694881e-02,-3.573584105643138470e-02,4.986665173654909466e-01,1.007100151066155469e+00,3.199581668136159962e-01,-6.581953155217676321e-02,1.042369863729356305e-01,7.833823904921254078e-02,1.654427663201060716e-02,-2.865487492088290011e-01,8.349940425799493027e-02,2.407927583655362636e+00,1.057436503041197629e+00,1.633342881474278085e+00,1.000000000000000000e+00
4.721804511278195449e+00,2.565777729882279257e-02,-2.978945328132746526e-02,-9.328952966607054753e-01,5.352465910455923848e-02,4.424627839232396498e-02,-3.513302767799649645e-02,4.976789062621431725e-01,1.008635387370898862e+00,3.211452132813024107e-01,-6.551463467383841777e-02,9.996103875327862209e-02,7.951195432137045382e-02,2.377171537679093061e-02,-2.819298655290898292e-01,7.273482813839356187e-02,2.409588962073770713e+00,1.055044655268783105e+00,1.631575558383117963e+00,1.000000000000000000e+00
4.736842105263157521e+00,2.644718369720232623e-02,-2.911919320338827652e-02,-9.334190797702353048e-01,5.147002601285841777e-02,4.488122644068739953e-02,-3.453012177622941797e-02,4.966966794358587123e-01,1.010106863126418730e+00,3.223487021562796428e-01,-6.510459274385221873e-02,9.575789267281256678e-02,8.052575267743491971e-02,3.053252270206695956e-02,-2.768880461845968366e-01,6.223858912700730439e-02,2.411185640880169512e+00,1.052817750463780566e+00,1.629833504064969407e+00,1.000000000000000000e+00
4.751879699248119593e+00,2.720586672404006964e-02,-2.844014701287252839e-02,-9.339337967820905417e-01,4.943906746197530150e-02,4.541541913206777886e-02,-3.392725947287707905e-02,4.957213655428667209e-01,1.011515719247570111e+00,3.235662596445574302e-01,-6.459636331437777768e-02,9.163357871765183404e-02,8.138379158834807559e-02,3.683516726806454478e-02,-2.714663676535407077e-01,5.202595876212669918e-02,2.412717110256326070e+00,1.050748627373463417e+00,1.628118633536462578e+00,1.000000000000000000e+00
4.766917293233082553e+00,2.793420948527554695e-02,-2.775380312019309209e-02,-9.344394493827750114e-01,4.743533932053722868e-02,4.585242077313726738e-02,-3.332457807335272720e-02,4.947543896152697407e-01,1.012863182518074723e+00,3.247955761212351078e-01,-6.399676816436154769e-02,8.759349063811955327e-02,8.209044316652144846e-02,4.268918644518547578e-02,-2.657064026881263419e-01,4.211025216116309755e-02,2.414183133736234499e+00,1.048830151525989685e+00,1.626432682344095992e+00,1.000000000000000000e+00
4.781954887218044625e+00,2.863264640053170620e-02,-2.706159583112366721e-02,-9.349360413324343533e-01,4.546211137778982669e-02,4.619586012491640886e-02,-3.272221606673760691e-02,4.937970752196600976e-01,1.014150556187999541e+00,3.260344091399103306e-01,-6.331247800775564871e-02,8.364240871199384031e-02,8.265026533755599758e-02,4.810508355431534350e-02,-2.596481300020470062e-01,3.250290875600868323e-02,2.415583730468483736e+00,1.047055244223265458e+00,1.624777213492559325e+00,1.000000000000000000e+00
4.796992481203007586e+00,2.930165894547917885e-02,-2.636490450371717018e-02,-9.354235784826574474e-01,4.352237336654822542e-02,4.644941378292942458e-02,-3.212031312578041836e-02,4.928506468341273816e-01,1.015379210932059628e+00,3.272805860178804593e-01,-6.254999873415656442e-02,7.978452432226845747e-02,8.306797425692773185e-02,5.309422700212150514e-02,-2.533298624110443265e-01,2.321357674171990390e-02,2.416919157477253055e+00,1.045416908474279705e+00,1.623153624615943480e+00,1.000000000000000000e+00
4.812030075187969658e+00,2.994177149041598804e-02,-2.566505294793378078e-02,-9.359020687942755101e-01,4.161884172281803129e-02,4.661679051878011432e-02,-3.151901010689672766e-02,4.919162324208476988e-01,1.016550576184940269e+00,3.285320060162311151e-01,-6.171565915054897516e-02,7.602346548158643580e-02,8.334841802151750356e-02,5.766875167275986591e-02,-2.467881921273774037e-01,1.425020046785631031e-02,2.418189892011894049e+00,1.043908251999604575e+00,1.621563155332512496e+00,1.000000000000000000e+00
4.827067669172931730e+00,3.055354724549843443e-02,-2.496330905345425441e-02,-9.363715223551596356e-01,3.975396699713356491e-02,4.670171659105520900e-02,-3.091844905016993827e-02,4.909948661719489849e-01,1.017666131865995638e+00,3.297866421345898580e-01,-6.081560018760743397e-02,7.236232305527982855e-02,8.349655171460761138e-02,6.184146291006818036e-02,-2.400579518850173566e-01,5.619110045447355158e-03,2.419396614069404539e+00,1.042522507450376335e+00,1.620006894728109437e+00,1.000000000000000000e+00
4.842105263157894690e+00,3.113758432180979002e-02,-2.426088463107294035e-02,-9.368319513980222224e-01,3.792994183565870370e-02,4.670792202757910461e-02,-3.031877317935076019e-02,4.900874914069288657e-01,1.018727400502105418e+00,3.310425425408349831e-01,-5.985576552919352755e-02,6.880367745496931975e-02,8.351741381235802675e-02,6.562574339509050225e-02,-2.331721905622221591e-01,-2.674887514568497545e-03,2.420540189168030931e+00,1.041253049995301438e+00,1.618485788917349844e+00,1.000000000000000000e+00
4.857142857142856762e+00,3.169451191623325059e-02,-2.355893545308837544e-02,-9.372833703182168463e-01,3.614870945240902106e-02,4.663912787559642420e-02,-2.972012690185676931e-02,4.891949636005601398e-01,1.019735939754141896e+00,3.322978316563647283e-01,-5.884189361933402085e-02,6.534962559476181765e-02,8.341610396980855824e-02,6.903546319270341403e-02,-2.261621619766308600e-01,-1.062841627012858607e-02,2.421621651443841561e+00,1.040093412436115416e+00,1.617000648635888105e+00,1.000000000000000000e+00
4.872180451127819723e+00,3.222498662694360527e-02,-2.285856147819611758e-02,-9.377257956915363568e-01,3.441197251745998359e-02,4.649903441148579147e-02,-2.912265580877330604e-02,4.883180535209561413e-01,1.020693335349586839e+00,3.335507109177520135e-01,-5.777951099708213134e-02,6.200180792183751510e-02,8.319776219521130001e-02,7.208489321007113815e-02,-2.190573255557166366e-01,-1.823943901581204577e-02,2.422642187135624514e+00,1.039037298015118127e+00,1.615552156821155938e+00,1.000000000000000000e+00
4.887218045112781795e+00,3.272968890523668406e-02,-2.216080724653923806e-02,-9.381592462920131936e-01,3.272120238968150713e-02,4.629131029707860001e-02,-2.852650667485301383e-02,4.874574504582001033e-01,1.021601194421114300e+00,3.347994592356817734e-01,-5.667392690624915852e-02,5.876143535248457700e-02,8.286754941294202648e-02,7.478862227756420678e-02,-2.118853576193617250e-01,-2.550716519637704835e-02,2.423603118516831412e+00,1.038078591080308533e+00,1.614140876142688086e+00,1.000000000000000000e+00
4.902255639097743867e+00,3.320931964835981132e-02,-2.146666243081065198e-02,-9.385837431097182604e-01,3.107764862640156542e-02,4.601958266555452454e-02,-2.793182745851607862e-02,4.866137655247992910e-01,1.022461139248554751e+00,3.360424331719920055e-01,-5.553022912407273165e-02,5.562931596336061213e-02,8.243062940735035315e-02,7.716147803075081024e-02,-2.046721720581256565e-01,-3.243195956695908710e-02,2.424505888326633496e+00,1.037211365772890748e+00,1.612767256446859365e+00,1.000000000000000000e+00
4.917293233082706827e+00,3.366459693702653078e-02,-2.077706252957643371e-02,-9.389993093685611303e-01,2.948234870632253368e-02,4.568742811622746036e-02,-2.733876730184962509e-02,4.857875350100631096e-01,1.023274801399557177e+00,3.372780668554957728e-01,-5.435328095043708702e-02,5.260588130562360992e-02,8.189215213273272342e-02,7.921845174029795711e-02,-1.974419492465152581e-01,-3.901525205493907439e-02,2.425352044745492819e+00,1.036429892899227490e+00,1.611431642084447446e+00,1.000000000000000000e+00
4.932330827067668899e+00,3.409625292036734534e-02,-2.009288968933061609e-02,-9.394059705440895858e-01,2.793613790603262023e-02,4.529836459429030515e-02,-2.674747653060838282e-02,4.849792237714041221e-01,1.024043816262384610e+00,3.385048716569625249e-01,-5.314771929729683597e-02,4.969121222662326726e-02,8.125723836810405665e-02,8.097462720537096370e-02,-1.902171720901886798e-01,-4.525944923439668283e-02,2.426143226954184051e+00,1.035728645145498117e+00,1.610134279092785059e+00,1.000000000000000000e+00
4.947368421052630971e+00,3.450503085020169280e-02,-1.941497364217367391e-02,-9.398037543812879369e-01,2.643965927448975808e-02,4.485584412873975385e-02,-2.615810665421506795e-02,4.841892286464966055e-01,1.024769817962662977e+00,3.397214356432867177e-01,-5.191795381644102175e-02,4.688506409990377682e-02,8.053096568959300372e-02,8.244511379617985858e-02,-1.830186681735344323e-01,-5.116784778005231682e-02,2.426881151308855955e+00,1.035102300787765328e+00,1.608875322207543590e+00,1.000000000000000000e+00
4.962406015037593932e+00,3.489168226571676135e-02,-1.874409274641861828e-02,-9.401926909123788922e-01,2.499337365388408158e-02,4.436324639925467994e-02,-2.557081036575807251e-02,4.834178818711185599e-01,1.025454434654561098e+00,3.409264228304320632e-01,-5.066816700267486734e-02,4.418689137929888294e-02,7.971835572810247184e-02,8.364498370102962932e-02,-1.758656570392411467e-01,-5.674455022485278693e-02,2.427567598158472340e+00,1.034545746044333248e+00,1.607654841682309543e+00,1.000000000000000000e+00
4.977443609022556004e+00,3.525696432887891890e-02,-1.808097511790682579e-02,-9.405728124746202123e-01,2.359756969934369286e-02,4.382387310071673286e-02,-2.498574154199517672e-02,4.826654544885262688e-01,1.026099284175650439e+00,3.421185722541784102e-01,-4.940231520889123984e-02,4.159587140699422952e-02,7.882436267531170437e-02,8.458921340682154510e-02,-1.687758017045542236e-01,-6.199438330532612562e-02,2.428204399325258667e+00,1.034054076209960815e+00,1.606472829896955501e+00,1.000000000000000000e+00
4.992481203007518076e+00,3.560163731023822248e-02,-1.742629984026771925e-02,-9.409441537281064694e-01,2.225237385384844918e-02,4.324094307231672596e-02,-2.440305524334955220e-02,4.819321597370929133e-01,1.026705970053827244e+00,3.432966968771786753e-01,-4.812413050923668167e-02,3.911092741825977076e-02,7.785386299711526126e-02,8.529262941450264923e-02,-1.617652635876075662e-01,-6.692281913823092121e-02,2.428793426263073485e+00,1.033622595704057234e+00,1.605329207738696473e+00,1.000000000000000000e+00
5.007518796992481036e+00,3.592646222413985180e-02,-1.678069824289831272e-02,-9.413067516735669216e-01,2.095776023868346424e-02,4.261758815681106899e-02,-2.382290771391359918e-02,4.812181564039610393e-01,1.027276077853828795e+00,3.444596823501191452e-01,-4.683712334680091571e-02,3.673075069759246247e-02,7.681164631025211298e-02,8.576985816689655651e-02,-1.548487600869221936e-01,-7.153589943543749163e-02,2.429336578903433352e+00,1.033246817157316144e+00,1.604223830742249834e+00,1.000000000000000000e+00
5.022556390977443108e+00,3.623219861180474594e-02,-1.614475523593620482e-02,-9.416606456701667183e-01,1.971356042349426546e-02,4.195684975437057734e-02,-2.324545638144548398e-02,4.805235521333699467e-01,1.027811171850321337e+00,3.456064856441480870e-01,-4.554458590271345808e-02,3.445382185173576084e-02,7.570240737499682460e-02,8.603528014356527642e-02,-1.480396241265977686e-01,-7.584016292764300671e-02,2.429835775193990077e+00,1.032922459652929836e+00,1.603156494978029478e+00,1.000000000000000000e+00
5.037593984962406068e+00,3.651960247021589223e-02,-1.551901069206543422e-02,-9.420058774533042190e-01,1.851947304375163930e-02,4.126167603469652057e-02,-2.267085985737231010e-02,4.798484066792942926e-01,1.028312792014087762e+00,3.467361335709675529e-01,-4.424959612443803147e-02,3.227843117498798570e-02,7.453073915453350962e-02,8.610298805652438769e-02,-1.413498650458182848e-01,-7.984257613381250118e-02,2.430292941329796008e+00,1.032645446230460839e+00,1.602126942679612753e+00,1.000000000000000000e+00
5.052631578947368141e+00,3.678942432430312021e-02,-1.490396086551821000e-02,-9.423424911524134195e-01,1.737507323693521927e-02,4.053491977051765921e-02,-2.209927793678693672e-02,4.791927350929232610e-01,1.028782451297526990e+00,3.478477212062660584e-01,-4.295502235214127690e-02,3.020269809095924018e-02,7.330112688976936353e-02,8.598674906189945899e-02,-1.347902302748517078e-01,-8.355046758211447100e-02,2.430710002673486247e+00,1.032411900752442824e+00,1.601134867603801304e+00,1.000000000000000000e+00
5.067669172932330213e+00,3.704240743949760439e-02,-1.430005983922626699e-02,-9.426705333087608274e-01,1.627982187222593718e-02,3.977933675532360075e-02,-2.153087159845020263e-02,4.785565108364622233e-01,1.029221633205520625e+00,3.489404102313464762e-01,-4.166352848347870674e-02,2.822458966296246055e-02,7.201794313702636341e-02,8.569997088547207098e-02,-1.283702673007404427e-01,-8.697146555755103092e-02,2.431088875356735457e+00,1.032218144225785839e+00,1.600179920118707244e+00,1.000000000000000000e+00
5.082706766917293173e+00,3.727928617138898115e-02,-1.370772099160083406e-02,-9.429900528932452231e-01,1.523307455170758336e-02,3.899758476812253266e-02,-2.096580300479159928e-02,4.779396688155768125e-01,1.029631789637623029e+00,3.500134272070383190e-01,-4.037757961874360174e-02,2.634193817213995037e-02,7.068544371510615543e-02,8.525567174692917638e-02,-1.220983854859937073e-01,-9.011343942578704802e-02,2.431431458552263614e+00,1.032060690662005786e+00,1.599261712016943449e+00,1.000000000000000000e+00
5.097744360902255245e+00,3.750078444890214691e-02,-1.312731847499583673e-02,-9.433011013241994203e-01,1.423409036420991702e-02,3.819222304816037583e-02,-2.040423550190547178e-02,4.773421083236835116e-01,1.030014338987624178e+00,3.510660617931788963e-01,-3.909944813018758486e-02,2.455245776864683344e-02,6.930776450767936470e-02,8.466645395217001213e-02,-1.159819173529933606e-01,-9.298444455518221907e-02,2.431739627402178527e+00,1.031936242553486593e+00,1.598379821052936745e+00,1.000000000000000000e+00
5.112781954887218205e+00,3.770761438714621133e-02,-1.255918869847403967e-02,-9.436037324851875852e-01,1.328204037588556763e-02,3.736571224290622523e-02,-1.984633361955549444e-02,4.767636958921368517e-01,1.030370664486587984e+00,3.520976649260765257e-01,-3.783122010138508656e-02,2.285376020663636501e-02,6.788891906682997801e-02,8.394448101497016534e-02,-1.100271790022775698e-01,-9.559267083812217347e-02,2.432015226586337509e+00,1.031841686035235517e+00,1.597533795204708174e+00,1.000000000000000000e+00
5.127819548872180277e+00,3.790047502587950284e-02,-1.200363180801977507e-02,-9.438980027428053310e-01,1.237601584433180996e-02,3.652041479307777810e-02,-1.929226307117189523e-02,4.762042680411200379e-01,1.030702112775712997e+00,3.531076469656393435e-01,-3.657480208462455390e-02,2.124336967835274703e-02,6.643279696367566933e-02,8.310145815967116822e-02,-1.042395293788269950e-01,-9.794639479085798239e-02,2.432260064512021813e+00,1.031774085794858520e+00,1.596723156661926657e+00,1.000000000000000000e+00
5.142857142857142350e+00,3.808005118934870009e-02,-1.146091315789905460e-02,-9.441839709644792578e-01,1.151503614569721577e-02,3.565859571918135462e-02,-1.874219075385245500e-02,4.756636339268438540e-01,1.031009992695613775e+00,3.540954758229766242e-01,-3.533192812665818944e-02,1.971873676667171282e-02,6.494316283251852506e-02,8.214861604858732236e-02,-9.862342814223726273e-02,-1.000539351914252334e-01,2.432475908104183571e+00,1.031730679787373761e+00,1.595947405543438391e+00,1.000000000000000000e+00
5.157894736842105310e+00,3.824701246312149638e-02,-1.093126476739292828e-02,-9.444616985362661588e-01,1.069805640660827749e-02,3.478242377480660757e-02,-1.819628474836261847e-02,4.751415778813790070e-01,1.031295574278916938e+00,3.550606750785081367e-01,-3.410416701549408985e-02,1.827725153873656708e-02,6.342365605566285813e-02,8.109669757437938664e-02,-9.318249193943049791e-02,-1.019236122001339617e-01,2.432664478174261014e+00,1.031708873805035065e+00,1.595206023348370472e+00,1.000000000000000000e+00
5.172932330827067382e+00,3.840201228342866868e-02,-1.041488675763833048e-02,-9.447312493806543365e-01,9.923974834979955306e-03,3.389397293283423485e-02,-1.765471431913449504e-02,4.746378618421243090e-01,1.031560087933464764e+00,3.560028220998328052e-01,-3.289292970336856609e-02,1.691625580608731652e-02,6.187779103702575195e-02,7.995594755239794627e-02,-8.791954891288940310e-02,-1.035637098905038550e-01,2.432827445344091011e+00,1.031706235946968642e+00,1.594498476146123611e+00,1.000000000000000000e+00
5.187969924812029454e+00,3.854568713445137573e-02,-9.911948763833021425e-03,-9.449926899743601449e-01,9.191639745848868490e-03,3.299522417172263272e-02,-1.711764991426800719e-02,4.741522276686112036e-01,1.031804723803777968e+00,3.569215461678063583e-01,-3.169947686354232519e-02,1.563305457895047823e-02,6.030895801384326266e-02,7.873610514718054620e-02,-8.283669131291160337e-02,-1.049824421063311197e-01,2.432966426500662749e+00,1.031720491027891207e+00,1.593824217511357055e+00,1.000000000000000000e+00
5.203007518796992414e+00,3.867865584895629344e-02,-9.422591318513012099e-03,-9.452460893661291941e-01,8.499856280209052220e-03,3.208806753012687085e-02,-1.658526316553003352e-02,4.736843993449015855e-01,1.032030631298892054e+00,3.578165266185719950e-01,-3.052492654104732930e-02,1.442492674404484421e-02,5.872042435713607095e-02,7.744639886613614854e-02,-7.793532611192438564e-02,-1.061879215488477496e-01,2.433082981756779617e+00,1.031749514960330849e+00,1.593182691210868862e+00,1.000000000000000000e+00
5.218045112781954487e+00,3.880151900765425876e-02,-8.946927202109222071e-03,-9.454915191945373332e-01,7.847392816566028245e-03,3.117430439927155322e-02,-1.605772688835571671e-02,4.732340850664682463e-01,1.032238918775114200e+00,3.586874910085251500e-01,-2.937026186004949163e-02,1.328913499663694590e-02,5.711533631312601389e-02,7.609554395364204193e-02,-7.321622354450933734e-02,-1.071881319891022782e-01,2.433178611892174104e+00,1.031791329140537172e+00,1.592573333649851763e+00,1.000000000000000000e+00
5.233082706766916559e+00,3.891485843266700995e-02,-8.485042757440677819e-03,-9.457290537057856383e-01,7.232987076450248659e-03,3.025565002370173701e-02,-1.553521508184685374e-02,4.728009792109828524e-01,1.032430653362724549e+00,3.595342133084669101e-01,-2.823633875296792037e-02,1.222293505849574025e-02,5.549672113941878093e-02,7.469174202142880858e-02,-6.867956352494336558e-02,-1.079909034910436355e-01,2.433254756249576545e+00,1.031844094863536343e+00,1.591995576085797115e+00,1.000000000000000000e+00
5.248120300751879519e+00,3.901923677052500372e-02,-8.036999165194706404e-03,-9.459587697715046151e-01,6.655351926472471112e-03,2.933373618232871030e-02,-1.501790292877277187e-02,4.723847641928995422e-01,1.032606860926127190e+00,3.603565121326024467e-01,-2.712389367895387191e-02,1.122358421393186700e-02,5.386748959159084332e-02,7.324268275306007603e-02,-6.432497991296792783e-02,-1.086038905253085690e-01,2.433312791060147973e+00,1.031906107789398064e+00,1.591448846618561230e+00,1.000000000000000000e+00
5.263157894736841591e+00,3.911519716015288833e-02,-7.602833677915324384e-03,-9.461807469065527387e-01,6.113180880753255227e-03,2.841011402295299040e-02,-1.450596679556944400e-02,4.719851122022462597e-01,1.032768526147441079e+00,3.611542490072761069e-01,-2.603355130174805215e-02,1.028834919645157768e-02,5.223043871760496559e-02,7.175554752393280278e-02,-6.015160261806006686e-02,-1.090345528483785686e-01,2.433354028172845407e+00,1.031975792479305376e+00,1.590932571965601339e+00,1.000000000000000000e+00
5.278195488721804551e+00,3.920326298137451898e-02,-7.182560810377950668e-03,-9.463950672868124414e-01,5.605153308584315958e-03,2.748625702479629354e-02,-1.399958423234200743e-02,4.716016868284533814e-01,1.032916592724001603e+00,3.619273266837836900e-01,-2.496583209928670416e-02,9.414513458501475723e-03,5.058825491945913300e-02,7.023701478402247234e-02,-5.615809755327448582e-02,-1.092901390172702214e-01,2.433379714162852370e+00,1.032051697016281633e+00,1.590446179031693053e+00,1.000000000000000000e+00
5.293233082706766623e+00,3.928393767955157267e-02,-6.776173484587273005e-03,-9.466018157669952027e-01,5.129939353068627313e-03,2.656356406488250693e-02,-1.349893397286076359e-02,4.712341445703991383e-01,1.033051963670750695e+00,3.626756874990140211e-01,-2.392115987967217278e-02,8.599383856503460544e-03,4.894351724340132576e-02,6.869326705340653150e-02,-5.234270446025202084e-02,-1.093776724066575917e-01,2.433391029794386817e+00,1.032132487723196324e+00,1.589989096282693692e+00,1.000000000000000000e+00
5.308270676691728696e+00,3.935770466205010254e-02,-6.383644128046497834e-03,-9.468010798984365373e-01,4.686204567301441304e-03,2.564336256548794060e-02,-1.300419593456473601e-02,4.708821362343096339e-01,1.033175501718959666e+00,3.633993117870275569e-01,-2.289986918038730557e-02,7.840296783005209352e-03,4.729870086211612062e-02,6.712999938757314988e-02,-4.870327264300051279e-02,-1.093039395938300573e-01,2.433389089813904782e+00,1.032216943987715574e+00,1.589560754933112774e+00,1.000000000000000000e+00
5.323308270676691656e+00,3.942502726234697191e-02,-6.004925724211877466e-03,-9.469929499468963119e-01,4.272614275222068325e-03,2.472691170118414619e-02,-1.251555121856048024e-02,4.705453082213906235e-01,1.033288029803189900e+00,3.640982163442387787e-01,-2.190221252966995796e-02,7.134623777014712648e-03,4.565618071426355562e-02,6.555242917622790266e-02,-4.523729466071896993e-02,-1.090754809764532263e-01,2.433374943050663042e+00,1.032303953201260338e+00,1.589160589957198777e+00,1.000000000000000000e+00
5.338345864661653728e+00,3.948634876769112345e-02,-5.639952814396179993e-03,-9.471775189103608383e-01,3.887837664803461737e-03,2.381540564535843466e-02,-1.203318210962089907e-02,4.702233037074172728e-01,1.033390331628908143e+00,3.647724529503113544e-01,-2.092836755102705365e-02,6.479776642833200324e-03,4.401823526883930776e-02,6.396530714309930921e-02,-4.194193803630803796e-02,-1.086985834857701616e-01,2.433349572801842164e+00,1.032392505817451456e+00,1.588788040933622359e+00,1.000000000000000000e+00
5.353383458646616688e+00,3.954209250635262046e-02,-5.288642450683485839e-03,-9.473548825368404147e-01,3.530551621629477322e-03,2.290997683741708216e-02,-1.155727207618687837e-02,4.699157637167896695e-01,1.033483152313542597e+00,3.654221069463945426e-01,-1.997844389378725799e-02,5.873212106749800022e-03,4.238705038386442886e-02,6.237292942317633482e-02,-3.881407504905075301e-02,-1.081792752606011293e-01,2.433313897480706256e+00,1.032481690533211705e+00,1.588442552733571489e+00,1.000000000000000000e+00
5.368421052631578760e+00,3.959266199061976105e-02,-4.950895099667215749e-03,-9.475251393421670887e-01,3.199444311161900138e-03,2.201169925316952963e-02,-1.108800577036669031e-02,4.696223280937683597e-01,1.033567199094284739e+00,3.660472958719132031e-01,-1.905248997439015768e-02,5.312436039854221727e-03,4.076472323092646816e-02,6.077915059975862178e-02,-3.585031068690524431e-02,-1.075233221472167711e-01,2.433268771507007600e+00,1.032570689593875546e+00,1.588123576062189679e+00,1.000000000000000000e+00
5.383458646616540832e+00,3.963844111182980579e-02,-4.626595497077458895e-03,-9.476883906277977498e-01,2.893218518171182096e-03,2.112159166219183468e-02,-1.062556902793643232e-02,4.693426363738448792e-01,1.033643142096294376e+00,3.666481681607187681e-01,-1.815049951484718968e-02,4.795007274060944513e-03,3.915326625913617686e-02,5.918739758974601861e-02,-3.304700883811173551e-02,-1.067362258922419094e-01,2.433214986419647730e+00,1.032658774222566134e+00,1.587830567863177000e+00,1.000000000000000000e+00
5.398496240601503793e+00,3.967979438384310054e-02,-4.315613453626733660e-03,-9.478447404986127811e-01,2.610594751889431728e-03,2.024062085721112583e-02,-1.017014886833796615e-02,4.690763285583887665e-01,1.033711615155385566e+00,3.672249018969768741e-01,-1.727241786642785826e-02,4.318541037204237480e-03,3.755461117401691362e-02,5.760068427249552536e-02,-3.040031680800591926e-02,-1.058232238971271583e-01,2.433153272192525307e+00,1.032745300172530190e+00,1.587562991596394468e+00,1.000000000000000000e+00
5.413533834586465865e+00,3.971706723150295049e-02,-4.017804612593657045e-03,-9.479942958807128228e-01,2.350314125413558060e-03,1.936970484181013696e-02,-9.721933494682014412e-03,4.688230457958928454e-01,1.033773216689674257e+00,3.677777036308516045e-01,-1.641814810815558218e-02,3.880712031714895170e-03,3.597061290884661505e-02,5.602162676508622846e-02,-2.790618825209854534e-02,-1.047892904060196417e-01,2.433084298735571860e+00,1.032829703399734456e+00,1.587320317398045244e+00,1.000000000000000000e+00
5.428571428571427937e+00,3.975058632075148535e-02,-3.733011159854212821e-03,-9.481371665392209769e-01,2.111141017780769451e-03,1.850971596391712617e-02,-9.281112293746099709e-03,4.685824309732495863e-01,1.033828510614973162e+00,3.683068072537420967e-01,-1.558755691108695655e-02,3.479257179998284863e-03,3.440305356782090429e-02,5.445245925239166479e-02,-2.556040461797469410e-02,-1.036391390014765462e-01,2.433008677563776256e+00,1.032911495852364414e+00,1.587102022132897527e+00,1.000000000000000000e+00
5.443609022556390897e+00,3.978065992719409527e-02,-3.461062487276939277e-03,-9.482734650960820133e-01,1.891865526986532056e-03,1.766148398375105497e-02,-8.847875835974980049e-03,4.683541292206587769e-01,1.033878027299109270e+00,3.688124729324666617e-01,-1.478048016071521926e-02,3.111978058241966424e-03,3.285364632233601923e-02,5.289505028624336136e-02,-2.335859519129152712e-02,-1.023772262841941005e-01,2.432926963617759064e+00,1.032990261372860097e+00,1.586907589348024228e+00,1.000000000000000000e+00
5.458646616541352969e+00,3.980757834002954243e-02,-3.201775810543237583e-03,-9.484033070478610217e-01,1.691305721965396906e-03,1.682579906601151809e-02,-8.422415875481537029e-03,4.681377883338493362e-01,1.033922264550621861e+00,3.692949861015879520e-01,-1.399672833104955057e-02,2.776743038906805214e-03,3.132403924348421687e-02,5.135091947537058499e-02,-2.129625584397700985e-02,-1.010077566181266234e-01,2.432839657220607688e+00,1.033065651707244514e+00,1.586736509137090634e+00,1.000000000000000000e+00
5.473684210526315042e+00,3.983161429838213280e-02,-2.954956742595160179e-03,-9.485268107835438389e-01,1.508309701258747030e-03,1.600341468720458543e-02,-8.004925350044711507e-03,4.679330591173833653e-01,1.033961688637610621e+00,3.697546565127916018e-01,-1.323609160506501042e-02,2.471489160678762287e-03,2.981581905562551149e-02,4.982125449208647111e-02,-1.936876658255339695e-02,-9.953468782358036726e-02,2.432747206156272046e+00,1.033137382616045041e+00,1.586588277924306123e+00,1.000000000000000000e+00
5.488721804511278002e+00,3.985302345718349376e-02,-2.720399824060893389e-03,-9.486440976023340355e-01,1.341757465757887832e-03,1.519505045008629103e-02,-7.595598381112307791e-03,4.677395956529042387e-01,1.033996735332754824e+00,3.701918173400220446e-01,-1.249834473730257814e-02,2.194223743190909341e-03,2.833051479766222902e-02,4.830692832835985218e-02,-1.757140799596118574e-02,-9.796173770606299291e-02,2.432650007855789553e+00,1.033205230080496140e+00,1.586462398176741395e+00,1.000000000000000000e+00
5.503759398496240074e+00,3.987204487986346219e-02,-2.497889012085082600e-03,-9.487552917314572287e-01,1.190562612501606336e-03,1.440139479820646065e-02,-7.194630273798630071e-03,4.675570554962069636e-01,1.034027810980807871e+00,3.706068243389326611e-01,-1.178325165533989152e-02,1.943025762303985911e-03,2.686960138025517447e-02,4.680851673830068588e-02,-1.589937670126888997e-02,-9.629239131148734088e-02,2.432548411678302713e+00,1.033269026597358087e+00,1.586358378053569496e+00,1.000000000000000000e+00
5.518796992481203034e+00,3.988890155520592035e-02,-2.287198129146370950e-03,-9.488605203439567370e-01,1.053673856106498389e-03,1.362310762456863181e-02,-6.802217516884774724e-03,4.673850998071098495e-01,1.034055293585054436e+00,3.710000550589489521e-01,-1.109056979780480290e-02,1.716047000295600842e-03,2.543450302889567124e-02,4.532631580878465627e-02,-1.434779988565077803e-02,-9.452990880085321290e-02,2.432442721274490349e+00,1.033328657555438346e+00,1.586275731000755140e+00,1.000000000000000000e+00
5.533834586466165106e+00,3.990380093582674564e-02,-2.088091273465434577e-03,-9.489599135764938964e-01,9.300763839218168134e-04,1.286082276937166279e-02,-6.418557782820411006e-03,4.672233934160732183e-01,1.034079533909450177e+00,3.713719081062132332e-01,-1.042005418740650849e-02,1.511512983788169864e-03,2.402659660428964339e-02,4.386035960570471015e-02,-1.291174904262301810e-02,-9.267733384356931226e-02,2.432333197020942084e+00,1.033384057686502988e+00,1.586213975299123780e+00,1.000000000000000000e+00
5.548872180451127178e+00,3.991693549581500078e-02,-1.900323192716998595e-03,-9.490536045471464899e-01,8.187930505332052843e-04,1.211515040271975152e-02,-6.043849927722148678e-03,4.670716048315703972e-01,1.034100856593347828e+00,3.717228024554843913e-01,-9.771461238234765631e-03,1.327723720818225475e-03,2.264721479299891191e-02,4.241043784621163076e-02,-1.158625299811813156e-02,-9.073750243020480000e-02,2.432220058514455996e+00,1.033435207583328630e+00,1.586172633573810664e+00,1.000000000000000000e+00
5.563909774436090139e+00,3.992848330516197974e-02,-1.723639622784956752e-03,-9.491417293732133942e-01,7.188854167275689558e-04,1.138667928910331445e-02,-5.678293991372947332e-03,4.669294061921993588e-01,1.034119561275867127e+00,3.720531768090280522e-01,-9.144552297294871249e-03,1.163054247002659599e-03,2.129764916277970474e-02,4.097611355109433834e-02,-1.036631032028454899e-02,-8.871305200888277009e-02,2.432103487115781171e+00,1.033482130277627142e+00,1.586151232272838829e+00,1.000000000000000000e+00
5.578947368421052211e+00,3.993860861867163520e-02,-1.557777593395230512e-03,-9.492244271890062368e-01,6.294546375307112683e-04,1.067597893131021040e-02,-5.322091197225375936e-03,4.667964731675442458e-01,1.034135923727073525e+00,3.723634890003619802e-01,-8.539096920908611013e-03,1.015954989381093881e-03,1.997915307844602695e-02,3.955674063668481594e-02,-9.246901206043239840e-03,-8.660643085579744493e-02,2.431983628533193720e+00,1.033524887870481246e+00,1.586149301122063981e+00,1.000000000000000000e+00
5.593984962406015171e+00,3.994746247711798703e-02,-1.402465702396950373e-03,-9.493018401636554859e-01,5.496422033737102678e-04,9.983601592227104096e-03,-4.975443952396574332e-03,4.666724848117418389e-01,1.034150196983330439e+00,3.726542154408307717e-01,-7.954875887169003332e-03,8.849519550915826765e-04,1.869294447538728116e-02,3.815148140690875767e-02,-8.222998933947718234e-03,-8.441990759032705349e-02,2.431860595436481365e+00,1.033563578208052336e+00,1.586166372563829752e+00,1.000000000000000000e+00
5.609022556390977243e+00,3.995518331846480836e-02,-1.257424360584375768e-03,-9.493741135189062152e-01,4.786305379516570327e-04,9.310084193843905925e-03,-4.638555847673734960e-03,4.665571233737293433e-01,1.034162612484189836e+00,3.729258506067738566e-01,-7.391683946264730222e-03,7.686467507661230974e-04,1.744020848926323974e-02,3.675932391026643514e-02,-7.289580970161010053e-03,-8.215558075188567067e-02,2.431734470092560496e+00,1.033598331595746211e+00,1.586201981186136312e+00,1.000000000000000000e+00
5.624060150375939315e+00,3.996189759701804234e-02,-1.122366008875990079e-03,-9.494413955469189759e-01,4.156434557813950929e-04,8.655950093456554056e-03,-4.311631657509066955e-03,4.664500740680885826e-01,1.034173381208341347e+00,3.731789065651689441e-01,-6.849332310920413190e-03,6.657164371920082976e-04,1.622209994149603762e-02,3.537909912925802508e-02,-6.441639812524585680e-03,-7.981538835789143971e-02,2.431605307014430117e+00,1.033629307543924236e+00,1.586255663148969042e+00,1.000000000000000000e+00
5.639097744360902276e+00,3.996772040841976847e-02,-9.969953097029452330e-04,-9.495038376280702241e-01,3.599464819602632426e-04,8.021710737870210717e-03,-3.994877340023943006e-03,4.663510248103737155e-01,1.034182694806155212e+00,3.734139125355713240e-01,-6.327650889745684015e-03,5.749132225698935349e-04,1.503974568150708881e-02,3.400949797157474391e-02,-5.674193653244259151e-03,-7.740111736579456669e-02,2.431473135615425996e+00,1.033656691538876959e+00,1.586326955614190126e+00,1.000000000000000000e+00
5.654135338345864348e+00,3.997275611842691923e-02,-8.810093144380834072e-04,-9.495615942487496408e-01,3.108470361085118516e-04,7.407867197025072743e-03,-3.688500037005937315e-03,4.662596659207758343e-01,1.034190726726411214e+00,3.736314144861969666e-01,-5.826490266662518597e-03,4.950639964929315871e-04,1.389424678763753751e-02,3.264908803575326118e-02,-4.982296938402473556e-03,-7.491441296706465025e-02,2.431337962861336077e+00,1.033680691832956633e+00,1.586415396184965854e+00,1.000000000000000000e+00
5.669172932330826420e+00,3.997709899344482204e-02,-7.740976086495968264e-04,-9.496148230191605588e-01,2.676944819765399121e-04,6.814911579181113545e-03,-3.392708073910603254e-03,4.661756897999014271e-01,1.034197633334832389e+00,3.738319747620746369e-01,-5.345723430023803166e-03,4.250697056254615770e-04,1.278668062986609670e-02,3.129633012519961177e-02,-4.361050898460274057e-03,-7.235678764298135446e-02,2.431199775913137628e+00,1.033701536248246011e+00,1.586520522360573171e+00,1.000000000000000000e+00
5.684210526315789380e+00,3.998083383080325293e-02,-6.759424369462634736e-04,-9.496636846911210572e-01,2.298800437162300324e-04,6.243328330381383955e-03,-3.107710959860584318e-03,4.660987905804065967e-01,1.034203555022040533e+00,3.740161717431957911e-01,-4.885247255378312795e-03,3.639045709753283963e-04,1.171810279837492454e-02,2.994959448732105803e-02,-3.805614120044275000e-03,-6.972962991799809551e-02,2.431058544753565087e+00,1.033719468988690826e+00,1.586641871011922778e+00,1.000000000000000000e+00
5.699248120300751452e+00,3.998403658677406741e-02,-5.862188091415293902e-04,-9.497083431758603922e-01,1.968365893507769315e-04,5.693595421522737801e-03,-2.833719387646205234e-03,4.660286637581672053e-01,1.034208617298542521e+00,3.741845995306780637e-01,-4.444983746194591800e-03,3.106151456241291629e-04,1.068954890300899581e-02,2.860717675610904495e-02,-3.311213225939883039e-03,-6.703421274873543056e-02,2.430914224791048461e+00,1.033734747456042768e+00,1.586778977882947306e+00,1.000000000000000000e+00
5.714285714285713524e+00,3.998677500033560178e-02,-5.045945893753039056e-04,-9.497489655618214233e-01,1.680382815257536297e-04,5.166185426897448169e-03,-2.570945233724438502e-03,4.659650058065736289e-01,1.034212931874330721e+00,3.743378676590740639e-01,-4.024881037149488465e-03,2.643192107966875069e-04,9.702036249540820986e-03,2.726731357857537646e-02,-2.873153725817435486e-03,-6.427170149141685218e-02,2.430766759434865865e+00,1.033747639065601076e+00,1.586931377122571929e+00,1.000000000000000000e+00
5.729323308270676485e+00,3.998910921068509622e-02,-4.307305698159113517e-04,-9.497857221324581545e-01,1.430000952099049079e-04,4.661566498594573414e-03,-2.319601558220973914e-03,4.659075137774966180e-01,1.034216597720654107e+00,3.744766008329829532e-01,-3.624914164884048169e-03,2.242045072536793377e-04,8.756565399507722919e-03,2.592819790775996100e-02,-2.486831096149873330e-03,-6.144316139550520806e-02,2.430616082635783215e+00,1.033758418058331019e+00,1.587098600851558849e+00,1.000000000000000000e+00
5.744360902255638557e+00,3.999109236649393828e-02,-3.642805304550176138e-04,-9.498187863840370504e-01,1.212772016082377518e-04,4.180203241593038500e-03,-2.079902604926668012e-03,4.658558848923801676e-01,1.034219702111457195e+00,3.746014386863061318e-01,-3.245085611352190643e-03,1.895272981305253564e-04,7.854121621104560511e-03,2.458799394636626903e-02,-2.147742143674630146e-03,-5.854956457374211470e-02,2.430462121386656626e+00,1.033767362306557747e+00,1.587280178768286421e+00,1.000000000000000000e+00
5.759398496240601517e+00,3.999277122488565511e-02,-3.048912864647481411e-04,-9.498483350434343553e-01,1.024642171832378383e-04,3.722557494851128860e-03,-1.852063801302280101e-03,4.658098161268422466e-01,1.034222321641891540e+00,3.747130355625358789e-01,-2.885425625143703786e-03,1.596107585717351015e-04,6.995676239395165301e-03,2.324485172818249040e-02,-1.851496702392334617e-03,-5.559179640582712079e-02,2.430304798178017034e+00,1.033774750111198681e+00,1.587475637796864403e+00,1.000000000000000000e+00
5.774436090225563589e+00,3.999418673809809061e-02,-2.522027244726114410e-04,-9.498745480859376311e-01,8.619431632707610035e-05,3.289089024016552884e-03,-1.636301758473734935e-03,4.657690037920700910e-01,1.034224523221299208e+00,3.748120603146603003e-01,-2.545992326294065512e-03,1.338431867803795464e-04,6.182187894613506984e-03,2.189692132606265232e-02,-1.593829709753394460e-03,-5.257066133602567026e-02,2.430144033403897730e+00,1.033780856989046759e+00,1.587684501780700197e+00,1.000000000000000000e+00
5.789473684210525661e+00,3.999537462576593233e-02,-2.058478290538199760e-04,-9.498976087530435208e-01,7.213820591308846633e-05,2.880256131788614185e-03,-1.432834271235823966e-03,4.657331431162421431e-01,1.034226365037894446e+00,3.748991961233505421e-01,-2.226871600299728821e-03,1.116760304588521215e-04,5.414603718010969728e-03,2.054236667776184952e-02,-1.370613703251097456e-03,-4.948688803015428156e-02,2.429979747713606031e+00,1.033785952449541856e+00,1.587906291224161048e+00,1.000000000000000000e+00
5.804511278195488622e+00,3.999636593073187946e-02,-1.654527006193907512e-04,-9.499177035702588423e-01,6.000295965557246163e-05,2.496516192185630964e-03,-1.241880318050133216e-03,4.657019278290839281e-01,1.034227897492355552e+00,3.749751403322738597e-01,-1.928176787113253460e-03,9.262172202094774286e-05,4.693860435059983918e-03,1.917937902439728615e-02,-1.177871774371806951e-03,-4.634113386438116350e-02,2.429811864305664759e+00,1.033790296761019745e+00,1.588140523084261124e+00,1.000000000000000000e+00
5.819548872180450694e+00,3.999718755626073541e-02,-1.306365658069875263e-04,-9.499350223648985736e-01,4.953070994237128400e-05,2.138326115248825529e-03,-1.063660061045486717e-03,4.656750497526109811e-01,1.034229164097366649e+00,3.750406042995102496e-01,-1.650048170994543057e-03,7.625131544015090028e-05,4.020885406300247870e-03,1.780618995817288136e-02,-1.011791012319148905e-03,-4.313398872118213295e-02,2.429640311160472521e+00,1.033794137707371608e+00,1.588386710614080766e+00,1.000000000000000000e+00
5.834586466165413654e+00,3.999786278249415489e-02,-1.010117813604349303e-04,-9.499497582838862808e-01,4.049719455896077499e-05,1.806142748868385436e-03,-8.983948460180949400e-04,4.656521984010018045e-01,1.034230202340096660e+00,3.750963132642226583e-01,-1.392652277093012463e-03,6.219191713916860740e-05,3.396597616377805030e-03,1.642108408044138865e-02,-8.687364657020321115e-04,-3.986597807625377743e-02,2.429465023208889463e+00,1.033797707336665761e+00,1.588644363258737924e+00,1.000000000000000000e+00
5.849624060150375726e+00,3.999841175994327952e-02,-7.618383239476128545e-05,-9.499621078115556561e-01,3.271015550471240911e-05,1.500423224540237176e-03,-7.463072024317026756e-04,4.656330605924603461e-01,1.034231044504437591e+00,3.751430062278853228e-01,-1.156180980605324730e-03,5.012390293783395266e-05,2.821908622052005100e-03,1.502241127424037287e-02,-7.452656459053253737e-04,-3.653756536502232588e-02,2.429285944434457001e+00,1.033801218704199609e+00,1.588912986604309907e+00,1.000000000000000000e+00
5.864661654135337798e+00,3.999885197777231644e-02,-5.575132585647520067e-05,-9.499722707874438399e-01,2.600758690514816222e-05,1.221625253914524660e-03,-6.076208434178850251e-04,4.656173200758617625e-01,1.034231718449736270e+00,3.751814358494947044e-01,-9.408504342587255698e-04,3.977791275103901870e-05,2.297723470061368515e-03,1.360859859996994652e-02,-6.381435918291989079e-04,-3.314915362474234878e-02,2.429103029907600853e+00,1.033804862613143305e+00,1.589192082379372373e+00,1.000000000000000000e+00
5.879699248120300759e+00,3.999919870458112925e-02,-3.930597982382668596e-05,-9.499804504240989544e-01,2.025582884478075105e-05,9.702073829762102638e-04,-4.825606657739752174e-04,4.656046571748349017e-01,1.034232248342610738e+00,3.752123683544779098e-01,-7.468998197039699357e-04,3.093161446176768064e-05,1.824941595743957267e-03,1.217816182680586841e-02,-5.443585112706966723e-04,-2.970108641390892604e-02,2.428916247750783963e+00,1.033808804356763034e+00,1.589481148508230968e+00,1.000000000000000000e+00
5.894736842105262831e+00,3.999946539934372269e-02,-2.643260928946834920e-05,-9.499868533248729818e-01,1.534750379137037353e-05,7.466292106316075976e-04,-3.713527499667653169e-04,4.655947484519353807e-01,1.034232655338308327e+00,3.752365834569846292e-01,-5.745899281893734759e-04,2.340622820154426246e-05,1.404457713252070918e-03,1.072971661848604735e-02,-4.611380102776759427e-04,-2.619364802044555490e-02,2.428725581034432146e+00,1.033813180467028747e+00,1.589779679214027963e+00,1.000000000000000000e+00
5.909774436090224903e+00,3.999966409011085355e-02,-1.670910886223338129e-05,-9.499916895017248564e-01,1.119929213488739589e-05,5.513515782663390560e-04,-2.742243601285092032e-04,4.655872663953957158e-01,1.034232958207941699e+00,3.752548742956030026e-01,-4.242015755389831979e-04,1.706280212258976469e-05,1.037162707911025699e-03,9.261989396793061935e-03,-3.859659178530570087e-04,-2.262706297576598524e-02,2.428531029604157343e+00,1.033818095475124377e+00,1.590087165169294492e+00,1.000000000000000000e+00
5.924812030075187863e+00,3.999980571802957269e-02,-9.706432806867727376e-06,-9.499951723930186720e-01,7.749543239565454550e-06,3.848367366509575726e-04,-1.914039440606233602e-04,4.655818791309331850e-01,1.034233173907797010e+00,3.752680473825611429e-01,-2.960338561053695548e-04,1.179823067212892969e-05,7.239445410485777048e-04,7.773827912522724565e-03,-3.165997093902514384e-04,-1.900149490121645288e-02,2.428332611840702260e+00,1.033823618690215440e+00,1.590403093690649916e+00,1.000000000000000000e+00
5.939849624060149935e+00,3.999990044417899016e-02,-4.988572699933818400e-06,-9.499975188813245541e-01,4.955718286092945235e-06,2.475484961751074522e-04,-1.231211332301344332e-04,4.655782501610001844e-01,1.034233318086776876e+00,3.752769225666998665e-01,-1.904022398240123176e-04,7.541006351454313054e-06,4.656891770473687154e-04,6.264211560466563349e-03,-2.510885285921363760e-04,-1.531704472220045583e-02,2.428130366355000902e+00,1.033829781003554826e+00,1.590726948973469002e+00,1.000000000000000000e+00
5.954887218045112007e+00,3.999995791666362960e-02,-2.112532925417730816e-06,-9.499989493112157568e-01,2.791661072089261307e-06,1.399523660214367562e-04,-6.960674277249150044e-05,4.655760381338049925e-01,1.034233405527890781e+00,3.752823330105949928e-01,-1.076365159409658378e-04,4.246695977628755575e-06,2.632815418846644480e-04,4.732261481846251026e-03,-1.877918039043864238e-04,-1.157374829381648505e-02,2.427924353621692344e+00,1.033836571725804898e+00,1.591058212361543989e+00,1.000000000000000000e+00
5.969924812030074968e+00,3.999998749534824233e-02,-6.283041183268570876e-07,-9.499996875070704228e-01,1.244692831676645133e-06,6.251568731725564787e-05,-3.109277149052994826e-05,4.655748966443891135e-01,1.034233450519606023e+00,3.752851251824029788e-01,-4.807858623465035165e-05,1.893132549818589734e-06,1.176065215942388004e-04,3.177250506221072392e-03,-1.253984519931630661e-04,-7.771573493387366922e-03,2.427714657555661848e+00,1.033843935466131958e+00,1.591396362645594476e+00,1.000000000000000000e+00
5.984962406015037040e+00,3.999999843155713219e-02,-7.883462933282920384e-08,-9.499999607908704569e-01,3.125270320521959042e-07,1.570776470165874636e-05,-7.812401853879435976e-06,4.655744740700047402e-01,1.034233467152686714e+00,3.752861588630587164e-01,-1.208010973882762163e-05,4.753139627967559417e-07,2.955000824895246170e-05,1.598612992302112564e-03,-6.294665728146764633e-05,-3.910416843008411233e-03,2.427501387037122704e+00,1.033851769062468229e+00,1.591740876383828995e+00,1.000000000000000000e+00
6.000000000000000000e+00,4.000000000000000083e-02,-1.959434878635765107e-17,-9.499999999999999556e-01,0.000000000000000000e+00,0.000000000000000000e+00,-0.000000000000000000e+00,4.655744134420274349e-01,1.034233469538079930e+00,3.752863071696008745e-01,0.000000000000000000e+00,0.000000000000000000e+00,0.000000000000000000e+00,0.000000000000000000e+00,0.000000000000000000e+00,0.000000000000000000e+00,2.427285371171902018e+00,1.033859893647063988e+00,1.592090015454390439e+00,1.000000000000000000e+00
